timestamp,joint,goal_pos,present_pos,sent_pos,goal_present_diff,sent_present_diff,clamped
1787734729.003,shoulder_pan,0.545,0.132,0.545,0.413,0.413,0
1787734729.003,shoulder_lift,-99.122,-105.319,-99.122,6.196,6.196,0
1787734729.003,elbow_flex,93.694,97.363,93.694,-3.668,-3.668,0
1787734729.003,wrist_flex,62.355,73.978,62.355,-11.623,-11.623,0
1787734729.003,wrist_roll,1.922,10.593,1.922,-8.672,-8.672,0
1787734729.003,gripper,25.755,37.544,25.755,-11.789,-11.789,0
1787734729.051,shoulder_pan,0.556,0.132,0.556,0.424,0.424,0
1787734729.051,shoulder_lift,-99.514,-105.231,-99.514,5.717,5.717,0
1787734729.051,elbow_flex,93.573,97.363,93.573,-3.790,-3.790,0
1787734729.051,wrist_flex,62.406,73.802,62.406,-11.396,-11.396,0
1787734729.051,wrist_roll,1.953,10.593,1.953,-8.640,-8.640,0
1787734729.051,gripper,25.745,37.544,25.745,-11.799,-11.799,0
1787734729.102,shoulder_pan,0.563,0.132,0.563,0.431,0.431,0
1787734729.102,shoulder_lift,-99.875,-103.560,-99.875,3.685,3.685,0
1787734729.102,elbow_flex,93.771,96.396,93.771,-2.625,-2.625,0
1787734729.102,wrist_flex,62.449,71.516,62.449,-9.068,-9.068,0
1787734729.102,wrist_roll,1.952,8.044,1.952,-6.092,-6.092,0
1787734729.102,gripper,25.892,36.977,25.892,-11.085,-11.085,0
1787734729.151,shoulder_pan,0.550,0.220,0.550,0.330,0.330,0
1787734729.151,shoulder_lift,-99.467,-101.802,-99.467,2.335,2.335,0
1787734729.151,elbow_flex,93.534,96.044,93.534,-2.510,-2.510,0
1787734729.151,wrist_flex,62.755,68.176,62.755,-5.421,-5.421,0
1787734729.151,wrist_roll,1.955,5.495,1.955,-3.540,-3.540,0
1787734729.151,gripper,25.867,36.803,25.867,-10.936,-10.936,0
1787734729.202,shoulder_pan,0.556,0.220,0.556,0.336,0.336,0
1787734729.202,shoulder_lift,-99.899,-101.275,-99.899,1.375,1.375,0
1787734729.202,elbow_flex,93.631,96.044,93.631,-2.413,-2.413,0
1787734729.202,wrist_flex,62.373,66.154,62.373,-3.781,-3.781,0
1787734729.202,wrist_roll,1.975,3.912,1.975,-1.937,-1.937,0
1787734729.202,gripper,25.694,36.803,25.694,-11.109,-11.109,0
1787734729.252,shoulder_pan,0.549,0.220,0.549,0.329,0.329,0
1787734729.252,shoulder_lift,-100.094,-100.835,-100.094,0.741,0.741,0
1787734729.252,elbow_flex,93.524,96.044,93.524,-2.520,-2.520,0
1787734729.252,wrist_flex,62.612,64.835,62.612,-2.223,-2.223,0
1787734729.252,wrist_roll,1.984,3.121,1.984,-1.137,-1.137,0
1787734729.252,gripper,25.511,36.803,25.511,-11.292,-11.292,0
1787734729.301,shoulder_pan,0.618,0.220,0.618,0.398,0.398,0
1787734729.301,shoulder_lift,-100.039,-100.659,-100.039,0.621,0.621,0
1787734729.301,elbow_flex,93.366,96.044,93.366,-2.678,-2.678,0
1787734729.301,wrist_flex,61.919,64.220,61.919,-2.301,-2.301,0
1787734729.301,wrist_roll,1.972,2.681,1.972,-0.709,-0.709,0
1787734729.301,gripper,25.587,36.803,25.587,-11.216,-11.216,0
1787734729.353,shoulder_pan,0.517,0.220,0.517,0.297,0.297,0
1787734729.353,shoulder_lift,-100.491,-100.659,-100.491,0.168,0.168,0
1787734729.353,elbow_flex,93.326,96.044,93.326,-2.718,-2.718,0
1787734729.353,wrist_flex,61.710,63.604,61.710,-1.894,-1.894,0
1787734729.353,wrist_roll,1.936,2.418,1.936,-0.482,-0.482,0
1787734729.353,gripper,25.507,36.803,25.507,-11.297,-11.297,0
1787734729.402,shoulder_pan,0.457,0.220,0.457,0.237,0.237,0
1787734729.402,shoulder_lift,-100.845,-100.659,-100.845,-0.185,-0.185,0
1787734729.402,elbow_flex,93.073,96.044,93.073,-2.971,-2.971,0
1787734729.402,wrist_flex,61.697,63.165,61.697,-1.468,-1.468,0
1787734729.402,wrist_roll,1.958,2.242,1.958,-0.284,-0.284,0
1787734729.402,gripper,25.556,36.803,25.556,-11.247,-11.247,0
1787734729.452,shoulder_pan,0.397,0.220,0.397,0.177,0.177,0
1787734729.452,shoulder_lift,-100.932,-100.659,-100.932,-0.273,-0.273,0
1787734729.452,elbow_flex,92.820,96.044,92.820,-3.224,-3.224,0
1787734729.452,wrist_flex,61.820,62.901,61.820,-1.081,-1.081,0
1787734729.452,wrist_roll,1.950,2.242,1.950,-0.291,-0.291,0
1787734729.452,gripper,25.387,36.803,25.387,-11.416,-11.416,0
1787734729.502,shoulder_pan,0.428,0.220,0.428,0.208,0.208,0
1787734729.502,shoulder_lift,-101.186,-100.659,-101.186,-0.526,-0.526,0
1787734729.502,elbow_flex,92.491,96.044,92.491,-3.553,-3.553,0
1787734729.502,wrist_flex,61.624,62.813,61.624,-1.190,-1.190,0
1787734729.502,wrist_roll,1.937,2.242,1.937,-0.305,-0.305,0
1787734729.502,gripper,25.698,36.803,25.698,-11.105,-11.105,0
1787734729.552,shoulder_pan,0.456,0.220,0.456,0.236,0.236,0
1787734729.552,shoulder_lift,-101.307,-100.659,-101.307,-0.648,-0.648,0
1787734729.552,elbow_flex,91.895,96.044,91.895,-4.149,-4.149,0
1787734729.552,wrist_flex,61.449,62.813,61.449,-1.364,-1.364,0
1787734729.552,wrist_roll,1.933,2.242,1.933,-0.309,-0.309,0
1787734729.552,gripper,25.526,36.803,25.526,-11.277,-11.277,0
1787734729.602,shoulder_pan,0.523,0.220,0.523,0.303,0.303,0
1787734729.602,shoulder_lift,-101.019,-100.659,-101.019,-0.360,-0.360,0
1787734729.602,elbow_flex,91.084,95.780,91.084,-4.696,-4.696,0
1787734729.602,wrist_flex,61.382,62.725,61.382,-1.343,-1.343,0
1787734729.602,wrist_roll,1.915,2.242,1.915,-0.327,-0.327,0
1787734729.602,gripper,25.777,36.803,25.777,-11.026,-11.026,0
1787734729.652,shoulder_pan,0.454,0.220,0.454,0.234,0.234,0
1787734729.652,shoulder_lift,-101.314,-100.659,-101.314,-0.654,-0.654,0
1787734729.652,elbow_flex,90.644,95.692,90.644,-5.048,-5.048,0
1787734729.652,wrist_flex,61.685,62.462,61.685,-0.776,-0.776,0
1787734729.652,wrist_roll,1.931,2.242,1.931,-0.311,-0.311,0
1787734729.652,gripper,25.761,36.803,25.761,-11.043,-11.043,0
1787734729.702,shoulder_pan,0.466,0.220,0.466,0.246,0.246,0
1787734729.702,shoulder_lift,-101.598,-100.659,-101.598,-0.939,-0.939,0
1787734729.702,elbow_flex,89.912,95.341,89.912,-5.429,-5.429,0
1787734729.702,wrist_flex,61.287,62.462,61.287,-1.174,-1.174,0
1787734729.702,wrist_roll,1.926,2.242,1.926,-0.316,-0.316,0
1787734729.702,gripper,25.677,36.803,25.677,-11.126,-11.126,0
1787734729.752,shoulder_pan,0.526,0.220,0.526,0.306,0.306,0
1787734729.752,shoulder_lift,-101.520,-100.747,-101.520,-0.773,-0.773,0
1787734729.752,elbow_flex,88.555,94.901,88.555,-6.346,-6.346,0
1787734729.752,wrist_flex,60.283,62.286,60.283,-2.002,-2.002,0
1787734729.752,wrist_roll,1.902,2.242,1.902,-0.339,-0.339,0
1787734729.752,gripper,25.965,36.803,25.965,-10.839,-10.839,0
1787734729.802,shoulder_pan,0.517,0.220,0.517,0.297,0.297,0
1787734729.802,shoulder_lift,-101.625,-100.747,-101.625,-0.877,-0.877,0
1787734729.802,elbow_flex,87.608,94.110,87.608,-6.502,-6.502,0
1787734729.802,wrist_flex,59.976,62.022,59.976,-2.046,-2.046,0
1787734729.802,wrist_roll,1.909,2.242,1.909,-0.333,-0.333,0
1787734729.802,gripper,26.177,36.803,26.177,-10.626,-10.626,0
1787734729.853,shoulder_pan,0.602,0.220,0.602,0.382,0.382,0
1787734729.853,shoulder_lift,-101.443,-100.747,-101.443,-0.696,-0.696,0
1787734729.853,elbow_flex,86.567,93.231,86.567,-6.663,-6.663,0
1787734729.853,wrist_flex,59.371,61.495,59.371,-2.123,-2.123,0
1787734729.853,wrist_roll,1.885,2.242,1.885,-0.356,-0.356,0
1787734729.853,gripper,26.032,36.803,26.032,-10.771,-10.771,0
1787734729.902,shoulder_pan,0.484,0.220,0.484,0.265,0.265,0
1787734729.902,shoulder_lift,-100.833,-100.923,-100.833,0.090,0.090,0
1787734729.902,elbow_flex,85.691,92.264,85.691,-6.573,-6.573,0
1787734729.902,wrist_flex,59.092,61.055,59.092,-1.963,-1.963,0
1787734729.902,wrist_roll,1.852,2.242,1.852,-0.390,-0.390,0
1787734729.902,gripper,26.356,36.803,26.356,-10.447,-10.447,0
1787734729.953,shoulder_pan,1.421,0.220,1.421,1.201,1.201,0
1787734729.953,shoulder_lift,-107.388,-101.099,-107.388,-6.289,-6.289,0
1787734729.953,elbow_flex,86.640,91.121,86.640,-4.481,-4.481,0
1787734729.953,wrist_flex,59.712,60.527,59.712,-0.815,-0.815,0
1787734729.953,wrist_roll,1.455,2.242,1.455,-0.786,-0.786,0
1787734729.953,gripper,28.986,36.803,28.986,-7.818,-7.818,0
1787734730.003,shoulder_pan,1.440,0.220,1.440,1.220,1.220,0
1787734730.003,shoulder_lift,-107.952,-101.275,-107.952,-6.677,-6.677,0
1787734730.003,elbow_flex,86.525,90.418,86.525,-3.892,-3.892,0
1787734730.003,wrist_flex,59.456,60.440,59.456,-0.984,-0.984,0
1787734730.003,wrist_roll,1.364,2.066,1.364,-0.702,-0.702,0
1787734730.003,gripper,29.142,36.803,29.142,-7.661,-7.661,0
1787734730.053,shoulder_pan,1.538,0.659,1.538,0.878,0.878,0
1787734730.053,shoulder_lift,-108.541,-102.681,-108.541,-5.859,-5.859,0
1787734730.053,elbow_flex,86.667,90.330,86.667,-3.663,-3.663,0
1787734730.053,wrist_flex,59.896,60.440,59.896,-0.543,-0.543,0
1787734730.053,wrist_roll,1.213,1.802,1.213,-0.589,-0.589,0
1787734730.053,gripper,29.381,36.803,29.381,-7.422,-7.422,0
1787734730.102,shoulder_pan,1.499,1.099,1.499,0.401,0.401,0
1787734730.102,shoulder_lift,-108.598,-104.000,-108.598,-4.598,-4.598,0
1787734730.102,elbow_flex,86.832,90.242,86.832,-3.410,-3.410,0
1787734730.102,wrist_flex,60.248,60.440,60.248,-0.191,-0.191,0
1787734730.102,wrist_roll,1.097,1.538,1.097,-0.442,-0.442,0
1787734730.102,gripper,29.436,36.803,29.436,-7.367,-7.367,0
1787734730.153,shoulder_pan,1.485,1.099,1.485,0.386,0.386,0
1787734730.153,shoulder_lift,-109.475,-104.352,-109.475,-5.123,-5.123,0
1787734730.153,elbow_flex,86.940,90.154,86.940,-3.214,-3.214,0
1787734730.153,wrist_flex,60.619,60.440,60.619,0.179,0.179,0
1787734730.153,wrist_roll,1.036,1.363,1.036,-0.326,-0.326,0
1787734730.153,gripper,29.423,36.803,29.423,-7.380,-7.380,0
1787734730.203,shoulder_pan,1.568,1.099,1.568,0.469,0.469,0
1787734730.203,shoulder_lift,-109.846,-104.527,-109.846,-5.318,-5.318,0
1787734730.203,elbow_flex,86.887,90.154,86.887,-3.267,-3.267,0
1787734730.203,wrist_flex,60.294,60.440,60.294,-0.146,-0.146,0
1787734730.203,wrist_roll,0.985,1.363,0.985,-0.377,-0.377,0
1787734730.203,gripper,29.503,36.803,29.503,-7.300,-7.300,0
1787734730.253,shoulder_pan,1.432,1.099,1.432,0.333,0.333,0
1787734730.253,shoulder_lift,-110.415,-104.615,-110.415,-5.800,-5.800,0
1787734730.253,elbow_flex,86.884,90.154,86.884,-3.270,-3.270,0
1787734730.253,wrist_flex,60.503,60.440,60.503,0.064,0.064,0
1787734730.253,wrist_roll,0.928,1.363,0.928,-0.434,-0.434,0
1787734730.253,gripper,29.277,36.803,29.277,-7.526,-7.526,0
1787734730.303,shoulder_pan,1.414,1.187,1.414,0.227,0.227,0
1787734730.303,shoulder_lift,-110.367,-104.615,-110.367,-5.752,-5.752,0
1787734730.303,elbow_flex,86.591,90.154,86.591,-3.563,-3.563,0
1787734730.303,wrist_flex,61.163,60.440,61.163,0.724,0.724,0
1787734730.303,wrist_roll,0.905,1.363,0.905,-0.457,-0.457,0
1787734730.303,gripper,29.293,36.803,29.293,-7.510,-7.510,0
1787734730.353,shoulder_pan,1.381,1.187,1.381,0.194,0.194,0
1787734730.353,shoulder_lift,-110.454,-104.615,-110.454,-5.839,-5.839,0
1787734730.353,elbow_flex,86.566,90.154,86.566,-3.588,-3.588,0
1787734730.353,wrist_flex,61.083,60.615,61.083,0.467,0.467,0
1787734730.353,wrist_roll,0.839,1.363,0.839,-0.524,-0.524,0
1787734730.353,gripper,29.199,36.803,29.199,-7.604,-7.604,0
1787734730.404,shoulder_pan,1.306,1.187,1.306,0.119,0.119,0
1787734730.404,shoulder_lift,-110.754,-104.615,-110.754,-6.138,-6.138,0
1787734730.404,elbow_flex,86.737,90.154,86.737,-3.417,-3.417,0
1787734730.404,wrist_flex,61.429,60.967,61.429,0.462,0.462,0
1787734730.404,wrist_roll,0.850,1.363,0.850,-0.512,-0.512,0
1787734730.404,gripper,29.253,36.803,29.253,-7.550,-7.550,0
1787734730.453,shoulder_pan,1.273,1.187,1.273,0.087,0.087,0
1787734730.453,shoulder_lift,-111.434,-104.615,-111.434,-6.819,-6.819,0
1787734730.453,elbow_flex,86.744,90.154,86.744,-3.410,-3.410,0
1787734730.453,wrist_flex,61.812,61.231,61.812,0.581,0.581,0
1787734730.453,wrist_roll,0.855,1.363,0.855,-0.507,-0.507,0
1787734730.453,gripper,29.113,36.803,29.113,-7.690,-7.690,0
1787734730.503,shoulder_pan,1.312,1.187,1.312,0.125,0.125,0
1787734730.503,shoulder_lift,-110.893,-104.615,-110.893,-6.277,-6.277,0
1787734730.503,elbow_flex,86.282,90.154,86.282,-3.872,-3.872,0
1787734730.503,wrist_flex,62.384,61.495,62.384,0.889,0.889,0
1787734730.503,wrist_roll,0.813,1.363,0.813,-0.549,-0.549,0
1787734730.503,gripper,29.134,36.803,29.134,-7.669,-7.669,0
1787734730.553,shoulder_pan,1.236,1.187,1.236,0.049,0.049,0
1787734730.553,shoulder_lift,-111.223,-104.615,-111.223,-6.608,-6.608,0
1787734730.553,elbow_flex,86.543,90.154,86.543,-3.611,-3.611,0
1787734730.553,wrist_flex,62.690,61.934,62.690,0.755,0.755,0
1787734730.553,wrist_roll,0.826,1.275,0.826,-0.449,-0.449,0
1787734730.553,gripper,29.149,36.803,29.149,-7.654,-7.654,0
1787734730.603,shoulder_pan,1.263,1.187,1.263,0.077,0.077,0
1787734730.603,shoulder_lift,-111.200,-104.615,-111.200,-6.585,-6.585,0
1787734730.603,elbow_flex,86.422,90.154,86.422,-3.731,-3.731,0
1787734730.603,wrist_flex,62.953,62.286,62.953,0.668,0.668,0
1787734730.603,wrist_roll,0.784,1.187,0.784,-0.402,-0.402,0
1787734730.603,gripper,29.043,36.803,29.043,-7.760,-7.760,0
1787734730.654,shoulder_pan,1.188,1.187,1.188,0.001,0.001,0
1787734730.654,shoulder_lift,-112.322,-104.615,-112.322,-7.707,-7.707,0
1787734730.654,elbow_flex,87.199,90.154,87.199,-2.954,-2.954,0
1787734730.654,wrist_flex,64.432,62.549,64.432,1.883,1.883,0
1787734730.654,wrist_roll,0.808,1.187,0.808,-0.379,-0.379,0
1787734730.654,gripper,28.842,36.803,28.842,-7.961,-7.961,0
1787734730.704,shoulder_pan,1.312,1.187,1.312,0.125,0.125,0
1787734730.704,shoulder_lift,-112.212,-104.615,-112.212,-7.596,-7.596,0
1787734730.704,elbow_flex,86.987,90.154,86.987,-3.167,-3.167,0
1787734730.704,wrist_flex,64.279,63.077,64.279,1.203,1.203,0
1787734730.704,wrist_roll,0.759,1.187,0.759,-0.428,-0.428,0
1787734730.704,gripper,28.916,36.803,28.916,-7.887,-7.887,0
1787734730.754,shoulder_pan,1.396,1.187,1.396,0.209,0.209,0
1787734730.754,shoulder_lift,-112.161,-104.615,-112.161,-7.546,-7.546,0
1787734730.754,elbow_flex,87.182,90.154,87.182,-2.972,-2.972,0
1787734730.754,wrist_flex,64.741,63.604,64.741,1.136,1.136,0
1787734730.754,wrist_roll,0.770,1.187,0.770,-0.417,-0.417,0
1787734730.754,gripper,28.749,36.803,28.749,-8.054,-8.054,0
1787734730.804,shoulder_pan,1.561,1.187,1.561,0.374,0.374,0
1787734730.804,shoulder_lift,-112.216,-104.615,-112.216,-7.600,-7.600,0
1787734730.804,elbow_flex,87.293,90.154,87.293,-2.861,-2.861,0
1787734730.804,wrist_flex,64.646,64.044,64.646,0.602,0.602,0
1787734730.804,wrist_roll,0.724,1.187,0.724,-0.463,-0.463,0
1787734730.804,gripper,28.673,36.803,28.673,-8.130,-8.130,0
1787734730.854,shoulder_pan,1.736,1.187,1.736,0.549,0.549,0
1787734730.854,shoulder_lift,-112.307,-104.615,-112.307,-7.692,-7.692,0
1787734730.854,elbow_flex,87.035,90.154,87.035,-3.119,-3.119,0
1787734730.854,wrist_flex,64.931,64.308,64.931,0.623,0.623,0
1787734730.854,wrist_roll,0.716,1.099,0.716,-0.383,-0.383,0
1787734730.854,gripper,28.493,36.803,28.493,-8.310,-8.310,0
1787734730.905,shoulder_pan,10.770,1.187,10.770,9.583,9.583,0
1787734730.905,shoulder_lift,-107.681,-104.703,-107.681,-2.978,-2.978,0
1787734730.905,elbow_flex,84.079,90.154,84.079,-6.075,-6.075,0
1787734730.905,wrist_flex,66.339,64.571,66.339,1.768,1.768,0
1787734730.905,wrist_roll,0.299,1.011,0.299,-0.712,-0.712,0
1787734730.905,gripper,30.507,36.803,30.507,-6.297,-6.297,0
1787734730.954,shoulder_pan,11.413,1.275,11.413,10.138,10.138,0
1787734730.954,shoulder_lift,-105.141,-104.703,-105.141,-0.438,-0.438,0
1787734730.954,elbow_flex,82.760,90.066,82.760,-7.306,-7.306,0
1787734730.954,wrist_flex,66.388,65.099,66.388,1.289,1.289,0
1787734730.954,wrist_roll,0.190,0.923,0.190,-0.733,-0.733,0
1787734730.954,gripper,30.264,36.803,30.264,-6.539,-6.539,0
1787734731.005,shoulder_pan,12.079,3.736,12.079,8.342,8.342,0
1787734731.005,shoulder_lift,-103.301,-104.615,-103.301,1.314,1.314,0
1787734731.005,elbow_flex,81.375,88.835,81.375,-7.461,-7.461,0
1787734731.005,wrist_flex,65.632,65.626,65.632,0.006,0.006,0
1787734731.005,wrist_roll,0.132,0.659,0.132,-0.527,-0.527,0
1787734731.005,gripper,29.761,36.803,29.761,-7.043,-7.043,0
1787734731.054,shoulder_pan,12.584,7.341,12.584,5.243,5.243,0
1787734731.054,shoulder_lift,-100.570,-104.615,-100.570,4.045,4.045,0
1787734731.054,elbow_flex,80.368,87.516,80.368,-7.149,-7.149,0
1787734731.054,wrist_flex,65.246,65.802,65.246,-0.556,-0.556,0
1787734731.054,wrist_roll,0.023,0.484,0.023,-0.461,-0.461,0
1787734731.054,gripper,29.471,36.803,29.471,-7.332,-7.332,0
1787734731.105,shoulder_pan,12.896,9.538,12.896,3.358,3.358,0
1787734731.105,shoulder_lift,-98.807,-103.912,-98.807,5.105,5.105,0
1787734731.105,elbow_flex,78.946,86.110,78.946,-7.164,-7.164,0
1787734731.105,wrist_flex,65.404,65.802,65.404,-0.398,-0.398,0
1787734731.105,wrist_roll,-0.011,0.396,-0.011,-0.407,-0.407,0
1787734731.105,gripper,29.139,37.021,29.139,-7.882,-7.882,0
1787734731.155,shoulder_pan,13.004,11.033,13.004,1.971,1.971,0
1787734731.155,shoulder_lift,-96.828,-102.242,-96.828,5.414,5.414,0
1787734731.155,elbow_flex,77.944,84.703,77.944,-6.760,-6.760,0
1787734731.155,wrist_flex,64.549,65.802,64.549,-1.253,-1.253,0
1787734731.155,wrist_roll,-0.047,0.308,-0.047,-0.355,-0.355,0
1787734731.155,gripper,29.107,37.021,29.107,-7.914,-7.914,0
1787734731.205,shoulder_pan,13.285,11.736,13.285,1.548,1.548,0
1787734731.205,shoulder_lift,-94.658,-100.659,-94.658,6.001,6.001,0
1787734731.205,elbow_flex,76.296,83.473,76.296,-7.176,-7.176,0
1787734731.205,wrist_flex,64.330,65.802,64.330,-1.472,-1.472,0
1787734731.205,wrist_roll,-0.107,0.308,-0.107,-0.414,-0.414,0
1787734731.205,gripper,29.111,37.064,29.111,-7.954,-7.954,0
1787734731.255,shoulder_pan,13.145,12.176,13.145,0.969,0.969,0
1787734731.255,shoulder_lift,-92.120,-98.725,-92.120,6.605,6.605,0
1787734731.255,elbow_flex,75.283,82.242,75.283,-6.959,-6.959,0
1787734731.255,wrist_flex,63.741,65.538,63.741,-1.797,-1.797,0
1787734731.255,wrist_roll,-0.181,0.308,-0.181,-0.488,-0.488,0
1787734731.255,gripper,28.910,37.064,28.910,-8.154,-8.154,0
1787734731.305,shoulder_pan,12.951,12.703,12.951,0.248,0.248,0
1787734731.305,shoulder_lift,-90.275,-96.615,-90.275,6.340,6.340,0
1787734731.305,elbow_flex,74.110,80.835,74.110,-6.726,-6.726,0
1787734731.305,wrist_flex,63.577,65.275,63.577,-1.698,-1.698,0
1787734731.305,wrist_roll,-0.230,0.308,-0.230,-0.538,-0.538,0
1787734731.305,gripper,28.854,37.064,28.854,-8.211,-8.211,0
1787734731.355,shoulder_pan,12.784,12.527,12.784,0.256,0.256,0
1787734731.355,shoulder_lift,-89.098,-94.330,-89.098,5.232,5.232,0
1787734731.355,elbow_flex,73.032,79.516,73.032,-6.485,-6.485,0
1787734731.355,wrist_flex,63.371,64.923,63.371,-1.552,-1.552,0
1787734731.355,wrist_roll,-0.282,0.308,-0.282,-0.590,-0.590,0
1787734731.355,gripper,28.751,37.064,28.751,-8.313,-8.313,0
1787734731.404,shoulder_pan,12.710,12.527,12.710,0.183,0.183,0
1787734731.404,shoulder_lift,-87.154,-92.484,-87.154,5.330,5.330,0
1787734731.404,elbow_flex,72.536,78.374,72.536,-5.838,-5.838,0
1787734731.404,wrist_flex,62.758,64.659,62.758,-1.901,-1.901,0
1787734731.404,wrist_roll,-0.321,0.308,-0.321,-0.628,-0.628,0
1787734731.404,gripper,28.545,37.064,28.545,-8.519,-8.519,0
1787734731.455,shoulder_pan,12.389,12.527,12.389,-0.138,-0.138,0
1787734731.455,shoulder_lift,-85.569,-90.725,-85.569,5.157,5.157,0
1787734731.455,elbow_flex,71.196,77.407,71.196,-6.210,-6.210,0
1787734731.455,wrist_flex,62.174,64.308,62.174,-2.134,-2.134,0
1787734731.455,wrist_roll,-0.403,0.220,-0.403,-0.623,-0.623,0
1787734731.455,gripper,28.520,37.064,28.520,-8.544,-8.544,0
1787734731.505,shoulder_pan,12.119,12.527,12.119,-0.409,-0.409,0
1787734731.505,shoulder_lift,-83.643,-88.791,-83.643,5.148,5.148,0
1787734731.505,elbow_flex,70.339,76.440,70.339,-6.101,-6.101,0
1787734731.505,wrist_flex,61.895,63.780,61.895,-1.885,-1.885,0
1787734731.505,wrist_roll,-0.465,-0.044,-0.465,-0.421,-0.421,0
1787734731.505,gripper,28.419,37.064,28.419,-8.646,-8.646,0
1787734731.555,shoulder_pan,11.753,12.527,11.753,-0.774,-0.774,0
1787734731.555,shoulder_lift,-81.413,-87.033,-81.413,5.620,5.620,0
1787734731.555,elbow_flex,68.922,75.473,68.922,-6.550,-6.550,0
1787734731.555,wrist_flex,61.510,63.341,61.510,-1.831,-1.831,0
1787734731.555,wrist_roll,-0.558,-0.220,-0.558,-0.339,-0.339,0
1787734731.555,gripper,28.387,37.064,28.387,-8.678,-8.678,0
1787734731.605,shoulder_pan,10.721,12.527,10.721,-1.807,-1.807,0
1787734731.605,shoulder_lift,-77.062,-85.099,-77.062,8.037,8.037,0
1787734731.605,elbow_flex,66.761,74.418,66.761,-7.656,-7.656,0
1787734731.605,wrist_flex,60.180,62.901,60.180,-2.721,-2.721,0
1787734731.605,wrist_roll,-0.704,-0.220,-0.704,-0.484,-0.484,0
1787734731.605,gripper,28.477,37.064,28.477,-8.587,-8.587,0
1787734731.655,shoulder_pan,10.111,12.088,10.111,-1.977,-1.977,0
1787734731.655,shoulder_lift,-74.736,-82.901,-74.736,8.165,8.165,0
1787734731.655,elbow_flex,65.780,73.187,65.780,-7.406,-7.406,0
1787734731.655,wrist_flex,60.089,62.374,60.089,-2.285,-2.285,0
1787734731.655,wrist_roll,-0.799,-0.308,-0.799,-0.491,-0.491,0
1787734731.655,gripper,28.455,37.064,28.455,-8.609,-8.609,0
1787734731.706,shoulder_pan,9.870,11.297,9.870,-1.427,-1.427,0
1787734731.706,shoulder_lift,-72.223,-80.088,-72.223,7.865,7.865,0
1787734731.706,elbow_flex,65.061,71.516,65.061,-6.455,-6.455,0
1787734731.706,wrist_flex,58.877,61.758,58.877,-2.881,-2.881,0
1787734731.706,wrist_roll,-0.891,-0.484,-0.891,-0.407,-0.407,0
1787734731.706,gripper,28.463,37.064,28.463,-8.602,-8.602,0
1787734731.756,shoulder_pan,9.375,10.857,9.375,-1.482,-1.482,0
1787734731.756,shoulder_lift,-70.050,-77.099,-70.050,7.049,7.049,0
1787734731.756,elbow_flex,63.780,70.286,63.780,-6.506,-6.506,0
1787734731.756,wrist_flex,58.778,61.055,58.778,-2.277,-2.277,0
1787734731.756,wrist_roll,-0.979,-0.659,-0.979,-0.319,-0.319,0
1787734731.756,gripper,28.415,37.064,28.415,-8.649,-8.649,0
1787734731.806,shoulder_pan,8.996,10.330,8.996,-1.333,-1.333,0
1787734731.806,shoulder_lift,-68.238,-74.110,-68.238,5.871,5.871,0
1787734731.806,elbow_flex,63.141,69.231,63.141,-6.090,-6.090,0
1787734731.806,wrist_flex,58.498,60.352,58.498,-1.853,-1.853,0
1787734731.806,wrist_roll,-1.084,-0.747,-1.084,-0.337,-0.337,0
1787734731.806,gripper,28.613,37.064,28.613,-8.451,-8.451,0
1787734731.856,shoulder_pan,10.186,9.802,10.186,0.384,0.384,0
1787734731.856,shoulder_lift,-79.535,-71.824,-79.535,-7.711,-7.711,0
1787734731.856,elbow_flex,68.095,68.176,68.095,-0.081,-0.081,0
1787734731.856,wrist_flex,57.981,59.912,57.981,-1.931,-1.931,0
1787734731.856,wrist_roll,-0.238,-0.747,-0.238,0.510,0.510,0
1787734731.856,gripper,25.048,37.064,25.048,-12.016,-12.016,0
1787734731.906,shoulder_pan,10.179,9.626,10.179,0.552,0.552,0
1787734731.906,shoulder_lift,-80.469,-70.505,-80.469,-9.964,-9.964,0
1787734731.906,elbow_flex,68.333,67.824,68.333,0.509,0.509,0
1787734731.906,wrist_flex,56.885,59.473,56.885,-2.588,-2.588,0
1787734731.906,wrist_roll,-0.091,-0.659,-0.091,0.569,0.569,0
1787734731.906,gripper,23.843,37.064,23.843,-13.221,-13.221,0
1787734731.955,shoulder_pan,10.118,9.714,10.118,0.404,0.404,0
1787734731.955,shoulder_lift,-80.904,-71.824,-80.904,-9.080,-9.080,0
1787734731.955,elbow_flex,68.313,68.615,68.313,-0.303,-0.303,0
1787734731.955,wrist_flex,56.605,58.857,56.605,-2.252,-2.252,0
1787734731.955,wrist_roll,0.002,-0.396,0.002,0.397,0.397,0
1787734731.955,gripper,23.318,37.064,23.318,-13.747,-13.747,0
1787734732.008,shoulder_pan,10.109,9.890,10.109,0.219,0.219,0
1787734732.008,shoulder_lift,-81.589,-75.077,-81.589,-6.512,-6.512,0
1787734732.008,elbow_flex,68.291,68.967,68.291,-0.676,-0.676,0
1787734732.008,wrist_flex,55.249,58.242,55.249,-2.992,-2.992,0
1787734732.008,wrist_roll,0.099,-0.220,0.099,0.319,0.319,0
1787734732.008,gripper,22.981,37.064,22.981,-14.084,-14.084,0
1787734732.056,shoulder_pan,10.028,9.978,10.028,0.050,0.050,0
1787734732.056,shoulder_lift,-81.913,-78.154,-81.913,-3.760,-3.760,0
1787734732.056,elbow_flex,68.388,68.967,68.388,-0.579,-0.579,0
1787734732.056,wrist_flex,55.142,57.626,55.142,-2.484,-2.484,0
1787734732.056,wrist_roll,0.100,-0.132,0.100,0.232,0.232,0
1787734732.056,gripper,23.266,37.064,23.266,-13.798,-13.798,0
1787734732.106,shoulder_pan,9.935,9.978,9.935,-0.043,-0.043,0
1787734732.106,shoulder_lift,-81.790,-79.912,-81.790,-1.878,-1.878,0
1787734732.106,elbow_flex,68.545,68.967,68.545,-0.422,-0.422,0
1787734732.106,wrist_flex,55.371,56.835,55.371,-1.464,-1.464,0
1787734732.106,wrist_roll,0.099,-0.132,0.099,0.231,0.231,0
1787734732.106,gripper,23.599,37.064,23.599,-13.466,-13.466,0
1787734732.156,shoulder_pan,9.956,9.978,9.956,-0.022,-0.022,0
1787734732.156,shoulder_lift,-81.980,-80.352,-81.980,-1.628,-1.628,0
1787734732.156,elbow_flex,68.321,68.967,68.321,-0.646,-0.646,0
1787734732.156,wrist_flex,55.703,56.571,55.703,-0.868,-0.868,0
1787734732.156,wrist_roll,0.072,-0.132,0.072,0.204,0.204,0
1787734732.156,gripper,24.251,37.064,24.251,-12.813,-12.813,0
1787734732.206,shoulder_pan,9.907,9.978,9.907,-0.071,-0.071,0
1787734732.206,shoulder_lift,-82.444,-80.879,-82.444,-1.564,-1.564,0
1787734732.206,elbow_flex,68.654,68.967,68.654,-0.313,-0.313,0
1787734732.206,wrist_flex,55.814,56.484,55.814,-0.670,-0.670,0
1787734732.206,wrist_roll,0.088,-0.132,0.088,0.220,0.220,0
1787734732.206,gripper,24.751,37.064,24.751,-12.314,-12.314,0
1787734732.256,shoulder_pan,9.942,9.978,9.942,-0.036,-0.036,0
1787734732.256,shoulder_lift,-81.912,-81.495,-81.912,-0.418,-0.418,0
1787734732.256,elbow_flex,68.550,68.967,68.550,-0.417,-0.417,0
1787734732.256,wrist_flex,55.585,56.484,55.585,-0.899,-0.899,0
1787734732.256,wrist_roll,0.070,-0.132,0.070,0.202,0.202,0
1787734732.256,gripper,25.368,37.064,25.368,-11.697,-11.697,0
1787734732.306,shoulder_pan,10.062,9.978,10.062,0.084,0.084,0
1787734732.306,shoulder_lift,-81.640,-81.582,-81.640,-0.058,-0.058,0
1787734732.306,elbow_flex,68.514,69.055,68.514,-0.541,-0.541,0
1787734732.306,wrist_flex,56.069,56.396,56.069,-0.326,-0.326,0
1787734732.306,wrist_roll,0.027,-0.132,0.027,0.159,0.159,0
1787734732.306,gripper,25.853,37.064,25.853,-11.211,-11.211,0
1787734732.356,shoulder_pan,10.052,9.978,10.052,0.073,0.073,0
1787734732.356,shoulder_lift,-81.668,-81.582,-81.668,-0.086,-0.086,0
1787734732.356,elbow_flex,68.696,69.055,68.696,-0.359,-0.359,0
1787734732.356,wrist_flex,55.822,56.396,55.822,-0.573,-0.573,0
1787734732.356,wrist_roll,0.007,-0.132,0.007,0.139,0.139,0
1787734732.356,gripper,26.663,37.064,26.663,-10.402,-10.402,0
1787734732.406,shoulder_pan,10.004,9.978,10.004,0.026,0.026,0
1787734732.406,shoulder_lift,-80.622,-81.582,-80.622,0.961,0.961,0
1787734732.406,elbow_flex,68.262,69.055,68.262,-0.793,-0.793,0
1787734732.406,wrist_flex,56.008,56.396,56.008,-0.387,-0.387,0
1787734732.406,wrist_roll,-0.051,-0.132,-0.051,0.081,0.081,0
1787734732.406,gripper,27.737,37.064,27.737,-9.328,-9.328,0
1787734732.456,shoulder_pan,10.029,9.978,10.029,0.051,0.051,0
1787734732.456,shoulder_lift,-80.230,-81.582,-80.230,1.353,1.353,0
1787734732.456,elbow_flex,68.472,69.055,68.472,-0.583,-0.583,0
1787734732.456,wrist_flex,55.841,56.396,55.841,-0.554,-0.554,0
1787734732.456,wrist_roll,-0.056,-0.132,-0.056,0.076,0.076,0
1787734732.456,gripper,28.547,37.064,28.547,-8.518,-8.518,0
1787734732.506,shoulder_pan,10.005,9.978,10.005,0.027,0.027,0
1787734732.506,shoulder_lift,-79.317,-81.055,-79.317,1.738,1.738,0
1787734732.506,elbow_flex,68.631,69.055,68.631,-0.423,-0.423,0
1787734732.506,wrist_flex,56.789,56.396,56.789,0.394,0.394,0
1787734732.506,wrist_roll,-0.108,-0.132,-0.108,0.024,0.024,0
1787734732.506,gripper,29.699,37.064,29.699,-7.365,-7.365,0
1787734732.556,shoulder_pan,9.856,9.978,9.856,-0.122,-0.122,0
1787734732.556,shoulder_lift,-79.264,-80.440,-79.264,1.176,1.176,0
1787734732.556,elbow_flex,69.491,69.055,69.491,0.436,0.436,0
1787734732.556,wrist_flex,57.502,56.396,57.502,1.107,1.107,0
1787734732.556,wrist_roll,-0.169,-0.132,-0.169,-0.037,-0.037,0
1787734732.556,gripper,32.530,37.064,32.530,-4.534,-4.534,0
1787734732.606,shoulder_pan,9.757,9.978,9.757,-0.221,-0.221,0
1787734732.606,shoulder_lift,-79.332,-80.088,-79.332,0.756,0.756,0
1787734732.606,elbow_flex,69.832,69.407,69.832,0.425,0.425,0
1787734732.606,wrist_flex,57.898,56.835,57.898,1.062,1.062,0
1787734732.606,wrist_roll,-0.144,-0.132,-0.144,-0.012,-0.012,0
1787734732.606,gripper,33.846,37.064,33.846,-3.219,-3.219,0
1787734732.656,shoulder_pan,9.721,9.978,9.721,-0.257,-0.257,0
1787734732.656,shoulder_lift,-79.734,-79.912,-79.734,0.178,0.178,0
1787734732.656,elbow_flex,70.129,70.374,70.129,-0.244,-0.244,0
1787734732.656,wrist_flex,57.321,57.275,57.321,0.046,0.046,0
1787734732.656,wrist_roll,-0.164,-0.132,-0.164,-0.032,-0.032,0
1787734732.656,gripper,35.659,37.064,35.659,-1.405,-1.405,0
1787734732.706,shoulder_pan,9.628,9.978,9.628,-0.350,-0.350,0
1787734732.706,shoulder_lift,-79.864,-79.385,-79.864,-0.480,-0.480,0
1787734732.706,elbow_flex,70.580,70.549,70.580,0.031,0.031,0
1787734732.706,wrist_flex,56.695,57.451,56.695,-0.756,-0.756,0
1787734732.706,wrist_roll,-0.140,-0.132,-0.140,-0.008,-0.008,0
1787734732.706,gripper,37.212,37.064,37.212,0.147,0.147,0
1787734732.756,shoulder_pan,9.696,9.978,9.696,-0.282,-0.282,0
1787734732.756,shoulder_lift,-80.435,-79.560,-80.435,-0.875,-0.875,0
1787734732.756,elbow_flex,70.577,70.813,70.577,-0.236,-0.236,0
1787734732.756,wrist_flex,56.710,57.363,56.710,-0.653,-0.653,0
1787734732.756,wrist_roll,-0.136,-0.132,-0.136,-0.004,-0.004,0
1787734732.756,gripper,38.572,37.195,38.572,1.377,1.377,0
1787734732.807,shoulder_pan,8.803,9.978,8.803,-1.175,-1.175,0
1787734732.807,shoulder_lift,-82.584,-79.648,-82.584,-2.936,-2.936,0
1787734732.807,elbow_flex,75.993,70.989,75.993,5.004,5.004,0
1787734732.807,wrist_flex,61.552,57.363,61.552,4.190,4.190,0
1787734732.807,wrist_roll,-0.294,-0.132,-0.294,-0.162,-0.162,0
1787734732.807,gripper,34.559,37.500,34.559,-2.941,-2.941,0
1787734732.857,shoulder_pan,8.563,9.802,8.563,-1.239,-1.239,0
1787734732.857,shoulder_lift,-81.004,-80.176,-81.004,-0.828,-0.828,0
1787734732.857,elbow_flex,75.703,71.429,75.703,4.274,4.274,0
1787734732.857,wrist_flex,60.168,57.626,60.168,2.542,2.542,0
1787734732.857,wrist_roll,-0.400,-0.132,-0.400,-0.268,-0.268,0
1787734732.857,gripper,34.133,37.674,34.133,-3.542,-3.542,0
1787734732.907,shoulder_pan,8.223,9.187,8.223,-0.963,-0.963,0
1787734732.907,shoulder_lift,-79.754,-81.495,-79.754,1.741,1.741,0
1787734732.907,elbow_flex,75.673,73.714,75.673,1.958,1.958,0
1787734732.907,wrist_flex,59.349,59.121,59.349,0.228,0.228,0
1787734732.907,wrist_roll,-0.549,-0.132,-0.549,-0.417,-0.417,0
1787734732.907,gripper,33.355,37.413,33.355,-4.058,-4.058,0
1787734732.957,shoulder_pan,7.773,8.923,7.773,-1.150,-1.150,0
1787734732.957,shoulder_lift,-78.321,-80.703,-78.321,2.382,2.382,0
1787734732.957,elbow_flex,75.368,75.473,75.368,-0.105,-0.105,0
1787734732.957,wrist_flex,58.177,59.648,58.177,-1.471,-1.471,0
1787734732.957,wrist_roll,-0.696,-0.132,-0.696,-0.564,-0.564,0
1787734732.957,gripper,32.742,36.977,32.742,-4.235,-4.235,0
1787734733.007,shoulder_pan,7.460,8.571,7.460,-1.111,-1.111,0
1787734733.007,shoulder_lift,-77.131,-79.824,-77.131,2.693,2.693,0
1787734733.007,elbow_flex,75.071,76.088,75.071,-1.017,-1.017,0
1787734733.007,wrist_flex,56.791,59.473,56.791,-2.681,-2.681,0
1787734733.007,wrist_roll,-0.844,-0.132,-0.844,-0.712,-0.712,0
1787734733.007,gripper,32.196,36.977,32.196,-4.781,-4.781,0
1787734733.057,shoulder_pan,7.013,8.132,7.013,-1.119,-1.119,0
1787734733.057,shoulder_lift,-75.822,-79.121,-75.822,3.299,3.299,0
1787734733.057,elbow_flex,74.755,76.000,74.755,-1.245,-1.245,0
1787734733.057,wrist_flex,56.262,58.945,56.262,-2.683,-2.683,0
1787734733.057,wrist_roll,-1.023,-0.220,-1.023,-0.803,-0.803,0
1787734733.057,gripper,31.442,36.977,31.442,-5.535,-5.535,0
1787734733.107,shoulder_pan,6.750,7.780,6.750,-1.030,-1.030,0
1787734733.107,shoulder_lift,-74.645,-77.978,-74.645,3.333,3.333,0
1787734733.107,elbow_flex,73.731,76.000,73.731,-2.269,-2.269,0
1787734733.107,wrist_flex,55.752,58.154,55.752,-2.401,-2.401,0
1787734733.107,wrist_roll,-1.128,-0.484,-1.128,-0.644,-0.644,0
1787734733.107,gripper,30.323,36.977,30.323,-6.655,-6.655,0
1787734733.157,shoulder_pan,6.556,7.429,6.556,-0.873,-0.873,0
1787734733.157,shoulder_lift,-72.908,-76.484,-72.908,3.576,3.576,0
1787734733.157,elbow_flex,73.309,76.000,73.309,-2.691,-2.691,0
1787734733.157,wrist_flex,54.221,57.538,54.221,-3.318,-3.318,0
1787734733.157,wrist_roll,-1.358,-0.747,-1.358,-0.611,-0.611,0
1787734733.157,gripper,30.210,36.977,30.210,-6.767,-6.767,0
1787734733.207,shoulder_pan,6.436,7.165,6.436,-0.729,-0.729,0
1787734733.207,shoulder_lift,-72.753,-75.341,-72.753,2.588,2.588,0
1787734733.207,elbow_flex,72.697,76.000,72.697,-3.303,-3.303,0
1787734733.207,wrist_flex,53.297,56.835,53.297,-3.538,-3.538,0
1787734733.207,wrist_roll,-1.461,-0.923,-1.461,-0.538,-0.538,0
1787734733.207,gripper,29.164,36.977,29.164,-7.813,-7.813,0
1787734733.257,shoulder_pan,6.110,6.901,6.110,-0.792,-0.792,0
1787734733.257,shoulder_lift,-71.596,-74.198,-71.596,2.602,2.602,0
1787734733.257,elbow_flex,72.174,76.000,72.174,-3.826,-3.826,0
1787734733.257,wrist_flex,52.419,55.780,52.419,-3.361,-3.361,0
1787734733.257,wrist_roll,-1.569,-1.187,-1.569,-0.382,-0.382,0
1787734733.257,gripper,28.463,36.977,28.463,-8.514,-8.514,0
1787734733.307,shoulder_pan,6.043,6.637,6.043,-0.595,-0.595,0
1787734733.307,shoulder_lift,-70.762,-73.319,-70.762,2.557,2.557,0
1787734733.307,elbow_flex,71.597,76.000,71.597,-4.403,-4.403,0
1787734733.307,wrist_flex,51.336,54.725,51.336,-3.389,-3.389,0
1787734733.307,wrist_roll,-1.643,-1.275,-1.643,-0.368,-0.368,0
1787734733.307,gripper,28.202,36.977,28.202,-8.776,-8.776,0
1787734733.360,shoulder_pan,5.877,6.462,5.877,-0.585,-0.585,0
1787734733.360,shoulder_lift,-70.858,-72.352,-70.858,1.494,1.494,0
1787734733.360,elbow_flex,71.200,75.912,71.200,-4.712,-4.712,0
1787734733.360,wrist_flex,51.575,53.670,51.575,-2.095,-2.095,0
1787734733.360,wrist_roll,-1.673,-1.451,-1.673,-0.222,-0.222,0
1787734733.360,gripper,27.994,36.977,27.994,-8.984,-8.984,0
1787734733.407,shoulder_pan,5.795,6.286,5.795,-0.490,-0.490,0
1787734733.407,shoulder_lift,-69.735,-71.648,-69.735,1.913,1.913,0
1787734733.407,elbow_flex,70.728,75.824,70.728,-5.097,-5.097,0
1787734733.407,wrist_flex,50.479,53.143,50.479,-2.663,-2.663,0
1787734733.407,wrist_roll,-1.677,-1.451,-1.677,-0.227,-0.227,0
1787734733.407,gripper,28.161,36.977,28.161,-8.816,-8.816,0
1787734733.458,shoulder_pan,5.701,6.110,5.701,-0.409,-0.409,0
1787734733.458,shoulder_lift,-68.894,-71.121,-68.894,2.227,2.227,0
1787734733.458,elbow_flex,69.585,75.385,69.585,-5.799,-5.799,0
1787734733.458,wrist_flex,50.802,52.527,50.802,-1.725,-1.725,0
1787734733.458,wrist_roll,-1.657,-1.451,-1.657,-0.206,-0.206,0
1787734733.458,gripper,27.993,36.977,27.993,-8.984,-8.984,0
1787734733.508,shoulder_pan,5.631,6.110,5.631,-0.479,-0.479,0
1787734733.508,shoulder_lift,-68.114,-70.242,-68.114,2.128,2.128,0
1787734733.508,elbow_flex,68.644,74.769,68.644,-6.125,-6.125,0
1787734733.508,wrist_flex,49.875,52.176,49.875,-2.301,-2.301,0
1787734733.508,wrist_roll,-1.709,-1.451,-1.709,-0.258,-0.258,0
1787734733.508,gripper,27.861,36.977,27.861,-9.116,-9.116,0
1787734733.560,shoulder_pan,5.382,6.110,5.382,-0.727,-0.727,0
1787734733.560,shoulder_lift,-65.204,-69.451,-65.204,4.247,4.247,0
1787734733.560,elbow_flex,66.415,73.978,66.415,-7.563,-7.563,0
1787734733.560,wrist_flex,49.696,51.648,49.696,-1.953,-1.953,0
1787734733.560,wrist_roll,-1.648,-1.451,-1.648,-0.197,-0.197,0
1787734733.560,gripper,28.351,36.977,28.351,-8.626,-8.626,0
1787734733.608,shoulder_pan,5.349,6.110,5.349,-0.761,-0.761,0
1787734733.608,shoulder_lift,-63.923,-68.571,-63.923,4.649,4.649,0
1787734733.608,elbow_flex,64.956,73.011,64.956,-8.055,-8.055,0
1787734733.608,wrist_flex,49.565,51.209,49.565,-1.643,-1.643,0
1787734733.608,wrist_roll,-1.659,-1.451,-1.659,-0.208,-0.208,0
1787734733.608,gripper,28.705,36.977,28.705,-8.272,-8.272,0
1787734733.658,shoulder_pan,5.352,5.758,5.352,-0.406,-0.406,0
1787734733.658,shoulder_lift,-63.622,-66.725,-63.622,3.103,3.103,0
1787734733.658,elbow_flex,64.733,71.341,64.733,-6.607,-6.607,0
1787734733.658,wrist_flex,49.406,50.857,49.406,-1.451,-1.451,0
1787734733.658,wrist_roll,-1.641,-1.451,-1.641,-0.190,-0.190,0
1787734733.658,gripper,29.053,36.977,29.053,-7.924,-7.924,0
1787734733.708,shoulder_pan,5.282,5.670,5.282,-0.388,-0.388,0
1787734733.708,shoulder_lift,-62.841,-65.231,-62.841,2.390,2.390,0
1787734733.708,elbow_flex,64.249,70.110,64.249,-5.860,-5.860,0
1787734733.708,wrist_flex,49.026,50.593,49.026,-1.568,-1.568,0
1787734733.708,wrist_roll,-1.650,-1.451,-1.650,-0.200,-0.200,0
1787734733.708,gripper,29.392,36.977,29.392,-7.586,-7.586,0
1787734733.758,shoulder_pan,6.374,5.670,6.374,0.704,0.704,0
1787734733.758,shoulder_lift,-54.144,-64.264,-54.144,10.120,10.120,0
1787734733.758,elbow_flex,71.088,69.231,71.088,1.857,1.857,0
1787734733.758,wrist_flex,48.601,50.418,48.601,-1.817,-1.817,0
1787734733.758,wrist_roll,-1.888,-1.451,-1.888,-0.437,-0.437,0
1787734733.758,gripper,29.157,36.977,29.157,-7.821,-7.821,0
1787734733.808,shoulder_pan,6.751,5.670,6.751,1.081,1.081,0
1787734733.808,shoulder_lift,-52.190,-63.297,-52.190,11.107,11.107,0
1787734733.808,elbow_flex,70.696,68.791,70.696,1.905,1.905,0
1787734733.808,wrist_flex,47.213,49.978,47.213,-2.765,-2.765,0
1787734733.808,wrist_roll,-1.986,-1.451,-1.986,-0.536,-0.536,0
1787734733.808,gripper,29.160,36.977,29.160,-7.817,-7.817,0
1787734733.858,shoulder_pan,7.198,6.022,7.198,1.176,1.176,0
1787734733.858,shoulder_lift,-48.726,-60.923,-48.726,12.197,12.197,0
1787734733.858,elbow_flex,71.069,69.670,71.069,1.398,1.398,0
1787734733.858,wrist_flex,45.879,49.275,45.879,-3.396,-3.396,0
1787734733.858,wrist_roll,-2.065,-1.451,-2.065,-0.615,-0.615,0
1787734733.858,gripper,28.824,36.977,28.824,-8.154,-8.154,0
1787734733.908,shoulder_pan,7.432,6.462,7.432,0.971,0.971,0
1787734733.908,shoulder_lift,-47.678,-56.000,-47.678,8.322,8.322,0
1787734733.908,elbow_flex,71.457,70.813,71.457,0.644,0.644,0
1787734733.908,wrist_flex,44.886,48.308,44.886,-3.421,-3.421,0
1787734733.908,wrist_roll,-2.034,-1.451,-2.034,-0.583,-0.583,0
1787734733.908,gripper,28.633,36.977,28.633,-8.345,-8.345,0
1787734733.958,shoulder_pan,7.562,6.725,7.562,0.837,0.837,0
1787734733.958,shoulder_lift,-46.784,-51.956,-46.784,5.172,5.172,0
1787734733.958,elbow_flex,71.335,71.956,71.335,-0.621,-0.621,0
1787734733.958,wrist_flex,44.456,47.253,44.456,-2.797,-2.797,0
1787734733.958,wrist_roll,-2.045,-1.451,-2.045,-0.595,-0.595,0
1787734733.958,gripper,28.492,36.977,28.492,-8.486,-8.486,0
1787734734.010,shoulder_pan,7.641,6.989,7.641,0.652,0.652,0
1787734734.010,shoulder_lift,-45.920,-49.143,-45.920,3.223,3.223,0
1787734734.010,elbow_flex,71.779,71.956,71.779,-0.177,-0.177,0
1787734734.010,wrist_flex,43.497,46.374,43.497,-2.876,-2.876,0
1787734734.010,wrist_roll,-2.020,-1.451,-2.020,-0.570,-0.570,0
1787734734.010,gripper,28.558,36.977,28.558,-8.420,-8.420,0
1787734734.060,shoulder_pan,7.927,7.165,7.927,0.763,0.763,0
1787734734.060,shoulder_lift,-44.962,-47.297,-44.962,2.334,2.334,0
1787734734.060,elbow_flex,71.588,72.044,71.588,-0.456,-0.456,0
1787734734.060,wrist_flex,42.887,45.670,42.887,-2.784,-2.784,0
1787734734.060,wrist_roll,-2.026,-1.451,-2.026,-0.576,-0.576,0
1787734734.060,gripper,28.614,36.977,28.614,-8.364,-8.364,0
1787734734.110,shoulder_pan,8.128,7.253,8.128,0.876,0.876,0
1787734734.110,shoulder_lift,-43.750,-46.242,-43.750,2.492,2.492,0
1787734734.110,elbow_flex,71.087,72.044,71.087,-0.957,-0.957,0
1787734734.110,wrist_flex,41.507,44.791,41.507,-3.284,-3.284,0
1787734734.110,wrist_roll,-2.001,-1.451,-2.001,-0.551,-0.551,0
1787734734.110,gripper,28.594,36.977,28.594,-8.383,-8.383,0
1787734734.160,shoulder_pan,8.291,7.516,8.291,0.775,0.775,0
1787734734.160,shoulder_lift,-42.666,-45.275,-42.666,2.609,2.609,0
1787734734.160,elbow_flex,71.062,72.044,71.062,-0.982,-0.982,0
1787734734.160,wrist_flex,41.109,43.912,41.109,-2.804,-2.804,0
1787734734.160,wrist_roll,-1.956,-1.451,-1.956,-0.505,-0.505,0
1787734734.160,gripper,28.146,36.977,28.146,-8.831,-8.831,0
1787734734.210,shoulder_pan,8.263,7.692,8.263,0.571,0.571,0
1787734734.210,shoulder_lift,-41.638,-44.132,-41.638,2.494,2.494,0
1787734734.210,elbow_flex,70.662,72.044,70.662,-1.382,-1.382,0
1787734734.210,wrist_flex,40.726,42.945,40.726,-2.219,-2.219,0
1787734734.210,wrist_roll,-1.958,-1.451,-1.958,-0.508,-0.508,0
1787734734.210,gripper,28.156,36.977,28.156,-8.822,-8.822,0
1787734734.260,shoulder_pan,8.282,7.868,8.282,0.413,0.413,0
1787734734.260,shoulder_lift,-40.137,-43.077,-40.137,2.940,2.940,0
1787734734.260,elbow_flex,70.449,72.044,70.449,-1.595,-1.595,0
1787734734.260,wrist_flex,39.805,42.330,39.805,-2.524,-2.524,0
1787734734.260,wrist_roll,-1.989,-1.451,-1.989,-0.538,-0.538,0
1787734734.260,gripper,28.229,36.977,28.229,-8.749,-8.749,0
1787734734.310,shoulder_pan,8.246,7.956,8.246,0.290,0.290,0
1787734734.310,shoulder_lift,-39.462,-41.934,-39.462,2.472,2.472,0
1787734734.310,elbow_flex,70.270,72.044,70.270,-1.774,-1.774,0
1787734734.310,wrist_flex,39.922,41.626,39.922,-1.705,-1.705,0
1787734734.310,wrist_roll,-1.894,-1.451,-1.894,-0.443,-0.443,0
1787734734.310,gripper,28.130,36.977,28.130,-8.847,-8.847,0
1787734734.360,shoulder_pan,8.237,7.956,8.237,0.281,0.281,0
1787734734.360,shoulder_lift,-38.408,-40.703,-38.408,2.295,2.295,0
1787734734.360,elbow_flex,70.132,72.044,70.132,-1.912,-1.912,0
1787734734.360,wrist_flex,39.220,41.187,39.220,-1.967,-1.967,0
1787734734.360,wrist_roll,-1.884,-1.451,-1.884,-0.434,-0.434,0
1787734734.360,gripper,28.194,36.977,28.194,-8.784,-8.784,0
1787734734.410,shoulder_pan,8.309,7.956,8.309,0.353,0.353,0
1787734734.410,shoulder_lift,-37.490,-39.648,-37.490,2.158,2.158,0
1787734734.410,elbow_flex,69.763,72.044,69.763,-2.281,-2.281,0
1787734734.410,wrist_flex,38.453,40.747,38.453,-2.295,-2.295,0
1787734734.410,wrist_roll,-1.888,-1.451,-1.888,-0.437,-0.437,0
1787734734.410,gripper,28.211,36.977,28.211,-8.767,-8.767,0
1787734734.460,shoulder_pan,8.329,7.956,8.329,0.373,0.373,0
1787734734.460,shoulder_lift,-35.785,-38.681,-35.785,2.897,2.897,0
1787734734.460,elbow_flex,69.233,72.044,69.233,-2.811,-2.811,0
1787734734.460,wrist_flex,38.463,40.132,38.463,-1.669,-1.669,0
1787734734.460,wrist_roll,-1.736,-1.451,-1.736,-0.285,-0.285,0
1787734734.460,gripper,28.257,36.977,28.257,-8.720,-8.720,0
1787734734.510,shoulder_pan,8.286,7.956,8.286,0.330,0.330,0
1787734734.510,shoulder_lift,-35.016,-37.626,-35.016,2.611,2.611,0
1787734734.510,elbow_flex,69.092,72.044,69.092,-2.952,-2.952,0
1787734734.510,wrist_flex,37.903,39.692,37.903,-1.789,-1.789,0
1787734734.510,wrist_roll,-1.727,-1.451,-1.727,-0.276,-0.276,0
1787734734.510,gripper,28.253,36.977,28.253,-8.724,-8.724,0
1787734734.560,shoulder_pan,8.160,7.956,8.160,0.204,0.204,0
1787734734.560,shoulder_lift,-34.726,-36.308,-34.726,1.582,1.582,0
1787734734.560,elbow_flex,68.845,71.956,68.845,-3.111,-3.111,0
1787734734.560,wrist_flex,38.513,39.253,38.513,-0.740,-0.740,0
1787734734.560,wrist_roll,-1.673,-1.451,-1.673,-0.222,-0.222,0
1787734734.560,gripper,28.221,36.977,28.221,-8.757,-8.757,0
1787734734.610,shoulder_pan,8.066,7.956,8.066,0.110,0.110,0
1787734734.610,shoulder_lift,-34.443,-35.429,-34.443,0.985,0.985,0
1787734734.610,elbow_flex,69.027,71.956,69.027,-2.929,-2.929,0
1787734734.610,wrist_flex,38.634,39.077,38.634,-0.443,-0.443,0
1787734734.610,wrist_roll,-1.583,-1.451,-1.583,-0.132,-0.132,0
1787734734.610,gripper,28.222,36.977,28.222,-8.755,-8.755,0
1787734734.661,shoulder_pan,8.068,7.956,8.068,0.112,0.112,0
1787734734.661,shoulder_lift,-33.989,-34.813,-33.989,0.824,0.824,0
1787734734.661,elbow_flex,69.064,71.956,69.064,-2.892,-2.892,0
1787734734.661,wrist_flex,38.475,39.077,38.475,-0.602,-0.602,0
1787734734.661,wrist_roll,-1.553,-1.451,-1.553,-0.103,-0.103,0
1787734734.661,gripper,28.314,36.977,28.314,-8.664,-8.664,0
1787735101.219,shoulder_pan,7.964,8.044,7.964,-0.080,-0.080,0
1787735101.219,shoulder_lift,-108.368,-105.670,-108.368,-2.697,-2.697,0
1787735101.219,elbow_flex,106.764,96.747,106.764,10.017,10.017,0
1787735101.219,wrist_flex,82.658,74.066,82.658,8.592,8.592,0
1787735101.219,wrist_roll,-1.656,-1.451,-1.656,-0.206,-0.206,0
1787735101.219,gripper,23.822,37.848,23.822,-14.026,-14.026,0
1787735101.269,shoulder_pan,8.033,8.044,8.033,-0.011,-0.011,0
1787735101.269,shoulder_lift,-108.247,-105.670,-108.247,-2.576,-2.576,0
1787735101.269,elbow_flex,106.459,96.747,106.459,9.711,9.711,0
1787735101.269,wrist_flex,82.763,74.242,82.763,8.521,8.521,0
1787735101.269,wrist_roll,-1.663,-1.451,-1.663,-0.212,-0.212,0
1787735101.269,gripper,23.751,37.848,23.751,-14.097,-14.097,0
1787735101.319,shoulder_pan,8.021,8.044,8.021,-0.023,-0.023,0
1787735101.319,shoulder_lift,-108.574,-105.670,-108.574,-2.903,-2.903,0
1787735101.319,elbow_flex,106.932,96.747,106.932,10.184,10.184,0
1787735101.319,wrist_flex,82.980,76.000,82.980,6.980,6.980,0
1787735101.319,wrist_roll,-1.660,-1.451,-1.660,-0.209,-0.209,0
1787735101.319,gripper,23.431,37.064,23.431,-13.633,-13.633,0
1787735101.370,shoulder_pan,7.962,8.044,7.962,-0.082,-0.082,0
1787735101.370,shoulder_lift,-108.739,-105.670,-108.739,-3.069,-3.069,0
1787735101.370,elbow_flex,107.058,96.747,107.058,10.311,10.311,0
1787735101.370,wrist_flex,83.294,77.758,83.294,5.536,5.536,0
1787735101.370,wrist_roll,-1.659,-1.451,-1.659,-0.209,-0.209,0
1787735101.370,gripper,23.317,36.760,23.317,-13.443,-13.443,0
1787735101.419,shoulder_pan,7.806,8.044,7.806,-0.238,-0.238,0
1787735101.419,shoulder_lift,-109.257,-105.582,-109.257,-3.675,-3.675,0
1787735101.419,elbow_flex,107.141,96.747,107.141,10.394,10.394,0
1787735101.419,wrist_flex,83.401,78.286,83.401,5.115,5.115,0
1787735101.419,wrist_roll,-1.666,-1.451,-1.666,-0.216,-0.216,0
1787735101.419,gripper,23.350,36.760,23.350,-13.409,-13.409,0
1787735101.470,shoulder_pan,7.890,8.044,7.890,-0.154,-0.154,0
1787735101.470,shoulder_lift,-109.942,-105.582,-109.942,-4.360,-4.360,0
1787735101.470,elbow_flex,107.056,96.747,107.056,10.309,10.309,0
1787735101.470,wrist_flex,83.891,78.374,83.891,5.518,5.518,0
1787735101.470,wrist_roll,-1.675,-1.451,-1.675,-0.224,-0.224,0
1787735101.470,gripper,23.069,36.760,23.069,-13.691,-13.691,0
1787735101.519,shoulder_pan,7.873,8.044,7.873,-0.171,-0.171,0
1787735101.519,shoulder_lift,-109.823,-105.582,-109.823,-4.241,-4.241,0
1787735101.519,elbow_flex,106.707,96.747,106.707,9.959,9.959,0
1787735101.519,wrist_flex,83.728,78.462,83.728,5.267,5.267,0
1787735101.519,wrist_roll,-1.670,-1.451,-1.670,-0.220,-0.220,0
1787735101.519,gripper,23.374,36.760,23.374,-13.386,-13.386,0
1787735101.570,shoulder_pan,7.797,8.044,7.797,-0.247,-0.247,0
1787735101.570,shoulder_lift,-109.905,-105.582,-109.905,-4.322,-4.322,0
1787735101.570,elbow_flex,106.538,96.747,106.538,9.791,9.791,0
1787735101.570,wrist_flex,83.469,78.549,83.469,4.920,4.920,0
1787735101.570,wrist_roll,-1.654,-1.451,-1.654,-0.204,-0.204,0
1787735101.570,gripper,23.205,36.760,23.205,-13.554,-13.554,0
1787735101.619,shoulder_pan,7.829,8.044,7.829,-0.215,-0.215,0
1787735101.619,shoulder_lift,-110.524,-105.582,-110.524,-4.941,-4.941,0
1787735101.619,elbow_flex,106.662,96.747,106.662,9.914,9.914,0
1787735101.619,wrist_flex,84.066,78.549,84.066,5.516,5.516,0
1787735101.619,wrist_roll,-1.664,-1.451,-1.664,-0.213,-0.213,0
1787735101.619,gripper,23.340,36.760,23.340,-13.419,-13.419,0
1787735101.670,shoulder_pan,7.781,8.044,7.781,-0.263,-0.263,0
1787735101.670,shoulder_lift,-110.085,-105.582,-110.085,-4.503,-4.503,0
1787735101.670,elbow_flex,106.315,96.747,106.315,9.567,9.567,0
1787735101.670,wrist_flex,83.713,78.549,83.713,5.164,5.164,0
1787735101.670,wrist_roll,-1.672,-1.451,-1.672,-0.222,-0.222,0
1787735101.670,gripper,23.530,36.760,23.530,-13.230,-13.230,0
1787735101.719,shoulder_pan,7.770,8.044,7.770,-0.274,-0.274,0
1787735101.719,shoulder_lift,-110.222,-105.582,-110.222,-4.639,-4.639,0
1787735101.719,elbow_flex,106.622,96.747,106.622,9.875,9.875,0
1787735101.719,wrist_flex,84.069,78.549,84.069,5.519,5.519,0
1787735101.719,wrist_roll,-1.671,-1.451,-1.671,-0.220,-0.220,0
1787735101.719,gripper,23.219,36.760,23.219,-13.541,-13.541,0
1787735101.769,shoulder_pan,7.784,8.044,7.784,-0.259,-0.259,0
1787735101.769,shoulder_lift,-110.181,-105.582,-110.181,-4.598,-4.598,0
1787735101.769,elbow_flex,106.928,96.747,106.928,10.180,10.180,0
1787735101.769,wrist_flex,85.287,78.549,85.287,6.738,6.738,0
1787735101.769,wrist_roll,-1.676,-1.451,-1.676,-0.225,-0.225,0
1787735101.769,gripper,23.431,36.760,23.431,-13.329,-13.329,0
1787735101.819,shoulder_pan,7.775,8.044,7.775,-0.269,-0.269,0
1787735101.819,shoulder_lift,-110.085,-105.582,-110.085,-4.503,-4.503,0
1787735101.819,elbow_flex,106.458,96.747,106.458,9.711,9.711,0
1787735101.819,wrist_flex,84.856,78.725,84.856,6.130,6.130,0
1787735101.819,wrist_roll,-1.696,-1.451,-1.696,-0.245,-0.245,0
1787735101.819,gripper,23.037,36.760,23.037,-13.722,-13.722,0
1787735101.869,shoulder_pan,7.734,8.044,7.734,-0.310,-0.310,0
1787735101.869,shoulder_lift,-110.645,-105.582,-110.645,-5.063,-5.063,0
1787735101.869,elbow_flex,106.398,96.747,106.398,9.651,9.651,0
1787735101.869,wrist_flex,85.556,78.901,85.556,6.655,6.655,0
1787735101.869,wrist_roll,-1.691,-1.451,-1.691,-0.240,-0.240,0
1787735101.869,gripper,23.021,36.760,23.021,-13.738,-13.738,0
1787735101.919,shoulder_pan,7.716,8.044,7.716,-0.328,-0.328,0
1787735101.919,shoulder_lift,-110.531,-105.582,-110.531,-4.948,-4.948,0
1787735101.919,elbow_flex,106.161,96.747,106.161,9.413,9.413,0
1787735101.919,wrist_flex,85.786,78.989,85.786,6.797,6.797,0
1787735101.919,wrist_roll,-1.697,-1.451,-1.697,-0.246,-0.246,0
1787735101.919,gripper,22.984,36.760,22.984,-13.776,-13.776,0
1787735101.971,shoulder_pan,7.432,8.044,7.432,-0.612,-0.612,0
1787735101.971,shoulder_lift,-110.205,-105.582,-110.205,-4.623,-4.623,0
1787735101.971,elbow_flex,105.818,96.747,105.818,9.071,9.071,0
1787735101.971,wrist_flex,86.652,78.989,86.652,7.663,7.663,0
1787735101.971,wrist_roll,-1.681,-1.451,-1.681,-0.230,-0.230,0
1787735101.971,gripper,22.901,36.760,22.901,-13.859,-13.859,0
1787735102.020,shoulder_pan,7.437,8.044,7.437,-0.607,-0.607,0
1787735102.020,shoulder_lift,-110.788,-105.582,-110.788,-5.205,-5.205,0
1787735102.020,elbow_flex,105.731,96.747,105.731,8.984,8.984,0
1787735102.020,wrist_flex,87.447,79.077,87.447,8.370,8.370,0
1787735102.020,wrist_roll,-1.680,-1.451,-1.680,-0.229,-0.229,0
1787735102.020,gripper,22.859,36.760,22.859,-13.901,-13.901,0
1787735102.071,shoulder_pan,7.495,8.044,7.495,-0.549,-0.549,0
1787735102.071,shoulder_lift,-110.818,-105.582,-110.818,-5.235,-5.235,0
1787735102.071,elbow_flex,105.283,96.747,105.283,8.535,8.535,0
1787735102.071,wrist_flex,87.466,79.077,87.466,8.389,8.389,0
1787735102.071,wrist_roll,-1.695,-1.451,-1.695,-0.245,-0.245,0
1787735102.071,gripper,23.050,36.760,23.050,-13.709,-13.709,0
1787735102.120,shoulder_pan,7.535,8.044,7.535,-0.509,-0.509,0
1787735102.120,shoulder_lift,-110.419,-105.582,-110.419,-4.837,-4.837,0
1787735102.120,elbow_flex,104.857,96.747,104.857,8.110,8.110,0
1787735102.120,wrist_flex,87.735,79.077,87.735,8.658,8.658,0
1787735102.120,wrist_roll,-1.722,-1.451,-1.722,-0.271,-0.271,0
1787735102.120,gripper,22.994,36.760,22.994,-13.766,-13.766,0
1787735102.170,shoulder_pan,6.711,8.044,6.711,-1.333,-1.333,0
1787735102.170,shoulder_lift,-109.277,-105.582,-109.277,-3.695,-3.695,0
1787735102.170,elbow_flex,101.082,96.747,101.082,4.335,4.335,0
1787735102.170,wrist_flex,88.575,79.077,88.575,9.498,9.498,0
1787735102.170,wrist_roll,-1.428,-1.451,-1.428,0.022,0.022,0
1787735102.170,gripper,23.530,36.760,23.530,-13.229,-13.229,0
1787735102.220,shoulder_pan,5.789,7.868,5.789,-2.079,-2.079,0
1787735102.220,shoulder_lift,-105.956,-105.582,-105.956,-0.374,-0.374,0
1787735102.220,elbow_flex,92.872,96.747,92.872,-3.875,-3.875,0
1787735102.220,wrist_flex,88.844,79.341,88.844,9.504,9.504,0
1787735102.220,wrist_roll,-1.061,-1.451,-1.061,0.390,0.390,0
1787735102.220,gripper,24.247,36.760,24.247,-12.513,-12.513,0
1787735102.271,shoulder_pan,5.749,7.253,5.749,-1.503,-1.503,0
1787735102.271,shoulder_lift,-105.213,-105.495,-105.213,0.282,0.282,0
1787735102.271,elbow_flex,89.761,96.659,89.761,-6.898,-6.898,0
1787735102.271,wrist_flex,87.500,79.692,87.500,7.808,7.808,0
1787735102.271,wrist_roll,-1.032,-1.451,-1.032,0.419,0.419,0
1787735102.271,gripper,24.495,36.760,24.495,-12.265,-12.265,0
1787735102.321,shoulder_pan,5.632,6.637,5.632,-1.006,-1.006,0
1787735102.321,shoulder_lift,-103.823,-105.407,-103.823,1.584,1.584,0
1787735102.321,elbow_flex,87.507,95.604,87.507,-8.097,-8.097,0
1787735102.321,wrist_flex,86.981,79.692,86.981,7.289,7.289,0
1787735102.321,wrist_roll,-1.005,-1.451,-1.005,0.445,0.445,0
1787735102.321,gripper,24.529,36.760,24.529,-12.231,-12.231,0
1787735102.371,shoulder_pan,5.528,6.286,5.528,-0.758,-0.758,0
1787735102.371,shoulder_lift,-102.868,-104.791,-102.868,1.923,1.923,0
1787735102.371,elbow_flex,85.990,94.462,85.990,-8.471,-8.471,0
1787735102.371,wrist_flex,86.721,79.868,86.721,6.853,6.853,0
1787735102.371,wrist_roll,-1.030,-1.363,-1.030,0.333,0.333,0
1787735102.371,gripper,24.533,36.760,24.533,-12.227,-12.227,0
1787735102.420,shoulder_pan,5.361,5.934,5.361,-0.573,-0.573,0
1787735102.420,shoulder_lift,-102.158,-104.703,-102.158,2.545,2.545,0
1787735102.420,elbow_flex,83.690,93.055,83.690,-9.365,-9.365,0
1787735102.420,wrist_flex,85.697,80.923,85.697,4.774,4.774,0
1787735102.420,wrist_roll,-1.006,-1.275,-1.006,0.269,0.269,0
1787735102.420,gripper,24.775,36.760,24.775,-11.985,-11.985,0
1787735102.471,shoulder_pan,5.238,5.758,5.238,-0.520,-0.520,0
1787735102.471,shoulder_lift,-101.637,-104.088,-101.637,2.451,2.451,0
1787735102.471,elbow_flex,83.404,91.385,83.404,-7.981,-7.981,0
1787735102.471,wrist_flex,85.991,81.802,85.991,4.189,4.189,0
1787735102.471,wrist_roll,-1.019,-1.187,-1.019,0.168,0.168,0
1787735102.471,gripper,24.714,36.760,24.714,-12.045,-12.045,0
1787735102.520,shoulder_pan,5.169,5.495,5.169,-0.325,-0.325,0
1787735102.520,shoulder_lift,-101.283,-103.648,-101.283,2.366,2.366,0
1787735102.520,elbow_flex,82.637,89.714,82.637,-7.078,-7.078,0
1787735102.520,wrist_flex,85.476,82.242,85.476,3.234,3.234,0
1787735102.520,wrist_roll,-1.013,-1.187,-1.013,0.174,0.174,0
1787735102.520,gripper,24.667,36.760,24.667,-12.092,-12.092,0
1787735102.571,shoulder_pan,5.075,5.582,5.075,-0.508,-0.508,0
1787735102.571,shoulder_lift,-100.023,-103.297,-100.023,3.274,3.274,0
1787735102.571,elbow_flex,81.923,88.396,81.923,-6.473,-6.473,0
1787735102.571,wrist_flex,85.328,82.418,85.328,2.910,2.910,0
1787735102.571,wrist_roll,-1.034,-1.187,-1.034,0.153,0.153,0
1787735102.571,gripper,24.724,36.760,24.724,-12.035,-12.035,0
1787735102.621,shoulder_pan,5.042,5.582,5.042,-0.540,-0.540,0
1787735102.621,shoulder_lift,-99.618,-102.769,-99.618,3.152,3.152,0
1787735102.621,elbow_flex,81.122,86.813,81.122,-5.691,-5.691,0
1787735102.621,wrist_flex,84.013,82.857,84.013,1.156,1.156,0
1787735102.621,wrist_roll,-1.006,-1.187,-1.006,0.181,0.181,0
1787735102.621,gripper,25.021,36.760,25.021,-11.738,-11.738,0
1787735102.671,shoulder_pan,4.994,5.582,4.994,-0.588,-0.588,0
1787735102.671,shoulder_lift,-99.418,-101.890,-99.418,2.472,2.472,0
1787735102.671,elbow_flex,81.247,85.582,81.247,-4.335,-4.335,0
1787735102.671,wrist_flex,84.360,83.648,84.360,0.711,0.711,0
1787735102.671,wrist_roll,-1.015,-1.187,-1.015,0.171,0.171,0
1787735102.671,gripper,24.994,36.760,24.994,-11.765,-11.765,0
1787735102.722,shoulder_pan,4.893,5.582,4.893,-0.689,-0.689,0
1787735102.722,shoulder_lift,-99.624,-101.187,-99.624,1.563,1.563,0
1787735102.722,elbow_flex,81.140,85.055,81.140,-3.915,-3.915,0
1787735102.722,wrist_flex,83.946,84.088,83.946,-0.142,-0.142,0
1787735102.722,wrist_roll,-1.045,-1.275,-1.045,0.230,0.230,0
1787735102.722,gripper,25.115,36.760,25.115,-11.644,-11.644,0
1787735102.771,shoulder_pan,4.731,5.582,4.731,-0.852,-0.852,0
1787735102.771,shoulder_lift,-99.144,-100.835,-99.144,1.692,1.692,0
1787735102.771,elbow_flex,81.184,84.791,81.184,-3.607,-3.607,0
1787735102.771,wrist_flex,83.323,84.176,83.323,-0.852,-0.852,0
1787735102.771,wrist_roll,-1.064,-1.275,-1.064,0.211,0.211,0
1787735102.771,gripper,25.146,36.760,25.146,-11.614,-11.614,0
1787735102.821,shoulder_pan,4.845,5.582,4.845,-0.737,-0.737,0
1787735102.821,shoulder_lift,-98.619,-100.396,-98.619,1.777,1.777,0
1787735102.821,elbow_flex,80.618,84.791,80.618,-4.173,-4.173,0
1787735102.821,wrist_flex,82.371,84.176,82.371,-1.805,-1.805,0
1787735102.821,wrist_roll,-1.041,-1.275,-1.041,0.234,0.234,0
1787735102.821,gripper,25.601,36.760,25.601,-11.159,-11.159,0
1787735102.871,shoulder_pan,4.851,5.582,4.851,-0.731,-0.731,0
1787735102.871,shoulder_lift,-98.391,-100.044,-98.391,1.653,1.653,0
1787735102.871,elbow_flex,80.730,84.791,80.730,-4.061,-4.061,0
1787735102.871,wrist_flex,81.694,83.912,81.694,-2.218,-2.218,0
1787735102.871,wrist_roll,-1.042,-1.275,-1.042,0.233,0.233,0
1787735102.871,gripper,25.542,36.760,25.542,-11.217,-11.217,0
1787735102.921,shoulder_pan,4.740,5.582,4.740,-0.842,-0.842,0
1787735102.921,shoulder_lift,-97.163,-99.604,-97.163,2.441,2.441,0
1787735102.921,elbow_flex,80.753,84.791,80.753,-4.039,-4.039,0
1787735102.921,wrist_flex,80.521,83.297,80.521,-2.776,-2.776,0
1787735102.921,wrist_roll,-1.077,-1.275,-1.077,0.198,0.198,0
1787735102.921,gripper,25.591,36.760,25.591,-11.168,-11.168,0
1787735102.972,shoulder_pan,4.753,5.495,4.753,-0.742,-0.742,0
1787735102.972,shoulder_lift,-96.489,-99.077,-96.489,2.588,2.588,0
1787735102.972,elbow_flex,81.070,84.791,81.070,-3.722,-3.722,0
1787735102.972,wrist_flex,78.599,82.593,78.599,-3.994,-3.994,0
1787735102.972,wrist_roll,-1.104,-1.275,-1.104,0.171,0.171,0
1787735102.972,gripper,25.936,36.760,25.936,-10.824,-10.824,0
1787735103.022,shoulder_pan,4.654,5.231,4.654,-0.577,-0.577,0
1787735103.022,shoulder_lift,-96.873,-98.286,-96.873,1.413,1.413,0
1787735103.022,elbow_flex,81.847,84.791,81.847,-2.945,-2.945,0
1787735103.022,wrist_flex,77.174,81.626,77.174,-4.452,-4.452,0
1787735103.022,wrist_roll,-1.110,-1.275,-1.110,0.165,0.165,0
1787735103.022,gripper,25.840,36.760,25.840,-10.919,-10.919,0
1787735103.072,shoulder_pan,4.757,5.055,4.757,-0.298,-0.298,0
1787735103.072,shoulder_lift,-95.960,-97.934,-95.960,1.974,1.974,0
1787735103.072,elbow_flex,82.014,84.791,82.014,-2.777,-2.777,0
1787735103.072,wrist_flex,75.107,80.220,75.107,-5.112,-5.112,0
1787735103.072,wrist_roll,-1.118,-1.275,-1.118,0.157,0.157,0
1787735103.072,gripper,26.211,36.760,26.211,-10.548,-10.548,0
1787735103.122,shoulder_pan,5.431,4.967,5.431,0.464,0.464,0
1787735103.122,shoulder_lift,-95.556,-97.495,-95.556,1.938,1.938,0
1787735103.122,elbow_flex,82.084,84.791,82.084,-2.707,-2.707,0
1787735103.122,wrist_flex,77.176,78.813,77.176,-1.638,-1.638,0
1787735103.122,wrist_roll,-1.205,-1.275,-1.205,0.070,0.070,0
1787735103.122,gripper,26.206,36.760,26.206,-10.553,-10.553,0
1787735103.172,shoulder_pan,6.178,4.967,6.178,1.211,1.211,0
1787735103.172,shoulder_lift,-96.146,-96.967,-96.146,0.821,0.821,0
1787735103.172,elbow_flex,81.897,84.791,81.897,-2.894,-2.894,0
1787735103.172,wrist_flex,81.585,77.495,81.585,4.090,4.090,0
1787735103.172,wrist_roll,-1.350,-1.275,-1.350,-0.075,-0.075,0
1787735103.172,gripper,25.199,36.760,25.199,-11.560,-11.560,0
1787735103.222,shoulder_pan,6.306,5.319,6.306,0.987,0.987,0
1787735103.222,shoulder_lift,-96.846,-96.791,-96.846,-0.055,-0.055,0
1787735103.222,elbow_flex,81.563,84.791,81.563,-3.228,-3.228,0
1787735103.222,wrist_flex,80.843,78.286,80.843,2.557,2.557,0
1787735103.222,wrist_roll,-1.411,-1.275,-1.411,-0.137,-0.137,0
1787735103.222,gripper,24.895,36.760,24.895,-11.864,-11.864,0
1787735103.272,shoulder_pan,6.350,5.846,6.350,0.504,0.504,0
1787735103.272,shoulder_lift,-96.773,-96.791,-96.773,0.018,0.018,0
1787735103.272,elbow_flex,81.331,84.791,81.331,-3.460,-3.460,0
1787735103.272,wrist_flex,80.565,79.692,80.565,0.873,0.873,0
1787735103.272,wrist_roll,-1.458,-1.275,-1.458,-0.184,-0.184,0
1787735103.272,gripper,24.812,36.803,24.812,-11.991,-11.991,0
1787735103.322,shoulder_pan,6.409,5.934,6.409,0.475,0.475,0
1787735103.322,shoulder_lift,-97.188,-96.791,-97.188,-0.397,-0.397,0
1787735103.322,elbow_flex,81.198,84.791,81.198,-3.593,-3.593,0
1787735103.322,wrist_flex,79.734,80.044,79.734,-0.310,-0.310,0
1787735103.322,wrist_roll,-1.548,-1.275,-1.548,-0.273,-0.273,0
1787735103.322,gripper,24.654,37.021,24.654,-12.367,-12.367,0
1787735103.372,shoulder_pan,6.434,6.110,6.434,0.325,0.325,0
1787735103.372,shoulder_lift,-97.520,-96.791,-97.520,-0.729,-0.729,0
1787735103.372,elbow_flex,81.124,84.791,81.124,-3.667,-3.667,0
1787735103.372,wrist_flex,78.746,80.132,78.746,-1.386,-1.386,0
1787735103.372,wrist_roll,-1.595,-1.275,-1.595,-0.320,-0.320,0
1787735103.372,gripper,25.158,37.021,25.158,-11.863,-11.863,0
1787735103.422,shoulder_pan,6.281,6.198,6.281,0.083,0.083,0
1787735103.422,shoulder_lift,-97.583,-96.967,-97.583,-0.616,-0.616,0
1787735103.422,elbow_flex,81.164,84.791,81.164,-3.628,-3.628,0
1787735103.422,wrist_flex,78.356,79.956,78.356,-1.600,-1.600,0
1787735103.422,wrist_roll,-1.664,-1.275,-1.664,-0.390,-0.390,0
1787735103.422,gripper,25.445,37.021,25.445,-11.576,-11.576,0
1787735103.473,shoulder_pan,6.228,6.286,6.228,-0.058,-0.058,0
1787735103.473,shoulder_lift,-97.851,-97.319,-97.851,-0.533,-0.533,0
1787735103.473,elbow_flex,81.310,84.791,81.310,-3.482,-3.482,0
1787735103.473,wrist_flex,77.618,79.604,77.618,-1.986,-1.986,0
1787735103.473,wrist_roll,-1.680,-1.275,-1.680,-0.405,-0.405,0
1787735103.473,gripper,25.779,37.021,25.779,-11.242,-11.242,0
1787735103.522,shoulder_pan,6.180,6.286,6.180,-0.106,-0.106,0
1787735103.522,shoulder_lift,-97.673,-97.495,-97.673,-0.179,-0.179,0
1787735103.522,elbow_flex,81.624,84.791,81.624,-3.168,-3.168,0
1787735103.522,wrist_flex,77.631,79.077,77.631,-1.446,-1.446,0
1787735103.522,wrist_roll,-1.703,-1.275,-1.703,-0.428,-0.428,0
1787735103.522,gripper,26.100,37.021,26.100,-10.921,-10.921,0
1787735103.573,shoulder_pan,5.980,6.286,5.980,-0.306,-0.306,0
1787735103.573,shoulder_lift,-98.093,-97.670,-98.093,-0.423,-0.423,0
1787735103.573,elbow_flex,82.056,84.791,82.056,-2.735,-2.735,0
1787735103.573,wrist_flex,76.768,78.725,76.768,-1.958,-1.958,0
1787735103.573,wrist_roll,-1.728,-1.275,-1.728,-0.454,-0.454,0
1787735103.573,gripper,26.074,37.021,26.074,-10.947,-10.947,0
1787735103.623,shoulder_pan,6.159,6.286,6.159,-0.127,-0.127,0
1787735103.623,shoulder_lift,-99.476,-97.670,-99.476,-1.806,-1.806,0
1787735103.623,elbow_flex,82.699,84.791,82.699,-2.092,-2.092,0
1787735103.623,wrist_flex,77.176,78.286,77.176,-1.110,-1.110,0
1787735103.623,wrist_roll,-1.723,-1.275,-1.723,-0.448,-0.448,0
1787735103.623,gripper,25.526,37.021,25.526,-11.494,-11.494,0
1787735103.672,shoulder_pan,6.231,6.286,6.231,-0.055,-0.055,0
1787735103.672,shoulder_lift,-99.682,-97.758,-99.682,-1.923,-1.923,0
1787735103.672,elbow_flex,82.766,84.791,82.766,-2.026,-2.026,0
1787735103.672,wrist_flex,76.758,78.110,76.758,-1.352,-1.352,0
1787735103.672,wrist_roll,-1.780,-1.275,-1.780,-0.505,-0.505,0
1787735103.672,gripper,25.625,37.021,25.625,-11.396,-11.396,0
1787735103.722,shoulder_pan,6.301,6.286,6.301,0.015,0.015,0
1787735103.722,shoulder_lift,-100.039,-98.462,-100.039,-1.577,-1.577,0
1787735103.722,elbow_flex,82.691,84.791,82.691,-2.100,-2.100,0
1787735103.722,wrist_flex,76.687,77.934,76.687,-1.247,-1.247,0
1787735103.722,wrist_roll,-1.786,-1.275,-1.786,-0.512,-0.512,0
1787735103.722,gripper,25.415,37.021,25.415,-11.606,-11.606,0
1787735103.772,shoulder_pan,6.462,6.286,6.462,0.176,0.176,0
1787735103.772,shoulder_lift,-99.874,-99.253,-99.874,-0.621,-0.621,0
1787735103.772,elbow_flex,82.690,84.791,82.690,-2.101,-2.101,0
1787735103.772,wrist_flex,76.156,77.670,76.156,-1.515,-1.515,0
1787735103.772,wrist_roll,-1.865,-1.275,-1.865,-0.590,-0.590,0
1787735103.772,gripper,25.847,37.021,25.847,-11.174,-11.174,0
1787735103.822,shoulder_pan,6.343,6.286,6.343,0.058,0.058,0
1787735103.822,shoulder_lift,-99.831,-99.429,-99.831,-0.402,-0.402,0
1787735103.822,elbow_flex,82.547,84.791,82.547,-2.245,-2.245,0
1787735103.822,wrist_flex,76.428,77.495,76.428,-1.066,-1.066,0
1787735103.822,wrist_roll,-1.855,-1.275,-1.855,-0.581,-0.581,0
1787735103.822,gripper,26.177,37.021,26.177,-10.843,-10.843,0
1787735103.874,shoulder_pan,6.366,6.286,6.366,0.080,0.080,0
1787735103.874,shoulder_lift,-99.523,-99.780,-99.523,0.258,0.258,0
1787735103.874,elbow_flex,83.199,84.791,83.199,-1.593,-1.593,0
1787735103.874,wrist_flex,76.588,77.319,76.588,-0.730,-0.730,0
1787735103.874,wrist_roll,-1.783,-1.275,-1.783,-0.508,-0.508,0
1787735103.874,gripper,26.087,37.021,26.087,-10.934,-10.934,0
1787735103.923,shoulder_pan,6.327,6.286,6.327,0.041,0.041,0
1787735103.923,shoulder_lift,-99.465,-99.868,-99.465,0.403,0.403,0
1787735103.923,elbow_flex,83.254,84.791,83.254,-1.537,-1.537,0
1787735103.923,wrist_flex,77.276,77.319,77.276,-0.042,-0.042,0
1787735103.923,wrist_roll,-1.752,-1.275,-1.752,-0.478,-0.478,0
1787735103.923,gripper,26.151,37.021,26.151,-10.869,-10.869,0
1787735103.973,shoulder_pan,6.325,6.286,6.325,0.039,0.039,0
1787735103.973,shoulder_lift,-98.847,-99.868,-98.847,1.021,1.021,0
1787735103.973,elbow_flex,83.208,84.791,83.208,-1.583,-1.583,0
1787735103.973,wrist_flex,77.331,77.319,77.331,0.012,0.012,0
1787735103.973,wrist_roll,-1.785,-1.275,-1.785,-0.510,-0.510,0
1787735103.973,gripper,26.177,37.021,26.177,-10.844,-10.844,0
1787735104.023,shoulder_pan,6.338,6.286,6.338,0.052,0.052,0
1787735104.023,shoulder_lift,-99.100,-99.780,-99.100,0.681,0.681,0
1787735104.023,elbow_flex,83.194,84.791,83.194,-1.597,-1.597,0
1787735104.023,wrist_flex,77.233,77.319,77.233,-0.086,-0.086,0
1787735104.023,wrist_roll,-1.771,-1.275,-1.771,-0.496,-0.496,0
1787735104.023,gripper,26.418,37.021,26.418,-10.603,-10.603,0
1787735104.073,shoulder_pan,6.319,6.286,6.319,0.033,0.033,0
1787735104.073,shoulder_lift,-99.273,-99.692,-99.273,0.420,0.420,0
1787735104.073,elbow_flex,83.449,84.791,83.449,-1.342,-1.342,0
1787735104.073,wrist_flex,78.043,77.319,78.043,0.724,0.724,0
1787735104.073,wrist_roll,-1.769,-1.275,-1.769,-0.494,-0.494,0
1787735104.073,gripper,26.071,37.021,26.071,-10.950,-10.950,0
1787735104.123,shoulder_pan,5.350,6.286,5.350,-0.936,-0.936,0
1787735104.123,shoulder_lift,-99.459,-99.692,-99.459,0.233,0.233,0
1787735104.123,elbow_flex,84.316,84.791,84.316,-0.475,-0.475,0
1787735104.123,wrist_flex,74.693,77.495,74.693,-2.802,-2.802,0
1787735104.123,wrist_roll,-1.534,-1.275,-1.534,-0.259,-0.259,0
1787735104.123,gripper,26.671,37.021,26.671,-10.350,-10.350,0
1787735104.173,shoulder_pan,3.930,6.198,3.930,-2.267,-2.267,0
1787735104.173,shoulder_lift,-98.967,-99.692,-98.967,0.725,0.725,0
1787735104.173,elbow_flex,85.041,84.879,85.041,0.162,0.162,0
1787735104.173,wrist_flex,69.558,77.582,69.558,-8.024,-8.024,0
1787735104.173,wrist_roll,-1.209,-1.275,-1.209,0.065,0.065,0
1787735104.173,gripper,27.973,37.021,27.973,-9.048,-9.048,0
1787735104.223,shoulder_pan,3.658,5.582,3.658,-1.924,-1.924,0
1787735104.223,shoulder_lift,-98.124,-99.692,-98.124,1.568,1.568,0
1787735104.223,elbow_flex,84.689,85.231,84.689,-0.542,-0.542,0
1787735104.223,wrist_flex,68.055,75.912,68.055,-7.857,-7.857,0
1787735104.223,wrist_roll,-1.204,-1.275,-1.204,0.071,0.071,0
1787735104.223,gripper,28.474,37.021,28.474,-8.547,-8.547,0
1787735104.273,shoulder_pan,3.360,4.879,3.360,-1.519,-1.519,0
1787735104.273,shoulder_lift,-97.391,-99.429,-97.391,2.038,2.038,0
1787735104.273,elbow_flex,84.854,85.407,84.854,-0.553,-0.553,0
1787735104.273,wrist_flex,67.150,73.275,67.150,-6.125,-6.125,0
1787735104.273,wrist_roll,-1.089,-1.275,-1.089,0.186,0.186,0
1787735104.273,gripper,28.964,37.021,28.964,-8.057,-8.057,0
1787735104.324,shoulder_pan,3.150,4.264,3.150,-1.114,-1.114,0
1787735104.324,shoulder_lift,-97.003,-98.901,-97.003,1.898,1.898,0
1787735104.324,elbow_flex,84.820,85.407,84.820,-0.586,-0.586,0
1787735104.324,wrist_flex,66.459,70.901,66.459,-4.443,-4.443,0
1787735104.324,wrist_roll,-1.082,-1.275,-1.082,0.193,0.193,0
1787735104.324,gripper,29.147,37.021,29.147,-7.874,-7.874,0
1787735104.373,shoulder_pan,2.922,3.912,2.922,-0.990,-0.990,0
1787735104.373,shoulder_lift,-97.433,-98.374,-97.433,0.941,0.941,0
1787735104.373,elbow_flex,85.095,85.407,85.095,-0.311,-0.311,0
1787735104.373,wrist_flex,66.704,69.407,66.704,-2.703,-2.703,0
1787735104.373,wrist_roll,-1.016,-1.275,-1.016,0.259,0.259,0
1787735104.373,gripper,29.245,37.021,29.245,-7.776,-7.776,0
1787735104.424,shoulder_pan,2.913,3.560,2.913,-0.648,-0.648,0
1787735104.424,shoulder_lift,-97.546,-98.110,-97.546,0.564,0.564,0
1787735104.424,elbow_flex,85.201,85.407,85.201,-0.205,-0.205,0
1787735104.424,wrist_flex,66.229,68.527,66.229,-2.298,-2.298,0
1787735104.424,wrist_roll,-1.012,-1.275,-1.012,0.262,0.262,0
1787735104.424,gripper,29.367,37.021,29.367,-7.654,-7.654,0
1787735104.474,shoulder_pan,2.620,3.297,2.620,-0.677,-0.677,0
1787735104.474,shoulder_lift,-97.524,-98.110,-97.524,0.586,0.586,0
1787735104.474,elbow_flex,85.335,85.407,85.335,-0.072,-0.072,0
1787735104.474,wrist_flex,65.707,67.912,65.707,-2.206,-2.206,0
1787735104.474,wrist_roll,-0.934,-1.275,-0.934,0.341,0.341,0
1787735104.474,gripper,29.680,37.021,29.680,-7.341,-7.341,0
1787735104.524,shoulder_pan,2.408,3.121,2.408,-0.713,-0.713,0
1787735104.524,shoulder_lift,-97.607,-98.110,-97.607,0.503,0.503,0
1787735104.524,elbow_flex,85.467,85.582,85.467,-0.115,-0.115,0
1787735104.524,wrist_flex,65.816,67.297,65.816,-1.481,-1.481,0
1787735104.524,wrist_roll,-0.928,-1.275,-0.928,0.346,0.346,0
1787735104.524,gripper,29.845,37.021,29.845,-7.176,-7.176,0
1787735104.574,shoulder_pan,2.357,2.857,2.357,-0.500,-0.500,0
1787735104.574,shoulder_lift,-97.441,-98.110,-97.441,0.669,0.669,0
1787735104.574,elbow_flex,85.378,85.582,85.378,-0.204,-0.204,0
1787735104.574,wrist_flex,65.606,67.033,65.606,-1.427,-1.427,0
1787735104.574,wrist_roll,-0.869,-1.275,-0.869,0.405,0.405,0
1787735104.574,gripper,30.003,37.021,30.003,-7.018,-7.018,0
1787735104.624,shoulder_pan,2.141,2.769,2.141,-0.628,-0.628,0
1787735104.624,shoulder_lift,-97.576,-98.110,-97.576,0.534,0.534,0
1787735104.624,elbow_flex,85.704,85.582,85.704,0.122,0.122,0
1787735104.624,wrist_flex,65.122,66.857,65.122,-1.735,-1.735,0
1787735104.624,wrist_roll,-0.792,-1.275,-0.792,0.483,0.483,0
1787735104.624,gripper,30.251,37.021,30.251,-6.770,-6.770,0
1787735104.674,shoulder_pan,2.040,2.593,2.040,-0.553,-0.553,0
1787735104.674,shoulder_lift,-97.996,-98.110,-97.996,0.114,0.114,0
1787735104.674,elbow_flex,85.616,85.934,85.616,-0.318,-0.318,0
1787735104.674,wrist_flex,65.441,66.505,65.441,-1.064,-1.064,0
1787735104.674,wrist_roll,-0.778,-1.275,-0.778,0.496,0.496,0
1787735104.674,gripper,29.938,37.021,29.938,-7.082,-7.082,0
1787735104.724,shoulder_pan,1.933,2.418,1.933,-0.485,-0.485,0
1787735104.724,shoulder_lift,-98.169,-98.022,-98.169,-0.147,-0.147,0
1787735104.724,elbow_flex,85.450,86.110,85.450,-0.660,-0.660,0
1787735104.724,wrist_flex,64.228,66.330,64.228,-2.101,-2.101,0
1787735104.724,wrist_roll,-0.791,-1.275,-0.791,0.484,0.484,0
1787735104.724,gripper,30.070,37.021,30.070,-6.951,-6.951,0
1787735104.774,shoulder_pan,1.490,2.154,1.490,-0.664,-0.664,0
1787735104.774,shoulder_lift,-98.506,-98.110,-98.506,-0.396,-0.396,0
1787735104.774,elbow_flex,85.534,86.110,85.534,-0.576,-0.576,0
1787735104.774,wrist_flex,64.375,66.066,64.375,-1.691,-1.691,0
1787735104.774,wrist_roll,-0.724,-1.275,-0.724,0.551,0.551,0
1787735104.774,gripper,30.031,37.021,30.031,-6.989,-6.989,0
1787735104.824,shoulder_pan,1.739,2.242,1.739,-0.503,-0.503,0
1787735104.824,shoulder_lift,-98.282,-98.110,-98.282,-0.172,-0.172,0
1787735104.824,elbow_flex,84.999,86.110,84.999,-1.111,-1.111,0
1787735104.824,wrist_flex,64.121,65.626,64.121,-1.505,-1.505,0
1787735104.824,wrist_roll,-0.710,-1.275,-0.710,0.565,0.565,0
1787735104.824,gripper,30.284,37.021,30.284,-6.737,-6.737,0
1787735104.875,shoulder_pan,1.288,1.978,1.288,-0.690,-0.690,0
1787735104.875,shoulder_lift,-98.697,-98.110,-98.697,-0.587,-0.587,0
1787735104.875,elbow_flex,84.759,86.110,84.759,-1.351,-1.351,0
1787735104.875,wrist_flex,63.553,65.275,63.553,-1.722,-1.722,0
1787735104.875,wrist_roll,-0.649,-1.275,-0.649,0.626,0.626,0
1787735104.875,gripper,30.448,37.021,30.448,-6.573,-6.573,0
1787735104.924,shoulder_pan,1.349,2.066,1.349,-0.717,-0.717,0
1787735104.924,shoulder_lift,-99.327,-98.110,-99.327,-1.217,-1.217,0
1787735104.924,elbow_flex,84.521,86.110,84.521,-1.589,-1.589,0
1787735104.924,wrist_flex,63.648,64.923,63.648,-1.276,-1.276,0
1787735104.924,wrist_roll,-0.654,-1.275,-0.654,0.621,0.621,0
1787735104.924,gripper,30.381,37.021,30.381,-6.640,-6.640,0
1787735104.975,shoulder_pan,1.426,1.714,1.426,-0.288,-0.288,0
1787735104.975,shoulder_lift,-98.732,-98.198,-98.732,-0.534,-0.534,0
1787735104.975,elbow_flex,84.098,86.110,84.098,-2.012,-2.012,0
1787735104.975,wrist_flex,62.934,64.747,62.934,-1.813,-1.813,0
1787735104.975,wrist_roll,-0.595,-1.275,-0.595,0.679,0.679,0
1787735104.975,gripper,30.310,37.021,30.310,-6.711,-6.711,0
1787735105.024,shoulder_pan,1.251,1.626,1.251,-0.375,-0.375,0
1787735105.024,shoulder_lift,-98.718,-98.286,-98.718,-0.432,-0.432,0
1787735105.024,elbow_flex,83.472,86.110,83.472,-2.638,-2.638,0
1787735105.024,wrist_flex,62.473,64.396,62.473,-1.922,-1.922,0
1787735105.024,wrist_roll,-0.604,-1.275,-0.604,0.671,0.671,0
1787735105.024,gripper,30.517,37.021,30.517,-6.503,-6.503,0
1787735105.075,shoulder_pan,1.356,1.538,1.356,-0.182,-0.182,0
1787735105.075,shoulder_lift,-100.678,-98.462,-100.678,-2.216,-2.216,0
1787735105.075,elbow_flex,82.000,86.110,82.000,-4.110,-4.110,0
1787735105.075,wrist_flex,60.482,63.956,60.482,-3.474,-3.474,0
1787735105.075,wrist_roll,-0.724,-1.275,-0.724,0.550,0.550,0
1787735105.075,gripper,30.893,37.021,30.893,-6.128,-6.128,0
1787735105.125,shoulder_pan,1.564,1.538,1.564,0.026,0.026,0
1787735105.125,shoulder_lift,-103.363,-98.549,-103.363,-4.813,-4.813,0
1787735105.125,elbow_flex,79.073,86.110,79.073,-7.036,-7.036,0
1787735105.125,wrist_flex,58.056,63.341,58.056,-5.284,-5.284,0
1787735105.125,wrist_roll,-0.936,-1.275,-0.936,0.339,0.339,0
1787735105.125,gripper,31.179,37.021,31.179,-5.842,-5.842,0
1787735105.175,shoulder_pan,1.744,1.538,1.744,0.205,0.205,0
1787735105.175,shoulder_lift,-103.230,-99.956,-103.230,-3.274,-3.274,0
1787735105.175,elbow_flex,77.547,85.758,77.547,-8.211,-8.211,0
1787735105.175,wrist_flex,56.967,61.934,56.967,-4.967,-4.967,0
1787735105.175,wrist_roll,-0.985,-1.275,-0.985,0.290,0.290,0
1787735105.175,gripper,31.158,37.021,31.158,-5.863,-5.863,0
1787735105.225,shoulder_pan,1.830,1.626,1.830,0.204,0.204,0
1787735105.225,shoulder_lift,-104.229,-101.363,-104.229,-2.867,-2.867,0
1787735105.225,elbow_flex,76.893,84.176,76.893,-7.283,-7.283,0
1787735105.225,wrist_flex,56.793,60.264,56.793,-3.470,-3.470,0
1787735105.225,wrist_roll,-1.043,-1.275,-1.043,0.232,0.232,0
1787735105.225,gripper,31.001,37.021,31.001,-6.020,-6.020,0
1787735105.275,shoulder_pan,1.790,1.626,1.790,0.164,0.164,0
1787735105.275,shoulder_lift,-104.587,-102.418,-104.587,-2.170,-2.170,0
1787735105.275,elbow_flex,76.765,82.593,76.765,-5.828,-5.828,0
1787735105.275,wrist_flex,56.829,59.121,56.829,-2.292,-2.292,0
1787735105.275,wrist_roll,-1.086,-1.275,-1.086,0.189,0.189,0
1787735105.275,gripper,30.885,37.021,30.885,-6.136,-6.136,0
1787735105.325,shoulder_pan,1.723,1.626,1.723,0.097,0.097,0
1787735105.325,shoulder_lift,-105.182,-103.209,-105.182,-1.974,-1.974,0
1787735105.325,elbow_flex,76.387,81.451,76.387,-5.064,-5.064,0
1787735105.325,wrist_flex,56.876,58.418,56.876,-1.541,-1.541,0
1787735105.325,wrist_roll,-1.091,-1.275,-1.091,0.184,0.184,0
1787735105.325,gripper,30.706,37.021,30.706,-6.315,-6.315,0
1787735105.376,shoulder_pan,1.775,1.626,1.775,0.148,0.148,0
1787735105.376,shoulder_lift,-105.203,-103.912,-105.203,-1.291,-1.291,0
1787735105.376,elbow_flex,76.164,80.571,76.164,-4.408,-4.408,0
1787735105.376,wrist_flex,56.289,58.154,56.289,-1.865,-1.865,0
1787735105.376,wrist_roll,-1.111,-1.275,-1.111,0.164,0.164,0
1787735105.376,gripper,30.735,37.021,30.735,-6.286,-6.286,0
1787735105.426,shoulder_pan,1.724,1.626,1.724,0.097,0.097,0
1787735105.426,shoulder_lift,-105.269,-104.352,-105.269,-0.918,-0.918,0
1787735105.426,elbow_flex,76.032,80.044,76.032,-4.012,-4.012,0
1787735105.426,wrist_flex,56.317,57.802,56.317,-1.485,-1.485,0
1787735105.426,wrist_roll,-1.141,-1.275,-1.141,0.134,0.134,0
1787735105.426,gripper,30.478,37.021,30.478,-6.543,-6.543,0
1787735105.476,shoulder_pan,1.750,1.626,1.750,0.124,0.124,0
1787735105.476,shoulder_lift,-105.879,-104.615,-105.879,-1.264,-1.264,0
1787735105.476,elbow_flex,75.938,79.604,75.938,-3.667,-3.667,0
1787735105.476,wrist_flex,56.846,57.538,56.846,-0.693,-0.693,0
1787735105.476,wrist_roll,-1.147,-1.275,-1.147,0.128,0.128,0
1787735105.476,gripper,30.383,37.021,30.383,-6.638,-6.638,0
1787735105.525,shoulder_pan,1.706,1.626,1.706,0.079,0.079,0
1787735105.525,shoulder_lift,-105.670,-104.703,-105.670,-0.967,-0.967,0
1787735105.525,elbow_flex,75.927,79.429,75.927,-3.501,-3.501,0
1787735105.525,wrist_flex,56.403,57.538,56.403,-1.136,-1.136,0
1787735105.525,wrist_roll,-1.136,-1.275,-1.136,0.139,0.139,0
1787735105.525,gripper,30.226,37.021,30.226,-6.795,-6.795,0
1787735105.576,shoulder_pan,1.684,1.626,1.684,0.058,0.058,0
1787735105.576,shoulder_lift,-106.077,-104.703,-106.077,-1.374,-1.374,0
1787735105.576,elbow_flex,76.006,79.341,76.006,-3.334,-3.334,0
1787735105.576,wrist_flex,56.694,57.451,56.694,-0.756,-0.756,0
1787735105.576,wrist_roll,-1.188,-1.275,-1.188,0.087,0.087,0
1787735105.576,gripper,30.228,37.021,30.228,-6.793,-6.793,0
1787735105.625,shoulder_pan,1.678,1.626,1.678,0.052,0.052,0
1787735105.625,shoulder_lift,-105.834,-104.703,-105.834,-1.131,-1.131,0
1787735105.625,elbow_flex,76.065,79.341,76.065,-3.275,-3.275,0
1787735105.625,wrist_flex,56.927,57.451,56.927,-0.524,-0.524,0
1787735105.625,wrist_roll,-1.192,-1.275,-1.192,0.082,0.082,0
1787735105.625,gripper,29.855,37.021,29.855,-7.166,-7.166,0
1787735105.675,shoulder_pan,1.659,1.626,1.659,0.033,0.033,0
1787735105.675,shoulder_lift,-106.021,-104.703,-106.021,-1.318,-1.318,0
1787735105.675,elbow_flex,75.844,79.341,75.844,-3.496,-3.496,0
1787735105.675,wrist_flex,56.546,57.451,56.546,-0.904,-0.904,0
1787735105.675,wrist_roll,-1.240,-1.275,-1.240,0.035,0.035,0
1787735105.675,gripper,30.025,37.021,30.025,-6.996,-6.996,0
1787735105.725,shoulder_pan,1.668,1.626,1.668,0.042,0.042,0
1787735105.725,shoulder_lift,-105.236,-104.703,-105.236,-0.533,-0.533,0
1787735105.725,elbow_flex,75.650,79.341,75.650,-3.690,-3.690,0
1787735105.725,wrist_flex,56.634,57.451,56.634,-0.817,-0.817,0
1787735105.725,wrist_roll,-1.272,-1.275,-1.272,0.003,0.003,0
1787735105.725,gripper,29.819,37.021,29.819,-7.202,-7.202,0
1787735105.776,shoulder_pan,1.717,1.626,1.717,0.091,0.091,0
1787735105.776,shoulder_lift,-105.076,-104.703,-105.076,-0.373,-0.373,0
1787735105.776,elbow_flex,75.403,79.341,75.403,-3.938,-3.938,0
1787735105.776,wrist_flex,56.190,57.451,56.190,-1.261,-1.261,0
1787735105.776,wrist_roll,-1.290,-1.275,-1.290,-0.015,-0.015,0
1787735105.776,gripper,29.732,37.021,29.732,-7.288,-7.288,0
1787735105.825,shoulder_pan,1.663,1.626,1.663,0.037,0.037,0
1787735105.825,shoulder_lift,-104.649,-104.703,-104.649,0.054,0.054,0
1787735105.825,elbow_flex,74.985,79.341,74.985,-4.356,-4.356,0
1787735105.825,wrist_flex,56.208,57.451,56.208,-1.243,-1.243,0
1787735105.825,wrist_roll,-1.321,-1.275,-1.321,-0.047,-0.047,0
1787735105.825,gripper,29.660,37.021,29.660,-7.361,-7.361,0
1787735105.877,shoulder_pan,1.647,1.626,1.647,0.021,0.021,0
1787735105.877,shoulder_lift,-104.965,-104.703,-104.965,-0.262,-0.262,0
1787735105.877,elbow_flex,74.725,79.253,74.725,-4.527,-4.527,0
1787735105.877,wrist_flex,55.934,57.451,55.934,-1.516,-1.516,0
1787735105.877,wrist_roll,-1.332,-1.275,-1.332,-0.057,-0.057,0
1787735105.877,gripper,29.436,37.021,29.436,-7.585,-7.585,0
1787735105.925,shoulder_pan,1.657,1.626,1.657,0.030,0.030,0
1787735105.925,shoulder_lift,-104.687,-104.703,-104.687,0.017,0.017,0
1787735105.925,elbow_flex,74.500,79.165,74.500,-4.665,-4.665,0
1787735105.925,wrist_flex,56.044,57.451,56.044,-1.406,-1.406,0
1787735105.925,wrist_roll,-1.329,-1.363,-1.329,0.034,0.034,0
1787735105.925,gripper,29.230,37.021,29.230,-7.790,-7.790,0
1787735105.977,shoulder_pan,1.737,1.626,1.737,0.110,0.110,0
1787735105.977,shoulder_lift,-103.757,-104.703,-103.757,0.946,0.946,0
1787735105.977,elbow_flex,74.145,78.637,74.145,-4.492,-4.492,0
1787735105.977,wrist_flex,55.656,57.451,55.656,-1.794,-1.794,0
1787735105.977,wrist_roll,-1.360,-1.363,-1.360,0.003,0.003,0
1787735105.977,gripper,28.752,37.021,28.752,-8.269,-8.269,0
1787735106.026,shoulder_pan,1.747,1.626,1.747,0.121,0.121,0
1787735106.026,shoulder_lift,-103.450,-104.703,-103.450,1.253,1.253,0
1787735106.026,elbow_flex,73.493,78.198,73.493,-4.705,-4.705,0
1787735106.026,wrist_flex,55.717,57.275,55.717,-1.557,-1.557,0
1787735106.026,wrist_roll,-1.357,-1.363,-1.357,0.006,0.006,0
1787735106.026,gripper,28.464,37.021,28.464,-8.557,-8.557,0
1787735106.076,shoulder_pan,1.256,1.626,1.256,-0.370,-0.370,0
1787735106.076,shoulder_lift,-108.260,-104.440,-108.260,-3.820,-3.820,0
1787735106.076,elbow_flex,72.940,77.670,72.940,-4.731,-4.731,0
1787735106.076,wrist_flex,61.626,57.011,61.626,4.615,4.615,0
1787735106.076,wrist_roll,-1.426,-1.363,-1.426,-0.063,-0.063,0
1787735106.076,gripper,29.750,37.021,29.750,-7.271,-7.271,0
1787735106.126,shoulder_pan,0.658,1.626,0.658,-0.968,-0.968,0
1787735106.126,shoulder_lift,-113.275,-104.352,-113.275,-8.924,-8.924,0
1787735106.126,elbow_flex,72.272,77.143,72.272,-4.871,-4.871,0
1787735106.126,wrist_flex,68.732,57.187,68.732,11.545,11.545,0
1787735106.126,wrist_roll,-1.468,-1.363,-1.468,-0.106,-0.106,0
1787735106.126,gripper,30.688,37.021,30.688,-6.333,-6.333,0
1787735106.177,shoulder_pan,0.734,1.451,0.734,-0.716,-0.716,0
1787735106.177,shoulder_lift,-113.338,-104.615,-113.338,-8.722,-8.722,0
1787735106.177,elbow_flex,71.542,76.440,71.542,-4.897,-4.897,0
1787735106.177,wrist_flex,71.130,59.385,71.130,11.746,11.746,0
1787735106.177,wrist_roll,-1.478,-1.363,-1.478,-0.116,-0.116,0
1787735106.177,gripper,30.071,37.021,30.071,-6.950,-6.950,0
1787735106.226,shoulder_pan,0.783,1.187,0.783,-0.404,-0.404,0
1787735106.226,shoulder_lift,-112.462,-104.703,-112.462,-7.759,-7.759,0
1787735106.226,elbow_flex,70.903,75.736,70.903,-4.834,-4.834,0
1787735106.226,wrist_flex,72.242,63.429,72.242,8.814,8.814,0
1787735106.226,wrist_roll,-1.507,-1.363,-1.507,-0.145,-0.145,0
1787735106.226,gripper,29.379,37.021,29.379,-7.642,-7.642,0
1787735106.277,shoulder_pan,0.774,1.099,0.774,-0.324,-0.324,0
1787735106.277,shoulder_lift,-111.518,-104.879,-111.518,-6.639,-6.639,0
1787735106.277,elbow_flex,70.201,75.121,70.201,-4.920,-4.920,0
1787735106.277,wrist_flex,73.265,67.121,73.265,6.144,6.144,0
1787735106.277,wrist_roll,-1.509,-1.363,-1.509,-0.146,-0.146,0
1787735106.277,gripper,28.888,37.021,28.888,-8.133,-8.133,0
1787735106.326,shoulder_pan,0.717,1.099,0.717,-0.382,-0.382,0
1787735106.326,shoulder_lift,-110.518,-104.879,-110.518,-5.639,-5.639,0
1787735106.326,elbow_flex,69.534,74.505,69.534,-4.971,-4.971,0
1787735106.326,wrist_flex,74.401,69.934,74.401,4.467,4.467,0
1787735106.326,wrist_roll,-1.521,-1.363,-1.521,-0.158,-0.158,0
1787735106.326,gripper,28.347,37.021,28.347,-8.674,-8.674,0
1787735106.377,shoulder_pan,0.746,1.099,0.746,-0.353,-0.353,0
1787735106.377,shoulder_lift,-109.332,-104.879,-109.332,-4.453,-4.453,0
1787735106.377,elbow_flex,68.606,73.802,68.606,-5.196,-5.196,0
1787735106.377,wrist_flex,76.679,71.868,76.679,4.811,4.811,0
1787735106.377,wrist_roll,-1.522,-1.363,-1.522,-0.159,-0.159,0
1787735106.377,gripper,27.786,37.021,27.786,-9.235,-9.235,0
1787735106.426,shoulder_pan,0.770,1.099,0.770,-0.329,-0.329,0
1787735106.426,shoulder_lift,-107.596,-104.879,-107.596,-2.717,-2.717,0
1787735106.426,elbow_flex,67.296,73.011,67.296,-5.715,-5.715,0
1787735106.426,wrist_flex,79.049,73.451,79.049,5.598,5.598,0
1787735106.426,wrist_roll,-1.545,-1.363,-1.545,-0.183,-0.183,0
1787735106.426,gripper,26.908,37.021,26.908,-10.113,-10.113,0
1787735106.477,shoulder_pan,0.840,1.099,0.840,-0.259,-0.259,0
1787735106.477,shoulder_lift,-105.784,-104.879,-105.784,-0.905,-0.905,0
1787735106.477,elbow_flex,66.120,72.044,66.120,-5.924,-5.924,0
1787735106.477,wrist_flex,81.082,75.473,81.082,5.610,5.610,0
1787735106.477,wrist_roll,-1.583,-1.363,-1.583,-0.220,-0.220,0
1787735106.477,gripper,25.942,37.021,25.942,-11.079,-11.079,0
1787735106.526,shoulder_pan,0.818,1.099,0.818,-0.281,-0.281,0
1787735106.526,shoulder_lift,-103.898,-104.879,-103.898,0.982,0.982,0
1787735106.526,elbow_flex,65.022,70.989,65.022,-5.967,-5.967,0
1787735106.526,wrist_flex,83.936,77.670,83.936,6.266,6.266,0
1787735106.526,wrist_roll,-1.618,-1.363,-1.618,-0.255,-0.255,0
1787735106.526,gripper,24.813,37.021,24.813,-12.208,-12.208,0
1787735106.578,shoulder_pan,0.785,1.099,0.785,-0.314,-0.314,0
1787735106.578,shoulder_lift,-101.802,-104.879,-101.802,3.077,3.077,0
1787735106.578,elbow_flex,64.047,69.846,64.047,-5.800,-5.800,0
1787735106.578,wrist_flex,85.820,79.868,85.820,5.952,5.952,0
1787735106.578,wrist_roll,-1.618,-1.363,-1.618,-0.256,-0.256,0
1787735106.578,gripper,23.818,37.021,23.818,-13.203,-13.203,0
1787735106.627,shoulder_pan,0.763,1.099,0.763,-0.336,-0.336,0
1787735106.627,shoulder_lift,-99.772,-104.440,-99.772,4.668,4.668,0
1787735106.627,elbow_flex,62.928,68.703,62.928,-5.776,-5.776,0
1787735106.627,wrist_flex,87.844,82.154,87.844,5.690,5.690,0
1787735106.627,wrist_roll,-1.615,-1.363,-1.615,-0.252,-0.252,0
1787735106.627,gripper,23.134,37.021,23.134,-13.887,-13.887,0
1787735106.677,shoulder_pan,0.782,1.099,0.782,-0.317,-0.317,0
1787735106.677,shoulder_lift,-97.410,-103.121,-97.410,5.711,5.711,0
1787735106.677,elbow_flex,61.753,67.648,61.753,-5.896,-5.896,0
1787735106.677,wrist_flex,89.630,84.264,89.630,5.366,5.366,0
1787735106.677,wrist_roll,-1.662,-1.363,-1.662,-0.300,-0.300,0
1787735106.677,gripper,22.432,37.021,22.432,-14.589,-14.589,0
1787735106.727,shoulder_pan,0.796,1.099,0.796,-0.303,-0.303,0
1787735106.727,shoulder_lift,-95.471,-101.714,-95.471,6.243,6.243,0
1787735106.727,elbow_flex,60.480,66.593,60.480,-6.113,-6.113,0
1787735106.727,wrist_flex,91.254,86.286,91.254,4.968,4.968,0
1787735106.727,wrist_roll,-1.685,-1.363,-1.685,-0.323,-0.323,0
1787735106.727,gripper,21.687,37.021,21.687,-15.334,-15.334,0
1787735106.777,shoulder_pan,0.869,1.099,0.869,-0.230,-0.230,0
1787735106.777,shoulder_lift,-93.645,-99.868,-93.645,6.223,6.223,0
1787735106.777,elbow_flex,59.036,65.451,59.036,-6.415,-6.415,0
1787735106.777,wrist_flex,92.713,88.220,92.713,4.493,4.493,0
1787735106.777,wrist_roll,-1.715,-1.363,-1.715,-0.353,-0.353,0
1787735106.777,gripper,21.234,37.021,21.234,-15.787,-15.787,0
1787735106.827,shoulder_pan,1.054,1.099,1.054,-0.045,-0.045,0
1787735106.827,shoulder_lift,-91.478,-97.934,-91.478,6.456,6.456,0
1787735106.827,elbow_flex,57.258,64.220,57.258,-6.961,-6.961,0
1787735106.827,wrist_flex,94.246,90.066,94.246,4.180,4.180,0
1787735106.827,wrist_roll,-1.765,-1.363,-1.765,-0.403,-0.403,0
1787735106.827,gripper,20.616,37.021,20.616,-16.405,-16.405,0
1787735106.879,shoulder_pan,1.007,1.099,1.007,-0.092,-0.092,0
1787735106.879,shoulder_lift,-88.950,-96.000,-88.950,7.050,7.050,0
1787735106.879,elbow_flex,54.652,62.813,54.652,-8.161,-8.161,0
1787735106.879,wrist_flex,97.449,91.736,97.449,5.713,5.713,0
1787735106.879,wrist_roll,-1.802,-1.363,-1.802,-0.439,-0.439,0
1787735106.879,gripper,19.593,37.021,19.593,-17.428,-17.428,0
1787735106.927,shoulder_pan,1.099,1.099,1.099,0.000,0.000,0
1787735106.927,shoulder_lift,-87.809,-93.978,-87.809,6.169,6.169,0
1787735106.927,elbow_flex,53.401,61.143,53.401,-7.742,-7.742,0
1787735106.927,wrist_flex,97.979,93.231,97.979,4.749,4.749,0
1787735106.927,wrist_roll,-1.818,-1.363,-1.818,-0.456,-0.456,0
1787735106.927,gripper,19.441,37.021,19.441,-17.580,-17.580,0
1787735106.978,shoulder_pan,1.178,1.099,1.178,0.079,0.079,0
1787735106.978,shoulder_lift,-86.520,-91.780,-86.520,5.260,5.260,0
1787735106.978,elbow_flex,52.155,59.121,52.155,-6.966,-6.966,0
1787735106.978,wrist_flex,98.855,94.989,98.855,3.866,3.866,0
1787735106.978,wrist_roll,-1.864,-1.363,-1.864,-0.501,-0.501,0
1787735106.978,gripper,19.234,37.021,19.234,-17.787,-17.787,0
1787735107.028,shoulder_pan,1.392,1.099,1.392,0.293,0.293,0
1787735107.028,shoulder_lift,-84.830,-90.110,-84.830,5.280,5.280,0
1787735107.028,elbow_flex,55.772,57.538,55.772,-1.766,-1.766,0
1787735107.028,wrist_flex,93.083,95.780,93.083,-2.697,-2.697,0
1787735107.028,wrist_roll,-1.686,-1.363,-1.686,-0.324,-0.324,0
1787735107.028,gripper,19.562,37.021,19.562,-17.459,-17.459,0
1787735107.078,shoulder_pan,1.912,1.099,1.912,0.813,0.813,0
1787735107.078,shoulder_lift,-80.618,-88.615,-80.618,7.998,7.998,0
1787735107.078,elbow_flex,60.832,56.659,60.832,4.173,4.173,0
1787735107.078,wrist_flex,82.678,95.956,82.678,-13.278,-13.278,0
1787735107.078,wrist_roll,-1.483,-1.363,-1.483,-0.120,-0.120,0
1787735107.078,gripper,20.303,37.021,20.303,-16.718,-16.718,0
1787735107.129,shoulder_pan,2.060,1.099,2.060,0.961,0.961,0
1787735107.129,shoulder_lift,-76.530,-86.769,-76.530,10.240,10.240,0
1787735107.129,elbow_flex,60.808,57.451,60.808,3.358,3.358,0
1787735107.129,wrist_flex,80.956,94.198,80.956,-13.242,-13.242,0
1787735107.129,wrist_roll,-1.537,-1.363,-1.537,-0.175,-0.175,0
1787735107.129,gripper,20.895,37.021,20.895,-16.126,-16.126,0
1787735107.178,shoulder_pan,2.059,1.451,2.059,0.609,0.609,0
1787735107.178,shoulder_lift,-73.193,-83.956,-73.193,10.763,10.763,0
1787735107.178,elbow_flex,61.359,59.473,61.359,1.887,1.887,0
1787735107.178,wrist_flex,77.709,90.330,77.709,-12.621,-12.621,0
1787735107.178,wrist_roll,-1.498,-1.363,-1.498,-0.135,-0.135,0
1787735107.178,gripper,21.123,37.021,21.123,-15.898,-15.898,0
1787735107.228,shoulder_pan,2.240,1.626,2.240,0.613,0.613,0
1787735107.228,shoulder_lift,-69.346,-80.440,-69.346,11.094,11.094,0
1787735107.228,elbow_flex,60.963,60.791,60.963,0.172,0.172,0
1787735107.228,wrist_flex,74.655,86.022,74.655,-11.367,-11.367,0
1787735107.228,wrist_roll,-1.502,-1.363,-1.502,-0.139,-0.139,0
1787735107.228,gripper,21.825,37.021,21.825,-15.196,-15.196,0
1787735107.279,shoulder_pan,2.284,1.714,2.284,0.570,0.570,0
1787735107.279,shoulder_lift,-64.999,-76.308,-64.999,11.309,11.309,0
1787735107.279,elbow_flex,61.736,61.319,61.736,0.417,0.417,0
1787735107.279,wrist_flex,72.789,82.066,72.789,-9.277,-9.277,0
1787735107.279,wrist_roll,-1.477,-1.363,-1.477,-0.114,-0.114,0
1787735107.279,gripper,22.260,37.021,22.260,-14.761,-14.761,0
1787735107.329,shoulder_pan,2.425,2.066,2.425,0.360,0.360,0
1787735107.329,shoulder_lift,-60.789,-72.791,-60.789,12.002,12.002,0
1787735107.329,elbow_flex,61.457,61.670,61.457,-0.213,-0.213,0
1787735107.329,wrist_flex,70.228,78.637,70.228,-8.410,-8.410,0
1787735107.329,wrist_roll,-1.497,-1.363,-1.497,-0.134,-0.134,0
1787735107.329,gripper,22.966,37.021,22.966,-14.055,-14.055,0
1787735107.378,shoulder_pan,2.452,2.066,2.452,0.386,0.386,0
1787735107.378,shoulder_lift,-56.159,-68.484,-56.159,12.324,12.324,0
1787735107.378,elbow_flex,61.375,62.022,61.375,-0.647,-0.647,0
1787735107.378,wrist_flex,67.195,75.736,67.195,-8.541,-8.541,0
1787735107.378,wrist_roll,-1.483,-1.363,-1.483,-0.120,-0.120,0
1787735107.378,gripper,23.593,37.021,23.593,-13.428,-13.428,0
1787735107.429,shoulder_pan,2.503,2.066,2.503,0.437,0.437,0
1787735107.429,shoulder_lift,-53.147,-64.176,-53.147,11.029,11.029,0
1787735107.429,elbow_flex,61.492,62.022,61.492,-0.530,-0.530,0
1787735107.429,wrist_flex,64.059,73.011,64.059,-8.952,-8.952,0
1787735107.429,wrist_roll,-1.528,-1.363,-1.528,-0.165,-0.165,0
1787735107.429,gripper,24.281,37.021,24.281,-12.740,-12.740,0
1787735107.478,shoulder_pan,2.530,2.066,2.530,0.464,0.464,0
1787735107.478,shoulder_lift,-49.192,-59.868,-49.192,10.677,10.677,0
1787735107.478,elbow_flex,61.553,62.022,61.553,-0.469,-0.469,0
1787735107.478,wrist_flex,62.508,70.022,62.508,-7.514,-7.514,0
1787735107.478,wrist_roll,-1.484,-1.363,-1.484,-0.121,-0.121,0
1787735107.478,gripper,24.897,37.021,24.897,-12.124,-12.124,0
1787735107.529,shoulder_pan,2.556,2.066,2.556,0.490,0.490,0
1787735107.529,shoulder_lift,-46.422,-55.912,-46.422,9.490,9.490,0
1787735107.529,elbow_flex,61.351,62.022,61.351,-0.671,-0.671,0
1787735107.529,wrist_flex,60.595,67.209,60.595,-6.613,-6.613,0
1787735107.529,wrist_roll,-1.496,-1.363,-1.496,-0.134,-0.134,0
1787735107.529,gripper,25.446,37.021,25.446,-11.575,-11.575,0
1787735107.579,shoulder_pan,2.617,2.066,2.617,0.552,0.552,0
1787735107.579,shoulder_lift,-43.733,-52.220,-43.733,8.486,8.486,0
1787735107.579,elbow_flex,60.943,62.022,60.943,-1.079,-1.079,0
1787735107.579,wrist_flex,59.062,65.011,59.062,-5.949,-5.949,0
1787735107.579,wrist_roll,-1.506,-1.363,-1.506,-0.143,-0.143,0
1787735107.579,gripper,26.147,37.021,26.147,-10.874,-10.874,0
1787735107.629,shoulder_pan,2.644,2.066,2.644,0.579,0.579,0
1787735107.629,shoulder_lift,-40.894,-48.703,-40.894,7.810,7.810,0
1787735107.629,elbow_flex,60.808,62.022,60.808,-1.214,-1.214,0
1787735107.629,wrist_flex,57.133,62.901,57.133,-5.769,-5.769,0
1787735107.629,wrist_roll,-1.482,-1.363,-1.482,-0.119,-0.119,0
1787735107.629,gripper,26.866,37.021,26.866,-10.155,-10.155,0
1787735107.678,shoulder_pan,2.761,2.066,2.761,0.695,0.695,0
1787735107.678,shoulder_lift,-38.483,-45.626,-38.483,7.144,7.144,0
1787735107.678,elbow_flex,60.405,62.022,60.405,-1.617,-1.617,0
1787735107.678,wrist_flex,55.964,61.055,55.964,-5.091,-5.091,0
1787735107.678,wrist_roll,-1.457,-1.363,-1.457,-0.095,-0.095,0
1787735107.678,gripper,27.604,37.021,27.604,-9.417,-9.417,0
1787735107.728,shoulder_pan,2.808,2.066,2.808,0.742,0.742,0
1787735107.728,shoulder_lift,-36.402,-42.637,-36.402,6.235,6.235,0
1787735107.728,elbow_flex,60.026,62.022,60.026,-1.996,-1.996,0
1787735107.728,wrist_flex,54.611,59.209,54.611,-4.598,-4.598,0
1787735107.728,wrist_roll,-1.452,-1.363,-1.452,-0.089,-0.089,0
1787735107.728,gripper,28.283,37.021,28.283,-8.738,-8.738,0
1787735107.779,shoulder_pan,2.972,2.066,2.972,0.906,0.906,0
1787735107.779,shoulder_lift,-34.620,-39.824,-34.620,5.205,5.205,0
1787735107.779,elbow_flex,60.117,62.022,60.117,-1.905,-1.905,0
1787735107.779,wrist_flex,52.987,57.626,52.987,-4.640,-4.640,0
1787735107.779,wrist_roll,-1.498,-1.363,-1.498,-0.136,-0.136,0
1787735107.779,gripper,29.085,37.021,29.085,-7.936,-7.936,0
1787735107.829,shoulder_pan,3.057,2.066,3.057,0.992,0.992,0
1787735107.829,shoulder_lift,-32.761,-37.363,-32.761,4.602,4.602,0
1787735107.829,elbow_flex,59.646,62.022,59.646,-2.376,-2.376,0
1787735107.829,wrist_flex,51.985,56.132,51.985,-4.147,-4.147,0
1787735107.829,wrist_roll,-1.500,-1.363,-1.500,-0.138,-0.138,0
1787735107.829,gripper,29.527,37.021,29.527,-7.494,-7.494,0
1787735107.880,shoulder_pan,3.185,2.330,3.185,0.855,0.855,0
1787735107.880,shoulder_lift,-31.414,-35.165,-31.414,3.750,3.750,0
1787735107.880,elbow_flex,59.980,62.022,59.980,-2.042,-2.042,0
1787735107.880,wrist_flex,50.531,54.549,50.531,-4.018,-4.018,0
1787735107.880,wrist_roll,-1.454,-1.363,-1.454,-0.091,-0.091,0
1787735107.880,gripper,30.012,37.021,30.012,-7.009,-7.009,0
1787735107.929,shoulder_pan,3.127,2.593,3.127,0.534,0.534,0
1787735107.929,shoulder_lift,-29.451,-33.143,-29.451,3.692,3.692,0
1787735107.929,elbow_flex,59.554,62.022,59.554,-2.468,-2.468,0
1787735107.929,wrist_flex,49.741,53.231,49.741,-3.490,-3.490,0
1787735107.929,wrist_roll,-1.432,-1.363,-1.432,-0.070,-0.070,0
1787735107.929,gripper,30.820,37.021,30.820,-6.201,-6.201,0
1787735107.979,shoulder_pan,3.397,2.769,3.397,0.627,0.627,0
1787735107.979,shoulder_lift,-28.165,-31.648,-28.165,3.484,3.484,0
1787735107.979,elbow_flex,59.047,62.022,59.047,-2.975,-2.975,0
1787735107.979,wrist_flex,49.183,52.000,49.183,-2.817,-2.817,0
1787735107.979,wrist_roll,-1.464,-1.363,-1.464,-0.101,-0.101,0
1787735107.979,gripper,31.669,37.021,31.669,-5.352,-5.352,0
1787735108.029,shoulder_pan,3.825,2.769,3.825,1.056,1.056,0
1787735108.029,shoulder_lift,-31.105,-29.890,-31.105,-1.215,-1.215,0
1787735108.029,elbow_flex,60.770,61.934,60.770,-1.164,-1.164,0
1787735108.029,wrist_flex,50.813,50.945,50.813,-0.132,-0.132,0
1787735108.029,wrist_roll,-1.456,-1.363,-1.456,-0.093,-0.093,0
1787735108.029,gripper,31.072,37.021,31.072,-5.949,-5.949,0
1787735108.080,shoulder_pan,4.437,3.033,4.437,1.404,1.404,0
1787735108.080,shoulder_lift,-35.830,-29.099,-35.830,-6.731,-6.731,0
1787735108.080,elbow_flex,62.888,61.934,62.888,0.954,0.954,0
1787735108.080,wrist_flex,54.451,50.681,54.451,3.769,3.769,0
1787735108.080,wrist_roll,-1.544,-1.363,-1.544,-0.182,-0.182,0
1787735108.080,gripper,28.934,37.021,28.934,-8.087,-8.087,0
1787735108.130,shoulder_pan,4.651,3.473,4.651,1.178,1.178,0
1787735108.130,shoulder_lift,-36.621,-29.890,-36.621,-6.730,-6.730,0
1787735108.130,elbow_flex,63.051,62.110,63.051,0.941,0.941,0
1787735108.130,wrist_flex,54.429,50.857,54.429,3.572,3.572,0
1787735108.130,wrist_roll,-1.591,-1.363,-1.591,-0.228,-0.228,0
1787735108.130,gripper,28.943,37.021,28.943,-8.077,-8.077,0
1787735108.180,shoulder_pan,4.678,3.824,4.678,0.854,0.854,0
1787735108.180,shoulder_lift,-37.139,-31.824,-37.139,-5.314,-5.314,0
1787735108.180,elbow_flex,63.219,63.165,63.219,0.054,0.054,0
1787735108.180,wrist_flex,54.865,52.615,54.865,2.250,2.250,0
1787735108.180,wrist_roll,-1.588,-1.363,-1.588,-0.226,-0.226,0
1787735108.180,gripper,28.463,37.021,28.463,-8.558,-8.558,0
1787735108.230,shoulder_pan,4.930,4.176,4.930,0.754,0.754,0
1787735108.230,shoulder_lift,-37.449,-33.231,-37.449,-4.218,-4.218,0
1787735108.230,elbow_flex,63.101,63.516,63.101,-0.416,-0.416,0
1787735108.230,wrist_flex,53.616,53.407,53.616,0.209,0.209,0
1787735108.230,wrist_roll,-1.612,-1.363,-1.612,-0.249,-0.249,0
1787735108.230,gripper,28.733,37.021,28.733,-8.288,-8.288,0
1787735108.280,shoulder_pan,5.088,4.264,5.088,0.824,0.824,0
1787735108.280,shoulder_lift,-37.808,-34.374,-37.808,-3.434,-3.434,0
1787735108.280,elbow_flex,63.152,63.516,63.152,-0.364,-0.364,0
1787735108.280,wrist_flex,54.244,53.670,54.244,0.574,0.574,0
1787735108.280,wrist_roll,-1.654,-1.363,-1.654,-0.292,-0.292,0
1787735108.280,gripper,28.725,37.021,28.725,-8.296,-8.296,0
1787735108.330,shoulder_pan,5.413,4.440,5.413,0.973,0.973,0
1787735108.330,shoulder_lift,-38.096,-35.253,-38.096,-2.844,-2.844,0
1787735108.330,elbow_flex,62.923,63.516,62.923,-0.594,-0.594,0
1787735108.330,wrist_flex,54.320,53.758,54.320,0.561,0.561,0
1787735108.330,wrist_roll,-1.667,-1.363,-1.667,-0.304,-0.304,0
1787735108.330,gripper,28.968,37.021,28.968,-8.053,-8.053,0
1787735108.380,shoulder_pan,5.530,4.791,5.530,0.739,0.739,0
1787735108.380,shoulder_lift,-37.928,-35.868,-37.928,-2.059,-2.059,0
1787735108.380,elbow_flex,62.906,63.516,62.906,-0.611,-0.611,0
1787735108.380,wrist_flex,55.609,53.934,55.609,1.675,1.675,0
1787735108.380,wrist_roll,-1.694,-1.363,-1.694,-0.331,-0.331,0
1787735108.380,gripper,28.853,37.021,28.853,-8.168,-8.168,0
1787735108.430,shoulder_pan,5.813,4.967,5.813,0.846,0.846,0
1787735108.430,shoulder_lift,-38.352,-36.132,-38.352,-2.220,-2.220,0
1787735108.430,elbow_flex,63.297,63.516,63.297,-0.219,-0.219,0
1787735108.430,wrist_flex,55.105,54.374,55.105,0.731,0.731,0
1787735108.430,wrist_roll,-1.677,-1.363,-1.677,-0.314,-0.314,0
1787735108.430,gripper,28.875,37.021,28.875,-8.146,-8.146,0
1787735108.480,shoulder_pan,6.180,5.231,6.180,0.949,0.949,0
1787735108.480,shoulder_lift,-38.521,-36.220,-38.521,-2.301,-2.301,0
1787735108.480,elbow_flex,62.964,63.692,62.964,-0.729,-0.729,0
1787735108.480,wrist_flex,55.336,54.725,55.336,0.611,0.611,0
1787735108.480,wrist_roll,-1.746,-1.363,-1.746,-0.383,-0.383,0
1787735108.480,gripper,29.452,37.021,29.452,-7.569,-7.569,0
1787735108.530,shoulder_pan,6.700,5.407,6.700,1.294,1.294,0
1787735108.530,shoulder_lift,-38.338,-36.396,-38.338,-1.943,-1.943,0
1787735108.530,elbow_flex,62.912,63.692,62.912,-0.780,-0.780,0
1787735108.530,wrist_flex,54.516,54.813,54.516,-0.297,-0.297,0
1787735108.530,wrist_roll,-1.738,-1.363,-1.738,-0.376,-0.376,0
1787735108.530,gripper,30.700,37.021,30.700,-6.321,-6.321,0
1787735108.580,shoulder_pan,7.036,5.758,7.036,1.278,1.278,0
1787735108.580,shoulder_lift,-38.806,-36.659,-38.806,-2.146,-2.146,0
1787735108.580,elbow_flex,63.168,63.692,63.168,-0.524,-0.524,0
1787735108.580,wrist_flex,54.788,54.901,54.788,-0.113,-0.113,0
1787735108.580,wrist_roll,-1.733,-1.363,-1.733,-0.370,-0.370,0
1787735108.580,gripper,31.229,37.021,31.229,-5.792,-5.792,0
1787735108.630,shoulder_pan,7.454,6.198,7.454,1.257,1.257,0
1787735108.630,shoulder_lift,-38.726,-36.659,-38.726,-2.067,-2.067,0
1787735108.630,elbow_flex,63.386,63.692,63.386,-0.306,-0.306,0
1787735108.630,wrist_flex,53.972,54.901,53.972,-0.929,-0.929,0
1787735108.630,wrist_roll,-1.776,-1.363,-1.776,-0.413,-0.413,0
1787735108.630,gripper,32.572,37.021,32.572,-4.449,-4.449,0
1787735108.680,shoulder_pan,8.061,6.549,8.061,1.511,1.511,0
1787735108.680,shoulder_lift,-38.528,-36.659,-38.528,-1.869,-1.869,0
1787735108.680,elbow_flex,62.816,63.692,62.816,-0.876,-0.876,0
1787735108.680,wrist_flex,52.925,54.813,52.925,-1.888,-1.888,0
1787735108.680,wrist_roll,-1.754,-1.363,-1.754,-0.391,-0.391,0
1787735108.680,gripper,34.249,37.021,34.249,-2.772,-2.772,0
1787735108.730,shoulder_pan,8.319,6.989,8.319,1.330,1.330,0
1787735108.730,shoulder_lift,-38.322,-36.659,-38.322,-1.662,-1.662,0
1787735108.730,elbow_flex,62.873,63.692,62.873,-0.820,-0.820,0
1787735108.730,wrist_flex,52.089,54.462,52.089,-2.373,-2.373,0
1787735108.730,wrist_roll,-1.727,-1.363,-1.727,-0.365,-0.365,0
1787735108.730,gripper,35.376,37.021,35.376,-1.645,-1.645,0
1787735108.781,shoulder_pan,9.149,7.429,9.149,1.720,1.720,0
1787735108.781,shoulder_lift,-37.762,-36.659,-37.762,-1.103,-1.103,0
1787735108.781,elbow_flex,62.557,63.692,62.557,-1.135,-1.135,0
1787735108.781,wrist_flex,50.001,53.758,50.001,-3.757,-3.757,0
1787735108.781,wrist_roll,-1.738,-1.363,-1.738,-0.375,-0.375,0
1787735108.781,gripper,38.248,37.021,38.248,1.227,1.227,0
1787735108.831,shoulder_pan,9.419,7.868,9.419,1.550,1.550,0
1787735108.831,shoulder_lift,-36.985,-36.659,-36.985,-0.326,-0.326,0
1787735108.831,elbow_flex,62.241,63.692,62.241,-1.452,-1.452,0
1787735108.831,wrist_flex,48.532,52.967,48.532,-4.435,-4.435,0
1787735108.831,wrist_roll,-1.752,-1.363,-1.752,-0.389,-0.389,0
1787735108.831,gripper,39.905,37.108,39.905,2.797,2.797,0
1787735108.881,shoulder_pan,9.685,8.484,9.685,1.201,1.201,0
1787735108.881,shoulder_lift,-36.656,-36.571,-36.656,-0.084,-0.084,0
1787735108.881,elbow_flex,61.605,63.692,61.605,-2.087,-2.087,0
1787735108.881,wrist_flex,47.650,51.385,47.650,-3.734,-3.734,0
1787735108.881,wrist_roll,-1.741,-1.363,-1.741,-0.378,-0.378,0
1787735108.881,gripper,41.591,37.544,41.591,4.047,4.047,0
1787735108.931,shoulder_pan,9.818,8.835,9.818,0.983,0.983,0
1787735108.931,shoulder_lift,-35.884,-36.571,-35.884,0.687,0.687,0
1787735108.931,elbow_flex,61.223,63.692,61.223,-2.469,-2.469,0
1787735108.931,wrist_flex,46.128,50.066,46.128,-3.937,-3.937,0
1787735108.931,wrist_roll,-1.720,-1.363,-1.720,-0.357,-0.357,0
1787735108.931,gripper,43.266,38.763,43.266,4.503,4.503,0
1787735108.982,shoulder_pan,8.626,9.099,8.626,-0.472,-0.472,0
1787735108.982,shoulder_lift,-35.527,-36.396,-35.527,0.868,0.868,0
1787735108.982,elbow_flex,62.867,63.692,62.867,-0.825,-0.825,0
1787735108.982,wrist_flex,49.263,48.835,49.263,0.428,0.428,0
1787735108.982,wrist_roll,-1.656,-1.363,-1.656,-0.294,-0.294,0
1787735108.982,gripper,41.804,40.200,41.804,1.604,1.604,0
1787735109.031,shoulder_pan,6.873,9.275,6.873,-2.402,-2.402,0
1787735109.031,shoulder_lift,-36.338,-35.868,-36.338,-0.470,-0.470,0
1787735109.031,elbow_flex,65.418,63.692,65.418,1.726,1.726,0
1787735109.031,wrist_flex,53.942,48.220,53.942,5.723,5.723,0
1787735109.031,wrist_roll,-1.607,-1.363,-1.607,-0.244,-0.244,0
1787735109.031,gripper,37.756,41.507,37.756,-3.751,-3.751,0
1787735109.081,shoulder_pan,6.593,8.835,6.593,-2.242,-2.242,0
1787735109.081,shoulder_lift,-36.120,-35.692,-36.120,-0.428,-0.428,0
1787735109.081,elbow_flex,65.873,64.044,65.873,1.829,1.829,0
1787735109.081,wrist_flex,54.130,49.187,54.130,4.943,4.943,0
1787735109.081,wrist_roll,-1.612,-1.363,-1.612,-0.250,-0.250,0
1787735109.081,gripper,37.406,41.594,37.406,-4.188,-4.188,0
1787735109.132,shoulder_pan,6.382,7.692,6.382,-1.310,-1.310,0
1787735109.132,shoulder_lift,-36.269,-35.780,-36.269,-0.488,-0.488,0
1787735109.132,elbow_flex,66.187,65.275,66.187,0.912,0.912,0
1787735109.132,wrist_flex,54.033,51.473,54.033,2.560,2.560,0
1787735109.132,wrist_roll,-1.604,-1.363,-1.604,-0.241,-0.241,0
1787735109.132,gripper,36.925,40.244,36.925,-3.319,-3.319,0
1787735109.181,shoulder_pan,6.299,7.341,6.299,-1.042,-1.042,0
1787735109.181,shoulder_lift,-36.229,-35.692,-36.229,-0.536,-0.536,0
1787735109.181,elbow_flex,66.306,66.242,66.306,0.064,0.064,0
1787735109.181,wrist_flex,54.154,52.440,54.154,1.715,1.715,0
1787735109.181,wrist_roll,-1.602,-1.363,-1.602,-0.240,-0.240,0
1787735109.181,gripper,36.719,38.850,36.719,-2.132,-2.132,0
1787735109.231,shoulder_pan,6.170,6.901,6.170,-0.731,-0.731,0
1787735109.231,shoulder_lift,-36.033,-35.692,-36.033,-0.341,-0.341,0
1787735109.231,elbow_flex,66.629,66.681,66.629,-0.052,-0.052,0
1787735109.231,wrist_flex,54.309,53.143,54.309,1.166,1.166,0
1787735109.231,wrist_roll,-1.581,-1.363,-1.581,-0.218,-0.218,0
1787735109.231,gripper,36.819,38.023,36.819,-1.203,-1.203,0
1787735109.281,shoulder_pan,6.193,6.637,6.193,-0.444,-0.444,0
1787735109.281,shoulder_lift,-36.035,-35.780,-36.035,-0.255,-0.255,0
1787735109.281,elbow_flex,66.867,66.769,66.867,0.098,0.098,0
1787735109.281,wrist_flex,54.017,53.495,54.017,0.523,0.523,0
1787735109.281,wrist_roll,-1.578,-1.363,-1.578,-0.215,-0.215,0
1787735109.281,gripper,36.961,37.631,36.961,-0.670,-0.670,0
1787735109.332,shoulder_pan,6.066,6.549,6.066,-0.483,-0.483,0
1787735109.332,shoulder_lift,-36.526,-35.780,-36.526,-0.746,-0.746,0
1787735109.332,elbow_flex,66.816,67.121,66.816,-0.305,-0.305,0
1787735109.332,wrist_flex,54.179,53.670,54.179,0.508,0.508,0
1787735109.332,wrist_roll,-1.570,-1.363,-1.570,-0.207,-0.207,0
1787735109.332,gripper,36.820,37.500,36.820,-0.680,-0.680,0
1787735109.382,shoulder_pan,6.102,6.374,6.102,-0.271,-0.271,0
1787735109.382,shoulder_lift,-36.096,-35.780,-36.096,-0.316,-0.316,0
1787735109.382,elbow_flex,66.933,67.209,66.933,-0.276,-0.276,0
1787735109.382,wrist_flex,53.447,53.758,53.447,-0.312,-0.312,0
1787735109.382,wrist_roll,-1.573,-1.363,-1.573,-0.211,-0.211,0
1787735109.382,gripper,36.976,37.500,36.976,-0.524,-0.524,0
1787735109.432,shoulder_pan,6.050,6.286,6.050,-0.236,-0.236,0
1787735109.432,shoulder_lift,-36.085,-35.780,-36.085,-0.305,-0.305,0
1787735109.432,elbow_flex,67.106,67.209,67.106,-0.103,-0.103,0
1787735109.432,wrist_flex,53.713,53.670,53.713,0.043,0.043,0
1787735109.432,wrist_roll,-1.541,-1.363,-1.541,-0.178,-0.178,0
1787735109.432,gripper,36.738,37.500,36.738,-0.762,-0.762,0
1787735109.484,shoulder_pan,5.946,6.286,5.946,-0.340,-0.340,0
1787735109.484,shoulder_lift,-35.971,-35.780,-35.971,-0.191,-0.191,0
1787735109.484,elbow_flex,67.408,67.209,67.408,0.199,0.199,0
1787735109.484,wrist_flex,53.837,53.670,53.837,0.167,0.167,0
1787735109.484,wrist_roll,-1.536,-1.363,-1.536,-0.174,-0.174,0
1787735109.484,gripper,36.747,37.500,36.747,-0.753,-0.753,0
1787735109.532,shoulder_pan,6.006,6.286,6.006,-0.280,-0.280,0
1787735109.532,shoulder_lift,-36.178,-35.780,-36.178,-0.398,-0.398,0
1787735109.532,elbow_flex,67.326,67.385,67.326,-0.059,-0.059,0
1787735109.532,wrist_flex,53.419,53.670,53.419,-0.252,-0.252,0
1787735109.532,wrist_roll,-1.525,-1.363,-1.525,-0.163,-0.163,0
1787735109.532,gripper,36.583,37.500,36.583,-0.917,-0.917,0
1787735109.582,shoulder_pan,5.900,6.286,5.900,-0.385,-0.385,0
1787735109.582,shoulder_lift,-36.080,-35.692,-36.080,-0.388,-0.388,0
1787735109.582,elbow_flex,67.518,67.736,67.518,-0.218,-0.218,0
1787735109.582,wrist_flex,54.109,53.670,54.109,0.439,0.439,0
1787735109.582,wrist_roll,-1.518,-1.363,-1.518,-0.156,-0.156,0
1787735109.582,gripper,36.473,37.500,36.473,-1.027,-1.027,0
1787735109.632,shoulder_pan,5.943,6.286,5.943,-0.343,-0.343,0
1787735109.632,shoulder_lift,-35.776,-35.780,-35.776,0.005,0.005,0
1787735109.632,elbow_flex,67.408,67.736,67.408,-0.328,-0.328,0
1787735109.632,wrist_flex,53.390,53.670,53.390,-0.280,-0.280,0
1787735109.632,wrist_roll,-1.522,-1.363,-1.522,-0.160,-0.160,0
1787735109.632,gripper,36.935,37.500,36.935,-0.565,-0.565,0
1787735109.682,shoulder_pan,5.919,6.286,5.919,-0.367,-0.367,0
1787735109.682,shoulder_lift,-35.808,-35.692,-35.808,-0.116,-0.116,0
1787735109.682,elbow_flex,67.099,67.736,67.099,-0.638,-0.638,0
1787735109.682,wrist_flex,53.506,53.670,53.506,-0.165,-0.165,0
1787735109.682,wrist_roll,-1.497,-1.363,-1.497,-0.135,-0.135,0
1787735109.682,gripper,36.966,37.500,36.966,-0.534,-0.534,0
1787735109.732,shoulder_pan,5.868,6.286,5.868,-0.417,-0.417,0
1787735109.732,shoulder_lift,-35.776,-35.692,-35.776,-0.084,-0.084,0
1787735109.732,elbow_flex,67.570,67.736,67.570,-0.166,-0.166,0
1787735109.732,wrist_flex,52.815,53.670,52.815,-0.855,-0.855,0
1787735109.732,wrist_roll,-1.431,-1.363,-1.431,-0.069,-0.069,0
1787735109.732,gripper,37.135,37.500,37.135,-0.365,-0.365,0
1787735109.782,shoulder_pan,5.934,6.286,5.934,-0.352,-0.352,0
1787735109.782,shoulder_lift,-35.627,-35.692,-35.627,0.065,0.065,0
1787735109.782,elbow_flex,67.480,67.824,67.480,-0.344,-0.344,0
1787735109.782,wrist_flex,51.382,53.670,51.382,-2.288,-2.288,0
1787735109.782,wrist_roll,-1.403,-1.363,-1.403,-0.041,-0.041,0
1787735109.782,gripper,37.472,37.500,37.472,-0.028,-0.028,0
1787735109.832,shoulder_pan,5.930,6.286,5.930,-0.356,-0.356,0
1787735109.832,shoulder_lift,-35.327,-35.692,-35.327,0.366,0.366,0
1787735109.832,elbow_flex,67.618,67.912,67.618,-0.294,-0.294,0
1787735109.832,wrist_flex,49.551,53.231,49.551,-3.679,-3.679,0
1787735109.832,wrist_roll,-1.354,-1.363,-1.354,0.009,0.009,0
1787735109.832,gripper,38.256,37.500,38.256,0.756,0.756,0
1787735109.883,shoulder_pan,5.995,6.286,5.995,-0.291,-0.291,0
1787735109.883,shoulder_lift,-34.786,-35.692,-34.786,0.906,0.906,0
1787735109.883,elbow_flex,67.820,67.912,67.820,-0.092,-0.092,0
1787735109.883,wrist_flex,47.165,52.176,47.165,-5.011,-5.011,0
1787735109.883,wrist_roll,-1.332,-1.363,-1.332,0.030,0.030,0
1787735109.883,gripper,39.260,37.544,39.260,1.716,1.716,0
1787735109.933,shoulder_pan,6.196,6.286,6.196,-0.090,-0.090,0
1787735109.933,shoulder_lift,-35.565,-35.516,-35.565,-0.048,-0.048,0
1787735109.933,elbow_flex,67.652,67.912,67.652,-0.260,-0.260,0
1787735109.933,wrist_flex,48.884,50.769,48.884,-1.885,-1.885,0
1787735109.933,wrist_roll,-1.290,-1.363,-1.290,0.072,0.072,0
1787735109.933,gripper,38.298,37.805,38.298,0.493,0.493,0
1787735109.982,shoulder_pan,6.371,6.286,6.371,0.085,0.085,0
1787735109.982,shoulder_lift,-35.773,-35.165,-35.773,-0.608,-0.608,0
1787735109.982,elbow_flex,66.016,67.912,66.016,-1.896,-1.896,0
1787735109.982,wrist_flex,53.598,49.538,53.598,4.059,4.059,0
1787735109.982,wrist_roll,-1.325,-1.363,-1.325,0.038,0.038,0
1787735109.982,gripper,34.354,38.240,34.354,-3.886,-3.886,0
1787735110.033,shoulder_pan,6.563,6.286,6.563,0.277,0.277,0
1787735110.033,shoulder_lift,-35.272,-35.253,-35.272,-0.019,-0.019,0
1787735110.033,elbow_flex,65.159,67.912,65.159,-2.753,-2.753,0
1787735110.033,wrist_flex,52.943,49.890,52.943,3.053,3.053,0
1787735110.033,wrist_roll,-1.325,-1.363,-1.325,0.037,0.037,0
1787735110.033,gripper,33.205,38.197,33.205,-4.992,-4.992,0
1787735110.083,shoulder_pan,6.576,6.286,6.576,0.290,0.290,0
1787735110.083,shoulder_lift,-35.067,-35.165,-35.067,0.098,0.098,0
1787735110.083,elbow_flex,64.179,67.912,64.179,-3.734,-3.734,0
1787735110.083,wrist_flex,52.231,51.560,52.231,0.670,0.670,0
1787735110.083,wrist_roll,-1.324,-1.363,-1.324,0.039,0.039,0
1787735110.083,gripper,32.444,37.152,32.444,-4.708,-4.708,0
1787735110.133,shoulder_pan,6.588,6.286,6.588,0.303,0.303,0
1787735110.133,shoulder_lift,-34.903,-35.165,-34.903,0.261,0.261,0
1787735110.133,elbow_flex,63.214,67.912,63.214,-4.698,-4.698,0
1787735110.133,wrist_flex,50.797,51.824,50.797,-1.028,-1.028,0
1787735110.133,wrist_roll,-1.320,-1.363,-1.320,0.043,0.043,0
1787735110.133,gripper,32.052,36.934,32.052,-4.882,-4.882,0
1787735110.183,shoulder_pan,6.535,6.286,6.535,0.249,0.249,0
1787735110.183,shoulder_lift,-34.899,-35.165,-34.899,0.266,0.266,0
1787735110.183,elbow_flex,62.055,67.736,62.055,-5.681,-5.681,0
1787735110.183,wrist_flex,49.963,51.736,49.963,-1.774,-1.774,0
1787735110.183,wrist_roll,-1.307,-1.363,-1.307,0.056,0.056,0
1787735110.183,gripper,31.597,36.934,31.597,-5.337,-5.337,0
1787735110.233,shoulder_pan,6.401,6.286,6.401,0.115,0.115,0
1787735110.233,shoulder_lift,-34.866,-35.077,-34.866,0.211,0.211,0
1787735110.233,elbow_flex,61.028,67.033,61.028,-6.005,-6.005,0
1787735110.233,wrist_flex,49.641,51.297,49.641,-1.655,-1.655,0
1787735110.233,wrist_roll,-1.318,-1.363,-1.318,0.045,0.045,0
1787735110.233,gripper,31.416,36.934,31.416,-5.518,-5.518,0
1787735110.283,shoulder_pan,6.345,6.286,6.345,0.059,0.059,0
1787735110.283,shoulder_lift,-34.904,-34.725,-34.904,-0.179,-0.179,0
1787735110.283,elbow_flex,59.866,66.066,59.866,-6.200,-6.200,0
1787735110.283,wrist_flex,48.854,50.857,48.854,-2.003,-2.003,0
1787735110.283,wrist_roll,-1.302,-1.363,-1.302,0.060,0.060,0
1787735110.283,gripper,31.328,36.934,31.328,-5.606,-5.606,0
1787735110.333,shoulder_pan,6.244,6.286,6.244,-0.042,-0.042,0
1787735110.333,shoulder_lift,-34.684,-34.637,-34.684,-0.046,-0.046,0
1787735110.333,elbow_flex,59.294,65.011,59.294,-5.717,-5.717,0
1787735110.333,wrist_flex,48.531,50.330,48.531,-1.798,-1.798,0
1787735110.333,wrist_roll,-1.305,-1.363,-1.305,0.057,0.057,0
1787735110.333,gripper,31.033,36.934,31.033,-5.901,-5.901,0
1787735110.383,shoulder_pan,6.205,6.286,6.205,-0.081,-0.081,0
1787735110.383,shoulder_lift,-34.598,-34.637,-34.598,0.040,0.040,0
1787735110.383,elbow_flex,58.413,63.956,58.413,-5.543,-5.543,0
1787735110.383,wrist_flex,48.195,49.802,48.195,-1.607,-1.607,0
1787735110.383,wrist_roll,-1.303,-1.363,-1.303,0.060,0.060,0
1787735110.383,gripper,30.814,36.890,30.814,-6.076,-6.076,0
1787735110.433,shoulder_pan,6.035,6.286,6.035,-0.251,-0.251,0
1787735110.433,shoulder_lift,-34.788,-34.637,-34.788,-0.151,-0.151,0
1787735110.433,elbow_flex,58.025,62.989,58.025,-4.964,-4.964,0
1787735110.433,wrist_flex,47.975,49.363,47.975,-1.388,-1.388,0
1787735110.433,wrist_roll,-1.304,-1.363,-1.304,0.058,0.058,0
1787735110.433,gripper,30.943,36.890,30.943,-5.947,-5.947,0
1787735110.483,shoulder_pan,6.008,6.286,6.008,-0.278,-0.278,0
1787735110.483,shoulder_lift,-34.511,-34.637,-34.511,0.126,0.126,0
1787735110.483,elbow_flex,57.505,62.198,57.505,-4.693,-4.693,0
1787735110.483,wrist_flex,47.875,49.011,47.875,-1.136,-1.136,0
1787735110.483,wrist_roll,-1.293,-1.363,-1.293,0.069,0.069,0
1787735110.483,gripper,30.973,36.890,30.973,-5.917,-5.917,0
1787735110.533,shoulder_pan,6.025,6.286,6.025,-0.261,-0.261,0
1787735110.533,shoulder_lift,-34.728,-34.637,-34.728,-0.091,-0.091,0
1787735110.533,elbow_flex,57.467,61.582,57.467,-4.115,-4.115,0
1787735110.533,wrist_flex,47.184,48.747,47.184,-1.563,-1.563,0
1787735110.533,wrist_roll,-1.327,-1.363,-1.327,0.035,0.035,0
1787735110.533,gripper,30.967,36.890,30.967,-5.923,-5.923,0
1787735110.583,shoulder_pan,5.988,6.286,5.988,-0.297,-0.297,0
1787735110.583,shoulder_lift,-34.565,-34.637,-34.565,0.073,0.073,0
1787735110.583,elbow_flex,56.943,61.231,56.943,-4.288,-4.288,0
1787735110.583,wrist_flex,46.907,48.571,46.907,-1.664,-1.664,0
1787735110.583,wrist_roll,-1.321,-1.363,-1.321,0.041,0.041,0
1787735110.583,gripper,30.988,36.890,30.988,-5.902,-5.902,0
1787735110.633,shoulder_pan,5.899,6.286,5.899,-0.387,-0.387,0
1787735110.633,shoulder_lift,-34.138,-34.637,-34.138,0.499,0.499,0
1787735110.633,elbow_flex,56.216,60.879,56.216,-4.663,-4.663,0
1787735110.633,wrist_flex,46.014,48.132,46.014,-2.118,-2.118,0
1787735110.633,wrist_roll,-1.331,-1.363,-1.331,0.031,0.031,0
1787735110.633,gripper,31.021,36.890,31.021,-5.870,-5.870,0
1787735110.683,shoulder_pan,5.798,6.286,5.798,-0.488,-0.488,0
1787735110.683,shoulder_lift,-33.978,-34.462,-33.978,0.484,0.484,0
1787735110.683,elbow_flex,55.531,60.440,55.531,-4.909,-4.909,0
1787735110.683,wrist_flex,47.072,47.604,47.072,-0.533,-0.533,0
1787735110.683,wrist_roll,-1.330,-1.363,-1.330,0.033,0.033,0
1787735110.683,gripper,30.712,36.890,30.712,-6.178,-6.178,0
1787735110.734,shoulder_pan,5.739,6.286,5.739,-0.546,-0.546,0
1787735110.734,shoulder_lift,-33.559,-33.934,-33.559,0.375,0.375,0
1787735110.734,elbow_flex,54.906,59.824,54.906,-4.918,-4.918,0
1787735110.734,wrist_flex,46.206,47.341,46.206,-1.135,-1.135,0
1787735110.734,wrist_roll,-1.324,-1.363,-1.324,0.038,0.038,0
1787735110.734,gripper,30.788,36.890,30.788,-6.102,-6.102,0
1787735110.784,shoulder_pan,5.747,6.286,5.747,-0.538,-0.538,0
1787735110.784,shoulder_lift,-33.576,-33.407,-33.576,-0.169,-0.169,0
1787735110.784,elbow_flex,54.322,59.297,54.322,-4.975,-4.975,0
1787735110.784,wrist_flex,46.458,47.253,46.458,-0.795,-0.795,0
1787735110.784,wrist_roll,-1.325,-1.363,-1.325,0.037,0.037,0
1787735110.784,gripper,30.849,36.890,30.849,-6.041,-6.041,0
1787735110.834,shoulder_pan,5.692,6.286,5.692,-0.594,-0.594,0
1787735110.834,shoulder_lift,-33.558,-33.319,-33.558,-0.240,-0.240,0
1787735110.834,elbow_flex,53.928,58.769,53.928,-4.841,-4.841,0
1787735110.834,wrist_flex,46.304,47.165,46.304,-0.861,-0.861,0
1787735110.834,wrist_roll,-1.319,-1.363,-1.319,0.044,0.044,0
1787735110.834,gripper,30.845,36.890,30.845,-6.045,-6.045,0
1787735110.885,shoulder_pan,5.517,6.286,5.517,-0.769,-0.769,0
1787735110.885,shoulder_lift,-31.829,-33.319,-31.829,1.490,1.490,0
1787735110.885,elbow_flex,54.623,58.066,54.623,-3.443,-3.443,0
1787735110.885,wrist_flex,46.950,47.165,46.950,-0.215,-0.215,0
1787735110.885,wrist_roll,-1.364,-1.363,-1.364,-0.002,-0.002,0
1787735110.885,gripper,30.461,36.890,30.461,-6.430,-6.430,0
1787735110.934,shoulder_pan,5.386,6.286,5.386,-0.900,-0.900,0
1787735110.934,shoulder_lift,-29.961,-32.967,-29.961,3.006,3.006,0
1787735110.934,elbow_flex,55.752,57.802,55.752,-2.051,-2.051,0
1787735110.934,wrist_flex,47.098,47.165,47.098,-0.067,-0.067,0
1787735110.934,wrist_roll,-1.444,-1.363,-1.444,-0.081,-0.081,0
1787735110.934,gripper,29.649,36.890,29.649,-7.241,-7.241,0
1787735110.984,shoulder_pan,5.539,6.022,5.539,-0.483,-0.483,0
1787735110.984,shoulder_lift,-29.134,-31.736,-29.134,2.602,2.602,0
1787735110.984,elbow_flex,55.592,57.802,55.592,-2.210,-2.210,0
1787735110.984,wrist_flex,45.797,47.165,45.797,-1.368,-1.368,0
1787735110.984,wrist_roll,-1.518,-1.363,-1.518,-0.156,-0.156,0
1787735110.984,gripper,30.058,36.890,30.058,-6.833,-6.833,0
1787735111.034,shoulder_pan,5.382,5.670,5.382,-0.288,-0.288,0
1787735111.034,shoulder_lift,-29.390,-30.330,-29.390,0.939,0.939,0
1787735111.034,elbow_flex,55.778,57.802,55.778,-2.025,-2.025,0
1787735111.034,wrist_flex,47.430,46.989,47.430,0.441,0.441,0
1787735111.034,wrist_roll,-1.499,-1.363,-1.499,-0.136,-0.136,0
1787735111.034,gripper,29.638,36.890,29.638,-7.252,-7.252,0
1787735111.085,shoulder_pan,5.489,5.670,5.489,-0.182,-0.182,0
1787735111.085,shoulder_lift,-29.342,-29.538,-29.342,0.196,0.196,0
1787735111.085,elbow_flex,55.416,57.802,55.416,-2.386,-2.386,0
1787735111.085,wrist_flex,46.800,46.989,46.800,-0.189,-0.189,0
1787735111.085,wrist_roll,-1.486,-1.363,-1.486,-0.124,-0.124,0
1787735111.085,gripper,29.427,36.890,29.427,-7.463,-7.463,0
1787735111.134,shoulder_pan,5.571,5.670,5.571,-0.099,-0.099,0
1787735111.134,shoulder_lift,-28.772,-29.011,-28.772,0.239,0.239,0
1787735111.134,elbow_flex,55.395,57.802,55.395,-2.407,-2.407,0
1787735111.134,wrist_flex,45.619,47.077,45.619,-1.458,-1.458,0
1787735111.134,wrist_roll,-1.496,-1.363,-1.496,-0.133,-0.133,0
1787735111.134,gripper,29.598,36.890,29.598,-7.292,-7.292,0
1787735111.185,shoulder_pan,5.456,5.670,5.456,-0.215,-0.215,0
1787735111.185,shoulder_lift,-28.925,-28.835,-28.925,-0.090,-0.090,0
1787735111.185,elbow_flex,55.257,57.802,55.257,-2.546,-2.546,0
1787735111.185,wrist_flex,46.578,46.989,46.578,-0.411,-0.411,0
1787735111.185,wrist_roll,-1.504,-1.363,-1.504,-0.141,-0.141,0
1787735111.185,gripper,29.559,36.890,29.559,-7.331,-7.331,0
1787735111.235,shoulder_pan,5.418,5.670,5.418,-0.252,-0.252,0
1787735111.235,shoulder_lift,-27.989,-28.659,-27.989,0.670,0.670,0
1787735111.235,elbow_flex,55.041,57.802,55.041,-2.762,-2.762,0
1787735111.235,wrist_flex,46.276,46.813,46.276,-0.537,-0.537,0
1787735111.235,wrist_roll,-1.446,-1.363,-1.446,-0.084,-0.084,0
1787735111.235,gripper,29.557,36.890,29.557,-7.333,-7.333,0
1787735111.285,shoulder_pan,5.538,5.670,5.538,-0.132,-0.132,0
1787735111.285,shoulder_lift,-28.600,-28.396,-28.600,-0.204,-0.204,0
1787735111.285,elbow_flex,54.832,57.802,54.832,-2.970,-2.970,0
1787735111.285,wrist_flex,46.407,46.813,46.407,-0.407,-0.407,0
1787735111.285,wrist_roll,-1.456,-1.363,-1.456,-0.094,-0.094,0
1787735111.285,gripper,29.459,36.890,29.459,-7.431,-7.431,0
1787735111.335,shoulder_pan,5.391,5.670,5.391,-0.279,-0.279,0
1787735111.335,shoulder_lift,-27.760,-28.132,-27.760,0.372,0.372,0
1787735111.335,elbow_flex,54.667,57.802,54.667,-3.135,-3.135,0
1787735111.335,wrist_flex,46.377,46.813,46.377,-0.437,-0.437,0
1787735111.335,wrist_roll,-1.470,-1.363,-1.470,-0.107,-0.107,0
1787735111.335,gripper,29.015,36.890,29.015,-7.875,-7.875,0
1787735111.385,shoulder_pan,5.435,5.670,5.435,-0.236,-0.236,0
1787735111.385,shoulder_lift,-27.480,-28.132,-27.480,0.652,0.652,0
1787735111.385,elbow_flex,54.474,57.802,54.474,-3.328,-3.328,0
1787735111.385,wrist_flex,46.804,46.813,46.804,-0.009,-0.009,0
1787735111.385,wrist_roll,-1.471,-1.363,-1.471,-0.109,-0.109,0
1787735111.385,gripper,29.293,36.890,29.293,-7.597,-7.597,0
1787735111.435,shoulder_pan,5.541,5.670,5.541,-0.129,-0.129,0
1787735111.435,shoulder_lift,-27.185,-27.516,-27.185,0.331,0.331,0
1787735111.435,elbow_flex,53.687,57.802,53.687,-4.115,-4.115,0
1787735111.435,wrist_flex,46.447,46.813,46.447,-0.366,-0.366,0
1787735111.435,wrist_roll,-1.456,-1.363,-1.456,-0.093,-0.093,0
1787735111.435,gripper,29.656,36.890,29.656,-7.234,-7.234,0
1787735111.485,shoulder_pan,5.425,5.670,5.425,-0.246,-0.246,0
1787735111.485,shoulder_lift,-26.493,-26.989,-26.493,0.496,0.496,0
1787735111.485,elbow_flex,53.568,57.802,53.568,-4.234,-4.234,0
1787735111.485,wrist_flex,46.887,46.813,46.887,0.074,0.074,0
1787735111.485,wrist_roll,-1.492,-1.363,-1.492,-0.129,-0.129,0
1787735111.485,gripper,29.364,36.890,29.364,-7.527,-7.527,0
1787735111.535,shoulder_pan,5.498,5.670,5.498,-0.172,-0.172,0
1787735111.535,shoulder_lift,-26.437,-26.813,-26.437,0.376,0.376,0
1787735111.535,elbow_flex,53.632,57.714,53.632,-4.082,-4.082,0
1787735111.535,wrist_flex,46.770,46.813,46.770,-0.043,-0.043,0
1787735111.535,wrist_roll,-1.468,-1.363,-1.468,-0.106,-0.106,0
1787735111.535,gripper,29.431,36.890,29.431,-7.459,-7.459,0
1787735111.585,shoulder_pan,5.519,5.670,5.519,-0.152,-0.152,0
1787735111.585,shoulder_lift,-25.777,-26.286,-25.777,0.509,0.509,0
1787735111.585,elbow_flex,53.209,57.363,53.209,-4.154,-4.154,0
1787735111.585,wrist_flex,47.038,46.813,47.038,0.225,0.225,0
1787735111.585,wrist_roll,-1.487,-1.363,-1.487,-0.125,-0.125,0
1787735111.585,gripper,29.543,36.890,29.543,-7.347,-7.347,0
1787735111.635,shoulder_pan,5.526,5.670,5.526,-0.144,-0.144,0
1787735111.635,shoulder_lift,-24.573,-25.846,-24.573,1.273,1.273,0
1787735111.635,elbow_flex,52.751,57.099,52.751,-4.348,-4.348,0
1787735111.635,wrist_flex,47.001,46.813,47.001,0.188,0.188,0
1787735111.635,wrist_roll,-1.521,-1.363,-1.521,-0.158,-0.158,0
1787735111.635,gripper,29.274,36.890,29.274,-7.616,-7.616,0
1787735111.685,shoulder_pan,5.503,5.670,5.503,-0.167,-0.167,0
1787735111.685,shoulder_lift,-24.591,-25.143,-24.591,0.552,0.552,0
1787735111.685,elbow_flex,52.575,56.484,52.575,-3.908,-3.908,0
1787735111.685,wrist_flex,47.526,46.813,47.526,0.713,0.713,0
1787735111.685,wrist_roll,-1.515,-1.363,-1.515,-0.152,-0.152,0
1787735111.685,gripper,29.079,36.890,29.079,-7.812,-7.812,0
1787735111.736,shoulder_pan,5.604,5.670,5.604,-0.066,-0.066,0
1787735111.736,shoulder_lift,-23.930,-24.440,-23.930,0.509,0.509,0
1787735111.736,elbow_flex,52.283,56.132,52.283,-3.849,-3.849,0
1787735111.736,wrist_flex,46.943,46.813,46.943,0.129,0.129,0
1787735111.736,wrist_roll,-1.500,-1.363,-1.500,-0.137,-0.137,0
1787735111.736,gripper,29.184,36.890,29.184,-7.706,-7.706,0
1787735111.786,shoulder_pan,5.501,5.670,5.501,-0.169,-0.169,0
1787735111.786,shoulder_lift,-23.885,-23.912,-23.885,0.027,0.027,0
1787735111.786,elbow_flex,52.549,55.780,52.549,-3.231,-3.231,0
1787735111.786,wrist_flex,46.777,46.901,46.777,-0.124,-0.124,0
1787735111.786,wrist_roll,-1.544,-1.363,-1.544,-0.182,-0.182,0
1787735111.786,gripper,29.161,36.890,29.161,-7.729,-7.729,0
1787735111.836,shoulder_pan,6.050,5.670,6.050,0.379,0.379,0
1787735111.836,shoulder_lift,-19.741,-23.560,-19.741,3.820,3.820,0
1787735111.836,elbow_flex,52.916,55.604,52.916,-2.688,-2.688,0
1787735111.836,wrist_flex,45.998,46.901,45.998,-0.903,-0.903,0
1787735111.836,wrist_roll,-1.606,-1.363,-1.606,-0.243,-0.243,0
1787735111.836,gripper,29.231,36.890,29.231,-7.659,-7.659,0
1787735111.886,shoulder_pan,6.391,5.670,6.391,0.721,0.721,0
1787735111.886,shoulder_lift,-11.619,-23.297,-11.619,11.677,11.677,0
1787735111.886,elbow_flex,51.846,55.516,51.846,-3.670,-3.670,0
1787735111.886,wrist_flex,45.966,46.901,45.966,-0.936,-0.936,0
1787735111.886,wrist_roll,-1.705,-1.363,-1.705,-0.342,-0.342,0
1787735111.886,gripper,29.061,36.890,29.061,-7.829,-7.829,0
1787735111.936,shoulder_pan,6.362,5.670,6.362,0.691,0.691,0
1787735111.936,shoulder_lift,-9.369,-20.835,-9.369,11.466,11.466,0
1787735111.936,elbow_flex,50.063,55.253,50.063,-5.190,-5.190,0
1787735111.936,wrist_flex,45.269,46.725,45.269,-1.456,-1.456,0
1787735111.936,wrist_roll,-1.700,-1.363,-1.700,-0.338,-0.338,0
1787735111.936,gripper,28.773,36.890,28.773,-8.117,-8.117,0
1787735111.987,shoulder_pan,6.344,5.670,6.344,0.674,0.674,0
1787735111.987,shoulder_lift,-7.038,-16.352,-7.038,9.314,9.314,0
1787735111.987,elbow_flex,48.390,54.637,48.390,-6.248,-6.248,0
1787735111.987,wrist_flex,45.271,46.549,45.271,-1.279,-1.279,0
1787735111.987,wrist_roll,-1.783,-1.363,-1.783,-0.420,-0.420,0
1787735111.987,gripper,28.540,36.890,28.540,-8.350,-8.350,0
1787735112.036,shoulder_pan,6.322,5.846,6.322,0.475,0.475,0
1787735112.036,shoulder_lift,-5.197,-12.220,-5.197,7.023,7.023,0
1787735112.036,elbow_flex,47.298,53.143,47.298,-5.845,-5.845,0
1787735112.036,wrist_flex,44.923,45.846,44.923,-0.923,-0.923,0
1787735112.036,wrist_roll,-1.790,-1.363,-1.790,-0.427,-0.427,0
1787735112.036,gripper,28.413,36.934,28.413,-8.521,-8.521,0
1787735112.086,shoulder_pan,6.179,5.846,6.179,0.333,0.333,0
1787735112.086,shoulder_lift,-3.509,-9.495,-3.509,5.985,5.985,0
1787735112.086,elbow_flex,45.894,51.033,45.894,-5.139,-5.139,0
1787735112.086,wrist_flex,44.935,45.670,44.935,-0.735,-0.735,0
1787735112.086,wrist_roll,-1.779,-1.451,-1.779,-0.328,-0.328,0
1787735112.086,gripper,28.305,37.021,28.305,-8.715,-8.715,0
1787735112.137,shoulder_pan,6.258,5.846,6.258,0.412,0.412,0
1787735112.137,shoulder_lift,-2.428,-7.385,-2.428,4.956,4.956,0
1787735112.137,elbow_flex,44.447,48.923,44.447,-4.476,-4.476,0
1787735112.137,wrist_flex,43.984,45.495,43.984,-1.511,-1.511,0
1787735112.137,wrist_roll,-1.776,-1.451,-1.776,-0.325,-0.325,0
1787735112.137,gripper,28.386,37.021,28.386,-8.635,-8.635,0
1787735112.186,shoulder_pan,6.179,5.846,6.179,0.333,0.333,0
1787735112.186,shoulder_lift,-1.337,-5.714,-1.337,4.377,4.377,0
1787735112.186,elbow_flex,42.800,47.165,42.800,-4.365,-4.365,0
1787735112.186,wrist_flex,44.586,45.055,44.586,-0.469,-0.469,0
1787735112.186,wrist_roll,-1.781,-1.451,-1.781,-0.331,-0.331,0
1787735112.186,gripper,28.414,37.021,28.414,-8.607,-8.607,0
1787735112.236,shoulder_pan,6.137,5.846,6.137,0.290,0.290,0
1787735112.236,shoulder_lift,-0.837,-4.220,-0.837,3.383,3.383,0
1787735112.236,elbow_flex,41.644,45.582,41.644,-3.939,-3.939,0
1787735112.236,wrist_flex,44.325,44.879,44.325,-0.554,-0.554,0
1787735112.236,wrist_roll,-1.782,-1.451,-1.782,-0.331,-0.331,0
1787735112.236,gripper,28.478,37.021,28.478,-8.543,-8.543,0
1787735112.287,shoulder_pan,6.184,5.846,6.184,0.338,0.338,0
1787735112.287,shoulder_lift,0.861,-3.077,0.861,3.938,3.938,0
1787735112.287,elbow_flex,40.538,44.264,40.538,-3.725,-3.725,0
1787735112.287,wrist_flex,43.648,44.879,43.648,-1.231,-1.231,0
1787735112.287,wrist_roll,-1.755,-1.451,-1.755,-0.305,-0.305,0
1787735112.287,gripper,28.203,37.021,28.203,-8.818,-8.818,0
1787735112.337,shoulder_pan,5.973,5.846,5.973,0.127,0.127,0
1787735112.337,shoulder_lift,1.790,-1.846,1.790,3.636,3.636,0
1787735112.337,elbow_flex,39.439,42.945,39.439,-3.506,-3.506,0
1787735112.337,wrist_flex,44.401,44.703,44.401,-0.303,-0.303,0
1787735112.337,wrist_roll,-1.779,-1.451,-1.779,-0.328,-0.328,0
1787735112.337,gripper,28.337,37.021,28.337,-8.684,-8.684,0
1787735112.386,shoulder_pan,5.997,5.758,5.997,0.239,0.239,0
1787735112.386,shoulder_lift,2.756,-0.615,2.756,3.371,3.371,0
1787735112.386,elbow_flex,38.186,41.538,38.186,-3.353,-3.353,0
1787735112.386,wrist_flex,43.520,44.527,43.520,-1.008,-1.008,0
1787735112.386,wrist_roll,-1.847,-1.451,-1.847,-0.397,-0.397,0
1787735112.386,gripper,28.472,37.021,28.472,-8.549,-8.549,0
1787735112.436,shoulder_pan,5.959,5.758,5.959,0.201,0.201,0
1787735112.436,shoulder_lift,2.631,0.440,2.631,2.192,2.192,0
1787735112.436,elbow_flex,37.792,40.396,37.792,-2.603,-2.603,0
1787735112.436,wrist_flex,43.521,44.352,43.521,-0.831,-0.831,0
1787735112.436,wrist_roll,-1.818,-1.451,-1.818,-0.367,-0.367,0
1787735112.436,gripper,28.499,37.021,28.499,-8.522,-8.522,0
1787735112.486,shoulder_pan,5.992,5.758,5.992,0.234,0.234,0
1787735112.486,shoulder_lift,2.288,1.319,2.288,0.969,0.969,0
1787735112.486,elbow_flex,37.919,39.341,37.919,-1.421,-1.421,0
1787735112.486,wrist_flex,43.025,44.000,43.025,-0.975,-0.975,0
1787735112.486,wrist_roll,-1.816,-1.451,-1.816,-0.365,-0.365,0
1787735112.486,gripper,28.651,37.021,28.651,-8.369,-8.369,0
1787735112.536,shoulder_pan,5.809,5.758,5.809,0.051,0.051,0
1787735112.536,shoulder_lift,2.376,1.670,2.376,0.706,0.706,0
1787735112.536,elbow_flex,37.083,38.901,37.083,-1.818,-1.818,0
1787735112.536,wrist_flex,43.969,43.736,43.969,0.233,0.233,0
1787735112.536,wrist_roll,-1.816,-1.538,-1.816,-0.278,-0.278,0
1787735112.536,gripper,28.580,37.021,28.580,-8.441,-8.441,0
1787735112.587,shoulder_pan,5.742,5.758,5.742,-0.016,-0.016,0
1787735112.587,shoulder_lift,2.583,1.934,2.583,0.649,0.649,0
1787735112.587,elbow_flex,36.513,38.462,36.513,-1.948,-1.948,0
1787735112.587,wrist_flex,44.629,43.736,44.629,0.893,0.893,0
1787735112.587,wrist_roll,-1.765,-1.538,-1.765,-0.227,-0.227,0
1787735112.587,gripper,28.364,37.021,28.364,-8.657,-8.657,0
1787735112.637,shoulder_pan,5.624,5.758,5.624,-0.134,-0.134,0
1787735112.637,shoulder_lift,2.384,2.198,2.384,0.186,0.186,0
1787735112.637,elbow_flex,35.891,38.022,35.891,-2.131,-2.131,0
1787735112.637,wrist_flex,45.018,43.736,45.018,1.282,1.282,0
1787735112.637,wrist_roll,-1.742,-1.538,-1.742,-0.204,-0.204,0
1787735112.637,gripper,28.073,37.021,28.073,-8.948,-8.948,0
1787735112.687,shoulder_pan,5.739,5.758,5.739,-0.019,-0.019,0
1787735112.687,shoulder_lift,2.599,2.374,2.599,0.225,0.225,0
1787735112.687,elbow_flex,35.503,37.495,35.503,-1.991,-1.991,0
1787735112.687,wrist_flex,44.846,44.000,44.846,0.846,0.846,0
1787735112.687,wrist_roll,-1.740,-1.538,-1.740,-0.202,-0.202,0
1787735112.687,gripper,28.128,37.021,28.128,-8.893,-8.893,0
1787735112.737,shoulder_pan,5.716,5.758,5.716,-0.042,-0.042,0
1787735112.737,shoulder_lift,2.532,2.549,2.532,-0.018,-0.018,0
1787735112.737,elbow_flex,35.274,37.055,35.274,-1.781,-1.781,0
1787735112.737,wrist_flex,44.529,44.440,44.529,0.089,0.089,0
1787735112.737,wrist_roll,-1.723,-1.538,-1.723,-0.185,-0.185,0
1787735112.737,gripper,28.046,37.021,28.046,-8.974,-8.974,0
1787735112.787,shoulder_pan,5.637,5.758,5.637,-0.121,-0.121,0
1787735112.787,shoulder_lift,4.126,2.637,4.126,1.489,1.489,0
1787735112.787,elbow_flex,35.824,36.879,35.824,-1.055,-1.055,0
1787735112.787,wrist_flex,44.687,44.527,44.687,0.159,0.159,0
1787735112.787,wrist_roll,-1.559,-1.538,-1.559,-0.020,-0.020,0
1787735112.787,gripper,29.379,37.021,29.379,-7.641,-7.641,0
1787735112.837,shoulder_pan,5.445,5.758,5.445,-0.313,-0.313,0
1787735112.837,shoulder_lift,6.484,2.813,6.484,3.671,3.671,0
1787735112.837,elbow_flex,36.375,36.791,36.375,-0.416,-0.416,0
1787735112.837,wrist_flex,43.010,44.527,43.010,-1.518,-1.518,0
1787735112.837,wrist_roll,-1.374,-1.538,-1.374,0.165,0.165,0
1787735112.837,gripper,30.580,37.021,30.580,-6.440,-6.440,0
1787735112.888,shoulder_pan,5.407,5.758,5.407,-0.351,-0.351,0
1787735112.888,shoulder_lift,7.007,3.429,7.007,3.578,3.578,0
1787735112.888,elbow_flex,36.065,36.703,36.065,-0.638,-0.638,0
1787735112.888,wrist_flex,41.765,44.352,41.765,-2.587,-2.587,0
1787735112.888,wrist_roll,-1.363,-1.538,-1.363,0.176,0.176,0
1787735112.888,gripper,30.565,37.021,30.565,-6.456,-6.456,0
1787735112.937,shoulder_pan,5.317,5.758,5.317,-0.441,-0.441,0
1787735112.937,shoulder_lift,7.736,4.571,7.736,3.165,3.165,0
1787735112.937,elbow_flex,36.122,36.527,36.122,-0.406,-0.406,0
1787735112.937,wrist_flex,40.439,43.473,40.439,-3.033,-3.033,0
1787735112.937,wrist_roll,-1.343,-1.538,-1.343,0.196,0.196,0
1787735112.937,gripper,30.528,37.021,30.528,-6.493,-6.493,0
1787735112.987,shoulder_pan,5.313,5.758,5.313,-0.445,-0.445,0
1787735112.987,shoulder_lift,7.993,5.451,7.993,2.543,2.543,0
1787735112.987,elbow_flex,35.871,35.912,35.871,-0.041,-0.041,0
1787735112.987,wrist_flex,39.011,42.330,39.011,-3.319,-3.319,0
1787735112.987,wrist_roll,-1.346,-1.538,-1.346,0.193,0.193,0
1787735112.987,gripper,30.727,37.021,30.727,-6.293,-6.293,0
1787735113.038,shoulder_pan,5.276,5.758,5.276,-0.483,-0.483,0
1787735113.038,shoulder_lift,8.556,5.978,8.556,2.578,2.578,0
1787735113.038,elbow_flex,36.197,35.824,36.197,0.373,0.373,0
1787735113.038,wrist_flex,37.566,41.011,37.566,-3.445,-3.445,0
1787735113.038,wrist_roll,-1.311,-1.538,-1.311,0.227,0.227,0
1787735113.038,gripper,30.728,37.021,30.728,-6.293,-6.293,0
1787735113.087,shoulder_pan,5.230,5.758,5.230,-0.528,-0.528,0
1787735113.087,shoulder_lift,9.102,6.330,9.102,2.773,2.773,0
1787735113.087,elbow_flex,36.288,35.824,36.288,0.464,0.464,0
1787735113.087,wrist_flex,36.302,39.868,36.302,-3.566,-3.566,0
1787735113.087,wrist_roll,-1.351,-1.538,-1.351,0.188,0.188,0
1787735113.087,gripper,30.762,37.021,30.762,-6.259,-6.259,0
1787735113.138,shoulder_pan,5.168,5.670,5.168,-0.502,-0.502,0
1787735113.138,shoulder_lift,9.811,6.769,9.811,3.041,3.041,0
1787735113.138,elbow_flex,36.329,35.824,36.329,0.505,0.505,0
1787735113.138,wrist_flex,34.339,38.286,34.339,-3.947,-3.947,0
1787735113.138,wrist_roll,-1.358,-1.538,-1.358,0.180,0.180,0
1787735113.138,gripper,30.942,37.021,30.942,-6.079,-6.079,0
1787735113.188,shoulder_pan,5.127,5.670,5.127,-0.543,-0.543,0
1787735113.188,shoulder_lift,10.263,7.297,10.263,2.966,2.966,0
1787735113.188,elbow_flex,36.282,35.824,36.282,0.458,0.458,0
1787735113.188,wrist_flex,33.221,36.967,33.221,-3.746,-3.746,0
1787735113.188,wrist_roll,-1.336,-1.626,-1.336,0.290,0.290,0
1787735113.188,gripper,31.032,37.021,31.032,-5.989,-5.989,0
1787735113.238,shoulder_pan,5.118,5.670,5.118,-0.552,-0.552,0
1787735113.238,shoulder_lift,10.770,7.824,10.770,2.946,2.946,0
1787735113.238,elbow_flex,36.679,35.824,36.679,0.855,0.855,0
1787735113.238,wrist_flex,32.168,35.385,32.168,-3.217,-3.217,0
1787735113.238,wrist_roll,-1.362,-1.626,-1.362,0.264,0.264,0
1787735113.238,gripper,31.102,37.021,31.102,-5.919,-5.919,0
1787735113.288,shoulder_pan,5.010,5.670,5.010,-0.661,-0.661,0
1787735113.288,shoulder_lift,10.968,8.264,10.968,2.705,2.705,0
1787735113.288,elbow_flex,36.547,35.824,36.547,0.723,0.723,0
1787735113.288,wrist_flex,31.689,34.066,31.689,-2.377,-2.377,0
1787735113.288,wrist_roll,-1.413,-1.626,-1.413,0.213,0.213,0
1787735113.288,gripper,31.048,37.021,31.048,-5.973,-5.973,0
1787735113.338,shoulder_pan,4.997,5.670,4.997,-0.673,-0.673,0
1787735113.338,shoulder_lift,10.780,8.527,10.780,2.252,2.252,0
1787735113.338,elbow_flex,36.663,35.736,36.663,0.927,0.927,0
1787735113.338,wrist_flex,30.870,33.099,30.870,-2.229,-2.229,0
1787735113.338,wrist_roll,-1.412,-1.626,-1.412,0.214,0.214,0
1787735113.338,gripper,31.364,37.021,31.364,-5.657,-5.657,0
1787735113.388,shoulder_pan,4.956,5.670,4.956,-0.714,-0.714,0
1787735113.388,shoulder_lift,10.907,8.703,10.907,2.204,2.204,0
1787735113.388,elbow_flex,36.767,35.736,36.767,1.030,1.030,0
1787735113.388,wrist_flex,30.292,32.220,30.292,-1.928,-1.928,0
1787735113.388,wrist_roll,-1.431,-1.626,-1.431,0.195,0.195,0
1787735113.388,gripper,31.236,37.021,31.236,-5.785,-5.785,0
1787735113.438,shoulder_pan,4.935,5.407,4.935,-0.471,-0.471,0
1787735113.438,shoulder_lift,10.834,8.791,10.834,2.043,2.043,0
1787735113.438,elbow_flex,37.060,35.736,37.060,1.324,1.324,0
1787735113.438,wrist_flex,29.438,31.429,29.438,-1.991,-1.991,0
1787735113.438,wrist_roll,-1.494,-1.626,-1.494,0.132,0.132,0
1787735113.438,gripper,31.334,37.021,31.334,-5.687,-5.687,0
1787735113.488,shoulder_pan,4.943,5.319,4.943,-0.376,-0.376,0
1787735113.488,shoulder_lift,10.263,9.055,10.263,1.208,1.208,0
1787735113.488,elbow_flex,37.289,35.824,37.289,1.465,1.465,0
1787735113.488,wrist_flex,28.463,30.637,28.463,-2.175,-2.175,0
1787735113.488,wrist_roll,-1.574,-1.626,-1.574,0.052,0.052,0
1787735113.488,gripper,31.431,37.021,31.431,-5.590,-5.590,0
1787735113.539,shoulder_pan,5.007,5.231,5.007,-0.224,-0.224,0
1787735113.539,shoulder_lift,9.854,9.231,9.854,0.623,0.623,0
1787735113.539,elbow_flex,37.456,35.824,37.456,1.631,1.631,0
1787735113.539,wrist_flex,27.795,29.758,27.795,-1.963,-1.963,0
1787735113.539,wrist_roll,-1.661,-1.626,-1.661,-0.034,-0.034,0
1787735113.539,gripper,31.595,37.021,31.595,-5.426,-5.426,0
1787735113.588,shoulder_pan,4.988,5.143,4.988,-0.155,-0.155,0
1787735113.588,shoulder_lift,9.371,9.319,9.371,0.052,0.052,0
1787735113.588,elbow_flex,37.546,36.000,37.546,1.546,1.546,0
1787735113.588,wrist_flex,27.029,28.967,27.029,-1.938,-1.938,0
1787735113.588,wrist_roll,-1.745,-1.714,-1.745,-0.031,-0.031,0
1787735113.588,gripper,31.507,37.021,31.507,-5.514,-5.514,0
1787735113.639,shoulder_pan,5.011,5.143,5.011,-0.132,-0.132,0
1787735113.639,shoulder_lift,8.718,9.319,8.718,-0.601,-0.601,0
1787735113.639,elbow_flex,37.870,36.352,37.870,1.519,1.519,0
1787735113.639,wrist_flex,25.857,28.176,25.857,-2.319,-2.319,0
1787735113.639,wrist_roll,-1.832,-1.714,-1.832,-0.118,-0.118,0
1787735113.639,gripper,31.372,37.021,31.372,-5.649,-5.649,0
1787735113.689,shoulder_pan,4.857,5.143,4.857,-0.286,-0.286,0
1787735113.689,shoulder_lift,8.439,9.319,8.439,-0.880,-0.880,0
1787735113.689,elbow_flex,38.025,36.703,38.025,1.322,1.322,0
1787735113.689,wrist_flex,24.818,27.297,24.818,-2.479,-2.479,0
1787735113.689,wrist_roll,-1.908,-1.714,-1.908,-0.194,-0.194,0
1787735113.689,gripper,31.291,37.021,31.291,-5.730,-5.730,0
1787735113.739,shoulder_pan,5.124,5.143,5.124,-0.019,-0.019,0
1787735113.739,shoulder_lift,12.650,9.231,12.650,3.420,3.420,0
1787735113.739,elbow_flex,36.520,37.055,36.520,-0.535,-0.535,0
1787735113.739,wrist_flex,27.074,26.330,27.074,0.744,0.744,0
1787735113.739,wrist_roll,-1.918,-1.714,-1.918,-0.203,-0.203,0
1787735113.739,gripper,32.096,37.021,32.096,-4.925,-4.925,0
1787735113.790,shoulder_pan,5.372,5.055,5.372,0.317,0.317,0
1787735113.790,shoulder_lift,17.747,9.231,17.747,8.516,8.516,0
1787735113.790,elbow_flex,34.640,37.231,34.640,-2.591,-2.591,0
1787735113.790,wrist_flex,30.388,25.978,30.388,4.410,4.410,0
1787735113.790,wrist_roll,-1.852,-1.714,-1.852,-0.138,-0.138,0
1787735113.790,gripper,32.769,37.021,32.769,-4.251,-4.251,0
1787735113.839,shoulder_pan,5.343,5.055,5.343,0.288,0.288,0
1787735113.839,shoulder_lift,18.531,10.549,18.531,7.982,7.982,0
1787735113.839,elbow_flex,34.512,36.176,34.512,-1.664,-1.664,0
1787735113.839,wrist_flex,30.170,26.681,30.170,3.488,3.488,0
1787735113.839,wrist_roll,-1.849,-1.714,-1.849,-0.135,-0.135,0
1787735113.839,gripper,32.476,37.021,32.476,-4.545,-4.545,0
1787735113.889,shoulder_pan,5.353,5.055,5.353,0.298,0.298,0
1787735113.889,shoulder_lift,18.685,12.747,18.685,5.938,5.938,0
1787735113.889,elbow_flex,34.673,35.121,34.673,-0.448,-0.448,0
1787735113.889,wrist_flex,30.201,27.736,30.201,2.464,2.464,0
1787735113.889,wrist_roll,-1.837,-1.714,-1.837,-0.123,-0.123,0
1787735113.889,gripper,32.379,37.021,32.379,-4.642,-4.642,0
1787735113.939,shoulder_pan,5.412,5.055,5.412,0.358,0.358,0
1787735113.939,shoulder_lift,19.079,13.978,19.079,5.101,5.101,0
1787735113.939,elbow_flex,34.628,34.242,34.628,0.386,0.386,0
1787735113.939,wrist_flex,30.307,28.000,30.307,2.307,2.307,0
1787735113.939,wrist_roll,-1.825,-1.802,-1.825,-0.023,-0.023,0
1787735113.939,gripper,32.076,37.021,32.076,-4.945,-4.945,0
1787735113.990,shoulder_pan,5.447,5.055,5.447,0.392,0.392,0
1787735113.990,shoulder_lift,19.172,14.330,19.172,4.843,4.843,0
1787735113.990,elbow_flex,34.400,34.154,34.400,0.246,0.246,0
1787735113.990,wrist_flex,30.365,28.176,30.365,2.189,2.189,0
1787735113.990,wrist_roll,-1.860,-1.802,-1.860,-0.057,-0.057,0
1787735113.990,gripper,31.977,37.021,31.977,-5.044,-5.044,0
1787735114.039,shoulder_pan,5.475,5.055,5.475,0.420,0.420,0
1787735114.039,shoulder_lift,19.309,14.418,19.309,4.891,4.891,0
1787735114.039,elbow_flex,34.184,33.978,34.184,0.206,0.206,0
1787735114.039,wrist_flex,30.518,28.176,30.518,2.342,2.342,0
1787735114.039,wrist_roll,-1.848,-1.802,-1.848,-0.046,-0.046,0
1787735114.039,gripper,31.988,37.021,31.988,-5.033,-5.033,0
1787735114.090,shoulder_pan,5.410,5.055,5.410,0.355,0.355,0
1787735114.090,shoulder_lift,19.109,14.418,19.109,4.691,4.691,0
1787735114.090,elbow_flex,34.241,33.978,34.241,0.263,0.263,0
1787735114.090,wrist_flex,29.821,28.176,29.821,1.645,1.645,0
1787735114.090,wrist_roll,-1.849,-1.802,-1.849,-0.047,-0.047,0
1787735114.090,gripper,32.021,37.021,32.021,-5.000,-5.000,0
1787735114.140,shoulder_pan,5.453,5.055,5.453,0.398,0.398,0
1787735114.140,shoulder_lift,19.584,14.418,19.584,5.167,5.167,0
1787735114.140,elbow_flex,34.011,33.978,34.011,0.033,0.033,0
1787735114.140,wrist_flex,29.696,28.176,29.696,1.520,1.520,0
1787735114.140,wrist_roll,-1.874,-1.802,-1.874,-0.072,-0.072,0
1787735114.140,gripper,31.995,37.021,31.995,-5.026,-5.026,0
1787735114.190,shoulder_pan,5.453,5.055,5.453,0.398,0.398,0
1787735114.190,shoulder_lift,19.889,14.505,19.889,5.383,5.383,0
1787735114.190,elbow_flex,34.106,33.714,34.106,0.392,0.392,0
1787735114.190,wrist_flex,30.130,28.176,30.130,1.954,1.954,0
1787735114.190,wrist_roll,-1.846,-1.802,-1.846,-0.043,-0.043,0
1787735114.190,gripper,31.827,37.021,31.827,-5.194,-5.194,0
1787735114.240,shoulder_pan,5.477,5.055,5.477,0.422,0.422,0
1787735114.240,shoulder_lift,19.767,14.505,19.767,5.261,5.261,0
1787735114.240,elbow_flex,33.870,33.626,33.870,0.243,0.243,0
1787735114.240,wrist_flex,30.026,28.176,30.026,1.851,1.851,0
1787735114.240,wrist_roll,-1.870,-1.802,-1.870,-0.067,-0.067,0
1787735114.240,gripper,31.884,37.021,31.884,-5.137,-5.137,0
1787735114.289,shoulder_pan,5.418,5.055,5.418,0.363,0.363,0
1787735114.289,shoulder_lift,20.282,14.505,20.282,5.777,5.777,0
1787735114.289,elbow_flex,33.965,33.626,33.965,0.339,0.339,0
1787735114.289,wrist_flex,30.476,28.176,30.476,2.301,2.301,0
1787735114.289,wrist_roll,-1.870,-1.802,-1.870,-0.068,-0.068,0
1787735114.289,gripper,31.617,37.021,31.617,-5.404,-5.404,0
1787735114.340,shoulder_pan,5.353,5.055,5.353,0.298,0.298,0
1787735114.340,shoulder_lift,20.338,14.769,20.338,5.569,5.569,0
1787735114.340,elbow_flex,33.973,33.626,33.973,0.347,0.347,0
1787735114.340,wrist_flex,30.714,28.176,30.714,2.538,2.538,0
1787735114.340,wrist_roll,-1.858,-1.802,-1.858,-0.056,-0.056,0
1787735114.340,gripper,31.315,37.021,31.315,-5.706,-5.706,0
1787735114.390,shoulder_pan,5.342,5.055,5.342,0.287,0.287,0
1787735114.390,shoulder_lift,20.469,14.945,20.469,5.524,5.524,0
1787735114.390,elbow_flex,33.876,33.538,33.876,0.338,0.338,0
1787735114.390,wrist_flex,31.046,28.176,31.046,2.870,2.870,0
1787735114.390,wrist_roll,-1.857,-1.802,-1.857,-0.055,-0.055,0
1787735114.390,gripper,31.343,37.021,31.343,-5.678,-5.678,0
1787735114.440,shoulder_pan,5.329,5.055,5.329,0.274,0.274,0
1787735114.440,shoulder_lift,20.305,14.945,20.305,5.360,5.360,0
1787735114.440,elbow_flex,34.117,33.451,34.117,0.667,0.667,0
1787735114.440,wrist_flex,30.948,28.176,30.948,2.772,2.772,0
1787735114.440,wrist_roll,-1.851,-1.802,-1.851,-0.049,-0.049,0
1787735114.440,gripper,31.446,37.021,31.446,-5.575,-5.575,0
1787735114.491,shoulder_pan,5.264,5.055,5.264,0.209,0.209,0
1787735114.491,shoulder_lift,20.609,14.945,20.609,5.664,5.664,0
1787735114.491,elbow_flex,33.756,33.451,33.756,0.306,0.306,0
1787735114.491,wrist_flex,31.366,28.176,31.366,3.190,3.190,0
1787735114.491,wrist_roll,-1.852,-1.802,-1.852,-0.050,-0.050,0
1787735114.491,gripper,31.301,37.021,31.301,-5.720,-5.720,0
1787735114.540,shoulder_pan,5.305,5.055,5.305,0.250,0.250,0
1787735114.540,shoulder_lift,20.632,14.945,20.632,5.687,5.687,0
1787735114.540,elbow_flex,33.723,33.363,33.723,0.361,0.361,0
1787735114.540,wrist_flex,31.239,28.352,31.239,2.887,2.887,0
1787735114.540,wrist_roll,-1.855,-1.802,-1.855,-0.053,-0.053,0
1787735114.540,gripper,31.154,37.021,31.154,-5.867,-5.867,0
1787735114.590,shoulder_pan,5.270,5.055,5.270,0.215,0.215,0
1787735114.590,shoulder_lift,20.712,14.945,20.712,5.767,5.767,0
1787735114.590,elbow_flex,33.605,33.363,33.605,0.242,0.242,0
1787735114.590,wrist_flex,31.199,28.527,31.199,2.672,2.672,0
1787735114.590,wrist_roll,-1.862,-1.802,-1.862,-0.060,-0.060,0
1787735114.590,gripper,31.237,37.021,31.237,-5.784,-5.784,0
1787735114.640,shoulder_pan,5.256,5.055,5.256,0.201,0.201,0
1787735114.640,shoulder_lift,20.845,14.945,20.845,5.900,5.900,0
1787735114.640,elbow_flex,33.519,33.187,33.519,0.332,0.332,0
1787735114.640,wrist_flex,30.910,28.527,30.910,2.382,2.382,0
1787735114.640,wrist_roll,-1.840,-1.802,-1.840,-0.038,-0.038,0
1787735114.640,gripper,31.320,37.021,31.320,-5.701,-5.701,0
1787735114.690,shoulder_pan,5.708,5.055,5.708,0.653,0.653,0
1787735114.690,shoulder_lift,21.022,15.033,21.022,5.989,5.989,0
1787735114.690,elbow_flex,35.137,33.187,35.137,1.950,1.950,0
1787735114.690,wrist_flex,32.864,28.527,32.864,4.337,4.337,0
1787735114.690,wrist_roll,-1.747,-1.802,-1.747,0.055,0.055,0
1787735114.690,gripper,32.104,37.021,32.104,-4.917,-4.917,0
1787735114.741,shoulder_pan,6.160,5.055,6.160,1.105,1.105,0
1787735114.741,shoulder_lift,21.173,15.033,21.173,6.140,6.140,0
1787735114.741,elbow_flex,37.735,33.187,37.735,4.548,4.548,0
1787735114.741,wrist_flex,32.578,28.703,32.578,3.875,3.875,0
1787735114.741,wrist_roll,-1.612,-1.802,-1.612,0.190,0.190,0
1787735114.741,gripper,32.976,37.021,32.976,-4.044,-4.044,0
1787735114.790,shoulder_pan,6.294,5.055,6.294,1.239,1.239,0
1787735114.790,shoulder_lift,21.147,15.033,21.147,6.115,6.115,0
1787735114.790,elbow_flex,38.115,33.187,38.115,4.928,4.928,0
1787735114.790,wrist_flex,31.440,29.231,31.440,2.209,2.209,0
1787735114.790,wrist_roll,-1.587,-1.802,-1.587,0.215,0.215,0
1787735114.790,gripper,33.056,37.021,33.056,-3.965,-3.965,0
1787735114.841,shoulder_pan,6.330,5.231,6.330,1.099,1.099,0
1787735114.841,shoulder_lift,20.863,15.033,20.863,5.830,5.830,0
1787735114.841,elbow_flex,38.919,33.187,38.919,5.732,5.732,0
1787735114.841,wrist_flex,29.718,29.319,29.718,0.399,0.399,0
1787735114.841,wrist_roll,-1.563,-1.802,-1.563,0.239,0.239,0
1787735114.841,gripper,32.930,37.021,32.930,-4.090,-4.090,0
1787735114.891,shoulder_pan,6.434,5.319,6.434,1.115,1.115,0
1787735114.891,shoulder_lift,21.004,15.033,21.004,5.971,5.971,0
1787735114.891,elbow_flex,39.623,33.363,39.623,6.260,6.260,0
1787735114.891,wrist_flex,28.871,29.231,28.871,-0.360,-0.360,0
1787735114.891,wrist_roll,-1.555,-1.802,-1.555,0.247,0.247,0
1787735114.891,gripper,32.876,37.021,32.876,-4.145,-4.145,0
1787735114.941,shoulder_pan,6.469,5.319,6.469,1.150,1.150,0
1787735114.941,shoulder_lift,21.161,15.033,21.161,6.128,6.128,0
1787735114.941,elbow_flex,40.165,33.802,40.165,6.363,6.363,0
1787735114.941,wrist_flex,27.337,28.615,27.337,-1.278,-1.278,0
1787735114.941,wrist_roll,-1.546,-1.802,-1.546,0.256,0.256,0
1787735114.941,gripper,32.914,37.021,32.914,-4.107,-4.107,0
1787735114.991,shoulder_pan,6.544,5.319,6.544,1.226,1.226,0
1787735114.991,shoulder_lift,20.903,14.945,20.903,5.958,5.958,0
1787735114.991,elbow_flex,41.045,34.330,41.045,6.716,6.716,0
1787735114.991,wrist_flex,26.426,27.912,26.426,-1.486,-1.486,0
1787735114.991,wrist_roll,-1.515,-1.802,-1.515,0.287,0.287,0
1787735114.991,gripper,32.691,37.021,32.691,-4.330,-4.330,0
1787735115.042,shoulder_pan,6.608,5.319,6.608,1.290,1.290,0
1787735115.042,shoulder_lift,21.133,14.857,21.133,6.276,6.276,0
1787735115.042,elbow_flex,41.539,34.945,41.539,6.594,6.594,0
1787735115.042,wrist_flex,25.847,27.033,25.847,-1.186,-1.186,0
1787735115.042,wrist_roll,-1.503,-1.802,-1.503,0.300,0.300,0
1787735115.042,gripper,32.651,37.021,32.651,-4.370,-4.370,0
1787735115.091,shoulder_pan,6.668,5.319,6.668,1.349,1.349,0
1787735115.091,shoulder_lift,21.141,14.857,21.141,6.283,6.283,0
1787735115.091,elbow_flex,42.103,35.473,42.103,6.631,6.631,0
1787735115.091,wrist_flex,24.641,26.154,24.641,-1.513,-1.513,0
1787735115.091,wrist_roll,-1.477,-1.802,-1.477,0.325,0.325,0
1787735115.091,gripper,32.661,37.021,32.661,-4.360,-4.360,0
1787735115.141,shoulder_pan,6.734,5.319,6.734,1.415,1.415,0
1787735115.141,shoulder_lift,21.074,14.857,21.074,6.217,6.217,0
1787735115.141,elbow_flex,42.693,35.824,42.693,6.869,6.869,0
1787735115.141,wrist_flex,24.492,25.363,24.492,-0.871,-0.871,0
1787735115.141,wrist_roll,-1.490,-1.802,-1.490,0.312,0.312,0
1787735115.141,gripper,32.577,37.021,32.577,-4.444,-4.444,0
1787735115.191,shoulder_pan,6.735,5.319,6.735,1.416,1.416,0
1787735115.191,shoulder_lift,21.040,14.857,21.040,6.182,6.182,0
1787735115.191,elbow_flex,43.068,36.176,43.068,6.892,6.892,0
1787735115.191,wrist_flex,24.361,24.484,24.361,-0.122,-0.122,0
1787735115.191,wrist_roll,-1.463,-1.802,-1.463,0.339,0.339,0
1787735115.191,gripper,32.434,37.021,32.434,-4.587,-4.587,0
1787735115.241,shoulder_pan,6.762,5.319,6.762,1.443,1.443,0
1787735115.241,shoulder_lift,21.060,14.857,21.060,6.203,6.203,0
1787735115.241,elbow_flex,43.109,36.527,43.109,6.581,6.581,0
1787735115.241,wrist_flex,24.052,24.044,24.052,0.008,0.008,0
1787735115.241,wrist_roll,-1.461,-1.802,-1.461,0.341,0.341,0
1787735115.241,gripper,32.639,37.021,32.639,-4.382,-4.382,0
1787735115.291,shoulder_pan,6.741,5.319,6.741,1.422,1.422,0
1787735115.291,shoulder_lift,21.072,14.857,21.072,6.215,6.215,0
1787735115.291,elbow_flex,43.288,36.615,43.288,6.673,6.673,0
1787735115.291,wrist_flex,24.227,23.780,24.227,0.447,0.447,0
1787735115.291,wrist_roll,-1.467,-1.802,-1.467,0.336,0.336,0
1787735115.291,gripper,32.465,37.021,32.465,-4.555,-4.555,0
1787735115.341,shoulder_pan,6.752,5.319,6.752,1.433,1.433,0
1787735115.341,shoulder_lift,21.161,14.857,21.161,6.304,6.304,0
1787735115.341,elbow_flex,43.313,36.615,43.313,6.697,6.697,0
1787735115.341,wrist_flex,23.603,23.780,23.603,-0.177,-0.177,0
1787735115.341,wrist_roll,-1.459,-1.802,-1.459,0.343,0.343,0
1787735115.341,gripper,32.602,37.021,32.602,-4.419,-4.419,0
1787735115.391,shoulder_pan,6.787,5.319,6.787,1.468,1.468,0
1787735115.391,shoulder_lift,21.275,14.857,21.275,6.418,6.418,0
1787735115.391,elbow_flex,43.270,36.615,43.270,6.654,6.654,0
1787735115.391,wrist_flex,23.363,23.516,23.363,-0.153,-0.153,0
1787735115.391,wrist_roll,-1.455,-1.802,-1.455,0.347,0.347,0
1787735115.391,gripper,32.586,37.021,32.586,-4.435,-4.435,0
1787735115.442,shoulder_pan,6.809,5.407,6.809,1.402,1.402,0
1787735115.442,shoulder_lift,21.359,14.857,21.359,6.502,6.502,0
1787735115.442,elbow_flex,43.198,36.703,43.198,6.495,6.495,0
1787735115.442,wrist_flex,24.176,23.077,24.176,1.099,1.099,0
1787735115.442,wrist_roll,-1.396,-1.802,-1.396,0.406,0.406,0
1787735115.442,gripper,32.578,37.021,32.578,-4.442,-4.442,0
1787735115.491,shoulder_pan,6.846,5.495,6.846,1.352,1.352,0
1787735115.491,shoulder_lift,21.491,14.857,21.491,6.634,6.634,0
1787735115.491,elbow_flex,43.501,36.791,43.501,6.710,6.710,0
1787735115.491,wrist_flex,23.237,23.077,23.237,0.160,0.160,0
1787735115.491,wrist_roll,-1.441,-1.802,-1.441,0.361,0.361,0
1787735115.491,gripper,32.689,37.021,32.689,-4.332,-4.332,0
1787735115.542,shoulder_pan,6.818,5.495,6.818,1.324,1.324,0
1787735115.542,shoulder_lift,21.574,14.857,21.574,6.717,6.717,0
1787735115.542,elbow_flex,43.458,36.879,43.458,6.579,6.579,0
1787735115.542,wrist_flex,23.369,22.901,23.369,0.468,0.468,0
1787735115.542,wrist_roll,-1.430,-1.802,-1.430,0.372,0.372,0
1787735115.542,gripper,32.566,37.021,32.566,-4.455,-4.455,0
1787735115.592,shoulder_pan,6.744,5.495,6.744,1.249,1.249,0
1787735115.592,shoulder_lift,21.570,14.857,21.570,6.713,6.713,0
1787735115.592,elbow_flex,43.442,36.879,43.442,6.563,6.563,0
1787735115.592,wrist_flex,23.584,22.901,23.584,0.683,0.683,0
1787735115.592,wrist_roll,-1.424,-1.802,-1.424,0.378,0.378,0
1787735115.592,gripper,32.548,37.021,32.548,-4.473,-4.473,0
1787735115.642,shoulder_pan,6.776,5.495,6.776,1.281,1.281,0
1787735115.642,shoulder_lift,20.025,14.857,20.025,5.168,5.168,0
1787735115.642,elbow_flex,46.217,36.879,46.217,9.337,9.337,0
1787735115.642,wrist_flex,21.588,22.901,21.588,-1.313,-1.313,0
1787735115.642,wrist_roll,-1.367,-1.802,-1.367,0.435,0.435,0
1787735115.642,gripper,33.271,37.021,33.271,-3.750,-3.750,0
1787735115.692,shoulder_pan,6.700,5.495,6.700,1.206,1.206,0
1787735115.692,shoulder_lift,16.086,14.857,16.086,1.229,1.229,0
1787735115.692,elbow_flex,51.253,37.319,51.253,13.934,13.934,0
1787735115.692,wrist_flex,16.210,22.462,16.210,-6.252,-6.252,0
1787735115.692,wrist_roll,-1.310,-1.802,-1.310,0.492,0.492,0
1787735115.692,gripper,33.625,37.021,33.625,-3.396,-3.396,0
1787735115.742,shoulder_pan,6.619,5.495,6.619,1.125,1.125,0
1787735115.742,shoulder_lift,14.742,14.593,14.742,0.149,0.149,0
1787735115.742,elbow_flex,52.628,38.901,52.628,13.727,13.727,0
1787735115.742,wrist_flex,14.653,20.791,14.653,-6.138,-6.138,0
1787735115.742,wrist_roll,-1.283,-1.802,-1.283,0.519,0.519,0
1787735115.742,gripper,33.318,37.021,33.318,-3.703,-3.703,0
1787735115.792,shoulder_pan,6.707,5.495,6.707,1.212,1.212,0
1787735115.792,shoulder_lift,12.919,13.451,12.919,-0.531,-0.531,0
1787735115.792,elbow_flex,53.939,41.363,53.939,12.576,12.576,0
1787735115.792,wrist_flex,13.268,17.538,13.268,-4.271,-4.271,0
1787735115.792,wrist_roll,-1.333,-1.802,-1.333,0.469,0.469,0
1787735115.792,gripper,33.252,37.021,33.252,-3.769,-3.769,0
1787735115.843,shoulder_pan,6.602,5.495,6.602,1.107,1.107,0
1787735115.843,shoulder_lift,11.753,12.484,11.753,-0.730,-0.730,0
1787735115.843,elbow_flex,55.478,43.648,55.478,11.830,11.830,0
1787735115.843,wrist_flex,12.029,14.637,12.029,-2.608,-2.608,0
1787735115.843,wrist_roll,-1.354,-1.802,-1.354,0.448,0.448,0
1787735115.843,gripper,33.178,37.021,33.178,-3.843,-3.843,0
1787735115.892,shoulder_pan,6.582,5.495,6.582,1.087,1.087,0
1787735115.892,shoulder_lift,10.315,11.253,10.315,-0.938,-0.938,0
1787735115.892,elbow_flex,57.376,45.846,57.376,11.530,11.530,0
1787735115.892,wrist_flex,10.336,12.967,10.336,-2.631,-2.631,0
1787735115.892,wrist_roll,-1.389,-1.802,-1.389,0.413,0.413,0
1787735115.892,gripper,33.067,37.021,33.067,-3.954,-3.954,0
1787735115.944,shoulder_pan,6.689,5.495,6.689,1.195,1.195,0
1787735115.944,shoulder_lift,9.611,10.286,9.611,-0.675,-0.675,0
1787735115.944,elbow_flex,59.000,47.780,59.000,11.220,11.220,0
1787735115.944,wrist_flex,7.923,11.560,7.923,-3.637,-3.637,0
1787735115.944,wrist_roll,-1.445,-1.802,-1.445,0.358,0.358,0
1787735115.944,gripper,32.836,37.021,32.836,-4.185,-4.185,0
1787735115.993,shoulder_pan,6.784,5.582,6.784,1.202,1.202,0
1787735115.993,shoulder_lift,8.402,9.143,8.402,-0.741,-0.741,0
1787735115.993,elbow_flex,60.354,49.978,60.354,10.376,10.376,0
1787735115.993,wrist_flex,5.638,9.890,5.638,-4.252,-4.252,0
1787735115.993,wrist_roll,-1.518,-1.802,-1.518,0.284,0.284,0
1787735115.993,gripper,32.776,37.021,32.776,-4.245,-4.245,0
1787735116.043,shoulder_pan,6.688,5.670,6.688,1.018,1.018,0
1787735116.043,shoulder_lift,8.109,8.176,8.109,-0.067,-0.067,0
1787735116.043,elbow_flex,61.754,52.000,61.754,9.754,9.754,0
1787735116.043,wrist_flex,2.055,7.604,2.055,-5.550,-5.550,0
1787735116.043,wrist_roll,-1.610,-1.802,-1.610,0.193,0.193,0
1787735116.043,gripper,32.559,37.021,32.559,-4.462,-4.462,0
1787735116.093,shoulder_pan,6.815,5.758,6.815,1.057,1.057,0
1787735116.093,shoulder_lift,8.690,7.560,8.690,1.129,1.129,0
1787735116.093,elbow_flex,62.930,53.934,62.930,8.996,8.996,0
1787735116.093,wrist_flex,-1.451,5.319,-1.451,-6.770,-6.770,0
1787735116.093,wrist_roll,-1.650,-1.802,-1.650,0.153,0.153,0
1787735116.093,gripper,32.534,37.021,32.534,-4.487,-4.487,0
1787735116.143,shoulder_pan,6.801,5.846,6.801,0.954,0.954,0
1787735116.143,shoulder_lift,8.565,7.473,8.565,1.093,1.093,0
1787735116.143,elbow_flex,64.667,55.604,64.667,9.063,9.063,0
1787735116.143,wrist_flex,-5.551,2.418,-5.551,-7.969,-7.969,0
1787735116.143,wrist_roll,-1.703,-1.802,-1.703,0.100,0.100,0
1787735116.143,gripper,32.596,37.021,32.596,-4.425,-4.425,0
1787735116.192,shoulder_pan,6.887,5.846,6.887,1.041,1.041,0
1787735116.192,shoulder_lift,9.326,7.473,9.326,1.854,1.854,0
1787735116.192,elbow_flex,65.521,57.363,65.521,8.158,8.158,0
1787735116.192,wrist_flex,-8.598,-0.835,-8.598,-7.763,-7.763,0
1787735116.192,wrist_roll,-1.769,-1.802,-1.769,0.034,0.034,0
1787735116.192,gripper,32.156,37.021,32.156,-4.865,-4.865,0
1787735116.243,shoulder_pan,6.853,5.846,6.853,1.007,1.007,0
1787735116.243,shoulder_lift,9.695,7.473,9.695,2.222,2.222,0
1787735116.243,elbow_flex,66.319,59.209,66.319,7.110,7.110,0
1787735116.243,wrist_flex,-11.145,-4.352,-11.145,-6.793,-6.793,0
1787735116.243,wrist_roll,-1.833,-1.802,-1.833,-0.031,-0.031,0
1787735116.243,gripper,32.079,37.021,32.079,-4.942,-4.942,0
1787735116.293,shoulder_pan,6.923,5.846,6.923,1.077,1.077,0
1787735116.293,shoulder_lift,10.068,7.560,10.068,2.507,2.507,0
1787735116.293,elbow_flex,67.304,60.791,67.304,6.513,6.513,0
1787735116.293,wrist_flex,-13.569,-7.692,-13.569,-5.877,-5.877,0
1787735116.293,wrist_roll,-1.919,-1.802,-1.919,-0.116,-0.116,0
1787735116.293,gripper,32.112,37.021,32.112,-4.909,-4.909,0
1787735116.343,shoulder_pan,6.922,5.846,6.922,1.076,1.076,0
1787735116.343,shoulder_lift,10.822,7.648,10.822,3.173,3.173,0
1787735116.343,elbow_flex,68.039,62.198,68.039,5.841,5.841,0
1787735116.343,wrist_flex,-15.627,-10.505,-15.627,-5.122,-5.122,0
1787735116.343,wrist_roll,-1.947,-1.802,-1.947,-0.145,-0.145,0
1787735116.343,gripper,32.035,37.021,32.035,-4.986,-4.986,0
1787735116.393,shoulder_pan,6.959,5.846,6.959,1.113,1.113,0
1787735116.393,shoulder_lift,12.754,7.736,12.754,5.018,5.018,0
1787735116.393,elbow_flex,68.782,63.429,68.782,5.353,5.353,0
1787735116.393,wrist_flex,-16.636,-12.967,-16.636,-3.669,-3.669,0
1787735116.393,wrist_roll,-1.979,-1.802,-1.979,-0.177,-0.177,0
1787735116.393,gripper,31.683,37.021,31.683,-5.338,-5.338,0
1787735116.443,shoulder_pan,7.005,5.846,7.005,1.159,1.159,0
1787735116.443,shoulder_lift,13.613,8.088,13.613,5.525,5.525,0
1787735116.443,elbow_flex,69.020,64.396,69.020,4.624,4.624,0
1787735116.443,wrist_flex,-17.358,-15.077,-17.358,-2.281,-2.281,0
1787735116.443,wrist_roll,-1.994,-1.802,-1.994,-0.192,-0.192,0
1787735116.443,gripper,31.733,37.021,31.733,-5.288,-5.288,0
1787735116.494,shoulder_pan,6.963,5.846,6.963,1.117,1.117,0
1787735116.494,shoulder_lift,14.393,8.791,14.393,5.602,5.602,0
1787735116.494,elbow_flex,69.064,64.923,69.064,4.141,4.141,0
1787735116.494,wrist_flex,-17.537,-16.484,-17.537,-1.054,-1.054,0
1787735116.494,wrist_roll,-2.030,-1.802,-2.030,-0.228,-0.228,0
1787735116.494,gripper,31.672,37.021,31.672,-5.349,-5.349,0
1787735116.543,shoulder_pan,7.004,5.846,7.004,1.157,1.157,0
1787735116.543,shoulder_lift,14.692,9.231,14.692,5.461,5.461,0
1787735116.543,elbow_flex,69.013,65.099,69.013,3.914,3.914,0
1787735116.543,wrist_flex,-17.968,-17.363,-17.968,-0.605,-0.605,0
1787735116.543,wrist_roll,-2.064,-1.802,-2.064,-0.262,-0.262,0
1787735116.543,gripper,31.696,37.021,31.696,-5.324,-5.324,0
1787735116.594,shoulder_pan,7.911,5.846,7.911,2.065,2.065,0
1787735116.594,shoulder_lift,17.200,9.582,17.200,7.618,7.618,0
1787735116.594,elbow_flex,68.973,65.275,68.973,3.698,3.698,0
1787735116.594,wrist_flex,-12.055,-18.330,-12.055,6.275,6.275,0
1787735116.594,wrist_roll,-1.917,-1.802,-1.917,-0.115,-0.115,0
1787735116.594,gripper,32.483,37.021,32.483,-4.538,-4.538,0
1787735116.643,shoulder_pan,9.226,6.022,9.226,3.204,3.204,0
1787735116.643,shoulder_lift,20.044,10.022,20.044,10.022,10.022,0
1787735116.643,elbow_flex,67.438,65.275,67.438,2.163,2.163,0
1787735116.643,wrist_flex,-5.189,-18.418,-5.189,13.229,13.229,0
1787735116.643,wrist_roll,-1.761,-1.802,-1.761,0.041,0.041,0
1787735116.643,gripper,33.525,37.021,33.525,-3.496,-3.496,0
1787735116.693,shoulder_pan,9.731,6.462,9.731,3.269,3.269,0
1787735116.693,shoulder_lift,20.451,10.637,20.451,9.813,9.813,0
1787735116.693,elbow_flex,65.964,65.011,65.964,0.953,0.953,0
1787735116.693,wrist_flex,-4.934,-17.275,-4.934,12.340,12.340,0
1787735116.693,wrist_roll,-1.778,-1.802,-1.778,0.024,0.024,0
1787735116.693,gripper,34.072,37.021,34.072,-2.949,-2.949,0
1787735116.744,shoulder_pan,10.323,6.813,10.323,3.509,3.509,0
1787735116.744,shoulder_lift,20.729,10.813,20.729,9.915,9.915,0
1787735116.744,elbow_flex,64.252,64.484,64.252,-0.231,-0.231,0
1787735116.744,wrist_flex,-4.928,-15.165,-4.928,10.237,10.237,0
1787735116.744,wrist_roll,-1.788,-1.802,-1.788,0.014,0.014,0
1787735116.744,gripper,34.571,37.021,34.571,-2.450,-2.450,0
1787735116.794,shoulder_pan,10.529,6.989,10.529,3.540,3.540,0
1787735116.794,shoulder_lift,21.557,10.813,21.557,10.743,10.743,0
1787735116.794,elbow_flex,63.410,63.516,63.410,-0.106,-0.106,0
1787735116.794,wrist_flex,-5.070,-13.670,-5.070,8.601,8.601,0
1787735116.794,wrist_roll,-1.751,-1.802,-1.751,0.051,0.051,0
1787735116.794,gripper,34.614,37.021,34.614,-2.407,-2.407,0
1787735116.844,shoulder_pan,10.894,7.429,10.894,3.466,3.466,0
1787735116.844,shoulder_lift,21.819,10.901,21.819,10.918,10.918,0
1787735116.844,elbow_flex,61.770,62.198,61.770,-0.428,-0.428,0
1787735116.844,wrist_flex,-5.201,-12.527,-5.201,7.327,7.327,0
1787735116.844,wrist_roll,-1.757,-1.802,-1.757,0.046,0.046,0
1787735116.844,gripper,34.847,37.021,34.847,-2.174,-2.174,0
1787735116.895,shoulder_pan,11.403,7.868,11.403,3.534,3.534,0
1787735116.895,shoulder_lift,22.678,11.341,22.678,11.337,11.337,0
1787735116.895,elbow_flex,60.469,61.231,60.469,-0.761,-0.761,0
1787735116.895,wrist_flex,-5.630,-11.736,-5.630,6.107,6.107,0
1787735116.895,wrist_roll,-1.759,-1.802,-1.759,0.043,0.043,0
1787735116.895,gripper,35.257,37.021,35.257,-1.764,-1.764,0
1787735116.944,shoulder_pan,11.811,8.396,11.811,3.415,3.415,0
1787735116.944,shoulder_lift,23.199,12.044,23.199,11.155,11.155,0
1787735116.944,elbow_flex,58.978,59.912,58.978,-0.934,-0.934,0
1787735116.944,wrist_flex,-6.078,-11.209,-6.078,5.130,5.130,0
1787735116.944,wrist_roll,-1.746,-1.802,-1.746,0.056,0.056,0
1787735116.944,gripper,35.258,37.021,35.258,-1.763,-1.763,0
1787735116.995,shoulder_pan,12.185,8.923,12.185,3.262,3.262,0
1787735116.995,shoulder_lift,23.352,13.011,23.352,10.341,10.341,0
1787735116.995,elbow_flex,58.003,58.593,58.003,-0.590,-0.590,0
1787735116.995,wrist_flex,-6.125,-10.945,-6.125,4.820,4.820,0
1787735116.995,wrist_roll,-1.748,-1.802,-1.748,0.055,0.055,0
1787735116.995,gripper,35.855,37.021,35.855,-1.166,-1.166,0
1787735117.044,shoulder_pan,12.653,9.451,12.653,3.202,3.202,0
1787735117.044,shoulder_lift,23.545,13.890,23.545,9.655,9.655,0
1787735117.044,elbow_flex,56.486,57.275,56.486,-0.789,-0.789,0
1787735117.044,wrist_flex,-6.007,-10.945,-6.007,4.938,4.938,0
1787735117.044,wrist_roll,-1.744,-1.802,-1.744,0.059,0.059,0
1787735117.044,gripper,36.227,37.021,36.227,-0.794,-0.794,0
1787735117.095,shoulder_pan,12.986,9.978,12.986,3.008,3.008,0
1787735117.095,shoulder_lift,23.407,14.505,23.407,8.902,8.902,0
1787735117.095,elbow_flex,55.660,56.308,55.660,-0.648,-0.648,0
1787735117.095,wrist_flex,-6.088,-10.945,-6.088,4.857,4.857,0
1787735117.095,wrist_roll,-1.724,-1.802,-1.724,0.079,0.079,0
1787735117.095,gripper,36.618,37.021,36.618,-0.403,-0.403,0
1787735117.144,shoulder_pan,13.329,10.418,13.329,2.912,2.912,0
1787735117.144,shoulder_lift,23.173,15.121,23.173,8.052,8.052,0
1787735117.144,elbow_flex,55.167,55.253,55.167,-0.086,-0.086,0
1787735117.144,wrist_flex,-5.977,-10.945,-5.977,4.968,4.968,0
1787735117.144,wrist_roll,-1.712,-1.802,-1.712,0.091,0.091,0
1787735117.144,gripper,37.285,37.108,37.285,0.177,0.177,0
1787735117.194,shoulder_pan,13.585,10.945,13.585,2.640,2.640,0
1787735117.194,shoulder_lift,23.599,15.648,23.599,7.951,7.951,0
1787735117.194,elbow_flex,54.408,54.549,54.408,-0.141,-0.141,0
1787735117.194,wrist_flex,-6.111,-10.681,-6.111,4.570,4.570,0
1787735117.194,wrist_roll,-1.704,-1.802,-1.704,0.099,0.099,0
1787735117.194,gripper,37.708,37.239,37.708,0.469,0.469,0
1787735117.244,shoulder_pan,13.894,11.209,13.894,2.685,2.685,0
1787735117.244,shoulder_lift,23.716,15.912,23.716,7.804,7.804,0
1787735117.244,elbow_flex,54.052,53.846,54.052,0.206,0.206,0
1787735117.244,wrist_flex,-6.401,-10.330,-6.401,3.929,3.929,0
1787735117.244,wrist_roll,-1.684,-1.802,-1.684,0.119,0.119,0
1787735117.244,gripper,37.962,37.500,37.962,0.462,0.462,0
1787735117.294,shoulder_pan,14.300,11.385,14.300,2.916,2.916,0
1787735117.294,shoulder_lift,23.871,16.264,23.871,7.607,7.607,0
1787735117.294,elbow_flex,53.729,53.319,53.729,0.411,0.411,0
1787735117.294,wrist_flex,-6.644,-10.242,-6.644,3.598,3.598,0
1787735117.294,wrist_roll,-1.646,-1.802,-1.646,0.156,0.156,0
1787735117.294,gripper,38.094,37.500,38.094,0.594,0.594,0
1787735117.345,shoulder_pan,14.674,11.736,14.674,2.938,2.938,0
1787735117.345,shoulder_lift,24.360,16.615,24.360,7.745,7.745,0
1787735117.345,elbow_flex,53.723,53.055,53.723,0.668,0.668,0
1787735117.345,wrist_flex,-6.865,-10.242,-6.865,3.377,3.377,0
1787735117.345,wrist_roll,-1.618,-1.802,-1.618,0.184,0.184,0
1787735117.345,gripper,38.196,37.587,38.196,0.609,0.609,0
1787735117.394,shoulder_pan,14.915,12.000,14.915,2.915,2.915,0
1787735117.394,shoulder_lift,24.356,16.791,24.356,7.564,7.564,0
1787735117.394,elbow_flex,53.401,52.879,53.401,0.522,0.522,0
1787735117.394,wrist_flex,-7.262,-10.242,-7.262,2.980,2.980,0
1787735117.394,wrist_roll,-1.595,-1.802,-1.595,0.207,0.207,0
1787735117.394,gripper,37.993,37.718,37.993,0.275,0.275,0
1787735117.445,shoulder_pan,15.158,12.352,15.158,2.807,2.807,0
1787735117.445,shoulder_lift,24.835,16.791,24.835,8.044,8.044,0
1787735117.445,elbow_flex,53.192,52.703,53.192,0.489,0.489,0
1787735117.445,wrist_flex,-7.794,-10.242,-7.794,2.448,2.448,0
1787735117.445,wrist_roll,-1.583,-1.802,-1.583,0.219,0.219,0
1787735117.445,gripper,38.228,37.761,38.228,0.467,0.467,0
1787735117.495,shoulder_pan,15.357,12.615,15.357,2.742,2.742,0
1787735117.495,shoulder_lift,24.623,17.055,24.623,7.568,7.568,0
1787735117.495,elbow_flex,52.932,52.703,52.932,0.229,0.229,0
1787735117.495,wrist_flex,-7.982,-10.242,-7.982,2.259,2.259,0
1787735117.495,wrist_roll,-1.554,-1.802,-1.554,0.248,0.248,0
1787735117.495,gripper,38.283,37.848,38.283,0.435,0.435,0
1787735117.545,shoulder_pan,15.465,12.879,15.465,2.586,2.586,0
1787735117.545,shoulder_lift,24.702,17.231,24.702,7.471,7.471,0
1787735117.545,elbow_flex,52.918,52.352,52.918,0.566,0.566,0
1787735117.545,wrist_flex,-8.511,-10.242,-8.511,1.731,1.731,0
1787735117.545,wrist_roll,-1.540,-1.802,-1.540,0.263,0.263,0
1787735117.545,gripper,38.338,37.936,38.338,0.402,0.402,0
1787735117.595,shoulder_pan,16.409,13.055,16.409,3.354,3.354,0
1787735117.595,shoulder_lift,24.544,17.319,24.544,7.225,7.225,0
1787735117.595,elbow_flex,53.292,52.088,53.292,1.204,1.204,0
1787735117.595,wrist_flex,-10.979,-10.242,-10.979,-0.737,-0.737,0
1787735117.595,wrist_roll,-1.259,-1.802,-1.259,0.543,0.543,0
1787735117.595,gripper,40.888,37.979,40.888,2.908,2.908,0
1787735117.645,shoulder_pan,17.332,13.407,17.332,3.926,3.926,0
1787735117.645,shoulder_lift,23.514,17.319,23.514,6.195,6.195,0
1787735117.645,elbow_flex,53.433,52.088,53.433,1.345,1.345,0
1787735117.645,wrist_flex,-16.596,-10.418,-16.596,-6.178,-6.178,0
1787735117.645,wrist_roll,-0.789,-1.802,-0.789,1.013,1.013,0
1787735117.645,gripper,43.506,38.240,43.506,5.266,5.266,0
1787735117.695,shoulder_pan,17.265,13.934,17.265,3.331,3.331,0
1787735117.695,shoulder_lift,22.122,17.495,22.122,4.628,4.628,0
1787735117.695,elbow_flex,53.250,52.088,53.250,1.162,1.162,0
1787735117.695,wrist_flex,-19.114,-11.824,-19.114,-7.290,-7.290,0
1787735117.695,wrist_roll,-0.584,-1.802,-0.584,1.218,1.218,0
1787735117.695,gripper,43.449,39.416,43.449,4.033,4.033,0
1787735117.745,shoulder_pan,17.241,14.725,17.241,2.516,2.516,0
1787735117.745,shoulder_lift,20.814,18.198,20.814,2.617,2.617,0
1787735117.745,elbow_flex,53.071,52.264,53.071,0.807,0.807,0
1787735117.745,wrist_flex,-22.344,-14.637,-22.344,-7.706,-7.706,0
1787735117.745,wrist_roll,-0.466,-1.538,-0.466,1.072,1.072,0
1787735117.745,gripper,43.521,41.071,43.521,2.449,2.449,0
1787735117.796,shoulder_pan,17.160,15.253,17.160,1.907,1.907,0
1787735117.796,shoulder_lift,20.375,18.813,20.375,1.562,1.562,0
1787735117.796,elbow_flex,52.834,52.352,52.834,0.482,0.482,0
1787735117.796,wrist_flex,-24.660,-17.538,-24.660,-7.121,-7.121,0
1787735117.796,wrist_roll,-0.365,-1.187,-0.365,0.822,0.822,0
1787735117.796,gripper,43.372,42.117,43.372,1.256,1.256,0
1787735117.846,shoulder_pan,17.108,15.604,17.108,1.504,1.504,0
1787735117.846,shoulder_lift,19.405,19.604,19.405,-0.200,-0.200,0
1787735117.846,elbow_flex,52.928,52.615,52.928,0.313,0.313,0
1787735117.846,wrist_flex,-26.888,-20.352,-26.888,-6.537,-6.537,0
1787735117.846,wrist_roll,-0.310,-0.923,-0.310,0.613,0.613,0
1787735117.846,gripper,43.275,42.639,43.275,0.636,0.636,0
1787735117.896,shoulder_pan,16.969,15.868,16.969,1.101,1.101,0
1787735117.896,shoulder_lift,18.585,19.956,18.585,-1.371,-1.371,0
1787735117.896,elbow_flex,52.989,52.879,52.989,0.110,0.110,0
1787735117.896,wrist_flex,-29.148,-22.901,-29.148,-6.247,-6.247,0
1787735117.896,wrist_roll,-0.257,-0.747,-0.257,0.490,0.490,0
1787735117.896,gripper,43.076,42.814,43.076,0.263,0.263,0
1787735117.946,shoulder_pan,16.775,15.868,16.775,0.906,0.906,0
1787735117.946,shoulder_lift,18.011,20.132,18.011,-2.121,-2.121,0
1787735117.946,elbow_flex,53.042,53.495,53.042,-0.453,-0.453,0
1787735117.946,wrist_flex,-30.787,-25.187,-30.787,-5.600,-5.600,0
1787735117.946,wrist_roll,-0.204,-0.747,-0.204,0.544,0.544,0
1787735117.946,gripper,42.907,42.901,42.907,0.006,0.006,0
1787735117.995,shoulder_pan,16.481,15.868,16.481,0.613,0.613,0
1787735117.995,shoulder_lift,17.333,20.132,17.333,-2.799,-2.799,0
1787735117.995,elbow_flex,53.403,53.582,53.403,-0.180,-0.180,0
1787735117.995,wrist_flex,-32.121,-27.297,-32.121,-4.824,-4.824,0
1787735117.995,wrist_roll,-0.201,-0.747,-0.201,0.546,0.546,0
1787735117.995,gripper,42.832,42.901,42.832,-0.068,-0.068,0
1787735118.046,shoulder_pan,16.232,15.956,16.232,0.276,0.276,0
1787735118.046,shoulder_lift,16.847,20.308,16.847,-3.461,-3.461,0
1787735118.046,elbow_flex,53.804,53.670,53.804,0.133,0.133,0
1787735118.046,wrist_flex,-32.866,-28.879,-32.866,-3.987,-3.987,0
1787735118.046,wrist_roll,-0.179,-0.659,-0.179,0.480,0.480,0
1787735118.046,gripper,42.433,42.901,42.433,-0.468,-0.468,0
1787735118.096,shoulder_pan,15.949,15.956,15.949,-0.007,-0.007,0
1787735118.096,shoulder_lift,16.802,20.396,16.802,-3.593,-3.593,0
1787735118.096,elbow_flex,54.051,53.758,54.051,0.292,0.292,0
1787735118.096,wrist_flex,-33.349,-30.198,-33.349,-3.151,-3.151,0
1787735118.096,wrist_roll,-0.167,-0.659,-0.167,0.493,0.493,0
1787735118.096,gripper,42.074,42.901,42.074,-0.826,-0.826,0
1787735118.146,shoulder_pan,15.794,15.956,15.794,-0.163,-0.163,0
1787735118.146,shoulder_lift,16.974,20.484,16.974,-3.510,-3.510,0
1787735118.146,elbow_flex,54.682,53.934,54.682,0.748,0.748,0
1787735118.146,wrist_flex,-33.161,-31.165,-33.161,-1.996,-1.996,0
1787735118.146,wrist_roll,-0.151,-0.659,-0.151,0.508,0.508,0
1787735118.146,gripper,42.201,42.726,42.201,-0.526,-0.526,0
1787735118.196,shoulder_pan,15.584,15.956,15.584,-0.372,-0.372,0
1787735118.196,shoulder_lift,17.228,20.484,17.228,-3.256,-3.256,0
1787735118.196,elbow_flex,55.096,54.549,55.096,0.547,0.547,0
1787735118.196,wrist_flex,-32.762,-31.692,-32.762,-1.070,-1.070,0
1787735118.196,wrist_roll,-0.176,-0.659,-0.176,0.483,0.483,0
1787735118.196,gripper,41.870,42.552,41.870,-0.682,-0.682,0
1787735118.246,shoulder_pan,15.396,15.956,15.396,-0.560,-0.560,0
1787735118.246,shoulder_lift,17.872,20.396,17.872,-2.524,-2.524,0
1787735118.246,elbow_flex,55.711,55.077,55.711,0.635,0.635,0
1787735118.246,wrist_flex,-33.032,-31.868,-33.032,-1.163,-1.163,0
1787735118.246,wrist_roll,-0.126,-0.659,-0.126,0.533,0.533,0
1787735118.246,gripper,41.801,42.378,41.801,-0.577,-0.577,0
1787735118.296,shoulder_pan,14.944,15.868,14.944,-0.924,-0.924,0
1787735118.296,shoulder_lift,17.882,20.396,17.882,-2.513,-2.513,0
1787735118.296,elbow_flex,56.693,55.429,56.693,1.264,1.264,0
1787735118.296,wrist_flex,-33.122,-32.132,-33.122,-0.990,-0.990,0
1787735118.296,wrist_roll,-0.047,-0.659,-0.047,0.612,0.612,0
1787735118.296,gripper,42.165,42.160,42.165,0.005,0.005,0
1787735118.347,shoulder_pan,14.692,15.692,14.692,-1.000,-1.000,0
1787735118.347,shoulder_lift,17.995,20.396,17.995,-2.400,-2.400,0
1787735118.347,elbow_flex,57.028,55.868,57.028,1.159,1.159,0
1787735118.347,wrist_flex,-33.603,-32.484,-33.603,-1.120,-1.120,0
1787735118.347,wrist_roll,-0.037,-0.659,-0.037,0.622,0.622,0
1787735118.347,gripper,42.270,42.117,42.270,0.153,0.153,0
1787735118.396,shoulder_pan,14.554,15.341,14.554,-0.787,-0.787,0
1787735118.396,shoulder_lift,18.038,20.308,18.038,-2.270,-2.270,0
1787735118.396,elbow_flex,57.815,56.396,57.815,1.420,1.420,0
1787735118.396,wrist_flex,-33.722,-32.835,-33.722,-0.887,-0.887,0
1787735118.396,wrist_roll,-0.025,-0.659,-0.025,0.634,0.634,0
1787735118.396,gripper,42.400,42.117,42.400,0.283,0.283,0
1787735118.447,shoulder_pan,14.375,14.989,14.375,-0.614,-0.614,0
1787735118.447,shoulder_lift,18.811,20.308,18.811,-1.497,-1.497,0
1787735118.447,elbow_flex,58.053,56.923,58.053,1.129,1.129,0
1787735118.447,wrist_flex,-34.050,-33.363,-34.050,-0.687,-0.687,0
1787735118.447,wrist_roll,0.015,-0.659,0.015,0.674,0.674,0
1787735118.447,gripper,42.845,42.117,42.845,0.729,0.729,0
1787735118.497,shoulder_pan,14.162,14.813,14.162,-0.651,-0.651,0
1787735118.497,shoulder_lift,19.002,20.308,19.002,-1.306,-1.306,0
1787735118.497,elbow_flex,58.222,57.363,58.222,0.860,0.860,0
1787735118.497,wrist_flex,-34.246,-33.714,-34.246,-0.531,-0.531,0
1787735118.497,wrist_roll,0.019,-0.659,0.019,0.678,0.678,0
1787735118.497,gripper,43.448,42.117,43.448,1.332,1.332,0
1787735118.547,shoulder_pan,14.365,14.637,14.365,-0.273,-0.273,0
1787735118.547,shoulder_lift,18.243,20.308,18.243,-2.064,-2.064,0
1787735118.547,elbow_flex,57.243,57.626,57.243,-0.383,-0.383,0
1787735118.547,wrist_flex,-32.580,-33.890,-32.580,1.310,1.310,0
1787735118.547,wrist_roll,0.405,-0.659,0.405,1.064,1.064,0
1787735118.547,gripper,42.929,42.465,42.929,0.464,0.464,0
1787735118.596,shoulder_pan,14.173,14.549,14.173,-0.376,-0.376,0
1787735118.596,shoulder_lift,14.398,20.132,14.398,-5.734,-5.734,0
1787735118.596,elbow_flex,53.911,57.714,53.911,-3.803,-3.803,0
1787735118.596,wrist_flex,-31.239,-33.978,-31.239,2.739,2.739,0
1787735118.596,wrist_roll,0.879,-0.484,0.879,1.362,1.362,0
1787735118.596,gripper,43.415,42.639,43.415,0.775,0.775,0
1787735118.647,shoulder_pan,13.521,14.549,13.521,-1.028,-1.028,0
1787735118.647,shoulder_lift,12.097,19.692,12.097,-7.596,-7.596,0
1787735118.647,elbow_flex,51.164,57.538,51.164,-6.374,-6.374,0
1787735118.647,wrist_flex,-31.511,-33.187,-31.511,1.676,1.676,0
1787735118.647,wrist_roll,0.951,-0.044,0.951,0.995,0.995,0
1787735118.647,gripper,45.644,42.770,45.644,2.874,2.874,0
1787735118.697,shoulder_pan,13.057,14.374,13.057,-1.316,-1.316,0
1787735118.697,shoulder_lift,9.449,18.374,9.449,-8.925,-8.925,0
1787735118.697,elbow_flex,48.540,56.220,48.540,-7.679,-7.679,0
1787735118.697,wrist_flex,-30.990,-31.956,-30.990,0.966,0.966,0
1787735118.697,wrist_roll,0.861,0.396,0.861,0.465,0.465,0
1787735118.697,gripper,49.007,43.162,49.007,5.845,5.845,0
1787735118.748,shoulder_pan,12.675,13.758,12.675,-1.083,-1.083,0
1787735118.748,shoulder_lift,8.848,16.615,8.848,-7.767,-7.767,0
1787735118.748,elbow_flex,47.576,54.549,47.576,-6.973,-6.973,0
1787735118.748,wrist_flex,-32.113,-31.516,-32.113,-0.597,-0.597,0
1787735118.748,wrist_roll,0.728,0.571,0.728,0.157,0.157,0
1787735118.748,gripper,51.468,44.425,51.468,7.043,7.043,0
1787735118.797,shoulder_pan,12.186,13.231,12.186,-1.044,-1.044,0
1787735118.797,shoulder_lift,8.159,15.209,8.159,-7.050,-7.050,0
1787735118.797,elbow_flex,48.093,52.703,48.093,-4.610,-4.610,0
1787735118.797,wrist_flex,-32.815,-31.429,-32.815,-1.386,-1.386,0
1787735118.797,wrist_roll,0.493,0.571,0.493,-0.078,-0.078,0
1787735118.797,gripper,52.847,46.516,52.847,6.332,6.332,0
1787735118.848,shoulder_pan,11.734,12.879,11.734,-1.145,-1.145,0
1787735118.848,shoulder_lift,7.785,13.714,7.785,-5.930,-5.930,0
1787735118.848,elbow_flex,49.391,51.385,49.391,-1.994,-1.994,0
1787735118.848,wrist_flex,-33.680,-31.429,-33.680,-2.252,-2.252,0
1787735118.848,wrist_roll,0.261,0.571,0.261,-0.311,-0.311,0
1787735118.848,gripper,53.233,48.737,53.233,4.496,4.496,0
1787735118.897,shoulder_pan,11.198,12.440,11.198,-1.241,-1.241,0
1787735118.897,shoulder_lift,7.099,12.659,7.099,-5.560,-5.560,0
1787735118.897,elbow_flex,50.451,51.033,50.451,-0.582,-0.582,0
1787735118.897,wrist_flex,-34.650,-31.868,-34.650,-2.782,-2.782,0
1787735118.897,wrist_roll,-0.088,0.571,-0.088,-0.659,-0.659,0
1787735118.897,gripper,53.795,50.610,53.795,3.185,3.185,0
1787735118.948,shoulder_pan,10.831,12.000,10.831,-1.169,-1.169,0
1787735118.948,shoulder_lift,5.573,11.956,5.573,-6.383,-6.383,0
1787735118.948,elbow_flex,51.293,51.121,51.293,0.172,0.172,0
1787735118.948,wrist_flex,-35.163,-32.484,-35.163,-2.680,-2.680,0
1787735118.948,wrist_roll,-0.516,0.308,-0.516,-0.824,-0.824,0
1787735118.948,gripper,53.843,51.829,53.843,2.014,2.014,0
1787735118.997,shoulder_pan,10.476,11.560,10.476,-1.084,-1.084,0
1787735118.997,shoulder_lift,3.893,11.341,3.893,-7.448,-7.448,0
1787735118.997,elbow_flex,52.305,51.385,52.305,0.920,0.920,0
1787735118.997,wrist_flex,-35.385,-33.099,-35.385,-2.286,-2.286,0
1787735118.997,wrist_roll,-0.970,0.044,-0.970,-1.014,-1.014,0
1787735118.997,gripper,53.620,52.657,53.620,0.963,0.963,0
1787735119.047,shoulder_pan,10.464,11.033,10.464,-0.569,-0.569,0
1787735119.047,shoulder_lift,2.267,10.110,2.267,-7.843,-7.843,0
1787735119.047,elbow_flex,52.761,52.000,52.761,0.761,0.761,0
1787735119.047,wrist_flex,-35.435,-33.538,-35.435,-1.896,-1.896,0
1787735119.047,wrist_roll,-1.388,-0.396,-1.388,-0.992,-0.992,0
1787735119.047,gripper,53.049,53.005,53.049,0.043,0.043,0
1787735119.097,shoulder_pan,10.281,10.681,10.281,-0.400,-0.400,0
1787735119.097,shoulder_lift,0.887,8.703,0.887,-7.817,-7.817,0
1787735119.097,elbow_flex,53.047,52.791,53.047,0.255,0.255,0
1787735119.097,wrist_flex,-35.405,-33.890,-35.405,-1.515,-1.515,0
1787735119.097,wrist_roll,-1.604,-0.835,-1.604,-0.769,-0.769,0
1787735119.097,gripper,52.758,53.092,52.758,-0.334,-0.334,0
1787735119.147,shoulder_pan,10.141,10.593,10.141,-0.453,-0.453,0
1787735119.147,shoulder_lift,0.688,7.209,0.688,-6.520,-6.520,0
1787735119.147,elbow_flex,53.116,53.407,53.116,-0.290,-0.290,0
1787735119.147,wrist_flex,-35.500,-33.978,-35.500,-1.522,-1.522,0
1787735119.147,wrist_roll,-1.575,-1.187,-1.575,-0.388,-0.388,0
1787735119.147,gripper,52.422,53.092,52.422,-0.670,-0.670,0
1787735119.197,shoulder_pan,10.154,10.593,10.154,-0.440,-0.440,0
1787735119.197,shoulder_lift,1.337,5.978,1.337,-4.641,-4.641,0
1787735119.197,elbow_flex,52.906,53.407,52.906,-0.500,-0.500,0
1787735119.197,wrist_flex,-36.121,-33.978,-36.121,-2.143,-2.143,0
1787735119.197,wrist_roll,-1.420,-1.363,-1.420,-0.057,-0.057,0
1787735119.197,gripper,52.085,53.092,52.085,-1.007,-1.007,0
1787735119.247,shoulder_pan,10.279,10.681,10.279,-0.402,-0.402,0
1787735119.247,shoulder_lift,2.745,5.275,2.745,-2.530,-2.530,0
1787735119.247,elbow_flex,52.769,53.319,52.769,-0.549,-0.549,0
1787735119.247,wrist_flex,-36.466,-34.242,-36.466,-2.224,-2.224,0
1787735119.247,wrist_roll,-1.092,-1.451,-1.092,0.358,0.358,0
1787735119.247,gripper,51.917,52.831,51.917,-0.914,-0.914,0
1787735119.299,shoulder_pan,10.314,10.418,10.314,-0.104,-0.104,0
1787735119.299,shoulder_lift,3.472,5.275,3.472,-1.802,-1.802,0
1787735119.299,elbow_flex,52.652,53.319,52.652,-0.667,-0.667,0
1787735119.299,wrist_flex,-36.895,-34.681,-36.895,-2.213,-2.213,0
1787735119.299,wrist_roll,-1.009,-1.451,-1.009,0.441,0.441,0
1787735119.299,gripper,51.867,52.526,51.867,-0.659,-0.659,0
1787735119.348,shoulder_pan,10.352,10.330,10.352,0.022,0.022,0
1787735119.348,shoulder_lift,3.570,5.187,3.570,-1.616,-1.616,0
1787735119.348,elbow_flex,52.677,53.319,52.677,-0.642,-0.642,0
1787735119.348,wrist_flex,-36.637,-35.033,-36.637,-1.604,-1.604,0
1787735119.348,wrist_roll,-0.917,-1.187,-0.917,0.270,0.270,0
1787735119.348,gripper,51.882,52.352,51.882,-0.470,-0.470,0
1787735119.398,shoulder_pan,10.345,10.330,10.345,0.016,0.016,0
1787735119.398,shoulder_lift,3.329,5.187,3.329,-1.858,-1.858,0
1787735119.398,elbow_flex,52.221,53.319,52.221,-1.098,-1.098,0
1787735119.398,wrist_flex,-36.345,-35.209,-36.345,-1.136,-1.136,0
1787735119.398,wrist_roll,-0.884,-1.187,-0.884,0.302,0.302,0
1787735119.398,gripper,51.936,52.221,51.936,-0.286,-0.286,0
1787735119.448,shoulder_pan,10.309,10.330,10.309,-0.020,-0.020,0
1787735119.448,shoulder_lift,3.255,5.187,3.255,-1.931,-1.931,0
1787735119.448,elbow_flex,52.248,53.319,52.248,-1.070,-1.070,0
1787735119.448,wrist_flex,-36.506,-35.209,-36.506,-1.297,-1.297,0
1787735119.448,wrist_roll,-0.914,-1.187,-0.914,0.273,0.273,0
1787735119.448,gripper,51.866,52.178,51.866,-0.312,-0.312,0
1787735119.498,shoulder_pan,10.391,10.330,10.391,0.061,0.061,0
1787735119.498,shoulder_lift,8.579,5.187,8.579,3.392,3.392,0
1787735119.498,elbow_flex,53.905,53.319,53.905,0.586,0.586,0
1787735119.498,wrist_flex,-37.649,-35.209,-37.649,-2.440,-2.440,0
1787735119.498,wrist_roll,-0.557,-1.187,-0.557,0.630,0.630,0
1787735119.498,gripper,51.366,52.178,51.366,-0.812,-0.812,0
1787735119.549,shoulder_pan,10.285,10.330,10.285,-0.044,-0.044,0
1787735119.549,shoulder_lift,14.940,5.363,14.940,9.577,9.577,0
1787735119.549,elbow_flex,56.272,53.582,56.272,2.690,2.690,0
1787735119.549,wrist_flex,-40.647,-35.473,-40.647,-5.174,-5.174,0
1787735119.549,wrist_roll,-0.220,-1.099,-0.220,0.879,0.879,0
1787735119.549,gripper,50.847,52.047,50.847,-1.200,-1.200,0
1787735119.599,shoulder_pan,10.313,10.330,10.313,-0.017,-0.017,0
1787735119.599,shoulder_lift,16.241,7.560,16.241,8.680,8.680,0
1787735119.599,elbow_flex,56.480,54.286,56.480,2.194,2.194,0
1787735119.599,wrist_flex,-41.154,-36.527,-41.154,-4.626,-4.626,0
1787735119.599,wrist_roll,-0.203,-0.747,-0.203,0.544,0.544,0
1787735119.599,gripper,50.867,51.699,50.867,-0.831,-0.831,0
1787735119.649,shoulder_pan,10.144,10.242,10.144,-0.098,-0.098,0
1787735119.649,shoulder_lift,17.685,11.780,17.685,5.905,5.905,0
1787735119.649,elbow_flex,56.654,55.692,56.654,0.962,0.962,0
1787735119.649,wrist_flex,-41.319,-38.110,-41.319,-3.209,-3.209,0
1787735119.649,wrist_roll,-0.176,-0.484,-0.176,0.307,0.307,0
1787735119.649,gripper,50.822,51.394,50.822,-0.572,-0.572,0
1787735119.699,shoulder_pan,10.175,10.242,10.175,-0.067,-0.067,0
1787735119.699,shoulder_lift,18.207,15.912,18.207,2.295,2.295,0
1787735119.699,elbow_flex,56.590,56.571,56.590,0.018,0.018,0
1787735119.699,wrist_flex,-41.958,-38.989,-41.958,-2.968,-2.968,0
1787735119.699,wrist_roll,-0.204,-0.484,-0.204,0.280,0.280,0
1787735119.699,gripper,50.601,51.220,50.601,-0.618,-0.618,0
1787735119.749,shoulder_pan,10.024,10.242,10.024,-0.218,-0.218,0
1787735119.749,shoulder_lift,19.457,18.110,19.457,1.347,1.347,0
1787735119.749,elbow_flex,56.644,57.011,56.644,-0.367,-0.367,0
1787735119.749,wrist_flex,-41.756,-39.604,-41.756,-2.151,-2.151,0
1787735119.749,wrist_roll,-0.175,-0.484,-0.175,0.308,0.308,0
1787735119.749,gripper,50.571,51.045,50.571,-0.475,-0.475,0
1787735119.799,shoulder_pan,10.097,10.242,10.097,-0.144,-0.144,0
1787735119.799,shoulder_lift,20.198,19.341,20.198,0.858,0.858,0
1787735119.799,elbow_flex,56.806,57.011,56.806,-0.205,-0.205,0
1787735119.799,wrist_flex,-42.167,-40.044,-42.167,-2.123,-2.123,0
1787735119.799,wrist_roll,-0.197,-0.484,-0.197,0.287,0.287,0
1787735119.799,gripper,50.613,50.915,50.613,-0.302,-0.302,0
1787735119.849,shoulder_pan,9.890,10.242,9.890,-0.352,-0.352,0
1787735119.849,shoulder_lift,21.153,20.484,21.153,0.669,0.669,0
1787735119.849,elbow_flex,57.142,56.923,57.142,0.219,0.219,0
1787735119.849,wrist_flex,-41.908,-40.484,-41.908,-1.425,-1.425,0
1787735119.849,wrist_roll,-0.164,-0.484,-0.164,0.319,0.319,0
1787735119.849,gripper,50.665,50.871,50.665,-0.206,-0.206,0
1787735119.899,shoulder_pan,9.874,10.242,9.874,-0.368,-0.368,0
1787735119.899,shoulder_lift,22.205,21.275,22.205,0.930,0.930,0
1787735119.899,elbow_flex,57.216,57.011,57.216,0.205,0.205,0
1787735119.899,wrist_flex,-42.536,-40.571,-42.536,-1.965,-1.965,0
1787735119.899,wrist_roll,-0.195,-0.484,-0.195,0.288,0.288,0
1787735119.899,gripper,50.607,50.871,50.607,-0.264,-0.264,0
1787735119.949,shoulder_pan,9.750,10.242,9.750,-0.491,-0.491,0
1787735119.949,shoulder_lift,22.975,22.066,22.975,0.909,0.909,0
1787735119.949,elbow_flex,57.413,57.011,57.413,0.402,0.402,0
1787735119.949,wrist_flex,-43.262,-40.923,-43.262,-2.339,-2.339,0
1787735119.949,wrist_roll,-0.164,-0.484,-0.164,0.320,0.320,0
1787735119.949,gripper,50.520,50.871,50.520,-0.351,-0.351,0
1787735119.999,shoulder_pan,9.754,10.154,9.754,-0.400,-0.400,0
1787735119.999,shoulder_lift,23.721,23.033,23.721,0.688,0.688,0
1787735119.999,elbow_flex,58.043,57.275,58.043,0.768,0.768,0
1787735119.999,wrist_flex,-43.619,-41.626,-43.619,-1.992,-1.992,0
1787735119.999,wrist_roll,-0.127,-0.484,-0.127,0.356,0.356,0
1787735119.999,gripper,50.596,50.871,50.596,-0.276,-0.276,0
1787735120.049,shoulder_pan,9.670,10.066,9.670,-0.396,-0.396,0
1787735120.049,shoulder_lift,24.155,23.648,24.155,0.506,0.506,0
1787735120.049,elbow_flex,57.947,57.451,57.947,0.496,0.496,0
1787735120.049,wrist_flex,-43.371,-42.505,-43.371,-0.866,-0.866,0
1787735120.049,wrist_roll,-0.110,-0.484,-0.110,0.374,0.374,0
1787735120.049,gripper,50.499,50.871,50.499,-0.372,-0.372,0
1787735120.099,shoulder_pan,9.712,9.978,9.712,-0.266,-0.266,0
1787735120.099,shoulder_lift,25.141,24.088,25.141,1.053,1.053,0
1787735120.099,elbow_flex,57.959,57.626,57.959,0.332,0.332,0
1787735120.099,wrist_flex,-44.146,-43.121,-44.146,-1.026,-1.026,0
1787735120.099,wrist_roll,-0.064,-0.484,-0.064,0.420,0.420,0
1787735120.099,gripper,50.208,50.871,50.208,-0.663,-0.663,0
1787735120.149,shoulder_pan,9.582,9.978,9.582,-0.396,-0.396,0
1787735120.149,shoulder_lift,25.551,24.440,25.551,1.112,1.112,0
1787735120.149,elbow_flex,58.269,57.626,58.269,0.643,0.643,0
1787735120.149,wrist_flex,-43.899,-43.385,-43.899,-0.514,-0.514,0
1787735120.149,wrist_roll,-0.124,-0.484,-0.124,0.359,0.359,0
1787735120.149,gripper,50.445,50.784,50.445,-0.339,-0.339,0
1787735120.199,shoulder_pan,9.640,9.978,9.640,-0.338,-0.338,0
1787735120.199,shoulder_lift,26.251,24.967,26.251,1.284,1.284,0
1787735120.199,elbow_flex,58.515,57.363,58.515,1.153,1.153,0
1787735120.199,wrist_flex,-44.009,-43.648,-44.009,-0.361,-0.361,0
1787735120.199,wrist_roll,-0.076,-0.484,-0.076,0.408,0.408,0
1787735120.199,gripper,50.310,50.697,50.310,-0.387,-0.387,0
1787735120.250,shoulder_pan,9.673,9.890,9.673,-0.217,-0.217,0
1787735120.250,shoulder_lift,27.354,25.407,27.354,1.947,1.947,0
1787735120.250,elbow_flex,58.452,57.363,58.452,1.090,1.090,0
1787735120.250,wrist_flex,-44.626,-44.000,-44.626,-0.626,-0.626,0
1787735120.250,wrist_roll,-0.107,-0.484,-0.107,0.377,0.377,0
1787735120.250,gripper,50.178,50.610,50.178,-0.432,-0.432,0
1787735120.299,shoulder_pan,9.644,9.890,9.644,-0.246,-0.246,0
1787735120.299,shoulder_lift,27.736,25.846,27.736,1.890,1.890,0
1787735120.299,elbow_flex,58.610,57.451,58.610,1.160,1.160,0
1787735120.299,wrist_flex,-44.177,-44.352,-44.177,0.175,0.175,0
1787735120.299,wrist_roll,-0.052,-0.484,-0.052,0.431,0.431,0
1787735120.299,gripper,50.341,50.523,50.341,-0.182,-0.182,0
1787735120.350,shoulder_pan,9.461,9.890,9.461,-0.429,-0.429,0
1787735120.350,shoulder_lift,27.531,26.198,27.531,1.333,1.333,0
1787735120.350,elbow_flex,58.893,57.451,58.893,1.442,1.442,0
1787735120.350,wrist_flex,-45.000,-44.440,-45.000,-0.560,-0.560,0
1787735120.350,wrist_roll,-0.082,-0.484,-0.082,0.401,0.401,0
1787735120.350,gripper,49.939,50.479,49.939,-0.540,-0.540,0
1787735120.399,shoulder_pan,9.616,9.890,9.616,-0.275,-0.275,0
1787735120.399,shoulder_lift,28.342,26.549,28.342,1.793,1.793,0
1787735120.399,elbow_flex,59.079,57.451,59.079,1.629,1.629,0
1787735120.399,wrist_flex,-45.843,-44.703,-45.843,-1.139,-1.139,0
1787735120.399,wrist_roll,-0.108,-0.484,-0.108,0.376,0.376,0
1787735120.399,gripper,50.117,50.392,50.117,-0.275,-0.275,0
1787735120.449,shoulder_pan,10.488,9.890,10.488,0.597,0.597,0
1787735120.449,shoulder_lift,30.723,26.813,30.723,3.910,3.910,0
1787735120.449,elbow_flex,60.129,57.451,60.129,2.679,2.679,0
1787735120.449,wrist_flex,-48.089,-45.231,-48.089,-2.859,-2.859,0
1787735120.449,wrist_roll,-0.156,-0.484,-0.156,0.327,0.327,0
1787735120.449,gripper,51.225,50.305,51.225,0.920,0.920,0
1787735120.500,shoulder_pan,11.485,9.802,11.485,1.683,1.683,0
1787735120.500,shoulder_lift,32.312,27.516,32.312,4.796,4.796,0
1787735120.500,elbow_flex,61.351,57.626,61.351,3.725,3.725,0
1787735120.500,wrist_flex,-50.611,-46.110,-50.611,-4.501,-4.501,0
1787735120.500,wrist_roll,-0.276,-0.484,-0.276,0.207,0.207,0
1787735120.500,gripper,52.087,50.305,52.087,1.782,1.782,0
1787735120.550,shoulder_pan,11.448,10.066,11.448,1.382,1.382,0
1787735120.550,shoulder_lift,32.723,29.011,32.723,3.712,3.712,0
1787735120.550,elbow_flex,61.471,58.505,61.471,2.966,2.966,0
1787735120.550,wrist_flex,-51.488,-47.868,-51.488,-3.620,-3.620,0
1787735120.550,wrist_roll,-0.325,-0.571,-0.325,0.246,0.246,0
1787735120.550,gripper,51.873,50.740,51.873,1.132,1.132,0
1787735120.600,shoulder_pan,11.514,10.242,11.514,1.273,1.273,0
1787735120.600,shoulder_lift,32.782,30.154,32.782,2.628,2.628,0
1787735120.600,elbow_flex,61.804,59.033,61.804,2.771,2.771,0
1787735120.600,wrist_flex,-52.029,-49.802,-52.029,-2.227,-2.227,0
1787735120.600,wrist_roll,-0.405,-0.571,-0.405,0.166,0.166,0
1787735120.600,gripper,51.613,51.132,51.613,0.481,0.481,0
1787735120.650,shoulder_pan,11.544,10.242,11.544,1.302,1.302,0
1787735120.650,shoulder_lift,32.343,30.769,32.343,1.574,1.574,0
1787735120.650,elbow_flex,61.831,59.209,61.831,2.622,2.622,0
1787735120.650,wrist_flex,-53.082,-51.033,-53.082,-2.049,-2.049,0
1787735120.650,wrist_roll,-0.470,-0.571,-0.470,0.101,0.101,0
1787735120.650,gripper,51.667,51.263,51.667,0.404,0.404,0
1787735120.700,shoulder_pan,11.666,10.242,11.666,1.424,1.424,0
1787735120.700,shoulder_lift,32.461,31.121,32.461,1.340,1.340,0
1787735120.700,elbow_flex,61.902,59.297,61.902,2.605,2.605,0
1787735120.700,wrist_flex,-53.330,-52.000,-53.330,-1.330,-1.330,0
1787735120.700,wrist_roll,-0.471,-0.571,-0.471,0.100,0.100,0
1787735120.700,gripper,51.577,51.263,51.577,0.314,0.314,0
1787735120.751,shoulder_pan,11.794,10.242,11.794,1.552,1.552,0
1787735120.751,shoulder_lift,32.923,31.121,32.923,1.802,1.802,0
1787735120.751,elbow_flex,62.116,59.736,62.116,2.380,2.380,0
1787735120.751,wrist_flex,-53.735,-52.703,-53.735,-1.031,-1.031,0
1787735120.751,wrist_roll,-0.483,-0.571,-0.483,0.089,0.089,0
1787735120.751,gripper,51.748,51.263,51.748,0.485,0.485,0
1787735120.800,shoulder_pan,11.895,10.418,11.895,1.478,1.478,0
1787735120.800,shoulder_lift,33.134,31.297,33.134,1.837,1.837,0
1787735120.800,elbow_flex,62.143,60.088,62.143,2.055,2.055,0
1787735120.800,wrist_flex,-53.386,-53.319,-53.386,-0.067,-0.067,0
1787735120.800,wrist_roll,-0.494,-0.571,-0.494,0.078,0.078,0
1787735120.800,gripper,51.705,51.350,51.705,0.355,0.355,0
1787735120.850,shoulder_pan,11.929,10.505,11.929,1.423,1.423,0
1787735120.850,shoulder_lift,33.791,31.560,33.791,2.230,2.230,0
1787735120.850,elbow_flex,62.463,60.176,62.463,2.287,2.287,0
1787735120.850,wrist_flex,-54.029,-53.495,-54.029,-0.534,-0.534,0
1787735120.850,wrist_roll,-0.484,-0.571,-0.484,0.087,0.087,0
1787735120.850,gripper,51.699,51.350,51.699,0.349,0.349,0
1787735120.900,shoulder_pan,12.050,10.505,12.050,1.545,1.545,0
1787735120.900,shoulder_lift,33.199,31.736,33.199,1.463,1.463,0
1787735120.900,elbow_flex,62.398,60.176,62.398,2.222,2.222,0
1787735120.900,wrist_flex,-53.907,-53.758,-53.907,-0.149,-0.149,0
1787735120.900,wrist_roll,-0.500,-0.571,-0.500,0.071,0.071,0
1787735120.900,gripper,51.809,51.437,51.809,0.371,0.371,0
1787735120.950,shoulder_pan,12.128,10.505,12.128,1.622,1.622,0
1787735120.950,shoulder_lift,33.676,31.824,33.676,1.852,1.852,0
1787735120.950,elbow_flex,62.606,60.176,62.606,2.430,2.430,0
1787735120.950,wrist_flex,-54.080,-54.022,-54.080,-0.058,-0.058,0
1787735120.950,wrist_roll,-0.480,-0.571,-0.480,0.091,0.091,0
1787735120.950,gripper,52.024,51.437,52.024,0.587,0.587,0
1787735121.000,shoulder_pan,12.244,10.505,12.244,1.738,1.738,0
1787735121.000,shoulder_lift,33.552,31.912,33.552,1.640,1.640,0
1787735121.000,elbow_flex,62.579,60.352,62.579,2.227,2.227,0
1787735121.000,wrist_flex,-53.722,-54.198,-53.722,0.476,0.476,0
1787735121.000,wrist_roll,-0.441,-0.571,-0.441,0.131,0.131,0
1787735121.000,gripper,52.474,51.524,52.474,0.950,0.950,0
1787735121.052,shoulder_pan,12.294,10.593,12.294,1.701,1.701,0
1787735121.052,shoulder_lift,33.668,31.912,33.668,1.756,1.756,0
1787735121.052,elbow_flex,62.687,60.352,62.687,2.335,2.335,0
1787735121.052,wrist_flex,-53.654,-54.198,-53.654,0.544,0.544,0
1787735121.052,wrist_roll,-0.419,-0.571,-0.419,0.152,0.152,0
1787735121.052,gripper,53.192,51.742,53.192,1.449,1.449,0
1787735121.100,shoulder_pan,12.391,10.593,12.391,1.798,1.798,0
1787735121.100,shoulder_lift,33.309,31.912,33.309,1.397,1.397,0
1787735121.100,elbow_flex,62.576,60.352,62.576,2.224,2.224,0
1787735121.100,wrist_flex,-52.462,-54.198,-52.462,1.735,1.735,0
1787735121.100,wrist_roll,-0.379,-0.571,-0.379,0.192,0.192,0
1787735121.100,gripper,54.004,52.091,54.004,1.913,1.913,0
1787735121.151,shoulder_pan,12.373,10.769,12.373,1.604,1.604,0
1787735121.151,shoulder_lift,33.559,31.912,33.559,1.647,1.647,0
1787735121.151,elbow_flex,62.744,60.352,62.744,2.393,2.393,0
1787735121.151,wrist_flex,-52.645,-54.198,-52.645,1.553,1.553,0
1787735121.151,wrist_roll,-0.343,-0.571,-0.343,0.228,0.228,0
1787735121.151,gripper,54.591,52.700,54.591,1.891,1.891,0
1787735121.201,shoulder_pan,12.316,10.857,12.316,1.458,1.458,0
1787735121.201,shoulder_lift,35.271,31.912,35.271,3.359,3.359,0
1787735121.201,elbow_flex,62.495,60.352,62.495,2.143,2.143,0
1787735121.201,wrist_flex,-53.488,-54.198,-53.488,0.710,0.710,0
1787735121.201,wrist_roll,-0.185,-0.571,-0.185,0.386,0.386,0
1787735121.201,gripper,55.518,53.354,55.518,2.164,2.164,0
1787735121.251,shoulder_pan,12.375,10.857,12.375,1.518,1.518,0
1787735121.251,shoulder_lift,35.508,32.088,35.508,3.420,3.420,0
1787735121.251,elbow_flex,62.618,60.352,62.618,2.266,2.266,0
1787735121.251,wrist_flex,-53.383,-54.198,-53.383,0.815,0.815,0
1787735121.251,wrist_roll,-0.129,-0.571,-0.129,0.443,0.443,0
1787735121.251,gripper,56.032,54.007,56.032,2.025,2.025,0
1787735121.301,shoulder_pan,12.444,10.857,12.444,1.587,1.587,0
1787735121.301,shoulder_lift,35.296,32.527,35.296,2.769,2.769,0
1787735121.301,elbow_flex,62.524,60.352,62.524,2.172,2.172,0
1787735121.301,wrist_flex,-52.818,-54.198,-52.818,1.380,1.380,0
1787735121.301,wrist_roll,-0.097,-0.571,-0.097,0.475,0.475,0
1787735121.301,gripper,56.588,54.791,56.588,1.797,1.797,0
1787735121.351,shoulder_pan,12.539,10.857,12.539,1.682,1.682,0
1787735121.351,shoulder_lift,35.109,32.703,35.109,2.406,2.406,0
1787735121.351,elbow_flex,62.139,60.352,62.139,1.788,1.788,0
1787735121.351,wrist_flex,-52.509,-54.198,-52.509,1.688,1.688,0
1787735121.351,wrist_roll,-0.054,-0.571,-0.054,0.517,0.517,0
1787735121.351,gripper,57.206,55.401,57.206,1.805,1.805,0
1787735121.401,shoulder_pan,11.982,10.857,11.982,1.124,1.124,0
1787735121.401,shoulder_lift,41.608,32.703,41.608,8.905,8.905,0
1787735121.401,elbow_flex,58.916,60.352,58.916,-1.436,-1.436,0
1787735121.401,wrist_flex,-59.145,-54.198,-59.145,-4.947,-4.947,0
1787735121.401,wrist_roll,0.483,-0.571,0.483,1.055,1.055,0
1787735121.401,gripper,60.025,56.010,60.025,4.015,4.015,0
1787735121.451,shoulder_pan,11.569,10.857,11.569,0.711,0.711,0
1787735121.451,shoulder_lift,44.990,32.879,44.990,12.111,12.111,0
1787735121.451,elbow_flex,51.423,60.176,51.423,-8.753,-8.753,0
1787735121.451,wrist_flex,-64.254,-54.462,-64.254,-9.793,-9.793,0
1787735121.451,wrist_roll,0.831,-0.484,0.831,1.314,1.314,0
1787735121.451,gripper,64.181,56.664,64.181,7.518,7.518,0
1787735121.501,shoulder_pan,11.675,10.857,11.675,0.818,0.818,0
1787735121.501,shoulder_lift,40.464,35.341,40.464,5.123,5.123,0
1787735121.501,elbow_flex,48.368,58.505,48.368,-10.138,-10.138,0
1787735121.501,wrist_flex,-62.111,-56.747,-62.111,-5.364,-5.364,0
1787735121.501,wrist_roll,0.747,-0.132,0.747,0.878,0.878,0
1787735121.501,gripper,65.200,58.145,65.200,7.056,7.056,0
1787735121.552,shoulder_pan,11.636,10.945,11.636,0.691,0.691,0
1787735121.552,shoulder_lift,35.398,38.945,35.398,-3.547,-3.547,0
1787735121.552,elbow_flex,46.487,55.165,46.487,-8.677,-8.677,0
1787735121.552,wrist_flex,-57.824,-60.176,-57.824,2.352,2.352,0
1787735121.552,wrist_roll,0.710,0.132,0.710,0.578,0.578,0
1787735121.552,gripper,65.950,60.453,65.950,5.497,5.497,0
1787735121.602,shoulder_pan,11.735,10.945,11.735,0.790,0.790,0
1787735121.602,shoulder_lift,30.062,41.143,30.062,-11.081,-11.081,0
1787735121.602,elbow_flex,45.548,51.473,45.548,-5.924,-5.924,0
1787735121.602,wrist_flex,-52.200,-61.670,-52.200,9.471,9.471,0
1787735121.602,wrist_roll,0.628,0.220,0.628,0.408,0.408,0
1787735121.602,gripper,66.048,62.631,66.048,3.417,3.417,0
1787735121.651,shoulder_pan,11.730,10.945,11.730,0.785,0.785,0
1787735121.651,shoulder_lift,25.467,39.648,25.467,-14.181,-14.181,0
1787735121.651,elbow_flex,44.606,49.626,44.606,-5.020,-5.020,0
1787735121.651,wrist_flex,-45.643,-59.560,-45.643,13.917,13.917,0
1787735121.651,wrist_roll,0.555,0.308,0.555,0.247,0.247,0
1787735121.651,gripper,66.183,64.068,66.183,2.115,2.115,0
1787735121.702,shoulder_pan,11.733,11.033,11.733,0.700,0.700,0
1787735121.702,shoulder_lift,19.973,36.571,19.973,-16.598,-16.598,0
1787735121.702,elbow_flex,44.386,48.132,44.386,-3.745,-3.745,0
1787735121.702,wrist_flex,-38.892,-55.692,-38.892,16.801,16.801,0
1787735121.702,wrist_roll,0.420,0.308,0.420,0.112,0.112,0
1787735121.702,gripper,65.756,64.939,65.756,0.817,0.817,0
1787735121.751,shoulder_pan,11.723,11.033,11.723,0.690,0.690,0
1787735121.751,shoulder_lift,15.122,33.231,15.122,-18.109,-18.109,0
1787735121.751,elbow_flex,43.784,47.341,43.784,-3.557,-3.557,0
1787735121.751,wrist_flex,-32.808,-50.769,-32.808,17.961,17.961,0
1787735121.751,wrist_roll,0.209,0.308,0.209,-0.099,-0.099,0
1787735121.751,gripper,65.218,65.244,65.218,-0.026,-0.026,0
1787735121.802,shoulder_pan,11.740,11.033,11.740,0.707,0.707,0
1787735121.802,shoulder_lift,10.707,28.659,10.707,-17.952,-17.952,0
1787735121.802,elbow_flex,43.532,46.637,43.532,-3.105,-3.105,0
1787735121.802,wrist_flex,-27.391,-44.879,-27.391,17.488,17.488,0
1787735121.802,wrist_roll,-0.194,0.308,-0.194,-0.502,-0.502,0
1787735121.802,gripper,64.889,65.287,64.889,-0.399,-0.399,0
1787735121.852,shoulder_pan,11.756,11.033,11.756,0.723,0.723,0
1787735121.852,shoulder_lift,6.817,24.088,6.817,-17.271,-17.271,0
1787735121.852,elbow_flex,43.457,46.110,43.457,-2.653,-2.653,0
1787735121.852,wrist_flex,-23.778,-38.989,-23.778,15.211,15.211,0
1787735121.852,wrist_roll,-0.704,0.308,-0.704,-1.011,-1.011,0
1787735121.852,gripper,64.388,65.287,64.388,-0.899,-0.899,0
1787735121.902,shoulder_pan,11.893,11.121,11.893,0.772,0.772,0
1787735121.902,shoulder_lift,4.299,19.516,4.299,-15.217,-15.217,0
1787735121.902,elbow_flex,43.210,45.846,43.210,-2.636,-2.636,0
1787735121.902,wrist_flex,-23.219,-33.538,-23.219,10.320,10.320,0
1787735121.902,wrist_roll,-1.363,-0.044,-1.363,-1.319,-1.319,0
1787735121.902,gripper,63.855,65.157,63.855,-1.302,-1.302,0
1787735121.951,shoulder_pan,11.855,11.121,11.855,0.734,0.734,0
1787735121.951,shoulder_lift,1.870,15.209,1.870,-13.338,-13.338,0
1787735121.951,elbow_flex,43.806,45.846,43.806,-2.040,-2.040,0
1787735121.951,wrist_flex,-24.859,-29.143,-24.859,4.284,4.284,0
1787735121.951,wrist_roll,-1.931,-0.571,-1.931,-1.360,-1.360,0
1787735121.951,gripper,63.485,64.808,63.485,-1.323,-1.323,0
1787735122.002,shoulder_pan,11.821,11.121,11.821,0.701,0.701,0
1787735122.002,shoulder_lift,2.072,11.604,2.072,-9.533,-9.533,0
1787735122.002,elbow_flex,44.129,45.846,44.129,-1.717,-1.717,0
1787735122.002,wrist_flex,-27.654,-26.593,-27.654,-1.061,-1.061,0
1787735122.002,wrist_roll,-2.336,-1.099,-2.336,-1.237,-1.237,0
1787735122.002,gripper,62.920,64.416,62.920,-1.497,-1.497,0
1787735122.052,shoulder_pan,11.794,11.121,11.794,0.673,0.673,0
1787735122.052,shoulder_lift,1.407,9.055,1.407,-7.648,-7.648,0
1787735122.052,elbow_flex,44.438,45.846,44.438,-1.408,-1.408,0
1787735122.052,wrist_flex,-28.647,-26.330,-28.647,-2.317,-2.317,0
1787735122.052,wrist_roll,-2.552,-1.626,-2.552,-0.925,-0.925,0
1787735122.052,gripper,62.440,63.937,62.440,-1.497,-1.497,0
1787735122.102,shoulder_pan,11.906,11.121,11.906,0.785,0.785,0
1787735122.102,shoulder_lift,1.276,7.385,1.276,-6.108,-6.108,0
1787735122.102,elbow_flex,44.466,45.846,44.466,-1.381,-1.381,0
1787735122.102,wrist_flex,-29.861,-26.769,-29.861,-3.092,-3.092,0
1787735122.102,wrist_roll,-2.587,-2.066,-2.587,-0.521,-0.521,0
1787735122.102,gripper,62.267,63.458,62.267,-1.191,-1.191,0
1787735122.152,shoulder_pan,11.694,11.121,11.694,0.573,0.573,0
1787735122.152,shoulder_lift,2.113,6.242,2.113,-4.129,-4.129,0
1787735122.152,elbow_flex,44.607,45.846,44.607,-1.239,-1.239,0
1787735122.152,wrist_flex,-31.919,-27.385,-31.919,-4.535,-4.535,0
1787735122.152,wrist_roll,-2.608,-2.330,-2.608,-0.279,-0.279,0
1787735122.152,gripper,61.757,63.023,61.757,-1.265,-1.265,0
1787735122.202,shoulder_pan,11.687,11.121,11.687,0.566,0.566,0
1787735122.202,shoulder_lift,2.957,5.890,2.957,-2.933,-2.933,0
1787735122.202,elbow_flex,44.506,45.846,44.506,-1.340,-1.340,0
1787735122.202,wrist_flex,-32.124,-28.352,-32.124,-3.773,-3.773,0
1787735122.202,wrist_roll,-2.566,-2.505,-2.566,-0.061,-0.061,0
1787735122.202,gripper,61.629,62.631,61.629,-1.002,-1.002,0
1787735122.253,shoulder_pan,11.661,11.121,11.661,0.540,0.540,0
1787735122.253,shoulder_lift,2.581,5.890,2.581,-3.309,-3.309,0
1787735122.253,elbow_flex,44.953,45.846,44.953,-0.893,-0.893,0
1787735122.253,wrist_flex,-33.158,-29.495,-33.158,-3.663,-3.663,0
1787735122.253,wrist_roll,-2.535,-2.593,-2.535,0.059,0.059,0
1787735122.253,gripper,61.508,62.282,61.508,-0.774,-0.774,0
1787735122.303,shoulder_pan,11.532,11.121,11.532,0.411,0.411,0
1787735122.303,shoulder_lift,3.649,5.890,3.649,-2.241,-2.241,0
1787735122.303,elbow_flex,45.074,45.846,45.074,-0.772,-0.772,0
1787735122.303,wrist_flex,-34.800,-30.374,-34.800,-4.427,-4.427,0
1787735122.303,wrist_roll,-2.498,-2.593,-2.498,0.095,0.095,0
1787735122.303,gripper,61.266,62.064,61.266,-0.799,-0.799,0
1787735122.353,shoulder_pan,10.939,11.121,10.939,-0.182,-0.182,0
1787735122.353,shoulder_lift,8.903,5.890,8.903,3.013,3.013,0
1787735122.353,elbow_flex,45.634,45.846,45.634,-0.212,-0.212,0
1787735122.353,wrist_flex,-35.921,-31.429,-35.921,-4.493,-4.493,0
1787735122.353,wrist_roll,-2.622,-2.593,-2.622,-0.029,-0.029,0
1787735122.353,gripper,60.195,61.803,60.195,-1.608,-1.608,0
1787735122.402,shoulder_pan,10.029,11.121,10.029,-1.092,-1.092,0
1787735122.402,shoulder_lift,17.413,5.978,17.413,11.435,11.435,0
1787735122.402,elbow_flex,47.206,45.934,47.206,1.272,1.272,0
1787735122.402,wrist_flex,-36.486,-32.747,-36.486,-3.738,-3.738,0
1787735122.402,wrist_roll,-2.079,-2.593,-2.079,0.515,0.515,0
1787735122.402,gripper,58.075,61.455,58.075,-3.380,-3.380,0
1787735122.453,shoulder_pan,9.445,11.033,9.445,-1.588,-1.588,0
1787735122.453,shoulder_lift,19.224,8.176,19.224,11.048,11.048,0
1787735122.453,elbow_flex,48.321,46.022,48.321,2.299,2.299,0
1787735122.453,wrist_flex,-37.055,-33.978,-37.055,-3.077,-3.077,0
1787735122.453,wrist_roll,-1.758,-2.505,-1.758,0.748,0.748,0
1787735122.453,gripper,57.412,60.671,57.412,-3.259,-3.259,0
1787735122.503,shoulder_pan,9.072,10.593,9.072,-1.521,-1.521,0
1787735122.503,shoulder_lift,20.712,12.484,20.712,8.229,8.229,0
1787735122.503,elbow_flex,49.200,46.901,49.200,2.299,2.299,0
1787735122.503,wrist_flex,-37.941,-34.945,-37.941,-2.996,-2.996,0
1787735122.503,wrist_roll,-1.539,-2.242,-1.539,0.703,0.703,0
1787735122.503,gripper,56.770,59.451,56.770,-2.681,-2.681,0
1787735122.553,shoulder_pan,8.832,9.890,8.832,-1.058,-1.058,0
1787735122.553,shoulder_lift,21.449,17.407,21.449,4.042,4.042,0
1787735122.553,elbow_flex,50.501,48.308,50.501,2.194,2.194,0
1787735122.553,wrist_flex,-38.623,-35.736,-38.623,-2.887,-2.887,0
1787735122.553,wrist_roll,-1.454,-2.066,-1.454,0.612,0.612,0
1787735122.553,gripper,56.419,58.449,56.419,-2.030,-2.030,0
1787735122.603,shoulder_pan,8.462,9.363,8.462,-0.901,-0.901,0
1787735122.603,shoulder_lift,21.872,20.923,21.872,0.949,0.949,0
1787735122.603,elbow_flex,51.219,49.538,51.219,1.681,1.681,0
1787735122.603,wrist_flex,-39.208,-36.264,-39.208,-2.944,-2.944,0
1787735122.603,wrist_roll,-1.394,-1.802,-1.394,0.408,0.408,0
1787735122.603,gripper,56.348,57.666,56.348,-1.318,-1.318,0
1787735122.653,shoulder_pan,8.385,9.011,8.385,-0.626,-0.626,0
1787735122.653,shoulder_lift,22.210,22.330,22.210,-0.120,-0.120,0
1787735122.653,elbow_flex,52.535,50.593,52.535,1.942,1.942,0
1787735122.653,wrist_flex,-39.700,-36.879,-39.700,-2.821,-2.821,0
1787735122.653,wrist_roll,-1.347,-1.714,-1.347,0.367,0.367,0
1787735122.653,gripper,56.116,57.143,56.116,-1.027,-1.027,0
1787735122.703,shoulder_pan,8.256,8.747,8.256,-0.491,-0.491,0
1787735122.703,shoulder_lift,22.373,22.681,22.373,-0.308,-0.308,0
1787735122.703,elbow_flex,53.441,51.648,53.441,1.792,1.792,0
1787735122.703,wrist_flex,-40.091,-37.582,-40.091,-2.508,-2.508,0
1787735122.703,wrist_roll,-1.327,-1.714,-1.327,0.387,0.387,0
1787735122.703,gripper,56.189,56.794,56.189,-0.606,-0.606,0
1787735122.754,shoulder_pan,8.180,8.396,8.180,-0.215,-0.215,0
1787735122.754,shoulder_lift,22.587,22.769,22.587,-0.182,-0.182,0
1787735122.754,elbow_flex,54.420,52.615,54.420,1.805,1.805,0
1787735122.754,wrist_flex,-40.199,-38.110,-40.199,-2.089,-2.089,0
1787735122.754,wrist_roll,-1.290,-1.714,-1.290,0.424,0.424,0
1787735122.754,gripper,56.199,56.577,56.199,-0.377,-0.377,0
1787735122.803,shoulder_pan,8.181,8.308,8.181,-0.127,-0.127,0
1787735122.803,shoulder_lift,22.892,22.769,22.892,0.123,0.123,0
1787735122.803,elbow_flex,55.433,53.495,55.433,1.939,1.939,0
1787735122.803,wrist_flex,-40.522,-38.549,-40.522,-1.973,-1.973,0
1787735122.803,wrist_roll,-1.233,-1.714,-1.233,0.482,0.482,0
1787735122.803,gripper,56.185,56.446,56.185,-0.261,-0.261,0
1787735122.854,shoulder_pan,8.299,8.308,8.299,-0.009,-0.009,0
1787735122.854,shoulder_lift,22.823,23.121,22.823,-0.298,-0.298,0
1787735122.854,elbow_flex,56.314,54.462,56.314,1.853,1.853,0
1787735122.854,wrist_flex,-40.407,-38.989,-40.407,-1.418,-1.418,0
1787735122.854,wrist_roll,-1.102,-1.714,-1.102,0.612,0.612,0
1787735122.854,gripper,55.918,56.446,55.918,-0.528,-0.528,0
1787735122.903,shoulder_pan,8.229,8.308,8.229,-0.078,-0.078,0
1787735122.903,shoulder_lift,22.573,23.121,22.573,-0.548,-0.548,0
1787735122.903,elbow_flex,57.427,55.165,57.427,2.262,2.262,0
1787735122.903,wrist_flex,-40.098,-39.341,-40.098,-0.757,-0.757,0
1787735122.903,wrist_roll,-1.023,-1.626,-1.023,0.604,0.604,0
1787735122.903,gripper,55.726,56.359,55.726,-0.633,-0.633,0
1787735122.953,shoulder_pan,8.240,8.308,8.240,-0.068,-0.068,0
1787735122.953,shoulder_lift,22.783,23.121,22.783,-0.338,-0.338,0
1787735122.953,elbow_flex,58.003,55.780,58.003,2.223,2.223,0
1787735122.953,wrist_flex,-40.649,-39.604,-40.649,-1.044,-1.044,0
1787735122.953,wrist_roll,-0.969,-1.451,-0.969,0.481,0.481,0
1787735122.953,gripper,55.602,56.185,55.602,-0.582,-0.582,0
1787735123.003,shoulder_pan,8.111,8.308,8.111,-0.197,-0.197,0
1787735123.003,shoulder_lift,23.088,23.121,23.088,-0.033,-0.033,0
1787735123.003,elbow_flex,58.929,56.484,58.929,2.446,2.446,0
1787735123.003,wrist_flex,-41.010,-40.220,-41.010,-0.791,-0.791,0
1787735123.003,wrist_roll,-0.892,-1.275,-0.892,0.383,0.383,0
1787735123.003,gripper,55.465,56.010,55.465,-0.545,-0.545,0
1787735123.053,shoulder_pan,8.047,8.308,8.047,-0.261,-0.261,0
1787735123.053,shoulder_lift,23.183,23.033,23.183,0.150,0.150,0
1787735123.053,elbow_flex,59.271,57.011,59.271,2.260,2.260,0
1787735123.053,wrist_flex,-41.094,-40.484,-41.094,-0.610,-0.610,0
1787735123.053,wrist_roll,-0.871,-1.275,-0.871,0.404,0.404,0
1787735123.053,gripper,55.412,55.836,55.412,-0.425,-0.425,0
1787735123.104,shoulder_pan,8.068,8.308,8.068,-0.240,-0.240,0
1787735123.104,shoulder_lift,23.371,23.033,23.371,0.338,0.338,0
1787735123.104,elbow_flex,60.157,57.714,60.157,2.443,2.443,0
1787735123.104,wrist_flex,-41.533,-40.835,-41.533,-0.698,-0.698,0
1787735123.104,wrist_roll,-0.904,-1.275,-0.904,0.370,0.370,0
1787735123.104,gripper,55.649,55.706,55.649,-0.057,-0.057,0
1787735123.154,shoulder_pan,8.075,8.308,8.075,-0.233,-0.233,0
1787735123.154,shoulder_lift,23.574,22.945,23.574,0.629,0.629,0
1787735123.154,elbow_flex,60.353,58.242,60.353,2.111,2.111,0
1787735123.154,wrist_flex,-41.344,-41.187,-41.344,-0.158,-0.158,0
1787735123.154,wrist_roll,-0.913,-1.275,-0.913,0.361,0.361,0
1787735123.154,gripper,55.684,55.662,55.684,0.021,0.021,0
1787735123.204,shoulder_pan,7.994,8.308,7.994,-0.314,-0.314,0
1787735123.204,shoulder_lift,23.792,22.857,23.792,0.935,0.935,0
1787735123.204,elbow_flex,60.543,58.769,60.543,1.774,1.774,0
1787735123.204,wrist_flex,-41.537,-41.275,-41.537,-0.262,-0.262,0
1787735123.204,wrist_roll,-0.919,-1.275,-0.919,0.356,0.356,0
1787735123.204,gripper,55.534,55.662,55.534,-0.128,-0.128,0
1787735123.254,shoulder_pan,8.075,8.308,8.075,-0.233,-0.233,0
1787735123.254,shoulder_lift,23.831,22.857,23.831,0.974,0.974,0
1787735123.254,elbow_flex,60.517,59.033,60.517,1.484,1.484,0
1787735123.254,wrist_flex,-41.770,-41.363,-41.770,-0.408,-0.408,0
1787735123.254,wrist_roll,-0.943,-1.275,-0.943,0.331,0.331,0
1787735123.254,gripper,55.483,55.662,55.483,-0.179,-0.179,0
1787735123.304,shoulder_pan,8.187,8.308,8.187,-0.121,-0.121,0
1787735123.304,shoulder_lift,24.186,23.033,24.186,1.153,1.153,0
1787735123.304,elbow_flex,61.545,59.121,61.545,2.424,2.424,0
1787735123.304,wrist_flex,-42.596,-41.714,-42.596,-0.881,-0.881,0
1787735123.304,wrist_roll,-1.169,-1.275,-1.169,0.105,0.105,0
1787735123.304,gripper,55.260,55.662,55.260,-0.402,-0.402,0
1787735123.355,shoulder_pan,8.621,8.308,8.621,0.313,0.313,0
1787735123.355,shoulder_lift,27.529,23.297,27.529,4.232,4.232,0
1787735123.355,elbow_flex,61.829,59.385,61.829,2.445,2.445,0
1787735123.355,wrist_flex,-44.854,-42.242,-44.854,-2.612,-2.612,0
1787735123.355,wrist_roll,-1.482,-1.275,-1.482,-0.207,-0.207,0
1787735123.355,gripper,51.080,55.618,51.080,-4.538,-4.538,0
1787735123.404,shoulder_pan,8.920,8.308,8.920,0.612,0.612,0
1787735123.404,shoulder_lift,28.579,23.912,28.579,4.667,4.667,0
1787735123.404,elbow_flex,61.071,59.736,61.071,1.335,1.335,0
1787735123.404,wrist_flex,-45.666,-43.033,-45.666,-2.633,-2.633,0
1787735123.404,wrist_roll,-1.512,-1.275,-1.512,-0.238,-0.238,0
1787735123.404,gripper,48.925,55.314,48.925,-6.389,-6.389,0
1787735123.454,shoulder_pan,9.097,8.308,9.097,0.790,0.790,0
1787735123.454,shoulder_lift,29.696,25.407,29.696,4.289,4.289,0
1787735123.454,elbow_flex,60.721,59.912,60.721,0.809,0.809,0
1787735123.454,wrist_flex,-45.684,-44.352,-45.684,-1.332,-1.332,0
1787735123.454,wrist_roll,-1.509,-1.275,-1.509,-0.234,-0.234,0
1787735123.454,gripper,47.796,54.007,47.796,-6.210,-6.210,0
1787735123.504,shoulder_pan,9.287,8.308,9.287,0.979,0.979,0
1787735123.504,shoulder_lift,30.987,26.462,30.987,4.526,4.526,0
1787735123.504,elbow_flex,60.305,59.912,60.305,0.393,0.393,0
1787735123.504,wrist_flex,-45.573,-45.231,-45.573,-0.342,-0.342,0
1787735123.504,wrist_roll,-1.513,-1.275,-1.513,-0.238,-0.238,0
1787735123.504,gripper,47.151,51.873,47.151,-4.722,-4.722,0
1787735123.554,shoulder_pan,9.400,8.308,9.400,1.092,1.092,0
1787735123.554,shoulder_lift,31.499,27.253,31.499,4.247,4.247,0
1787735123.554,elbow_flex,60.641,59.912,60.641,0.729,0.729,0
1787735123.554,wrist_flex,-45.351,-45.758,-45.351,0.407,0.407,0
1787735123.554,wrist_roll,-1.527,-1.363,-1.527,-0.164,-0.164,0
1787735123.554,gripper,47.058,49.956,47.058,-2.899,-2.899,0
1787735123.605,shoulder_pan,9.482,8.484,9.482,0.999,0.999,0
1787735123.605,shoulder_lift,32.139,28.132,32.139,4.007,4.007,0
1787735123.605,elbow_flex,60.430,59.736,60.430,0.694,0.694,0
1787735123.605,wrist_flex,-45.500,-45.846,-45.500,0.346,0.346,0
1787735123.605,wrist_roll,-1.513,-1.363,-1.513,-0.150,-0.150,0
1787735123.605,gripper,47.017,48.693,47.017,-1.676,-1.676,0
1787735123.655,shoulder_pan,9.542,8.571,9.542,0.970,0.970,0
1787735123.655,shoulder_lift,32.592,28.659,32.592,3.933,3.933,0
1787735123.655,elbow_flex,60.648,59.736,60.648,0.912,0.912,0
1787735123.655,wrist_flex,-45.502,-45.846,-45.502,0.344,0.344,0
1787735123.655,wrist_roll,-1.493,-1.363,-1.493,-0.131,-0.131,0
1787735123.655,gripper,47.051,47.953,47.051,-0.902,-0.902,0
1787735123.705,shoulder_pan,9.617,8.571,9.617,1.046,1.046,0
1787735123.705,shoulder_lift,33.521,28.835,33.521,4.686,4.686,0
1787735123.705,elbow_flex,61.168,59.648,61.168,1.519,1.519,0
1787735123.705,wrist_flex,-45.870,-45.934,-45.870,0.064,0.064,0
1787735123.705,wrist_roll,-1.492,-1.363,-1.492,-0.129,-0.129,0
1787735123.705,gripper,47.353,47.648,47.353,-0.295,-0.295,0
1787735123.755,shoulder_pan,9.699,8.571,9.699,1.127,1.127,0
1787735123.755,shoulder_lift,34.257,29.011,34.257,5.246,5.246,0
1787735123.755,elbow_flex,60.994,59.648,60.994,1.345,1.345,0
1787735123.755,wrist_flex,-45.889,-46.110,-45.889,0.221,0.221,0
1787735123.755,wrist_roll,-1.479,-1.363,-1.479,-0.116,-0.116,0
1787735123.755,gripper,47.050,47.561,47.050,-0.511,-0.511,0
1787735123.805,shoulder_pan,9.781,8.571,9.781,1.210,1.210,0
1787735123.805,shoulder_lift,35.013,29.451,35.013,5.563,5.563,0
1787735123.805,elbow_flex,60.835,59.648,60.835,1.187,1.187,0
1787735123.805,wrist_flex,-45.913,-46.286,-45.913,0.373,0.373,0
1787735123.805,wrist_roll,-1.477,-1.363,-1.477,-0.114,-0.114,0
1787735123.805,gripper,47.119,47.474,47.119,-0.355,-0.355,0
1787735123.855,shoulder_pan,9.684,8.571,9.684,1.113,1.113,0
1787735123.855,shoulder_lift,34.934,29.714,34.934,5.220,5.220,0
1787735123.855,elbow_flex,60.935,59.648,60.935,1.286,1.286,0
1787735123.855,wrist_flex,-45.866,-46.286,-45.866,0.420,0.420,0
1787735123.855,wrist_roll,-1.474,-1.363,-1.474,-0.112,-0.112,0
1787735123.855,gripper,47.495,47.343,47.495,0.152,0.152,0
1787735123.905,shoulder_pan,9.657,8.571,9.657,1.086,1.086,0
1787735123.905,shoulder_lift,35.484,29.890,35.484,5.594,5.594,0
1787735123.905,elbow_flex,61.052,59.648,61.052,1.403,1.403,0
1787735123.905,wrist_flex,-46.419,-46.374,-46.419,-0.046,-0.046,0
1787735123.905,wrist_roll,-1.458,-1.363,-1.458,-0.095,-0.095,0
1787735123.905,gripper,47.621,47.343,47.621,0.278,0.278,0
1787735123.955,shoulder_pan,9.635,8.571,9.635,1.064,1.064,0
1787735123.955,shoulder_lift,35.806,29.890,35.806,5.916,5.916,0
1787735123.955,elbow_flex,61.176,59.648,61.176,1.528,1.528,0
1787735123.955,wrist_flex,-46.556,-46.813,-46.556,0.257,0.257,0
1787735123.955,wrist_roll,-1.467,-1.363,-1.467,-0.104,-0.104,0
1787735123.955,gripper,47.640,47.343,47.640,0.297,0.297,0
1787735124.005,shoulder_pan,9.629,8.571,9.629,1.057,1.057,0
1787735124.005,shoulder_lift,36.113,30.154,36.113,5.959,5.959,0
1787735124.005,elbow_flex,61.260,59.648,61.260,1.612,1.612,0
1787735124.005,wrist_flex,-46.548,-47.077,-46.548,0.528,0.528,0
1787735124.005,wrist_roll,-1.454,-1.363,-1.454,-0.091,-0.091,0
1787735124.005,gripper,47.999,47.343,47.999,0.656,0.656,0
1787735124.055,shoulder_pan,9.611,8.571,9.611,1.040,1.040,0
1787735124.055,shoulder_lift,36.207,30.418,36.207,5.789,5.789,0
1787735124.055,elbow_flex,61.458,59.648,61.458,1.810,1.810,0
1787735124.055,wrist_flex,-46.584,-47.077,-46.584,0.493,0.493,0
1787735124.055,wrist_roll,-1.427,-1.363,-1.427,-0.064,-0.064,0
1787735124.055,gripper,47.991,47.387,47.991,0.604,0.604,0
1787735124.106,shoulder_pan,9.645,8.571,9.645,1.073,1.073,0
1787735124.106,shoulder_lift,36.139,30.505,36.139,5.634,5.634,0
1787735124.106,elbow_flex,61.297,59.560,61.297,1.737,1.737,0
1787735124.106,wrist_flex,-46.504,-47.077,-46.504,0.573,0.573,0
1787735124.106,wrist_roll,-1.429,-1.363,-1.429,-0.067,-0.067,0
1787735124.106,gripper,48.135,47.474,48.135,0.661,0.661,0
1787735124.155,shoulder_pan,9.672,8.571,9.672,1.101,1.101,0
1787735124.155,shoulder_lift,36.842,30.505,36.842,6.337,6.337,0
1787735124.155,elbow_flex,61.345,59.560,61.345,1.785,1.785,0
1787735124.155,wrist_flex,-47.014,-47.077,-47.014,0.063,0.063,0
1787735124.155,wrist_roll,-1.413,-1.363,-1.413,-0.050,-0.050,0
1787735124.155,gripper,48.204,47.648,48.204,0.556,0.556,0
1787735124.206,shoulder_pan,9.688,8.571,9.688,1.116,1.116,0
1787735124.206,shoulder_lift,37.038,30.593,37.038,6.445,6.445,0
1787735124.206,elbow_flex,61.183,59.560,61.183,1.623,1.623,0
1787735124.206,wrist_flex,-47.019,-47.429,-47.019,0.409,0.409,0
1787735124.206,wrist_roll,-1.406,-1.363,-1.406,-0.043,-0.043,0
1787735124.206,gripper,47.953,47.779,47.953,0.175,0.175,0
1787735124.255,shoulder_pan,9.035,8.571,9.035,0.463,0.463,0
1787735124.255,shoulder_lift,35.881,30.681,35.881,5.199,5.199,0
1787735124.255,elbow_flex,60.203,59.560,60.203,0.642,0.642,0
1787735124.255,wrist_flex,-48.172,-47.516,-48.172,-0.656,-0.656,0
1787735124.255,wrist_roll,-1.449,-1.363,-1.449,-0.086,-0.086,0
1787735124.255,gripper,47.884,47.779,47.884,0.106,0.106,0
1787735124.306,shoulder_pan,8.431,8.484,8.431,-0.053,-0.053,0
1787735124.306,shoulder_lift,35.107,30.857,35.107,4.250,4.250,0
1787735124.306,elbow_flex,58.743,59.560,58.743,-0.818,-0.818,0
1787735124.306,wrist_flex,-49.984,-47.956,-49.984,-2.028,-2.028,0
1787735124.306,wrist_roll,-1.432,-1.363,-1.432,-0.069,-0.069,0
1787735124.306,gripper,47.658,47.779,47.658,-0.120,-0.120,0
1787735124.356,shoulder_pan,8.458,8.484,8.458,-0.026,-0.026,0
1787735124.356,shoulder_lift,35.617,31.121,35.617,4.496,4.496,0
1787735124.356,elbow_flex,58.111,59.297,58.111,-1.185,-1.185,0
1787735124.356,wrist_flex,-50.817,-49.187,-50.817,-1.631,-1.631,0
1787735124.356,wrist_roll,-1.430,-1.363,-1.430,-0.068,-0.068,0
1787735124.356,gripper,47.405,47.779,47.405,-0.373,-0.373,0
1787735124.406,shoulder_pan,8.537,8.484,8.537,0.054,0.054,0
1787735124.406,shoulder_lift,35.365,32.000,35.365,3.365,3.365,0
1787735124.406,elbow_flex,57.489,58.418,57.489,-0.928,-0.928,0
1787735124.406,wrist_flex,-51.492,-50.154,-51.492,-1.339,-1.339,0
1787735124.406,wrist_roll,-1.400,-1.363,-1.400,-0.037,-0.037,0
1787735124.406,gripper,47.167,47.779,47.167,-0.612,-0.612,0
1787735124.456,shoulder_pan,8.561,8.484,8.561,0.077,0.077,0
1787735124.456,shoulder_lift,35.567,32.791,35.567,2.776,2.776,0
1787735124.456,elbow_flex,57.320,57.802,57.320,-0.482,-0.482,0
1787735124.456,wrist_flex,-52.426,-51.033,-52.426,-1.393,-1.393,0
1787735124.456,wrist_roll,-1.400,-1.363,-1.400,-0.038,-0.038,0
1787735124.456,gripper,46.903,47.692,46.903,-0.789,-0.789,0
1787735124.506,shoulder_pan,8.513,8.484,8.513,0.029,0.029,0
1787735124.506,shoulder_lift,35.949,33.495,35.949,2.455,2.455,0
1787735124.506,elbow_flex,56.838,57.363,56.838,-0.524,-0.524,0
1787735124.506,wrist_flex,-53.407,-51.736,-53.407,-1.671,-1.671,0
1787735124.506,wrist_roll,-1.407,-1.363,-1.407,-0.044,-0.044,0
1787735124.506,gripper,46.867,47.430,46.867,-0.564,-0.564,0
1787735124.556,shoulder_pan,8.477,8.484,8.477,-0.007,-0.007,0
1787735124.556,shoulder_lift,35.939,34.110,35.939,1.829,1.829,0
1787735124.556,elbow_flex,56.049,56.923,56.049,-0.874,-0.874,0
1787735124.556,wrist_flex,-54.622,-52.527,-54.622,-2.095,-2.095,0
1787735124.556,wrist_roll,-1.410,-1.363,-1.410,-0.047,-0.047,0
1787735124.556,gripper,46.984,47.256,46.984,-0.272,-0.272,0
1787735124.607,shoulder_pan,8.524,8.484,8.524,0.040,0.040,0
1787735124.607,shoulder_lift,35.901,34.637,35.901,1.263,1.263,0
1787735124.607,elbow_flex,55.511,56.484,55.511,-0.973,-0.973,0
1787735124.607,wrist_flex,-55.629,-53.407,-55.629,-2.223,-2.223,0
1787735124.607,wrist_roll,-1.408,-1.363,-1.408,-0.046,-0.046,0
1787735124.607,gripper,47.219,47.169,47.219,0.050,0.050,0
1787735124.656,shoulder_pan,8.541,8.484,8.541,0.057,0.057,0
1787735124.656,shoulder_lift,36.478,35.341,36.478,1.138,1.138,0
1787735124.656,elbow_flex,54.480,56.044,54.480,-1.564,-1.564,0
1787735124.656,wrist_flex,-56.408,-54.374,-56.408,-2.035,-2.035,0
1787735124.656,wrist_roll,-1.426,-1.363,-1.426,-0.064,-0.064,0
1787735124.656,gripper,47.065,47.169,47.065,-0.104,-0.104,0
1787735124.707,shoulder_pan,8.560,8.484,8.560,0.076,0.076,0
1787735124.707,shoulder_lift,36.546,35.956,36.546,0.590,0.590,0
1787735124.707,elbow_flex,53.564,55.429,53.564,-1.864,-1.864,0
1787735124.707,wrist_flex,-56.518,-55.253,-56.518,-1.265,-1.265,0
1787735124.707,wrist_roll,-1.457,-1.363,-1.457,-0.094,-0.094,0
1787735124.707,gripper,47.163,47.169,47.163,-0.006,-0.006,0
1787735124.757,shoulder_pan,8.621,8.484,8.621,0.138,0.138,0
1787735124.757,shoulder_lift,36.974,36.308,36.974,0.667,0.667,0
1787735124.757,elbow_flex,53.211,54.725,53.211,-1.514,-1.514,0
1787735124.757,wrist_flex,-57.609,-55.868,-57.609,-1.741,-1.741,0
1787735124.757,wrist_roll,-1.465,-1.363,-1.465,-0.103,-0.103,0
1787735124.757,gripper,47.028,47.169,47.028,-0.141,-0.141,0
1787735124.806,shoulder_pan,8.641,8.484,8.641,0.157,0.157,0
1787735124.806,shoulder_lift,36.969,36.571,36.969,0.397,0.397,0
1787735124.806,elbow_flex,52.519,54.286,52.519,-1.766,-1.766,0
1787735124.806,wrist_flex,-57.676,-56.396,-57.676,-1.281,-1.281,0
1787735124.806,wrist_roll,-1.485,-1.363,-1.485,-0.122,-0.122,0
1787735124.806,gripper,46.974,47.169,46.974,-0.195,-0.195,0
1787735124.856,shoulder_pan,8.735,8.484,8.735,0.251,0.251,0
1787735124.856,shoulder_lift,36.874,36.923,36.874,-0.049,-0.049,0
1787735124.856,elbow_flex,51.622,54.110,51.622,-2.488,-2.488,0
1787735124.856,wrist_flex,-58.471,-57.011,-58.471,-1.460,-1.460,0
1787735124.856,wrist_roll,-1.519,-1.363,-1.519,-0.156,-0.156,0
1787735124.856,gripper,47.049,47.169,47.049,-0.120,-0.120,0
1787735124.906,shoulder_pan,8.928,8.571,8.928,0.356,0.356,0
1787735124.906,shoulder_lift,36.881,37.011,36.881,-0.130,-0.130,0
1787735124.906,elbow_flex,51.543,53.143,51.543,-1.600,-1.600,0
1787735124.906,wrist_flex,-59.239,-57.538,-59.239,-1.701,-1.701,0
1787735124.906,wrist_roll,-1.541,-1.363,-1.541,-0.179,-0.179,0
1787735124.906,gripper,47.125,47.169,47.125,-0.044,-0.044,0
1787735124.956,shoulder_pan,9.012,8.571,9.012,0.440,0.440,0
1787735124.956,shoulder_lift,37.027,37.099,37.027,-0.071,-0.071,0
1787735124.956,elbow_flex,51.194,52.703,51.194,-1.509,-1.509,0
1787735124.956,wrist_flex,-59.659,-57.714,-59.659,-1.945,-1.945,0
1787735124.956,wrist_roll,-1.577,-1.363,-1.577,-0.215,-0.215,0
1787735124.956,gripper,47.185,47.169,47.185,0.016,0.016,0
1787735125.007,shoulder_pan,9.091,8.571,9.091,0.519,0.519,0
1787735125.007,shoulder_lift,37.228,37.275,37.228,-0.046,-0.046,0
1787735125.007,elbow_flex,50.400,52.352,50.400,-1.951,-1.951,0
1787735125.007,wrist_flex,-60.582,-58.242,-60.582,-2.340,-2.340,0
1787735125.007,wrist_roll,-1.616,-1.363,-1.616,-0.254,-0.254,0
1787735125.007,gripper,47.014,47.169,47.014,-0.155,-0.155,0
1787735125.057,shoulder_pan,9.071,8.571,9.071,0.499,0.499,0
1787735125.057,shoulder_lift,37.049,37.451,37.049,-0.402,-0.402,0
1787735125.057,elbow_flex,50.142,52.000,50.142,-1.858,-1.858,0
1787735125.057,wrist_flex,-61.169,-58.857,-61.169,-2.312,-2.312,0
1787735125.057,wrist_roll,-1.647,-1.363,-1.647,-0.285,-0.285,0
1787735125.057,gripper,47.064,47.169,47.064,-0.105,-0.105,0
1787735125.106,shoulder_pan,9.068,8.571,9.068,0.496,0.496,0
1787735125.106,shoulder_lift,37.252,37.538,37.252,-0.286,-0.286,0
1787735125.106,elbow_flex,49.613,51.736,49.613,-2.123,-2.123,0
1787735125.106,wrist_flex,-62.032,-59.385,-62.032,-2.647,-2.647,0
1787735125.106,wrist_roll,-1.698,-1.275,-1.698,-0.423,-0.423,0
1787735125.106,gripper,47.222,47.169,47.222,0.053,0.053,0
1787735125.157,shoulder_pan,9.099,8.571,9.099,0.527,0.527,0
1787735125.157,shoulder_lift,37.407,37.626,37.407,-0.220,-0.220,0
1787735125.157,elbow_flex,49.169,51.385,49.169,-2.215,-2.215,0
1787735125.157,wrist_flex,-62.578,-59.912,-62.578,-2.666,-2.666,0
1787735125.157,wrist_roll,-1.734,-1.275,-1.734,-0.460,-0.460,0
1787735125.157,gripper,47.219,47.169,47.219,0.050,0.050,0
1787735125.207,shoulder_pan,8.774,8.571,8.774,0.203,0.203,0
1787735125.207,shoulder_lift,38.690,37.626,38.690,1.064,1.064,0
1787735125.207,elbow_flex,48.264,51.209,48.264,-2.944,-2.944,0
1787735125.207,wrist_flex,-61.158,-60.527,-61.158,-0.631,-0.631,0
1787735125.207,wrist_roll,-1.692,-1.275,-1.692,-0.417,-0.417,0
1787735125.207,gripper,46.330,47.169,46.330,-0.839,-0.839,0
1787735125.258,shoulder_pan,8.408,8.571,8.408,-0.163,-0.163,0
1787735125.258,shoulder_lift,40.026,38.066,40.026,1.960,1.960,0
1787735125.258,elbow_flex,46.863,50.681,46.863,-3.818,-3.818,0
1787735125.258,wrist_flex,-59.402,-60.791,-59.402,1.389,1.389,0
1787735125.258,wrist_roll,-1.639,-1.275,-1.639,-0.364,-0.364,0
1787735125.258,gripper,44.611,47.082,44.611,-2.471,-2.471,0
1787735125.307,shoulder_pan,8.408,8.571,8.408,-0.164,-0.164,0
1787735125.307,shoulder_lift,41.214,39.209,41.214,2.005,2.005,0
1787735125.307,elbow_flex,46.606,49.802,46.606,-3.196,-3.196,0
1787735125.307,wrist_flex,-59.896,-60.791,-59.896,0.895,0.895,0
1787735125.307,wrist_roll,-1.614,-1.275,-1.614,-0.339,-0.339,0
1787735125.307,gripper,44.059,46.559,44.059,-2.500,-2.500,0
1787735125.357,shoulder_pan,8.389,8.571,8.389,-0.183,-0.183,0
1787735125.357,shoulder_lift,42.169,40.264,42.169,1.905,1.905,0
1787735125.357,elbow_flex,46.199,48.571,46.199,-2.372,-2.372,0
1787735125.357,wrist_flex,-60.403,-60.527,-60.403,0.125,0.125,0
1787735125.357,wrist_roll,-1.588,-1.275,-1.588,-0.313,-0.313,0
1787735125.357,gripper,43.833,45.557,43.833,-1.725,-1.725,0
1787735125.407,shoulder_pan,8.349,8.571,8.349,-0.223,-0.223,0
1787735125.407,shoulder_lift,41.781,41.143,41.781,0.638,0.638,0
1787735125.407,elbow_flex,46.236,47.692,46.236,-1.456,-1.456,0
1787735125.407,wrist_flex,-60.705,-60.703,-60.705,-0.002,-0.002,0
1787735125.407,wrist_roll,-1.578,-1.275,-1.578,-0.303,-0.303,0
1787735125.407,gripper,43.919,44.861,43.919,-0.941,-0.941,0
1787735125.458,shoulder_pan,8.324,8.571,8.324,-0.248,-0.248,0
1787735125.458,shoulder_lift,42.445,41.670,42.445,0.775,0.775,0
1787735125.458,elbow_flex,45.945,47.077,45.945,-1.132,-1.132,0
1787735125.458,wrist_flex,-60.796,-60.791,-60.796,-0.004,-0.004,0
1787735125.458,wrist_roll,-1.576,-1.275,-1.576,-0.302,-0.302,0
1787735125.458,gripper,43.801,44.469,43.801,-0.668,-0.668,0
1787735125.507,shoulder_pan,8.326,8.571,8.326,-0.245,-0.245,0
1787735125.507,shoulder_lift,42.963,42.110,42.963,0.853,0.853,0
1787735125.507,elbow_flex,45.817,46.813,45.817,-0.996,-0.996,0
1787735125.507,wrist_flex,-61.157,-60.967,-61.157,-0.190,-0.190,0
1787735125.507,wrist_roll,-1.565,-1.275,-1.565,-0.291,-0.291,0
1787735125.507,gripper,43.669,44.251,43.669,-0.582,-0.582,0
1787735125.557,shoulder_pan,8.228,8.571,8.228,-0.344,-0.344,0
1787735125.557,shoulder_lift,43.520,42.549,43.520,0.971,0.971,0
1787735125.557,elbow_flex,45.356,46.022,45.356,-0.666,-0.666,0
1787735125.557,wrist_flex,-61.164,-60.967,-61.164,-0.197,-0.197,0
1787735125.557,wrist_roll,-1.567,-1.275,-1.567,-0.292,-0.292,0
1787735125.557,gripper,43.588,44.077,43.588,-0.489,-0.489,0
1787735125.608,shoulder_pan,8.243,8.571,8.243,-0.328,-0.328,0
1787735125.608,shoulder_lift,43.417,43.077,43.417,0.340,0.340,0
1787735125.608,elbow_flex,45.229,45.670,45.229,-0.442,-0.442,0
1787735125.608,wrist_flex,-61.243,-61.055,-61.243,-0.188,-0.188,0
1787735125.608,wrist_roll,-1.570,-1.363,-1.570,-0.207,-0.207,0
1787735125.608,gripper,43.495,43.902,43.495,-0.408,-0.408,0
1787735125.658,shoulder_pan,8.171,8.571,8.171,-0.401,-0.401,0
1787735125.658,shoulder_lift,44.322,43.165,44.322,1.157,1.157,0
1787735125.658,elbow_flex,44.918,45.495,44.918,-0.577,-0.577,0
1787735125.658,wrist_flex,-61.385,-61.055,-61.385,-0.331,-0.331,0
1787735125.658,wrist_roll,-1.563,-1.363,-1.563,-0.200,-0.200,0
1787735125.658,gripper,43.294,43.772,43.294,-0.478,-0.478,0
1787735125.708,shoulder_pan,8.171,8.484,8.171,-0.313,-0.313,0
1787735125.708,shoulder_lift,44.440,43.429,44.440,1.012,1.012,0
1787735125.708,elbow_flex,44.633,45.231,44.633,-0.598,-0.598,0
1787735125.708,wrist_flex,-61.305,-61.231,-61.305,-0.075,-0.075,0
1787735125.708,wrist_roll,-1.570,-1.363,-1.570,-0.208,-0.208,0
1787735125.708,gripper,43.289,43.641,43.289,-0.352,-0.352,0
1787735125.757,shoulder_pan,8.166,8.396,8.166,-0.230,-0.230,0
1787735125.757,shoulder_lift,44.929,43.868,44.929,1.060,1.060,0
1787735125.757,elbow_flex,44.423,44.879,44.423,-0.457,-0.457,0
1787735125.757,wrist_flex,-61.575,-61.231,-61.575,-0.345,-0.345,0
1787735125.757,wrist_roll,-1.543,-1.363,-1.543,-0.180,-0.180,0
1787735125.757,gripper,43.161,43.510,43.161,-0.350,-0.350,0
1787735125.807,shoulder_pan,8.148,8.308,8.148,-0.160,-0.160,0
1787735125.807,shoulder_lift,44.650,44.308,44.650,0.342,0.342,0
1787735125.807,elbow_flex,44.383,44.527,44.383,-0.145,-0.145,0
1787735125.807,wrist_flex,-61.411,-61.407,-61.411,-0.004,-0.004,0
1787735125.807,wrist_roll,-1.551,-1.363,-1.551,-0.189,-0.189,0
1787735125.807,gripper,43.318,43.423,43.318,-0.105,-0.105,0
1787735125.857,shoulder_pan,8.134,8.308,8.134,-0.173,-0.173,0
1787735125.857,shoulder_lift,44.778,44.484,44.778,0.295,0.295,0
1787735125.857,elbow_flex,44.338,44.440,44.338,-0.102,-0.102,0
1787735125.857,wrist_flex,-61.110,-61.495,-61.110,0.385,0.385,0
1787735125.857,wrist_roll,-1.560,-1.363,-1.560,-0.197,-0.197,0
1787735125.857,gripper,43.393,43.380,43.393,0.013,0.013,0
1787735125.908,shoulder_pan,8.086,8.220,8.086,-0.134,-0.134,0
1787735125.908,shoulder_lift,44.923,44.484,44.923,0.439,0.439,0
1787735125.908,elbow_flex,44.157,44.440,44.157,-0.283,-0.283,0
1787735125.908,wrist_flex,-61.362,-61.495,-61.362,0.132,0.132,0
1787735125.908,wrist_roll,-1.530,-1.363,-1.530,-0.167,-0.167,0
1787735125.908,gripper,43.432,43.380,43.432,0.052,0.052,0
1787735125.958,shoulder_pan,7.988,8.220,7.988,-0.232,-0.232,0
1787735125.958,shoulder_lift,45.753,44.484,45.753,1.269,1.269,0
1787735125.958,elbow_flex,43.652,44.440,43.652,-0.787,-0.787,0
1787735125.958,wrist_flex,-62.191,-61.495,-62.191,-0.697,-0.697,0
1787735125.958,wrist_roll,-1.498,-1.363,-1.498,-0.135,-0.135,0
1787735125.958,gripper,42.848,43.380,42.848,-0.532,-0.532,0
1787735126.008,shoulder_pan,7.986,8.220,7.986,-0.234,-0.234,0
1787735126.008,shoulder_lift,45.947,44.659,45.947,1.288,1.288,0
1787735126.008,elbow_flex,43.806,44.264,43.806,-0.458,-0.458,0
1787735126.008,wrist_flex,-62.182,-61.582,-62.182,-0.599,-0.599,0
1787735126.008,wrist_roll,-1.501,-1.363,-1.501,-0.139,-0.139,0
1787735126.008,gripper,42.934,43.293,42.934,-0.359,-0.359,0
1787735126.059,shoulder_pan,8.016,8.220,8.016,-0.204,-0.204,0
1787735126.059,shoulder_lift,45.800,45.187,45.800,0.613,0.613,0
1787735126.059,elbow_flex,43.919,44.000,43.919,-0.081,-0.081,0
1787735126.059,wrist_flex,-62.152,-62.022,-62.152,-0.130,-0.130,0
1787735126.059,wrist_roll,-1.499,-1.363,-1.499,-0.136,-0.136,0
1787735126.059,gripper,42.948,43.162,42.948,-0.214,-0.214,0
1787735126.108,shoulder_pan,7.941,8.220,7.941,-0.278,-0.278,0
1787735126.108,shoulder_lift,45.863,45.363,45.863,0.501,0.501,0
1787735126.108,elbow_flex,43.738,43.912,43.738,-0.174,-0.174,0
1787735126.108,wrist_flex,-62.124,-62.110,-62.124,-0.014,-0.014,0
1787735126.108,wrist_roll,-1.479,-1.363,-1.479,-0.116,-0.116,0
1787735126.108,gripper,42.884,43.118,42.884,-0.235,-0.235,0
1787735126.159,shoulder_pan,7.726,8.220,7.726,-0.493,-0.493,0
1787735126.159,shoulder_lift,46.899,45.451,46.899,1.448,1.448,0
1787735126.159,elbow_flex,42.123,43.824,42.123,-1.701,-1.701,0
1787735126.159,wrist_flex,-63.691,-62.110,-63.691,-1.582,-1.582,0
1787735126.159,wrist_roll,-1.449,-1.363,-1.449,-0.087,-0.087,0
1787735126.159,gripper,41.933,43.118,41.933,-1.186,-1.186,0
1787735126.208,shoulder_pan,7.663,8.220,7.663,-0.557,-0.557,0
1787735126.208,shoulder_lift,48.306,45.890,48.306,2.415,2.415,0
1787735126.208,elbow_flex,39.971,43.648,39.971,-3.677,-3.677,0
1787735126.208,wrist_flex,-66.024,-62.637,-66.024,-3.386,-3.386,0
1787735126.208,wrist_roll,-1.391,-1.363,-1.391,-0.029,-0.029,0
1787735126.208,gripper,40.453,42.944,40.453,-2.491,-2.491,0
1787735126.259,shoulder_pan,7.619,7.956,7.619,-0.337,-0.337,0
1787735126.259,shoulder_lift,49.563,46.769,49.563,2.793,2.793,0
1787735126.259,elbow_flex,39.267,42.418,39.267,-3.151,-3.151,0
1787735126.259,wrist_flex,-66.388,-63.516,-66.388,-2.872,-2.872,0
1787735126.259,wrist_roll,-1.371,-1.363,-1.371,-0.008,-0.008,0
1787735126.259,gripper,40.236,42.247,40.236,-2.011,-2.011,0
1787735126.309,shoulder_pan,7.652,7.780,7.652,-0.128,-0.128,0
1787735126.309,shoulder_lift,49.641,47.736,49.641,1.905,1.905,0
1787735126.309,elbow_flex,38.912,41.363,38.912,-2.451,-2.451,0
1787735126.309,wrist_flex,-66.596,-64.835,-66.596,-1.761,-1.761,0
1787735126.309,wrist_roll,-1.387,-1.363,-1.387,-0.024,-0.024,0
1787735126.309,gripper,40.144,41.420,40.144,-1.276,-1.276,0
1787735126.359,shoulder_pan,7.677,7.692,7.677,-0.015,-0.015,0
1787735126.359,shoulder_lift,50.067,48.615,50.067,1.451,1.451,0
1787735126.359,elbow_flex,38.405,40.571,38.405,-2.167,-2.167,0
1787735126.359,wrist_flex,-66.793,-65.626,-66.793,-1.167,-1.167,0
1787735126.359,wrist_roll,-1.389,-1.363,-1.389,-0.026,-0.026,0
1787735126.359,gripper,39.946,40.897,39.946,-0.951,-0.951,0
1787735126.409,shoulder_pan,7.643,7.692,7.643,-0.049,-0.049,0
1787735126.409,shoulder_lift,51.525,49.231,51.525,2.295,2.295,0
1787735126.409,elbow_flex,38.319,39.780,38.319,-1.462,-1.462,0
1787735126.409,wrist_flex,-67.532,-66.154,-67.532,-1.378,-1.378,0
1787735126.409,wrist_roll,-1.392,-1.363,-1.392,-0.030,-0.030,0
1787735126.409,gripper,39.768,40.592,39.768,-0.824,-0.824,0
1787735126.459,shoulder_pan,7.690,7.692,7.690,-0.002,-0.002,0
1787735126.459,shoulder_lift,51.745,49.934,51.745,1.811,1.811,0
1787735126.459,elbow_flex,37.592,39.077,37.592,-1.485,-1.485,0
1787735126.459,wrist_flex,-67.808,-66.681,-67.808,-1.127,-1.127,0
1787735126.459,wrist_roll,-1.385,-1.363,-1.385,-0.022,-0.022,0
1787735126.459,gripper,39.650,40.331,39.650,-0.681,-0.681,0
1787735126.509,shoulder_pan,7.690,7.604,7.690,0.086,0.086,0
1787735126.509,shoulder_lift,52.023,50.549,52.023,1.474,1.474,0
1787735126.509,elbow_flex,37.475,38.286,37.475,-0.811,-0.811,0
1787735126.509,wrist_flex,-67.643,-67.209,-67.643,-0.434,-0.434,0
1787735126.509,wrist_roll,-1.387,-1.363,-1.387,-0.025,-0.025,0
1787735126.509,gripper,39.506,40.113,39.506,-0.607,-0.607,0
1787735126.559,shoulder_pan,7.611,7.604,7.611,0.006,0.006,0
1787735126.559,shoulder_lift,53.055,51.077,53.055,1.978,1.978,0
1787735126.559,elbow_flex,37.083,37.934,37.083,-0.851,-0.851,0
1787735126.559,wrist_flex,-68.082,-67.385,-68.082,-0.697,-0.697,0
1787735126.559,wrist_roll,-1.369,-1.363,-1.369,-0.007,-0.007,0
1787735126.559,gripper,39.257,39.895,39.257,-0.639,-0.639,0
1787735126.609,shoulder_pan,7.687,7.604,7.687,0.083,0.083,0
1787735126.609,shoulder_lift,53.422,51.429,53.422,1.994,1.994,0
1787735126.609,elbow_flex,36.860,37.582,36.860,-0.722,-0.722,0
1787735126.609,wrist_flex,-67.878,-67.560,-67.878,-0.318,-0.318,0
1787735126.609,wrist_roll,-1.383,-1.363,-1.383,-0.020,-0.020,0
1787735126.609,gripper,39.034,39.721,39.034,-0.687,-0.687,0
1787735126.659,shoulder_pan,7.609,7.604,7.609,0.004,0.004,0
1787735126.659,shoulder_lift,53.552,51.956,53.552,1.596,1.596,0
1787735126.659,elbow_flex,36.644,37.143,36.644,-0.499,-0.499,0
1787735126.659,wrist_flex,-68.083,-67.824,-68.083,-0.259,-0.259,0
1787735126.659,wrist_roll,-1.351,-1.363,-1.351,0.012,0.012,0
1787735126.659,gripper,39.098,39.503,39.098,-0.405,-0.405,0
1787735126.709,shoulder_pan,7.598,7.604,7.598,-0.006,-0.006,0
1787735126.709,shoulder_lift,54.076,52.308,54.076,1.768,1.768,0
1787735126.709,elbow_flex,36.460,36.879,36.460,-0.420,-0.420,0
1787735126.709,wrist_flex,-68.230,-67.912,-68.230,-0.318,-0.318,0
1787735126.709,wrist_roll,-1.368,-1.363,-1.368,-0.005,-0.005,0
1787735126.709,gripper,39.136,39.373,39.136,-0.237,-0.237,0
1787735126.759,shoulder_pan,7.604,7.604,7.604,-0.001,-0.001,0
1787735126.759,shoulder_lift,54.168,52.571,54.168,1.597,1.597,0
1787735126.759,elbow_flex,36.323,36.527,36.323,-0.204,-0.204,0
1787735126.759,wrist_flex,-68.126,-68.176,-68.126,0.050,0.050,0
1787735126.759,wrist_roll,-1.364,-1.363,-1.364,-0.001,-0.001,0
1787735126.759,gripper,39.044,39.329,39.044,-0.285,-0.285,0
1787735126.809,shoulder_pan,7.501,7.604,7.501,-0.103,-0.103,0
1787735126.809,shoulder_lift,55.203,52.835,55.203,2.368,2.368,0
1787735126.809,elbow_flex,35.977,36.352,35.977,-0.374,-0.374,0
1787735126.809,wrist_flex,-68.751,-68.176,-68.751,-0.575,-0.575,0
1787735126.809,wrist_roll,-1.369,-1.363,-1.369,-0.006,-0.006,0
1787735126.809,gripper,38.989,39.329,38.989,-0.340,-0.340,0
1787735126.859,shoulder_pan,7.622,7.604,7.622,0.017,0.017,0
1787735126.859,shoulder_lift,55.384,53.363,55.384,2.021,2.021,0
1787735126.859,elbow_flex,35.434,36.176,35.434,-0.742,-0.742,0
1787735126.859,wrist_flex,-68.388,-68.440,-68.388,0.052,0.052,0
1787735126.859,wrist_roll,-1.358,-1.363,-1.358,0.005,0.005,0
1787735126.859,gripper,38.919,39.329,38.919,-0.410,-0.410,0
1787735126.910,shoulder_pan,7.501,7.604,7.501,-0.103,-0.103,0
1787735126.910,shoulder_lift,56.054,53.714,56.054,2.340,2.340,0
1787735126.910,elbow_flex,35.329,35.736,35.329,-0.407,-0.407,0
1787735126.910,wrist_flex,-68.512,-68.527,-68.512,0.016,0.016,0
1787735126.910,wrist_roll,-1.346,-1.363,-1.346,0.017,0.017,0
1787735126.910,gripper,38.575,39.329,38.575,-0.754,-0.754,0
1787735126.960,shoulder_pan,7.499,7.516,7.499,-0.018,-0.018,0
1787735126.960,shoulder_lift,56.290,54.066,56.290,2.224,2.224,0
1787735126.960,elbow_flex,35.100,35.385,35.100,-0.285,-0.285,0
1787735126.960,wrist_flex,-68.427,-68.527,-68.427,0.100,0.100,0
1787735126.960,wrist_roll,-1.347,-1.363,-1.347,0.016,0.016,0
1787735126.960,gripper,38.722,39.199,38.722,-0.477,-0.477,0
1787735127.010,shoulder_pan,7.413,7.429,7.413,-0.016,-0.016,0
1787735127.010,shoulder_lift,56.788,54.330,56.788,2.459,2.459,0
1787735127.010,elbow_flex,34.764,35.033,34.764,-0.269,-0.269,0
1787735127.010,wrist_flex,-68.325,-68.527,-68.325,0.202,0.202,0
1787735127.010,wrist_roll,-1.336,-1.363,-1.336,0.026,0.026,0
1787735127.010,gripper,38.579,39.068,38.579,-0.488,-0.488,0
1787735127.059,shoulder_pan,7.498,7.429,7.498,0.070,0.070,0
1787735127.059,shoulder_lift,57.799,54.505,57.799,3.294,3.294,0
1787735127.059,elbow_flex,34.292,34.769,34.292,-0.477,-0.477,0
1787735127.059,wrist_flex,-67.738,-68.527,-67.738,0.790,0.790,0
1787735127.059,wrist_roll,-1.343,-1.363,-1.343,0.020,0.020,0
1787735127.059,gripper,38.658,38.894,38.658,-0.236,-0.236,0
1787735127.109,shoulder_pan,7.385,7.429,7.385,-0.044,-0.044,0
1787735127.109,shoulder_lift,56.172,54.945,56.172,1.227,1.227,0
1787735127.109,elbow_flex,34.720,34.330,34.720,0.390,0.390,0
1787735127.109,wrist_flex,-67.757,-68.527,-67.757,0.771,0.771,0
1787735127.109,wrist_roll,-1.260,-1.363,-1.260,0.103,0.103,0
1787735127.109,gripper,36.229,38.850,36.229,-2.621,-2.621,0
1787735127.161,shoulder_pan,7.247,7.429,7.247,-0.182,-0.182,0
1787735127.161,shoulder_lift,54.849,55.121,54.849,-0.272,-0.272,0
1787735127.161,elbow_flex,34.871,34.242,34.871,0.629,0.629,0
1787735127.161,wrist_flex,-67.383,-68.527,-67.383,1.145,1.145,0
1787735127.161,wrist_roll,-1.204,-1.363,-1.204,0.159,0.159,0
1787735127.161,gripper,32.971,38.676,32.971,-5.705,-5.705,0
1787735127.210,shoulder_pan,7.255,7.341,7.255,-0.086,-0.086,0
1787735127.210,shoulder_lift,54.722,55.033,54.722,-0.311,-0.311,0
1787735127.210,elbow_flex,34.326,34.242,34.326,0.085,0.085,0
1787735127.210,wrist_flex,-66.513,-68.527,-66.513,2.015,2.015,0
1787735127.210,wrist_roll,-1.209,-1.363,-1.209,0.153,0.153,0
1787735127.210,gripper,31.503,37.500,31.503,-5.997,-5.997,0
1787735127.261,shoulder_pan,7.237,7.341,7.237,-0.103,-0.103,0
1787735127.261,shoulder_lift,54.936,54.769,54.936,0.167,0.167,0
1787735127.261,elbow_flex,33.909,34.242,33.909,-0.333,-0.333,0
1787735127.261,wrist_flex,-65.495,-68.440,-65.495,2.944,2.944,0
1787735127.261,wrist_roll,-1.235,-1.363,-1.235,0.128,0.128,0
1787735127.261,gripper,30.292,36.803,30.292,-6.511,-6.511,0
1787735127.310,shoulder_pan,7.186,7.341,7.186,-0.155,-0.155,0
1787735127.310,shoulder_lift,54.845,54.681,54.845,0.163,0.163,0
1787735127.310,elbow_flex,33.283,34.154,33.283,-0.871,-0.871,0
1787735127.310,wrist_flex,-64.375,-68.000,-64.375,3.625,3.625,0
1787735127.310,wrist_roll,-1.227,-1.363,-1.227,0.136,0.136,0
1787735127.310,gripper,29.210,36.803,29.210,-7.593,-7.593,0
1787735127.360,shoulder_pan,7.298,7.253,7.298,0.046,0.046,0
1787735127.360,shoulder_lift,55.317,54.681,55.317,0.635,0.635,0
1787735127.360,elbow_flex,33.003,33.802,33.003,-0.799,-0.799,0
1787735127.360,wrist_flex,-64.037,-67.209,-64.037,3.172,3.172,0
1787735127.360,wrist_roll,-1.266,-1.363,-1.266,0.096,0.096,0
1787735127.360,gripper,28.340,36.803,28.340,-8.463,-8.463,0
1787735127.410,shoulder_pan,7.204,7.253,7.204,-0.049,-0.049,0
1787735127.410,shoulder_lift,55.562,54.681,55.562,0.881,0.881,0
1787735127.410,elbow_flex,32.628,33.363,32.628,-0.734,-0.734,0
1787735127.410,wrist_flex,-63.144,-66.505,-63.144,3.362,3.362,0
1787735127.410,wrist_roll,-1.253,-1.363,-1.253,0.110,0.110,0
1787735127.410,gripper,28.000,36.803,28.000,-8.803,-8.803,0
1787735127.460,shoulder_pan,7.120,7.253,7.120,-0.133,-0.133,0
1787735127.460,shoulder_lift,55.865,54.681,55.865,1.184,1.184,0
1787735127.460,elbow_flex,32.185,32.923,32.185,-0.738,-0.738,0
1787735127.460,wrist_flex,-63.183,-65.890,-63.183,2.707,2.707,0
1787735127.460,wrist_roll,-1.260,-1.363,-1.260,0.103,0.103,0
1787735127.460,gripper,27.751,36.803,27.751,-9.053,-9.053,0
1787735127.511,shoulder_pan,7.072,7.253,7.072,-0.181,-0.181,0
1787735127.511,shoulder_lift,56.626,54.681,56.626,1.945,1.945,0
1787735127.511,elbow_flex,31.839,32.396,31.839,-0.557,-0.557,0
1787735127.511,wrist_flex,-63.285,-65.363,-63.285,2.078,2.078,0
1787735127.511,wrist_roll,-1.251,-1.363,-1.251,0.112,0.112,0
1787735127.511,gripper,27.424,36.803,27.424,-9.379,-9.379,0
1787735127.561,shoulder_pan,7.094,7.253,7.094,-0.159,-0.159,0
1787735127.561,shoulder_lift,56.446,54.681,56.446,1.764,1.764,0
1787735127.561,elbow_flex,31.818,32.044,31.818,-0.226,-0.226,0
1787735127.561,wrist_flex,-63.236,-65.187,-63.236,1.950,1.950,0
1787735127.561,wrist_roll,-1.254,-1.363,-1.254,0.109,0.109,0
1787735127.561,gripper,27.302,36.803,27.302,-9.502,-9.502,0
1787735127.611,shoulder_pan,7.159,7.253,7.159,-0.094,-0.094,0
1787735127.611,shoulder_lift,56.559,54.945,56.559,1.614,1.614,0
1787735127.611,elbow_flex,31.583,31.780,31.583,-0.197,-0.197,0
1787735127.611,wrist_flex,-63.385,-65.187,-63.385,1.802,1.802,0
1787735127.611,wrist_roll,-1.226,-1.363,-1.226,0.136,0.136,0
1787735127.611,gripper,27.317,36.803,27.317,-9.487,-9.487,0
1787735127.660,shoulder_pan,7.153,7.253,7.153,-0.100,-0.100,0
1787735127.660,shoulder_lift,56.569,54.945,56.569,1.624,1.624,0
1787735127.660,elbow_flex,31.689,31.604,31.689,0.084,0.084,0
1787735127.660,wrist_flex,-63.595,-65.187,-63.595,1.592,1.592,0
1787735127.660,wrist_roll,-1.218,-1.363,-1.218,0.145,0.145,0
1787735127.660,gripper,27.063,36.803,27.063,-9.740,-9.740,0
1787735127.710,shoulder_pan,7.056,7.253,7.056,-0.197,-0.197,0
1787735127.710,shoulder_lift,57.101,54.945,57.101,2.156,2.156,0
1787735127.710,elbow_flex,31.582,31.604,31.582,-0.023,-0.023,0
1787735127.710,wrist_flex,-63.947,-65.187,-63.947,1.240,1.240,0
1787735127.710,wrist_roll,-1.198,-1.363,-1.198,0.165,0.165,0
1787735127.710,gripper,27.056,36.803,27.056,-9.747,-9.747,0
1787735127.760,shoulder_pan,7.117,7.253,7.117,-0.136,-0.136,0
1787735127.760,shoulder_lift,56.995,54.945,56.995,2.050,2.050,0
1787735127.760,elbow_flex,31.520,31.604,31.520,-0.085,-0.085,0
1787735127.760,wrist_flex,-63.619,-65.187,-63.619,1.568,1.568,0
1787735127.760,wrist_roll,-1.194,-1.363,-1.194,0.168,0.168,0
1787735127.760,gripper,27.180,36.803,27.180,-9.623,-9.623,0
1787735127.811,shoulder_pan,7.035,7.253,7.035,-0.218,-0.218,0
1787735127.811,shoulder_lift,57.353,54.945,57.353,2.408,2.408,0
1787735127.811,elbow_flex,31.249,31.604,31.249,-0.356,-0.356,0
1787735127.811,wrist_flex,-63.554,-65.187,-63.554,1.632,1.632,0
1787735127.811,wrist_roll,-1.173,-1.363,-1.173,0.190,0.190,0
1787735127.811,gripper,27.005,36.803,27.005,-9.798,-9.798,0
1787735127.861,shoulder_pan,7.030,7.253,7.030,-0.222,-0.222,0
1787735127.861,shoulder_lift,56.923,55.121,56.923,1.802,1.802,0
1787735127.861,elbow_flex,31.330,31.341,31.330,-0.010,-0.010,0
1787735127.861,wrist_flex,-63.602,-65.187,-63.602,1.585,1.585,0
1787735127.861,wrist_roll,-1.178,-1.363,-1.178,0.185,0.185,0
1787735127.861,gripper,27.382,36.803,27.382,-9.421,-9.421,0
1787735127.911,shoulder_pan,7.069,7.253,7.069,-0.184,-0.184,0
1787735127.911,shoulder_lift,57.680,55.209,57.680,2.471,2.471,0
1787735127.911,elbow_flex,31.367,31.253,31.367,0.114,0.114,0
1787735127.911,wrist_flex,-64.108,-65.187,-64.108,1.079,1.079,0
1787735127.911,wrist_roll,-1.173,-1.363,-1.173,0.190,0.190,0
1787735127.911,gripper,27.135,36.803,27.135,-9.668,-9.668,0
1787735127.961,shoulder_pan,7.048,7.253,7.048,-0.205,-0.205,0
1787735127.961,shoulder_lift,57.565,55.297,57.565,2.268,2.268,0
1787735127.961,elbow_flex,31.233,31.253,31.233,-0.019,-0.019,0
1787735127.961,wrist_flex,-64.159,-65.187,-64.159,1.028,1.028,0
1787735127.961,wrist_roll,-1.171,-1.363,-1.171,0.191,0.191,0
1787735127.961,gripper,27.128,36.803,27.128,-9.675,-9.675,0
1787735128.011,shoulder_pan,7.106,7.253,7.106,-0.147,-0.147,0
1787735128.011,shoulder_lift,57.605,55.385,57.605,2.221,2.221,0
1787735128.011,elbow_flex,31.246,31.253,31.246,-0.007,-0.007,0
1787735128.011,wrist_flex,-64.235,-65.187,-64.235,0.952,0.952,0
1787735128.011,wrist_roll,-1.178,-1.363,-1.178,0.184,0.184,0
1787735128.011,gripper,27.191,36.803,27.191,-9.612,-9.612,0
1787735128.062,shoulder_pan,7.904,7.253,7.904,0.652,0.652,0
1787735128.062,shoulder_lift,58.731,55.385,58.731,3.346,3.346,0
1787735128.062,elbow_flex,30.064,31.253,30.064,-1.189,-1.189,0
1787735128.062,wrist_flex,-64.029,-65.187,-64.029,1.158,1.158,0
1787735128.062,wrist_roll,-1.271,-1.363,-1.271,0.091,0.091,0
1787735128.062,gripper,27.383,36.803,27.383,-9.420,-9.420,0
1787735128.111,shoulder_pan,9.366,7.253,9.366,2.113,2.113,0
1787735128.111,shoulder_lift,61.549,55.560,61.549,5.988,5.988,0
1787735128.111,elbow_flex,26.949,30.901,26.949,-3.952,-3.952,0
1787735128.111,wrist_flex,-62.927,-65.187,-62.927,2.259,2.259,0
1787735128.111,wrist_roll,-1.423,-1.363,-1.423,-0.060,-0.060,0
1787735128.111,gripper,27.380,36.803,27.380,-9.423,-9.423,0
1787735128.161,shoulder_pan,9.759,7.341,9.759,2.418,2.418,0
1787735128.161,shoulder_lift,62.293,56.352,62.293,5.941,5.941,0
1787735128.161,elbow_flex,25.861,30.022,25.861,-4.161,-4.161,0
1787735128.161,wrist_flex,-62.425,-65.187,-62.425,2.761,2.761,0
1787735128.161,wrist_roll,-1.469,-1.363,-1.469,-0.106,-0.106,0
1787735128.161,gripper,27.680,36.803,27.680,-9.123,-9.123,0
1787735128.212,shoulder_pan,10.122,7.604,10.122,2.518,2.518,0
1787735128.212,shoulder_lift,63.424,57.670,63.424,5.754,5.754,0
1787735128.212,elbow_flex,24.042,28.000,24.042,-3.958,-3.958,0
1787735128.212,wrist_flex,-61.687,-64.923,-61.687,3.236,3.236,0
1787735128.212,wrist_roll,-1.540,-1.099,-1.540,-0.442,-0.442,0
1787735128.212,gripper,27.627,36.803,27.627,-9.177,-9.177,0
1787735128.262,shoulder_pan,10.611,7.868,10.611,2.743,2.743,0
1787735128.262,shoulder_lift,64.822,58.637,64.822,6.184,6.184,0
1787735128.262,elbow_flex,21.957,26.330,21.957,-4.372,-4.372,0
1787735128.262,wrist_flex,-61.226,-64.396,-61.226,3.170,3.170,0
1787735128.262,wrist_roll,-1.597,-1.011,-1.597,-0.586,-0.586,0
1787735128.262,gripper,27.905,36.803,27.905,-8.898,-8.898,0
1787735128.311,shoulder_pan,10.854,8.220,10.854,2.634,2.634,0
1787735128.311,shoulder_lift,65.629,59.516,65.629,6.113,6.113,0
1787735128.311,elbow_flex,20.480,24.484,20.480,-4.003,-4.003,0
1787735128.311,wrist_flex,-60.840,-63.868,-60.840,3.028,3.028,0
1787735128.311,wrist_roll,-1.651,-1.187,-1.651,-0.465,-0.465,0
1787735128.311,gripper,27.987,36.803,27.987,-8.816,-8.816,0
1787735128.362,shoulder_pan,11.101,8.484,11.101,2.618,2.618,0
1787735128.362,shoulder_lift,67.665,60.396,67.665,7.270,7.270,0
1787735128.362,elbow_flex,18.622,22.549,18.622,-3.927,-3.927,0
1787735128.362,wrist_flex,-61.656,-63.341,-61.656,1.685,1.685,0
1787735128.362,wrist_roll,-1.671,-1.363,-1.671,-0.308,-0.308,0
1787735128.362,gripper,27.863,36.803,27.863,-8.941,-8.941,0
1787735128.412,shoulder_pan,11.204,8.747,11.204,2.457,2.457,0
1787735128.412,shoulder_lift,68.167,61.275,68.167,6.892,6.892,0
1787735128.412,elbow_flex,17.279,20.791,17.279,-3.513,-3.513,0
1787735128.412,wrist_flex,-60.637,-63.253,-60.637,2.616,2.616,0
1787735128.412,wrist_roll,-1.669,-1.363,-1.669,-0.307,-0.307,0
1787735128.412,gripper,27.858,36.803,27.858,-8.945,-8.945,0
1787735415.051,shoulder_pan,-1.582,-1.714,-1.582,0.132,0.132,0
1787735415.051,shoulder_lift,-98.526,-105.407,-98.526,6.880,6.880,0
1787735415.051,elbow_flex,85.206,96.220,85.206,-11.013,-11.013,0
1787735415.051,wrist_flex,51.293,76.527,51.293,-25.235,-25.235,0
1787735415.051,wrist_roll,-1.647,-1.714,-1.647,0.067,0.067,0
1787735415.051,gripper,22.647,37.544,22.647,-14.897,-14.897,0
1787735415.102,shoulder_pan,-1.690,-1.714,-1.690,0.024,0.024,0
1787735415.102,shoulder_lift,-98.847,-105.319,-98.847,6.472,6.472,0
1787735415.102,elbow_flex,84.404,96.220,84.404,-11.816,-11.816,0
1787735415.102,wrist_flex,50.619,76.440,50.619,-25.821,-25.821,0
1787735415.102,wrist_roll,-1.677,-1.714,-1.677,0.037,0.037,0
1787735415.102,gripper,22.678,37.544,22.678,-14.865,-14.865,0
1787735415.152,shoulder_pan,-1.670,-1.802,-1.670,0.132,0.132,0
1787735415.152,shoulder_lift,-98.959,-103.473,-98.959,4.513,4.513,0
1787735415.152,elbow_flex,83.773,94.901,83.773,-11.128,-11.128,0
1787735415.152,wrist_flex,50.903,74.330,50.903,-23.427,-23.427,0
1787735415.152,wrist_roll,-1.679,-1.714,-1.679,0.035,0.035,0
1787735415.152,gripper,22.639,36.977,22.639,-14.338,-14.338,0
1787735415.203,shoulder_pan,-1.891,-1.802,-1.891,-0.089,-0.089,0
1787735415.203,shoulder_lift,-99.450,-101.275,-99.450,1.825,1.825,0
1787735415.203,elbow_flex,82.356,92.440,82.356,-10.084,-10.084,0
1787735415.203,wrist_flex,50.891,68.703,50.891,-17.812,-17.812,0
1787735415.203,wrist_roll,-1.673,-1.714,-1.673,0.041,0.041,0
1787735415.203,gripper,22.560,36.803,22.560,-14.243,-14.243,0
1787735415.252,shoulder_pan,-2.017,-1.802,-2.017,-0.215,-0.215,0
1787735415.252,shoulder_lift,-99.653,-100.835,-99.653,1.182,1.182,0
1787735415.252,elbow_flex,81.982,90.066,81.982,-8.084,-8.084,0
1787735415.252,wrist_flex,51.778,62.462,51.778,-10.683,-10.683,0
1787735415.252,wrist_roll,-1.690,-1.714,-1.690,0.024,0.024,0
1787735415.252,gripper,22.515,36.803,22.515,-14.288,-14.288,0
1787735415.304,shoulder_pan,-2.024,-1.802,-2.024,-0.222,-0.222,0
1787735415.304,shoulder_lift,-99.640,-100.571,-99.640,0.931,0.931,0
1787735415.304,elbow_flex,80.610,88.044,80.610,-7.434,-7.434,0
1787735415.304,wrist_flex,51.272,57.714,51.272,-6.442,-6.442,0
1787735415.304,wrist_roll,-1.735,-1.714,-1.735,-0.021,-0.021,0
1787735415.304,gripper,22.610,36.803,22.610,-14.193,-14.193,0
1787735415.352,shoulder_pan,-2.172,-1.802,-2.172,-0.370,-0.370,0
1787735415.352,shoulder_lift,-100.040,-100.308,-100.040,0.268,0.268,0
1787735415.352,elbow_flex,79.868,86.637,79.868,-6.769,-6.769,0
1787735415.352,wrist_flex,51.764,55.429,51.764,-3.664,-3.664,0
1787735415.352,wrist_roll,-1.747,-1.714,-1.747,-0.033,-0.033,0
1787735415.352,gripper,22.661,36.803,22.661,-14.142,-14.142,0
1787735415.403,shoulder_pan,-2.208,-1.802,-2.208,-0.406,-0.406,0
1787735415.403,shoulder_lift,-99.968,-100.132,-99.968,0.163,0.163,0
1787735415.403,elbow_flex,79.059,85.319,79.059,-6.260,-6.260,0
1787735415.403,wrist_flex,52.033,54.022,52.033,-1.989,-1.989,0
1787735415.403,wrist_roll,-1.754,-1.714,-1.754,-0.040,-0.040,0
1787735415.403,gripper,22.614,36.803,22.614,-14.189,-14.189,0
1787735415.453,shoulder_pan,-2.283,-1.802,-2.283,-0.481,-0.481,0
1787735415.453,shoulder_lift,-100.420,-100.220,-100.420,-0.200,-0.200,0
1787735415.453,elbow_flex,78.748,84.264,78.748,-5.516,-5.516,0
1787735415.453,wrist_flex,52.121,53.582,52.121,-1.462,-1.462,0
1787735415.453,wrist_roll,-1.776,-1.714,-1.776,-0.062,-0.062,0
1787735415.453,gripper,22.647,36.803,22.647,-14.156,-14.156,0
1787735415.503,shoulder_pan,-2.345,-1.802,-2.345,-0.543,-0.543,0
1787735415.503,shoulder_lift,-100.597,-100.220,-100.597,-0.377,-0.377,0
1787735415.503,elbow_flex,78.179,83.473,78.179,-5.293,-5.293,0
1787735415.503,wrist_flex,52.118,53.407,52.118,-1.289,-1.289,0
1787735415.503,wrist_roll,-1.780,-1.714,-1.780,-0.066,-0.066,0
1787735415.503,gripper,22.605,36.803,22.605,-14.198,-14.198,0
1787735415.553,shoulder_pan,-2.456,-1.802,-2.456,-0.654,-0.654,0
1787735415.553,shoulder_lift,-100.664,-100.220,-100.664,-0.445,-0.445,0
1787735415.553,elbow_flex,77.972,82.769,77.972,-4.798,-4.798,0
1787735415.553,wrist_flex,52.577,53.407,52.577,-0.830,-0.830,0
1787735415.553,wrist_roll,-1.782,-1.714,-1.782,-0.068,-0.068,0
1787735415.553,gripper,22.544,36.803,22.544,-14.259,-14.259,0
1787735415.602,shoulder_pan,-2.590,-1.802,-2.590,-0.788,-0.788,0
1787735415.602,shoulder_lift,-101.184,-100.220,-101.184,-0.965,-0.965,0
1787735415.602,elbow_flex,77.591,82.242,77.591,-4.650,-4.650,0
1787735415.602,wrist_flex,52.967,53.407,52.967,-0.439,-0.439,0
1787735415.602,wrist_roll,-1.788,-1.714,-1.788,-0.073,-0.073,0
1787735415.602,gripper,22.717,36.803,22.717,-14.086,-14.086,0
1787735415.652,shoulder_pan,-2.585,-1.802,-2.585,-0.783,-0.783,0
1787735415.652,shoulder_lift,-100.994,-100.220,-100.994,-0.774,-0.774,0
1787735415.652,elbow_flex,77.396,81.802,77.396,-4.406,-4.406,0
1787735415.652,wrist_flex,52.991,53.407,52.991,-0.416,-0.416,0
1787735415.652,wrist_roll,-1.805,-1.714,-1.805,-0.091,-0.091,0
1787735415.652,gripper,22.736,36.803,22.736,-14.067,-14.067,0
1787735415.702,shoulder_pan,-2.640,-2.154,-2.640,-0.486,-0.486,0
1787735415.702,shoulder_lift,-100.931,-100.220,-100.931,-0.712,-0.712,0
1787735415.702,elbow_flex,77.032,81.363,77.032,-4.331,-4.331,0
1787735415.702,wrist_flex,53.266,53.407,53.266,-0.141,-0.141,0
1787735415.702,wrist_roll,-1.792,-1.714,-1.792,-0.078,-0.078,0
1787735415.702,gripper,22.668,36.803,22.668,-14.135,-14.135,0
1787735415.752,shoulder_pan,-2.718,-2.330,-2.718,-0.388,-0.388,0
1787735415.752,shoulder_lift,-101.055,-100.220,-101.055,-0.836,-0.836,0
1787735415.752,elbow_flex,76.474,81.011,76.474,-4.537,-4.537,0
1787735415.752,wrist_flex,53.152,53.407,53.152,-0.255,-0.255,0
1787735415.752,wrist_roll,-1.792,-1.714,-1.792,-0.077,-0.077,0
1787735415.752,gripper,22.482,36.803,22.482,-14.321,-14.321,0
1787735415.804,shoulder_pan,-2.840,-2.505,-2.840,-0.335,-0.335,0
1787735415.804,shoulder_lift,-101.427,-100.220,-101.427,-1.207,-1.207,0
1787735415.804,elbow_flex,75.877,80.659,75.877,-4.782,-4.782,0
1787735415.804,wrist_flex,53.568,53.407,53.568,0.162,0.162,0
1787735415.804,wrist_roll,-1.840,-1.714,-1.840,-0.125,-0.125,0
1787735415.804,gripper,22.381,36.803,22.381,-14.422,-14.422,0
1787735415.853,shoulder_pan,-2.798,-2.505,-2.798,-0.293,-0.293,0
1787735415.853,shoulder_lift,-101.274,-100.220,-101.274,-1.055,-1.055,0
1787735415.853,elbow_flex,75.730,80.220,75.730,-4.490,-4.490,0
1787735415.853,wrist_flex,53.600,53.407,53.600,0.193,0.193,0
1787735415.853,wrist_roll,-1.846,-1.714,-1.846,-0.132,-0.132,0
1787735415.853,gripper,22.252,36.803,22.252,-14.552,-14.552,0
1787735415.903,shoulder_pan,-2.890,-2.505,-2.890,-0.384,-0.384,0
1787735415.903,shoulder_lift,-101.613,-100.571,-101.613,-1.042,-1.042,0
1787735415.903,elbow_flex,75.452,79.780,75.452,-4.328,-4.328,0
1787735415.903,wrist_flex,54.163,53.407,54.163,0.757,0.757,0
1787735415.903,wrist_roll,-1.869,-1.714,-1.869,-0.155,-0.155,0
1787735415.903,gripper,22.248,36.803,22.248,-14.555,-14.555,0
1787735415.953,shoulder_pan,-2.800,-2.505,-2.800,-0.294,-0.294,0
1787735415.953,shoulder_lift,-101.663,-100.835,-101.663,-0.828,-0.828,0
1787735415.953,elbow_flex,75.243,79.429,75.243,-4.185,-4.185,0
1787735415.953,wrist_flex,53.805,53.582,53.805,0.223,0.223,0
1787735415.953,wrist_roll,-1.887,-1.714,-1.887,-0.173,-0.173,0
1787735415.953,gripper,22.366,36.803,22.366,-14.437,-14.437,0
1787735416.003,shoulder_pan,-2.440,-2.505,-2.440,0.066,0.066,0
1787735416.003,shoulder_lift,-101.363,-101.099,-101.363,-0.264,-0.264,0
1787735416.003,elbow_flex,76.784,79.165,76.784,-2.381,-2.381,0
1787735416.003,wrist_flex,53.786,53.670,53.786,0.116,0.116,0
1787735416.003,wrist_roll,-1.930,-1.714,-1.930,-0.215,-0.215,0
1787735416.003,gripper,21.696,36.803,21.696,-15.107,-15.107,0
1787735416.054,shoulder_pan,-1.704,-2.505,-1.704,0.801,0.801,0
1787735416.054,shoulder_lift,-97.649,-101.275,-97.649,3.626,3.626,0
1787735416.054,elbow_flex,82.017,79.077,82.017,2.940,2.940,0
1787735416.054,wrist_flex,50.226,53.670,50.226,-3.444,-3.444,0
1787735416.054,wrist_roll,-2.071,-1.714,-2.071,-0.357,-0.357,0
1787735416.054,gripper,20.324,36.803,20.324,-16.479,-16.479,0
1787735416.104,shoulder_pan,-1.534,-2.418,-1.534,0.884,0.884,0
1787735416.104,shoulder_lift,-96.061,-101.275,-96.061,5.213,5.213,0
1787735416.104,elbow_flex,82.428,79.253,82.428,3.175,3.175,0
1787735416.104,wrist_flex,49.802,53.495,49.802,-3.693,-3.693,0
1787735416.104,wrist_roll,-2.083,-1.714,-2.083,-0.369,-0.369,0
1787735416.104,gripper,20.243,36.803,20.243,-16.560,-16.560,0
1787735416.154,shoulder_pan,-1.680,-2.154,-1.680,0.473,0.473,0
1787735416.154,shoulder_lift,-94.901,-99.956,-94.901,5.055,5.055,0
1787735416.154,elbow_flex,82.706,80.747,82.706,1.959,1.959,0
1787735416.154,wrist_flex,49.785,52.264,49.785,-2.479,-2.479,0
1787735416.154,wrist_roll,-2.071,-1.626,-2.071,-0.445,-0.445,0
1787735416.154,gripper,20.005,36.803,20.005,-16.798,-16.798,0
1787735416.206,shoulder_pan,-1.610,-1.890,-1.610,0.280,0.280,0
1787735416.206,shoulder_lift,-93.346,-97.670,-93.346,4.325,4.325,0
1787735416.206,elbow_flex,82.618,82.330,82.618,0.288,0.288,0
1787735416.206,wrist_flex,50.096,51.648,50.096,-1.553,-1.553,0
1787735416.206,wrist_roll,-2.110,-1.626,-2.110,-0.484,-0.484,0
1787735416.206,gripper,19.795,36.803,19.795,-17.008,-17.008,0
1787735416.253,shoulder_pan,-1.417,-1.802,-1.417,0.385,0.385,0
1787735416.253,shoulder_lift,-92.218,-96.176,-92.218,3.958,3.958,0
1787735416.253,elbow_flex,82.544,83.209,82.544,-0.665,-0.665,0
1787735416.253,wrist_flex,49.972,51.473,49.972,-1.501,-1.501,0
1787735416.253,wrist_roll,-2.106,-1.626,-2.106,-0.480,-0.480,0
1787735416.253,gripper,19.761,36.803,19.761,-17.042,-17.042,0
1787735416.305,shoulder_pan,-1.348,-1.802,-1.348,0.455,0.455,0
1787735416.305,shoulder_lift,-90.366,-94.857,-90.366,4.491,4.491,0
1787735416.305,elbow_flex,82.362,83.209,82.362,-0.847,-0.847,0
1787735416.305,wrist_flex,50.249,51.473,50.249,-1.223,-1.223,0
1787735416.305,wrist_roll,-2.123,-1.626,-2.123,-0.497,-0.497,0
1787735416.305,gripper,19.647,36.803,19.647,-17.156,-17.156,0
1787735416.355,shoulder_pan,-1.201,-1.802,-1.201,0.601,0.601,0
1787735416.355,shoulder_lift,-89.699,-93.538,-89.699,3.839,3.839,0
1787735416.355,elbow_flex,82.401,83.297,82.401,-0.895,-0.895,0
1787735416.355,wrist_flex,50.184,51.297,50.184,-1.113,-1.113,0
1787735416.355,wrist_roll,-2.125,-1.626,-2.125,-0.499,-0.499,0
1787735416.355,gripper,19.687,36.803,19.687,-17.116,-17.116,0
1787735416.404,shoulder_pan,-1.240,-1.802,-1.240,0.563,0.563,0
1787735416.404,shoulder_lift,-89.041,-91.780,-89.041,2.740,2.740,0
1787735416.404,elbow_flex,82.493,83.297,82.493,-0.804,-0.804,0
1787735416.404,wrist_flex,50.531,51.297,50.531,-0.765,-0.765,0
1787735416.404,wrist_roll,-2.141,-1.626,-2.141,-0.515,-0.515,0
1787735416.404,gripper,19.582,36.803,19.582,-17.221,-17.221,0
1787735416.455,shoulder_pan,-1.240,-1.802,-1.240,0.562,0.562,0
1787735416.455,shoulder_lift,-87.306,-90.637,-87.306,3.331,3.331,0
1787735416.455,elbow_flex,82.076,83.297,82.076,-1.220,-1.220,0
1787735416.455,wrist_flex,50.330,51.297,50.330,-0.966,-0.966,0
1787735416.455,wrist_roll,-2.140,-1.626,-2.140,-0.514,-0.514,0
1787735416.455,gripper,19.696,36.803,19.696,-17.107,-17.107,0
1787735416.504,shoulder_pan,-1.229,-1.802,-1.229,0.573,0.573,0
1787735416.504,shoulder_lift,-86.923,-89.934,-86.923,3.011,3.011,0
1787735416.504,elbow_flex,82.185,83.297,82.185,-1.112,-1.112,0
1787735416.504,wrist_flex,50.774,51.297,50.774,-0.523,-0.523,0
1787735416.504,wrist_roll,-2.177,-1.626,-2.177,-0.551,-0.551,0
1787735416.504,gripper,19.371,36.803,19.371,-17.432,-17.432,0
1787735416.554,shoulder_pan,-1.179,-1.802,-1.179,0.623,0.623,0
1787735416.554,shoulder_lift,-85.584,-88.703,-85.584,3.119,3.119,0
1787735416.554,elbow_flex,81.830,83.297,81.830,-1.467,-1.467,0
1787735416.554,wrist_flex,50.218,51.297,50.218,-1.079,-1.079,0
1787735416.554,wrist_roll,-2.155,-1.626,-2.155,-0.528,-0.528,0
1787735416.554,gripper,19.548,36.803,19.548,-17.255,-17.255,0
1787735416.604,shoulder_pan,-1.124,-1.802,-1.124,0.678,0.678,0
1787735416.604,shoulder_lift,-84.421,-87.473,-84.421,3.052,3.052,0
1787735416.604,elbow_flex,81.728,83.297,81.728,-1.569,-1.569,0
1787735416.604,wrist_flex,50.700,51.297,50.700,-0.597,-0.597,0
1787735416.604,wrist_roll,-2.172,-1.626,-2.172,-0.545,-0.545,0
1787735416.604,gripper,19.536,36.803,19.536,-17.267,-17.267,0
1787735416.654,shoulder_pan,-1.263,-1.802,-1.263,0.539,0.539,0
1787735416.654,shoulder_lift,-83.629,-86.505,-83.629,2.877,2.877,0
1787735416.654,elbow_flex,81.800,83.297,81.800,-1.497,-1.497,0
1787735416.654,wrist_flex,50.360,51.297,50.360,-0.936,-0.936,0
1787735416.654,wrist_roll,-2.174,-1.626,-2.174,-0.547,-0.547,0
1787735416.654,gripper,19.566,36.803,19.566,-17.237,-17.237,0
1787735416.705,shoulder_pan,-1.083,-1.802,-1.083,0.719,0.719,0
1787735416.705,shoulder_lift,-82.498,-85.275,-82.498,2.776,2.776,0
1787735416.705,elbow_flex,81.714,83.297,81.714,-1.583,-1.583,0
1787735416.705,wrist_flex,49.745,51.297,49.745,-1.552,-1.552,0
1787735416.705,wrist_roll,-2.209,-1.626,-2.209,-0.583,-0.583,0
1787735416.705,gripper,19.631,36.803,19.631,-17.172,-17.172,0
1787735416.755,shoulder_pan,-1.222,-1.802,-1.222,0.581,0.581,0
1787735416.755,shoulder_lift,-81.475,-84.396,-81.475,2.921,2.921,0
1787735416.755,elbow_flex,81.262,83.297,81.262,-2.035,-2.035,0
1787735416.755,wrist_flex,50.022,51.209,50.022,-1.187,-1.187,0
1787735416.755,wrist_roll,-2.153,-1.626,-2.153,-0.526,-0.526,0
1787735416.755,gripper,19.734,36.803,19.734,-17.069,-17.069,0
1787735416.805,shoulder_pan,-1.202,-1.802,-1.202,0.600,0.600,0
1787735416.805,shoulder_lift,-80.367,-83.341,-80.367,2.974,2.974,0
1787735416.805,elbow_flex,81.175,83.297,81.175,-2.122,-2.122,0
1787735416.805,wrist_flex,50.056,51.121,50.056,-1.064,-1.064,0
1787735416.805,wrist_roll,-2.144,-1.626,-2.144,-0.518,-0.518,0
1787735416.805,gripper,19.624,36.803,19.624,-17.179,-17.179,0
1787735416.855,shoulder_pan,-1.224,-1.802,-1.224,0.578,0.578,0
1787735416.855,shoulder_lift,-79.409,-82.198,-79.409,2.789,2.789,0
1787735416.855,elbow_flex,81.087,83.297,81.087,-2.210,-2.210,0
1787735416.855,wrist_flex,50.073,51.121,50.073,-1.048,-1.048,0
1787735416.855,wrist_roll,-2.123,-1.626,-2.123,-0.497,-0.497,0
1787735416.855,gripper,19.865,36.803,19.865,-16.939,-16.939,0
1787735416.904,shoulder_pan,-1.199,-1.802,-1.199,0.603,0.603,0
1787735416.904,shoulder_lift,-79.401,-81.231,-79.401,1.830,1.830,0
1787735416.904,elbow_flex,81.044,83.297,81.044,-2.252,-2.252,0
1787735416.904,wrist_flex,50.072,51.121,50.072,-1.049,-1.049,0
1787735416.904,wrist_roll,-2.108,-1.626,-2.108,-0.482,-0.482,0
1787735416.904,gripper,19.914,36.803,19.914,-16.889,-16.889,0
1787735416.954,shoulder_pan,-0.842,-1.802,-0.842,0.960,0.960,0
1787735416.954,shoulder_lift,-81.626,-80.440,-81.626,-1.186,-1.186,0
1787735416.954,elbow_flex,80.271,83.297,80.271,-3.026,-3.026,0
1787735416.954,wrist_flex,48.369,51.121,48.369,-2.751,-2.751,0
1787735416.954,wrist_roll,-1.980,-1.626,-1.980,-0.354,-0.354,0
1787735416.954,gripper,21.552,36.803,21.552,-15.252,-15.252,0
1787735417.004,shoulder_pan,-0.466,-1.802,-0.466,1.336,1.336,0
1787735417.004,shoulder_lift,-84.080,-80.176,-84.080,-3.904,-3.904,0
1787735417.004,elbow_flex,78.664,83.297,78.664,-4.632,-4.632,0
1787735417.004,wrist_flex,44.995,50.857,44.995,-5.862,-5.862,0
1787735417.004,wrist_roll,-1.848,-1.626,-1.848,-0.222,-0.222,0
1787735417.004,gripper,25.878,36.803,25.878,-10.925,-10.925,0
1787735417.055,shoulder_pan,-0.586,-1.363,-0.586,0.777,0.777,0
1787735417.055,shoulder_lift,-84.077,-81.143,-84.077,-2.934,-2.934,0
1787735417.055,elbow_flex,78.185,83.297,78.185,-5.111,-5.111,0
1787735417.055,wrist_flex,44.338,49.626,44.338,-5.288,-5.288,0
1787735417.055,wrist_roll,-1.864,-1.626,-1.864,-0.237,-0.237,0
1787735417.055,gripper,28.463,36.803,28.463,-8.340,-8.340,0
1787735417.105,shoulder_pan,-0.555,-1.011,-0.555,0.456,0.456,0
1787735417.105,shoulder_lift,-83.064,-82.198,-83.064,-0.866,-0.866,0
1787735417.105,elbow_flex,77.350,83.121,77.350,-5.771,-5.771,0
1787735417.105,wrist_flex,43.345,47.780,43.345,-4.435,-4.435,0
1787735417.105,wrist_roll,-1.922,-1.626,-1.922,-0.296,-0.296,0
1787735417.105,gripper,29.653,36.890,29.653,-7.238,-7.238,0
1787735417.155,shoulder_pan,-0.572,-0.923,-0.572,0.351,0.351,0
1787735417.155,shoulder_lift,-82.341,-82.549,-82.341,0.209,0.209,0
1787735417.155,elbow_flex,76.904,82.418,76.904,-5.514,-5.514,0
1787735417.155,wrist_flex,43.115,46.286,43.115,-3.170,-3.170,0
1787735417.155,wrist_roll,-1.940,-1.626,-1.940,-0.313,-0.313,0
1787735417.155,gripper,29.851,37.021,29.851,-7.170,-7.170,0
1787735417.205,shoulder_pan,-0.536,-0.923,-0.536,0.387,0.387,0
1787735417.205,shoulder_lift,-80.658,-82.462,-80.658,1.803,1.803,0
1787735417.205,elbow_flex,75.568,81.714,75.568,-6.147,-6.147,0
1787735417.205,wrist_flex,42.101,45.231,42.101,-3.130,-3.130,0
1787735417.205,wrist_roll,-1.897,-1.626,-1.897,-0.270,-0.270,0
1787735417.205,gripper,30.142,37.021,30.142,-6.879,-6.879,0
1787735417.256,shoulder_pan,-0.464,-0.923,-0.464,0.459,0.459,0
1787735417.256,shoulder_lift,-78.926,-82.286,-78.926,3.360,3.360,0
1787735417.256,elbow_flex,74.255,80.923,74.255,-6.668,-6.668,0
1787735417.256,wrist_flex,42.134,44.440,42.134,-2.305,-2.305,0
1787735417.256,wrist_roll,-1.862,-1.626,-1.862,-0.236,-0.236,0
1787735417.256,gripper,30.524,37.021,30.524,-6.496,-6.496,0
1787735417.306,shoulder_pan,-0.505,-0.923,-0.505,0.418,0.418,0
1787735417.306,shoulder_lift,-77.484,-81.319,-77.484,3.835,3.835,0
1787735417.306,elbow_flex,73.499,79.868,73.499,-6.369,-6.369,0
1787735417.306,wrist_flex,41.463,43.736,41.463,-2.273,-2.273,0
1787735417.306,wrist_roll,-1.787,-1.626,-1.787,-0.160,-0.160,0
1787735417.306,gripper,30.801,37.021,30.801,-6.220,-6.220,0
1787735417.356,shoulder_pan,-0.274,-0.923,-0.274,0.649,0.649,0
1787735417.356,shoulder_lift,-76.568,-79.736,-76.568,3.168,3.168,0
1787735417.356,elbow_flex,71.404,78.813,71.404,-7.409,-7.409,0
1787735417.356,wrist_flex,40.700,43.209,40.700,-2.509,-2.509,0
1787735417.356,wrist_roll,-1.838,-1.626,-1.838,-0.211,-0.211,0
1787735417.356,gripper,30.740,37.021,30.740,-6.281,-6.281,0
1787735417.406,shoulder_pan,-0.109,-0.923,-0.109,0.814,0.814,0
1787735417.406,shoulder_lift,-75.321,-78.330,-75.321,3.008,3.008,0
1787735417.406,elbow_flex,70.886,77.846,70.886,-6.960,-6.960,0
1787735417.406,wrist_flex,40.103,42.593,40.103,-2.490,-2.490,0
1787735417.406,wrist_roll,-1.878,-1.626,-1.878,-0.252,-0.252,0
1787735417.406,gripper,30.629,37.021,30.629,-6.392,-6.392,0
1787735417.456,shoulder_pan,0.067,-0.923,0.067,0.990,0.990,0
1787735417.456,shoulder_lift,-74.583,-77.187,-74.583,2.604,2.604,0
1787735417.456,elbow_flex,68.811,76.527,68.811,-7.716,-7.716,0
1787735417.456,wrist_flex,40.685,41.978,40.685,-1.293,-1.293,0
1787735417.456,wrist_roll,-1.877,-1.626,-1.877,-0.250,-0.250,0
1787735417.456,gripper,30.514,37.021,30.514,-6.507,-6.507,0
1787735417.505,shoulder_pan,0.371,-0.659,0.371,1.030,1.030,0
1787735417.505,shoulder_lift,-73.568,-76.132,-73.568,2.564,2.564,0
1787735417.505,elbow_flex,67.396,75.385,67.396,-7.989,-7.989,0
1787735417.505,wrist_flex,40.495,41.714,40.495,-1.219,-1.219,0
1787735417.505,wrist_roll,-1.851,-1.626,-1.851,-0.224,-0.224,0
1787735417.505,gripper,30.946,37.021,30.946,-6.075,-6.075,0
1787735417.555,shoulder_pan,0.437,-0.220,0.437,0.656,0.656,0
1787735417.555,shoulder_lift,-72.811,-75.077,-72.811,2.266,2.266,0
1787735417.555,elbow_flex,65.567,73.890,65.567,-8.323,-8.323,0
1787735417.555,wrist_flex,40.038,41.714,40.038,-1.676,-1.676,0
1787735417.555,wrist_roll,-1.857,-1.626,-1.857,-0.231,-0.231,0
1787735417.555,gripper,31.309,37.021,31.309,-5.712,-5.712,0
1787735417.605,shoulder_pan,0.600,-0.044,0.600,0.644,0.644,0
1787735417.605,shoulder_lift,-71.869,-74.198,-71.869,2.329,2.329,0
1787735417.605,elbow_flex,64.291,72.308,64.291,-8.017,-8.017,0
1787735417.605,wrist_flex,39.474,41.538,39.474,-2.065,-2.065,0
1787735417.605,wrist_roll,-1.902,-1.626,-1.902,-0.275,-0.275,0
1787735417.605,gripper,31.267,37.021,31.267,-5.754,-5.754,0
1787735417.655,shoulder_pan,0.768,0.044,0.768,0.724,0.724,0
1787735417.655,shoulder_lift,-71.612,-73.231,-71.612,1.619,1.619,0
1787735417.655,elbow_flex,62.413,70.725,62.413,-8.313,-8.313,0
1787735417.655,wrist_flex,39.691,41.187,39.691,-1.496,-1.496,0
1787735417.655,wrist_roll,-1.882,-1.626,-1.882,-0.256,-0.256,0
1787735417.655,gripper,31.535,37.021,31.535,-5.486,-5.486,0
1787735417.706,shoulder_pan,0.806,0.308,0.806,0.499,0.499,0
1787735417.706,shoulder_lift,-69.937,-72.527,-69.937,2.590,2.590,0
1787735417.706,elbow_flex,61.275,69.231,61.275,-7.956,-7.956,0
1787735417.706,wrist_flex,39.795,40.923,39.795,-1.128,-1.128,0
1787735417.706,wrist_roll,-1.910,-1.626,-1.910,-0.284,-0.284,0
1787735417.706,gripper,31.618,37.021,31.618,-5.403,-5.403,0
1787735417.756,shoulder_pan,0.945,0.484,0.945,0.462,0.462,0
1787735417.756,shoulder_lift,-69.741,-71.736,-69.741,1.995,1.995,0
1787735417.756,elbow_flex,60.192,67.560,60.192,-7.368,-7.368,0
1787735417.756,wrist_flex,39.274,40.835,39.274,-1.561,-1.561,0
1787735417.756,wrist_roll,-2.006,-1.626,-2.006,-0.380,-0.380,0
1787735417.756,gripper,31.533,37.021,31.533,-5.488,-5.488,0
1787735417.807,shoulder_pan,1.054,0.484,1.054,0.570,0.570,0
1787735417.807,shoulder_lift,-68.279,-70.769,-68.279,2.491,2.491,0
1787735417.807,elbow_flex,58.910,66.154,58.910,-7.244,-7.244,0
1787735417.807,wrist_flex,38.672,40.747,38.672,-2.075,-2.075,0
1787735417.807,wrist_roll,-2.050,-1.626,-2.050,-0.423,-0.423,0
1787735417.807,gripper,31.529,37.021,31.529,-5.492,-5.492,0
1787735417.856,shoulder_pan,1.067,0.396,1.067,0.672,0.672,0
1787735417.856,shoulder_lift,-67.816,-69.978,-67.816,2.162,2.162,0
1787735417.856,elbow_flex,57.365,65.011,57.365,-7.646,-7.646,0
1787735417.856,wrist_flex,37.957,40.484,37.957,-2.526,-2.526,0
1787735417.856,wrist_roll,-2.059,-1.626,-2.059,-0.433,-0.433,0
1787735417.856,gripper,31.508,37.021,31.508,-5.513,-5.513,0
1787735417.907,shoulder_pan,1.037,0.396,1.037,0.641,0.641,0
1787735417.907,shoulder_lift,-67.690,-68.923,-67.690,1.233,1.233,0
1787735417.907,elbow_flex,56.832,63.604,56.832,-6.773,-6.773,0
1787735417.907,wrist_flex,38.290,39.868,38.290,-1.578,-1.578,0
1787735417.907,wrist_roll,-2.081,-1.626,-2.081,-0.455,-0.455,0
1787735417.907,gripper,31.334,37.021,31.334,-5.687,-5.687,0
1787735417.956,shoulder_pan,0.074,0.484,0.074,-0.410,-0.410,0
1787735417.956,shoulder_lift,-66.477,-68.396,-66.477,1.919,1.919,0
1787735417.956,elbow_flex,62.182,62.374,62.182,-0.192,-0.192,0
1787735417.956,wrist_flex,41.842,39.604,41.842,2.237,2.237,0
1787735417.956,wrist_roll,-2.036,-1.626,-2.036,-0.410,-0.410,0
1787735417.956,gripper,31.734,37.021,31.734,-5.287,-5.287,0
1787735418.007,shoulder_pan,-1.029,0.571,-1.029,-1.601,-1.601,0
1787735418.007,shoulder_lift,-66.081,-67.780,-66.081,1.699,1.699,0
1787735418.007,elbow_flex,69.487,61.758,69.487,7.729,7.729,0
1787735418.007,wrist_flex,45.709,39.516,45.709,6.192,6.192,0
1787735418.007,wrist_roll,-2.011,-1.626,-2.011,-0.385,-0.385,0
1787735418.007,gripper,31.631,37.021,31.631,-5.390,-5.390,0
1787735418.056,shoulder_pan,-1.282,0.220,-1.282,-1.502,-1.502,0
1787735418.056,shoulder_lift,-66.058,-67.253,-66.058,1.195,1.195,0
1787735418.056,elbow_flex,70.809,62.901,70.809,7.908,7.908,0
1787735418.056,wrist_flex,46.033,41.011,46.033,5.022,5.022,0
1787735418.056,wrist_roll,-1.973,-1.626,-1.973,-0.346,-0.346,0
1787735418.056,gripper,31.155,37.021,31.155,-5.866,-5.866,0
1787735418.108,shoulder_pan,-1.534,-0.571,-1.534,-0.962,-0.962,0
1787735418.108,shoulder_lift,-66.135,-66.637,-66.135,0.502,0.502,0
1787735418.108,elbow_flex,71.768,66.505,71.768,5.262,5.262,0
1787735418.108,wrist_flex,46.934,43.297,46.934,3.637,3.637,0
1787735418.108,wrist_roll,-1.943,-1.626,-1.943,-0.317,-0.317,0
1787735418.108,gripper,30.686,37.021,30.686,-6.335,-6.335,0
1787735418.157,shoulder_pan,-1.765,-0.923,-1.765,-0.841,-0.841,0
1787735418.157,shoulder_lift,-66.234,-66.198,-66.234,-0.036,-0.036,0
1787735418.157,elbow_flex,73.111,70.110,73.111,3.001,3.001,0
1787735418.157,wrist_flex,47.612,44.879,47.612,2.733,2.733,0
1787735418.157,wrist_roll,-1.926,-1.626,-1.926,-0.300,-0.300,0
1787735418.157,gripper,30.320,37.021,30.320,-6.701,-6.701,0
1787735418.207,shoulder_pan,-2.123,-1.099,-2.123,-1.024,-1.024,0
1787735418.207,shoulder_lift,-66.738,-66.198,-66.738,-0.540,-0.540,0
1787735418.207,elbow_flex,74.662,72.132,74.662,2.531,2.531,0
1787735418.207,wrist_flex,47.897,46.022,47.897,1.875,1.875,0
1787735418.207,wrist_roll,-1.906,-1.626,-1.906,-0.280,-0.280,0
1787735418.207,gripper,29.972,37.021,29.972,-7.049,-7.049,0
1787735418.257,shoulder_pan,-2.417,-1.538,-2.417,-0.879,-0.879,0
1787735418.257,shoulder_lift,-66.253,-66.374,-66.253,0.121,0.121,0
1787735418.257,elbow_flex,75.948,73.626,75.948,2.322,2.322,0
1787735418.257,wrist_flex,48.241,46.813,48.241,1.428,1.428,0
1787735418.257,wrist_roll,-1.897,-1.626,-1.897,-0.270,-0.270,0
1787735418.257,gripper,29.823,37.021,29.823,-7.198,-7.198,0
1787735418.307,shoulder_pan,-2.796,-1.890,-2.796,-0.906,-0.906,0
1787735418.307,shoulder_lift,-66.208,-66.286,-66.208,0.078,0.078,0
1787735418.307,elbow_flex,77.463,75.033,77.463,2.430,2.430,0
1787735418.307,wrist_flex,48.438,47.429,48.438,1.010,1.010,0
1787735418.307,wrist_roll,-1.927,-1.626,-1.927,-0.300,-0.300,0
1787735418.307,gripper,29.719,37.021,29.719,-7.302,-7.302,0
1787735418.357,shoulder_pan,-2.932,-2.154,-2.932,-0.778,-0.778,0
1787735418.357,shoulder_lift,-65.830,-66.286,-65.830,0.455,0.455,0
1787735418.357,elbow_flex,78.363,76.440,78.363,1.924,1.924,0
1787735418.357,wrist_flex,48.568,47.868,48.568,0.700,0.700,0
1787735418.357,wrist_roll,-1.911,-1.626,-1.911,-0.285,-0.285,0
1787735418.357,gripper,29.324,37.021,29.324,-7.697,-7.697,0
1787735418.407,shoulder_pan,-3.151,-2.593,-3.151,-0.557,-0.557,0
1787735418.407,shoulder_lift,-65.248,-66.286,-65.248,1.038,1.038,0
1787735418.407,elbow_flex,79.782,77.846,79.782,1.935,1.935,0
1787735418.407,wrist_flex,48.674,48.220,48.674,0.455,0.455,0
1787735418.407,wrist_roll,-1.921,-1.626,-1.921,-0.294,-0.294,0
1787735418.407,gripper,28.862,37.021,28.862,-8.159,-8.159,0
1787735418.458,shoulder_pan,-3.195,-2.681,-3.195,-0.514,-0.514,0
1787735418.458,shoulder_lift,-65.415,-66.198,-65.415,0.783,0.783,0
1787735418.458,elbow_flex,80.514,78.989,80.514,1.525,1.525,0
1787735418.458,wrist_flex,49.269,48.396,49.269,0.874,0.874,0
1787735418.458,wrist_roll,-1.903,-1.626,-1.903,-0.277,-0.277,0
1787735418.458,gripper,28.608,37.021,28.608,-8.413,-8.413,0
1787735418.507,shoulder_pan,-3.296,-2.857,-3.296,-0.439,-0.439,0
1787735418.507,shoulder_lift,-65.574,-65.758,-65.574,0.184,0.184,0
1787735418.507,elbow_flex,80.589,80.308,80.589,0.281,0.281,0
1787735418.507,wrist_flex,49.291,48.747,49.291,0.544,0.544,0
1787735418.507,wrist_roll,-1.919,-1.626,-1.919,-0.292,-0.292,0
1787735418.507,gripper,28.315,37.021,28.315,-8.706,-8.706,0
1787735418.557,shoulder_pan,-3.259,-2.945,-3.259,-0.314,-0.314,0
1787735418.557,shoulder_lift,-65.350,-65.670,-65.350,0.320,0.320,0
1787735418.557,elbow_flex,81.431,81.187,81.431,0.244,0.244,0
1787735418.557,wrist_flex,49.744,49.011,49.744,0.733,0.733,0
1787735418.557,wrist_roll,-1.912,-1.626,-1.912,-0.286,-0.286,0
1787735418.557,gripper,28.251,37.021,28.251,-8.770,-8.770,0
1787735418.607,shoulder_pan,-3.334,-2.945,-3.334,-0.389,-0.389,0
1787735418.607,shoulder_lift,-64.912,-65.758,-64.912,0.847,0.847,0
1787735418.607,elbow_flex,81.773,81.538,81.773,0.235,0.235,0
1787735418.607,wrist_flex,50.353,49.275,50.353,1.079,1.079,0
1787735418.607,wrist_roll,-1.906,-1.626,-1.906,-0.280,-0.280,0
1787735418.607,gripper,28.230,37.021,28.230,-8.791,-8.791,0
1787735418.657,shoulder_pan,-3.242,-2.945,-3.242,-0.297,-0.297,0
1787735418.657,shoulder_lift,-65.052,-65.670,-65.052,0.618,0.618,0
1787735418.657,elbow_flex,81.540,82.066,81.540,-0.526,-0.526,0
1787735418.657,wrist_flex,50.264,49.714,50.264,0.550,0.550,0
1787735418.657,wrist_roll,-1.906,-1.626,-1.906,-0.279,-0.279,0
1787735418.657,gripper,28.066,37.021,28.066,-8.955,-8.955,0
1787735418.708,shoulder_pan,-3.278,-2.945,-3.278,-0.333,-0.333,0
1787735418.708,shoulder_lift,-65.012,-65.407,-65.012,0.394,0.394,0
1787735418.708,elbow_flex,82.273,82.066,82.273,0.207,0.207,0
1787735418.708,wrist_flex,49.969,49.978,49.969,-0.009,-0.009,0
1787735418.708,wrist_roll,-1.915,-1.626,-1.915,-0.288,-0.288,0
1787735418.708,gripper,28.149,37.021,28.149,-8.872,-8.872,0
1787735418.758,shoulder_pan,-3.229,-2.945,-3.229,-0.284,-0.284,0
1787735418.758,shoulder_lift,-65.102,-65.319,-65.102,0.216,0.216,0
1787735418.758,elbow_flex,82.286,82.330,82.286,-0.044,-0.044,0
1787735418.758,wrist_flex,50.325,49.978,50.325,0.347,0.347,0
1787735418.758,wrist_roll,-1.905,-1.626,-1.905,-0.278,-0.278,0
1787735418.758,gripper,28.068,37.021,28.068,-8.953,-8.953,0
1787735418.809,shoulder_pan,-3.275,-2.945,-3.275,-0.330,-0.330,0
1787735418.809,shoulder_lift,-65.144,-65.231,-65.144,0.087,0.087,0
1787735418.809,elbow_flex,82.364,82.857,82.364,-0.493,-0.493,0
1787735418.809,wrist_flex,49.991,50.066,49.991,-0.075,-0.075,0
1787735418.809,wrist_roll,-1.911,-1.626,-1.911,-0.285,-0.285,0
1787735418.809,gripper,27.960,37.021,27.960,-9.061,-9.061,0
1787735418.858,shoulder_pan,-3.230,-2.945,-3.230,-0.285,-0.285,0
1787735418.858,shoulder_lift,-64.422,-65.231,-64.422,0.809,0.809,0
1787735418.858,elbow_flex,82.342,82.769,82.342,-0.427,-0.427,0
1787735418.858,wrist_flex,50.145,50.154,50.145,-0.009,-0.009,0
1787735418.858,wrist_roll,-1.868,-1.626,-1.868,-0.241,-0.241,0
1787735418.858,gripper,28.195,37.021,28.195,-8.826,-8.826,0
1787735418.908,shoulder_pan,-3.630,-2.945,-3.630,-0.685,-0.685,0
1787735418.908,shoulder_lift,-64.911,-65.143,-64.911,0.232,0.232,0
1787735418.908,elbow_flex,81.803,82.769,81.803,-0.966,-0.966,0
1787735418.908,wrist_flex,47.533,50.154,47.533,-2.621,-2.621,0
1787735418.908,wrist_roll,-1.935,-1.626,-1.935,-0.309,-0.309,0
1787735418.908,gripper,28.740,37.021,28.740,-8.281,-8.281,0
1787735418.958,shoulder_pan,-4.024,-3.121,-4.024,-0.903,-0.903,0
1787735418.958,shoulder_lift,-63.724,-65.055,-63.724,1.331,1.331,0
1787735418.958,elbow_flex,81.153,82.769,81.153,-1.616,-1.616,0
1787735418.958,wrist_flex,45.184,49.978,45.184,-4.794,-4.794,0
1787735418.958,wrist_roll,-1.976,-1.714,-1.976,-0.262,-0.262,0
1787735418.958,gripper,29.475,37.021,29.475,-7.546,-7.546,0
1787735419.009,shoulder_pan,-4.068,-3.473,-4.068,-0.596,-0.596,0
1787735419.009,shoulder_lift,-62.592,-64.791,-62.592,2.199,2.199,0
1787735419.009,elbow_flex,80.778,82.769,80.778,-1.992,-1.992,0
1787735419.009,wrist_flex,44.388,48.659,44.388,-4.271,-4.271,0
1787735419.009,wrist_roll,-1.938,-1.714,-1.938,-0.224,-0.224,0
1787735419.009,gripper,29.352,37.021,29.352,-7.669,-7.669,0
1787735419.058,shoulder_pan,-4.001,-3.736,-4.001,-0.265,-0.265,0
1787735419.058,shoulder_lift,-62.033,-64.000,-62.033,1.967,1.967,0
1787735419.058,elbow_flex,80.695,82.769,80.695,-2.075,-2.075,0
1787735419.058,wrist_flex,44.742,47.165,44.742,-2.423,-2.423,0
1787735419.058,wrist_roll,-1.933,-1.714,-1.933,-0.219,-0.219,0
1787735419.058,gripper,29.207,37.021,29.207,-7.814,-7.814,0
1787735419.109,shoulder_pan,-4.013,-3.824,-4.013,-0.188,-0.188,0
1787735419.109,shoulder_lift,-61.495,-63.209,-61.495,1.713,1.713,0
1787735419.109,elbow_flex,80.639,82.769,80.639,-2.130,-2.130,0
1787735419.109,wrist_flex,44.337,46.374,44.337,-2.037,-2.037,0
1787735419.109,wrist_roll,-1.921,-1.714,-1.921,-0.207,-0.207,0
1787735419.109,gripper,28.842,37.021,28.842,-8.179,-8.179,0
1787735419.159,shoulder_pan,-4.044,-3.912,-4.044,-0.132,-0.132,0
1787735419.159,shoulder_lift,-61.273,-62.505,-61.273,1.233,1.233,0
1787735419.159,elbow_flex,80.124,82.769,80.124,-2.645,-2.645,0
1787735419.159,wrist_flex,44.472,45.846,44.472,-1.374,-1.374,0
1787735419.159,wrist_roll,-1.905,-1.714,-1.905,-0.191,-0.191,0
1787735419.159,gripper,29.020,37.021,29.020,-8.001,-8.001,0
1787735419.209,shoulder_pan,-4.149,-4.000,-4.149,-0.149,-0.149,0
1787735419.209,shoulder_lift,-60.876,-61.890,-60.876,1.015,1.015,0
1787735419.209,elbow_flex,80.061,82.769,80.061,-2.708,-2.708,0
1787735419.209,wrist_flex,44.292,45.495,44.292,-1.202,-1.202,0
1787735419.209,wrist_roll,-1.875,-1.714,-1.875,-0.160,-0.160,0
1787735419.209,gripper,28.808,37.021,28.808,-8.213,-8.213,0
1787735419.259,shoulder_pan,-4.219,-4.000,-4.219,-0.219,-0.219,0
1787735419.259,shoulder_lift,-60.429,-61.451,-60.429,1.022,1.022,0
1787735419.259,elbow_flex,79.867,82.769,79.867,-2.902,-2.902,0
1787735419.259,wrist_flex,44.352,45.231,44.352,-0.879,-0.879,0
1787735419.259,wrist_roll,-1.860,-1.714,-1.860,-0.146,-0.146,0
1787735419.259,gripper,28.864,37.021,28.864,-8.157,-8.157,0
1787735419.308,shoulder_pan,-4.074,-4.000,-4.074,-0.074,-0.074,0
1787735419.308,shoulder_lift,-59.573,-61.011,-59.573,1.438,1.438,0
1787735419.308,elbow_flex,79.389,82.769,79.389,-3.381,-3.381,0
1787735419.308,wrist_flex,43.714,45.231,43.714,-1.517,-1.517,0
1787735419.308,wrist_roll,-1.849,-1.714,-1.849,-0.135,-0.135,0
1787735419.308,gripper,29.100,37.021,29.100,-7.921,-7.921,0
1787735419.359,shoulder_pan,-4.129,-4.000,-4.129,-0.129,-0.129,0
1787735419.359,shoulder_lift,-59.731,-60.484,-59.731,0.753,0.753,0
1787735419.359,elbow_flex,79.388,82.769,79.388,-3.382,-3.382,0
1787735419.359,wrist_flex,43.959,44.967,43.959,-1.008,-1.008,0
1787735419.359,wrist_roll,-1.825,-1.714,-1.825,-0.110,-0.110,0
1787735419.359,gripper,28.991,37.021,28.991,-8.030,-8.030,0
1787735419.409,shoulder_pan,-4.154,-4.000,-4.154,-0.154,-0.154,0
1787735419.409,shoulder_lift,-59.211,-60.044,-59.211,0.833,0.833,0
1787735419.409,elbow_flex,79.068,82.769,79.068,-3.701,-3.701,0
1787735419.409,wrist_flex,43.865,44.879,43.865,-1.014,-1.014,0
1787735419.409,wrist_roll,-1.821,-1.714,-1.821,-0.107,-0.107,0
1787735419.409,gripper,28.841,37.021,28.841,-8.180,-8.180,0
1787735419.459,shoulder_pan,-4.369,-4.000,-4.369,-0.369,-0.369,0
1787735419.459,shoulder_lift,-59.402,-59.692,-59.402,0.291,0.291,0
1787735419.459,elbow_flex,79.201,82.769,79.201,-3.568,-3.568,0
1787735419.459,wrist_flex,44.810,44.703,44.810,0.107,0.107,0
1787735419.459,wrist_roll,-1.802,-1.714,-1.802,-0.087,-0.087,0
1787735419.459,gripper,28.699,37.021,28.699,-8.322,-8.322,0
1787735419.509,shoulder_pan,-4.315,-4.000,-4.315,-0.315,-0.315,0
1787735419.509,shoulder_lift,-58.848,-59.516,-58.848,0.669,0.669,0
1787735419.509,elbow_flex,78.721,82.769,78.721,-4.048,-4.048,0
1787735419.509,wrist_flex,44.428,44.703,44.428,-0.275,-0.275,0
1787735419.509,wrist_roll,-1.794,-1.714,-1.794,-0.080,-0.080,0
1787735419.509,gripper,28.705,37.021,28.705,-8.316,-8.316,0
1787735419.559,shoulder_pan,-4.266,-4.000,-4.266,-0.266,-0.266,0
1787735419.559,shoulder_lift,-58.672,-59.516,-58.672,0.845,0.845,0
1787735419.559,elbow_flex,78.373,82.769,78.373,-4.396,-4.396,0
1787735419.559,wrist_flex,43.985,44.703,43.985,-0.718,-0.718,0
1787735419.559,wrist_roll,-1.782,-1.714,-1.782,-0.067,-0.067,0
1787735419.559,gripper,28.955,37.021,28.955,-8.066,-8.066,0
1787735419.609,shoulder_pan,-4.249,-4.000,-4.249,-0.249,-0.249,0
1787735419.609,shoulder_lift,-58.722,-59.077,-58.722,0.355,0.355,0
1787735419.609,elbow_flex,78.395,82.681,78.395,-4.286,-4.286,0
1787735419.609,wrist_flex,44.145,44.703,44.145,-0.558,-0.558,0
1787735419.609,wrist_roll,-1.771,-1.714,-1.771,-0.057,-0.057,0
1787735419.609,gripper,29.018,37.021,29.018,-8.003,-8.003,0
1787735419.659,shoulder_pan,-4.277,-4.000,-4.277,-0.277,-0.277,0
1787735419.659,shoulder_lift,-58.426,-58.813,-58.426,0.388,0.388,0
1787735419.659,elbow_flex,78.212,82.681,78.212,-4.470,-4.470,0
1787735419.659,wrist_flex,43.918,44.703,43.918,-0.785,-0.785,0
1787735419.659,wrist_roll,-1.756,-1.714,-1.756,-0.041,-0.041,0
1787735419.659,gripper,28.667,37.021,28.667,-8.354,-8.354,0
1787735419.710,shoulder_pan,-4.299,-4.000,-4.299,-0.299,-0.299,0
1787735419.710,shoulder_lift,-58.096,-58.813,-58.096,0.717,0.717,0
1787735419.710,elbow_flex,78.152,82.681,78.152,-4.529,-4.529,0
1787735419.710,wrist_flex,43.614,44.703,43.614,-1.089,-1.089,0
1787735419.710,wrist_roll,-1.723,-1.714,-1.723,-0.009,-0.009,0
1787735419.710,gripper,28.594,37.021,28.594,-8.427,-8.427,0
1787735419.760,shoulder_pan,-4.343,-4.000,-4.343,-0.343,-0.343,0
1787735419.760,shoulder_lift,-58.183,-58.637,-58.183,0.454,0.454,0
1787735419.760,elbow_flex,78.318,82.681,78.318,-4.363,-4.363,0
1787735419.760,wrist_flex,43.520,44.703,43.520,-1.183,-1.183,0
1787735419.760,wrist_roll,-1.717,-1.714,-1.717,-0.002,-0.002,0
1787735419.760,gripper,28.612,37.021,28.612,-8.409,-8.409,0
1787735419.810,shoulder_pan,-4.294,-4.000,-4.294,-0.294,-0.294,0
1787735419.810,shoulder_lift,-57.796,-58.374,-57.796,0.578,0.578,0
1787735419.810,elbow_flex,78.003,82.681,78.003,-4.678,-4.678,0
1787735419.810,wrist_flex,42.352,44.703,42.352,-2.352,-2.352,0
1787735419.810,wrist_roll,-1.721,-1.714,-1.721,-0.006,-0.006,0
1787735419.810,gripper,29.003,37.021,29.003,-8.018,-8.018,0
1787735419.860,shoulder_pan,-4.362,-4.000,-4.362,-0.362,-0.362,0
1787735419.860,shoulder_lift,-54.430,-58.198,-54.430,3.768,3.768,0
1787735419.860,elbow_flex,78.449,82.593,78.449,-4.144,-4.144,0
1787735419.860,wrist_flex,39.730,44.352,39.730,-4.621,-4.621,0
1787735419.860,wrist_roll,-1.713,-1.714,-1.713,0.001,0.001,0
1787735419.860,gripper,28.662,37.021,28.662,-8.359,-8.359,0
1787735419.910,shoulder_pan,-4.224,-4.000,-4.224,-0.224,-0.224,0
1787735419.910,shoulder_lift,-48.176,-57.670,-48.176,9.494,9.494,0
1787735419.910,elbow_flex,78.557,82.330,78.557,-3.772,-3.772,0
1787735419.910,wrist_flex,36.637,43.297,36.637,-6.659,-6.659,0
1787735419.910,wrist_roll,-1.763,-1.714,-1.763,-0.049,-0.049,0
1787735419.910,gripper,27.847,37.021,27.847,-9.174,-9.174,0
1787735419.960,shoulder_pan,-4.234,-4.000,-4.234,-0.234,-0.234,0
1787735419.960,shoulder_lift,-45.307,-55.473,-45.307,10.165,10.165,0
1787735419.960,elbow_flex,79.055,82.066,79.055,-3.011,-3.011,0
1787735419.960,wrist_flex,35.840,41.275,35.840,-5.435,-5.435,0
1787735419.960,wrist_roll,-1.753,-1.714,-1.753,-0.039,-0.039,0
1787735419.960,gripper,27.446,37.021,27.446,-9.574,-9.574,0
1787735420.011,shoulder_pan,-4.139,-4.000,-4.139,-0.139,-0.139,0
1787735420.011,shoulder_lift,-44.463,-51.868,-44.463,7.405,7.405,0
1787735420.011,elbow_flex,79.369,81.978,79.369,-2.609,-2.609,0
1787735420.011,wrist_flex,35.039,39.253,35.039,-4.214,-4.214,0
1787735420.011,wrist_roll,-1.766,-1.714,-1.766,-0.052,-0.052,0
1787735420.011,gripper,27.128,37.021,27.128,-9.893,-9.893,0
1787735420.060,shoulder_pan,-4.036,-4.000,-4.036,-0.036,-0.036,0
1787735420.060,shoulder_lift,-42.970,-48.352,-42.970,5.382,5.382,0
1787735420.060,elbow_flex,79.422,81.978,79.422,-2.556,-2.556,0
1787735420.060,wrist_flex,34.334,37.758,34.334,-3.424,-3.424,0
1787735420.060,wrist_roll,-1.752,-1.714,-1.752,-0.038,-0.038,0
1787735420.060,gripper,26.846,37.021,26.846,-10.175,-10.175,0
1787735420.110,shoulder_pan,-3.932,-4.000,-3.932,0.068,0.068,0
1787735420.110,shoulder_lift,-42.030,-45.890,-42.030,3.860,3.860,0
1787735420.110,elbow_flex,79.342,81.978,79.342,-2.636,-2.636,0
1787735420.110,wrist_flex,34.325,36.615,34.325,-2.290,-2.290,0
1787735420.110,wrist_roll,-1.801,-1.714,-1.801,-0.086,-0.086,0
1787735420.110,gripper,26.417,37.021,26.417,-10.603,-10.603,0
1787735420.160,shoulder_pan,-3.850,-4.000,-3.850,0.150,0.150,0
1787735420.160,shoulder_lift,-40.327,-44.044,-40.327,3.717,3.717,0
1787735420.160,elbow_flex,79.636,81.890,79.636,-2.254,-2.254,0
1787735420.160,wrist_flex,34.027,35.824,34.027,-1.797,-1.797,0
1787735420.160,wrist_roll,-1.819,-1.626,-1.819,-0.193,-0.193,0
1787735420.160,gripper,26.100,37.021,26.100,-10.921,-10.921,0
1787735420.210,shoulder_pan,-3.654,-4.000,-3.654,0.346,0.346,0
1787735420.210,shoulder_lift,-38.645,-43.253,-38.645,4.608,4.608,0
1787735420.210,elbow_flex,79.537,81.802,79.537,-2.265,-2.265,0
1787735420.210,wrist_flex,33.166,35.209,33.166,-2.043,-2.043,0
1787735420.210,wrist_roll,-1.846,-1.802,-1.846,-0.044,-0.044,0
1787735420.210,gripper,25.729,37.021,25.729,-11.292,-11.292,0
1787735420.260,shoulder_pan,-3.587,-4.000,-3.587,0.413,0.413,0
1787735420.260,shoulder_lift,-36.998,-41.846,-36.998,4.848,4.848,0
1787735420.260,elbow_flex,79.666,81.714,79.666,-2.048,-2.048,0
1787735420.260,wrist_flex,32.818,34.242,32.818,-1.423,-1.423,0
1787735420.260,wrist_roll,-1.846,-1.802,-1.846,-0.044,-0.044,0
1787735420.260,gripper,25.306,37.021,25.306,-11.715,-11.715,0
1787735420.311,shoulder_pan,-3.295,-3.912,-3.295,0.617,0.617,0
1787735420.311,shoulder_lift,-35.288,-40.440,-35.288,5.151,5.151,0
1787735420.311,elbow_flex,79.733,81.187,79.733,-1.454,-1.454,0
1787735420.311,wrist_flex,31.837,33.538,31.837,-1.701,-1.701,0
1787735420.311,wrist_roll,-1.884,-1.802,-1.884,-0.082,-0.082,0
1787735420.311,gripper,24.703,37.021,24.703,-12.318,-12.318,0
1787735420.360,shoulder_pan,-3.033,-3.912,-3.033,0.879,0.879,0
1787735420.360,shoulder_lift,-33.970,-39.033,-33.970,5.063,5.063,0
1787735420.360,elbow_flex,79.750,80.659,79.750,-0.909,-0.909,0
1787735420.360,wrist_flex,31.754,32.923,31.754,-1.169,-1.169,0
1787735420.360,wrist_roll,-1.919,-1.802,-1.919,-0.117,-0.117,0
1787735420.360,gripper,24.425,37.021,24.425,-12.596,-12.596,0
1787735420.410,shoulder_pan,-2.781,-3.912,-2.781,1.131,1.131,0
1787735420.410,shoulder_lift,-33.077,-37.538,-33.077,4.461,4.461,0
1787735420.410,elbow_flex,79.865,79.868,79.865,-0.003,-0.003,0
1787735420.410,wrist_flex,31.778,32.396,31.778,-0.618,-0.618,0
1787735420.410,wrist_roll,-1.925,-1.890,-1.925,-0.035,-0.035,0
1787735420.410,gripper,24.136,37.021,24.136,-12.885,-12.885,0
1787735420.460,shoulder_pan,-2.397,-3.736,-2.397,1.339,1.339,0
1787735420.460,shoulder_lift,-31.942,-36.396,-31.942,4.454,4.454,0
1787735420.460,elbow_flex,79.812,79.692,79.812,0.120,0.120,0
1787735420.460,wrist_flex,30.633,32.044,30.633,-1.411,-1.411,0
1787735420.460,wrist_roll,-1.976,-1.890,-1.976,-0.086,-0.086,0
1787735420.460,gripper,24.141,37.021,24.141,-12.880,-12.880,0
1787735420.510,shoulder_pan,-1.981,-3.385,-1.981,1.404,1.404,0
1787735420.510,shoulder_lift,-31.669,-35.429,-31.669,3.760,3.760,0
1787735420.510,elbow_flex,79.561,79.604,79.561,-0.044,-0.044,0
1787735420.510,wrist_flex,30.700,31.516,30.700,-0.817,-0.817,0
1787735420.510,wrist_roll,-1.969,-1.890,-1.969,-0.079,-0.079,0
1787735420.510,gripper,23.876,37.021,23.876,-13.145,-13.145,0
1787735420.560,shoulder_pan,-1.148,-3.033,-1.148,1.885,1.885,0
1787735420.560,shoulder_lift,-32.021,-34.725,-32.021,2.704,2.704,0
1787735420.560,elbow_flex,79.079,79.516,79.079,-0.438,-0.438,0
1787735420.560,wrist_flex,31.566,30.989,31.566,0.577,0.577,0
1787735420.560,wrist_roll,-1.985,-1.890,-1.985,-0.095,-0.095,0
1787735420.560,gripper,23.735,37.021,23.735,-13.286,-13.286,0
1787735420.612,shoulder_pan,-0.871,-2.681,-0.871,1.811,1.811,0
1787735420.612,shoulder_lift,-31.301,-34.462,-31.301,3.161,3.161,0
1787735420.612,elbow_flex,78.714,79.341,78.714,-0.626,-0.626,0
1787735420.612,wrist_flex,31.865,30.901,31.865,0.964,0.964,0
1787735420.612,wrist_roll,-1.983,-1.890,-1.983,-0.093,-0.093,0
1787735420.612,gripper,23.567,37.021,23.567,-13.454,-13.454,0
1787735420.660,shoulder_pan,-0.389,-2.154,-0.389,1.765,1.765,0
1787735420.660,shoulder_lift,-31.481,-34.198,-31.481,2.717,2.717,0
1787735420.660,elbow_flex,78.815,78.989,78.815,-0.174,-0.174,0
1787735420.660,wrist_flex,31.115,30.901,31.115,0.214,0.214,0
1787735420.660,wrist_roll,-2.005,-1.890,-2.005,-0.115,-0.115,0
1787735420.660,gripper,23.569,37.021,23.569,-13.452,-13.452,0
1787735420.711,shoulder_pan,-0.005,-1.802,-0.005,1.797,1.797,0
1787735420.711,shoulder_lift,-30.576,-33.846,-30.576,3.271,3.271,0
1787735420.711,elbow_flex,78.438,78.813,78.438,-0.375,-0.375,0
1787735420.711,wrist_flex,31.167,30.901,31.167,0.266,0.266,0
1787735420.711,wrist_roll,-2.061,-1.890,-2.061,-0.171,-0.171,0
1787735420.711,gripper,23.587,37.021,23.587,-13.434,-13.434,0
1787735420.761,shoulder_pan,0.368,-1.363,0.368,1.731,1.731,0
1787735420.761,shoulder_lift,-30.689,-33.407,-30.689,2.717,2.717,0
1787735420.761,elbow_flex,78.262,78.549,78.262,-0.288,-0.288,0
1787735420.761,wrist_flex,30.901,30.901,30.901,-0.000,-0.000,0
1787735420.761,wrist_roll,-2.018,-1.890,-2.018,-0.128,-0.128,0
1787735420.761,gripper,23.729,37.021,23.729,-13.292,-13.292,0
1787735420.811,shoulder_pan,-0.804,-1.011,-0.804,0.207,0.207,0
1787735420.811,shoulder_lift,-30.738,-32.967,-30.738,2.229,2.229,0
1787735420.811,elbow_flex,77.561,78.198,77.561,-0.636,-0.636,0
1787735420.811,wrist_flex,31.579,30.901,31.579,0.678,0.678,0
1787735420.811,wrist_roll,-1.917,-1.890,-1.917,-0.027,-0.027,0
1787735420.811,gripper,25.457,37.021,25.457,-11.564,-11.564,0
1787735420.861,shoulder_pan,-2.838,-0.835,-2.838,-2.003,-2.003,0
1787735420.861,shoulder_lift,-27.426,-32.703,-27.426,5.277,5.277,0
1787735420.861,elbow_flex,77.298,77.846,77.298,-0.548,-0.548,0
1787735420.861,wrist_flex,31.685,30.901,31.685,0.784,0.784,0
1787735420.861,wrist_roll,-1.802,-1.890,-1.802,0.088,0.088,0
1787735420.861,gripper,28.328,37.021,28.328,-8.693,-8.693,0
1787735420.911,shoulder_pan,-3.148,-0.923,-3.148,-2.225,-2.225,0
1787735420.911,shoulder_lift,-25.395,-32.088,-25.395,6.693,6.693,0
1787735420.911,elbow_flex,77.594,77.495,77.594,0.100,0.100,0
1787735420.911,wrist_flex,32.072,30.901,32.072,1.170,1.170,0
1787735420.911,wrist_roll,-1.753,-1.978,-1.753,0.225,0.225,0
1787735420.911,gripper,28.925,37.021,28.925,-8.096,-8.096,0
1787735420.962,shoulder_pan,-3.280,-1.626,-3.280,-1.654,-1.654,0
1787735420.962,shoulder_lift,-24.202,-30.593,-24.202,6.392,6.392,0
1787735420.962,elbow_flex,78.034,77.407,78.034,0.627,0.627,0
1787735420.962,wrist_flex,32.590,30.901,32.590,1.689,1.689,0
1787735420.962,wrist_roll,-1.750,-1.978,-1.750,0.228,0.228,0
1787735420.962,gripper,29.008,37.021,29.008,-8.013,-8.013,0
1787735421.012,shoulder_pan,-3.347,-2.066,-3.347,-1.281,-1.281,0
1787735421.012,shoulder_lift,-23.533,-29.099,-23.533,5.566,5.566,0
1787735421.012,elbow_flex,78.191,77.143,78.191,1.048,1.048,0
1787735421.012,wrist_flex,32.066,30.901,32.066,1.165,1.165,0
1787735421.012,wrist_roll,-1.721,-1.978,-1.721,0.257,0.257,0
1787735421.012,gripper,29.375,37.021,29.375,-7.645,-7.645,0
1787735421.061,shoulder_pan,-3.482,-2.330,-3.482,-1.153,-1.153,0
1787735421.061,shoulder_lift,-23.141,-28.308,-23.141,5.167,5.167,0
1787735421.061,elbow_flex,78.554,77.055,78.554,1.499,1.499,0
1787735421.061,wrist_flex,32.109,30.901,32.109,1.208,1.208,0
1787735421.061,wrist_roll,-1.734,-1.978,-1.734,0.244,0.244,0
1787735421.061,gripper,29.666,37.021,29.666,-7.355,-7.355,0
1787735421.112,shoulder_pan,-3.541,-2.505,-3.541,-1.036,-1.036,0
1787735421.112,shoulder_lift,-22.623,-27.956,-22.623,5.333,5.333,0
1787735421.112,elbow_flex,78.534,77.055,78.534,1.479,1.479,0
1787735421.112,wrist_flex,31.422,30.901,31.422,0.521,0.521,0
1787735421.112,wrist_roll,-1.681,-1.978,-1.681,0.297,0.297,0
1787735421.112,gripper,29.913,37.021,29.913,-7.108,-7.108,0
1787735421.162,shoulder_pan,-3.681,-2.505,-3.681,-1.175,-1.175,0
1787735421.162,shoulder_lift,-22.300,-27.956,-22.300,5.656,5.656,0
1787735421.162,elbow_flex,78.326,77.055,78.326,1.271,1.271,0
1787735421.162,wrist_flex,31.842,30.813,31.842,1.029,1.029,0
1787735421.162,wrist_roll,-1.710,-1.978,-1.710,0.268,0.268,0
1787735421.162,gripper,30.093,37.021,30.093,-6.927,-6.927,0
1787735421.212,shoulder_pan,-3.833,-2.505,-3.833,-1.327,-1.327,0
1787735421.212,shoulder_lift,-21.729,-27.956,-21.729,6.227,6.227,0
1787735421.212,elbow_flex,78.233,77.055,78.233,1.178,1.178,0
1787735421.212,wrist_flex,32.039,30.813,32.039,1.226,1.226,0
1787735421.212,wrist_roll,-1.706,-1.978,-1.706,0.272,0.272,0
1787735421.212,gripper,30.371,37.021,30.371,-6.650,-6.650,0
1787735421.262,shoulder_pan,-3.753,-2.593,-3.753,-1.160,-1.160,0
1787735421.262,shoulder_lift,-21.844,-27.780,-21.844,5.936,5.936,0
1787735421.262,elbow_flex,78.165,77.055,78.165,1.110,1.110,0
1787735421.262,wrist_flex,31.513,30.813,31.513,0.699,0.699,0
1787735421.262,wrist_roll,-1.681,-1.978,-1.681,0.297,0.297,0
1787735421.262,gripper,30.392,37.021,30.392,-6.629,-6.629,0
1787735421.312,shoulder_pan,-3.897,-2.681,-3.897,-1.215,-1.215,0
1787735421.312,shoulder_lift,-21.286,-27.429,-21.286,6.143,6.143,0
1787735421.312,elbow_flex,78.151,76.967,78.151,1.183,1.183,0
1787735421.312,wrist_flex,31.998,30.813,31.998,1.185,1.185,0
1787735421.312,wrist_roll,-1.658,-1.978,-1.658,0.320,0.320,0
1787735421.312,gripper,30.411,37.021,30.411,-6.610,-6.610,0
1787735421.362,shoulder_pan,-3.912,-2.681,-3.912,-1.231,-1.231,0
1787735421.362,shoulder_lift,-21.187,-27.341,-21.187,6.154,6.154,0
1787735421.362,elbow_flex,78.252,76.967,78.252,1.285,1.285,0
1787735421.362,wrist_flex,31.850,30.813,31.850,1.036,1.036,0
1787735421.362,wrist_roll,-1.657,-1.978,-1.657,0.321,0.321,0
1787735421.362,gripper,30.381,37.021,30.381,-6.640,-6.640,0
1787735421.412,shoulder_pan,-3.894,-2.681,-3.894,-1.213,-1.213,0
1787735421.412,shoulder_lift,-20.846,-27.341,-20.846,6.495,6.495,0
1787735421.412,elbow_flex,78.168,76.967,78.168,1.201,1.201,0
1787735421.412,wrist_flex,31.763,30.813,31.763,0.949,0.949,0
1787735421.412,wrist_roll,-1.668,-1.978,-1.668,0.310,0.310,0
1787735421.412,gripper,30.612,37.021,30.612,-6.409,-6.409,0
1787735421.462,shoulder_pan,-3.838,-2.681,-3.838,-1.156,-1.156,0
1787735421.462,shoulder_lift,-20.781,-27.341,-20.781,6.560,6.560,0
1787735421.462,elbow_flex,77.996,76.967,77.996,1.029,1.029,0
1787735421.462,wrist_flex,31.737,30.813,31.737,0.924,0.924,0
1787735421.462,wrist_roll,-1.643,-1.978,-1.643,0.335,0.335,0
1787735421.462,gripper,30.650,37.021,30.650,-6.371,-6.371,0
1787735421.512,shoulder_pan,-3.802,-2.681,-3.802,-1.120,-1.120,0
1787735421.512,shoulder_lift,-20.600,-27.341,-20.600,6.740,6.740,0
1787735421.512,elbow_flex,77.937,76.967,77.937,0.970,0.970,0
1787735421.512,wrist_flex,31.631,30.813,31.631,0.817,0.817,0
1787735421.512,wrist_roll,-1.658,-1.978,-1.658,0.320,0.320,0
1787735421.512,gripper,30.755,37.021,30.755,-6.266,-6.266,0
1787735421.563,shoulder_pan,-3.879,-2.681,-3.879,-1.198,-1.198,0
1787735421.563,shoulder_lift,-20.589,-27.341,-20.589,6.752,6.752,0
1787735421.563,elbow_flex,78.415,76.967,78.415,1.448,1.448,0
1787735421.563,wrist_flex,31.324,30.813,31.324,0.510,0.510,0
1787735421.563,wrist_roll,-1.650,-1.978,-1.650,0.329,0.329,0
1787735421.563,gripper,30.967,37.021,30.967,-6.054,-6.054,0
1787735421.612,shoulder_pan,-3.878,-2.681,-3.878,-1.197,-1.197,0
1787735421.612,shoulder_lift,-20.306,-27.341,-20.306,7.034,7.034,0
1787735421.612,elbow_flex,78.381,76.967,78.381,1.414,1.414,0
1787735421.612,wrist_flex,31.464,30.813,31.464,0.651,0.651,0
1787735421.612,wrist_roll,-1.644,-1.978,-1.644,0.334,0.334,0
1787735421.612,gripper,30.878,37.021,30.878,-6.143,-6.143,0
1787735421.663,shoulder_pan,-3.843,-2.681,-3.843,-1.161,-1.161,0
1787735421.663,shoulder_lift,-20.418,-27.253,-20.418,6.835,6.835,0
1787735421.663,elbow_flex,78.151,76.967,78.151,1.184,1.184,0
1787735421.663,wrist_flex,31.338,30.813,31.338,0.524,0.524,0
1787735421.663,wrist_roll,-1.641,-1.978,-1.641,0.337,0.337,0
1787735421.663,gripper,30.940,37.021,30.940,-6.081,-6.081,0
1787735421.712,shoulder_pan,-3.842,-2.681,-3.842,-1.160,-1.160,0
1787735421.712,shoulder_lift,-20.509,-26.901,-20.509,6.392,6.392,0
1787735421.712,elbow_flex,77.909,76.879,77.909,1.030,1.030,0
1787735421.712,wrist_flex,31.109,30.813,31.109,0.296,0.296,0
1787735421.712,wrist_roll,-1.660,-1.978,-1.660,0.318,0.318,0
1787735421.712,gripper,31.015,37.021,31.015,-6.006,-6.006,0
1787735421.763,shoulder_pan,-3.824,-2.681,-3.824,-1.142,-1.142,0
1787735421.763,shoulder_lift,-20.165,-26.725,-20.165,6.561,6.561,0
1787735421.763,elbow_flex,77.910,76.703,77.910,1.207,1.207,0
1787735421.763,wrist_flex,31.392,30.725,31.392,0.667,0.667,0
1787735421.763,wrist_roll,-1.626,-1.978,-1.626,0.352,0.352,0
1787735421.763,gripper,30.883,37.021,30.883,-6.138,-6.138,0
1787735421.813,shoulder_pan,-4.180,-2.681,-4.180,-1.499,-1.499,0
1787735421.813,shoulder_lift,-21.408,-26.725,-21.408,5.317,5.317,0
1787735421.813,elbow_flex,79.383,76.527,79.383,2.855,2.855,0
1787735421.813,wrist_flex,31.701,30.725,31.701,0.976,0.976,0
1787735421.813,wrist_roll,-1.550,-1.978,-1.550,0.428,0.428,0
1787735421.813,gripper,32.006,37.021,32.006,-5.015,-5.015,0
1787735421.863,shoulder_pan,-4.270,-2.857,-4.270,-1.413,-1.413,0
1787735421.863,shoulder_lift,-22.063,-26.725,-22.063,4.662,4.662,0
1787735421.863,elbow_flex,79.867,76.527,79.867,3.339,3.339,0
1787735421.863,wrist_flex,32.498,30.725,32.498,1.773,1.773,0
1787735421.863,wrist_roll,-1.464,-1.978,-1.464,0.514,0.514,0
1787735421.863,gripper,33.032,37.021,33.032,-3.989,-3.989,0
1787735421.913,shoulder_pan,-4.098,-3.121,-4.098,-0.977,-0.977,0
1787735421.913,shoulder_lift,-20.935,-26.725,-20.935,5.791,5.791,0
1787735421.913,elbow_flex,78.826,76.527,78.826,2.299,2.299,0
1787735421.913,wrist_flex,32.287,30.725,32.287,1.561,1.561,0
1787735421.913,wrist_roll,-1.427,-1.978,-1.427,0.551,0.551,0
1787735421.913,gripper,32.790,37.021,32.790,-4.231,-4.231,0
1787735421.963,shoulder_pan,-3.920,-3.121,-3.920,-0.799,-0.799,0
1787735421.963,shoulder_lift,-19.788,-26.725,-19.788,6.938,6.938,0
1787735421.963,elbow_flex,77.579,76.527,77.579,1.052,1.052,0
1787735421.963,wrist_flex,32.496,30.725,32.496,1.771,1.771,0
1787735421.963,wrist_roll,-1.454,-1.978,-1.454,0.524,0.524,0
1787735421.963,gripper,32.563,37.021,32.563,-4.458,-4.458,0
1787735422.013,shoulder_pan,-3.702,-3.121,-3.702,-0.581,-0.581,0
1787735422.013,shoulder_lift,-18.665,-26.549,-18.665,7.885,7.885,0
1787735422.013,elbow_flex,76.742,76.440,76.742,0.302,0.302,0
1787735422.013,wrist_flex,32.375,30.725,32.375,1.650,1.650,0
1787735422.013,wrist_roll,-1.443,-1.978,-1.443,0.535,0.535,0
1787735422.013,gripper,32.280,37.021,32.280,-4.741,-4.741,0
1787735422.063,shoulder_pan,-3.654,-3.121,-3.654,-0.533,-0.533,0
1787735422.063,shoulder_lift,-17.866,-25.846,-17.866,7.980,7.980,0
1787735422.063,elbow_flex,75.843,75.912,75.843,-0.069,-0.069,0
1787735422.063,wrist_flex,31.899,30.725,31.899,1.173,1.173,0
1787735422.063,wrist_roll,-1.453,-1.978,-1.453,0.525,0.525,0
1787735422.063,gripper,32.547,37.021,32.547,-4.474,-4.474,0
1787735422.114,shoulder_pan,-3.589,-3.209,-3.589,-0.380,-0.380,0
1787735422.114,shoulder_lift,-16.375,-24.967,-16.375,8.592,8.592,0
1787735422.114,elbow_flex,74.374,75.121,74.374,-0.746,-0.746,0
1787735422.114,wrist_flex,31.915,30.725,31.915,1.189,1.189,0
1787735422.114,wrist_roll,-1.478,-1.978,-1.478,0.500,0.500,0
1787735422.114,gripper,32.555,37.021,32.555,-4.466,-4.466,0
1787735422.164,shoulder_pan,-3.372,-3.209,-3.372,-0.163,-0.163,0
1787735422.164,shoulder_lift,-15.061,-23.912,-15.061,8.851,8.851,0
1787735422.164,elbow_flex,73.115,74.242,73.115,-1.126,-1.126,0
1787735422.164,wrist_flex,31.360,30.725,31.360,0.635,0.635,0
1787735422.164,wrist_roll,-1.475,-1.978,-1.475,0.503,0.503,0
1787735422.164,gripper,32.684,37.021,32.684,-4.337,-4.337,0
1787735422.213,shoulder_pan,-3.343,-3.209,-3.343,-0.135,-0.135,0
1787735422.213,shoulder_lift,-13.187,-22.593,-13.187,9.407,9.407,0
1787735422.213,elbow_flex,71.230,73.011,71.230,-1.781,-1.781,0
1787735422.213,wrist_flex,31.278,30.725,31.278,0.553,0.553,0
1787735422.213,wrist_roll,-1.508,-1.978,-1.508,0.470,0.470,0
1787735422.213,gripper,32.895,37.021,32.895,-4.126,-4.126,0
1787735422.264,shoulder_pan,-3.152,-3.209,-3.152,0.056,0.056,0
1787735422.264,shoulder_lift,-10.114,-21.099,-10.114,10.984,10.984,0
1787735422.264,elbow_flex,69.341,71.692,69.341,-2.352,-2.352,0
1787735422.264,wrist_flex,31.904,30.725,31.904,1.179,1.179,0
1787735422.264,wrist_roll,-1.481,-1.978,-1.481,0.497,0.497,0
1787735422.264,gripper,32.792,37.021,32.792,-4.228,-4.228,0
1787735422.313,shoulder_pan,-3.219,-3.209,-3.219,-0.011,-0.011,0
1787735422.313,shoulder_lift,-7.547,-19.341,-7.547,11.794,11.794,0
1787735422.313,elbow_flex,67.437,70.110,67.437,-2.673,-2.673,0
1787735422.313,wrist_flex,31.687,30.725,31.687,0.961,0.961,0
1787735422.313,wrist_roll,-1.505,-1.978,-1.505,0.473,0.473,0
1787735422.313,gripper,32.880,37.021,32.880,-4.141,-4.141,0
1787735422.363,shoulder_pan,-3.145,-3.209,-3.145,0.063,0.063,0
1787735422.363,shoulder_lift,-5.739,-17.319,-5.739,11.580,11.580,0
1787735422.363,elbow_flex,66.211,68.352,66.211,-2.140,-2.140,0
1787735422.363,wrist_flex,31.592,30.725,31.592,0.867,0.867,0
1787735422.363,wrist_roll,-1.537,-1.978,-1.537,0.441,0.441,0
1787735422.363,gripper,33.061,37.021,33.061,-3.960,-3.960,0
1787735422.413,shoulder_pan,-3.241,-3.209,-3.241,-0.032,-0.032,0
1787735422.413,shoulder_lift,-4.156,-15.297,-4.156,11.141,11.141,0
1787735422.413,elbow_flex,64.904,66.505,64.904,-1.602,-1.602,0
1787735422.413,wrist_flex,31.749,30.725,31.749,1.024,1.024,0
1787735422.413,wrist_roll,-1.579,-1.978,-1.579,0.399,0.399,0
1787735422.413,gripper,32.939,37.021,32.939,-4.082,-4.082,0
1787735422.463,shoulder_pan,-3.179,-3.209,-3.179,0.030,0.030,0
1787735422.463,shoulder_lift,-3.077,-13.451,-3.077,10.373,10.373,0
1787735422.463,elbow_flex,64.147,64.923,64.147,-0.777,-0.777,0
1787735422.463,wrist_flex,31.662,30.725,31.662,0.937,0.937,0
1787735422.463,wrist_roll,-1.588,-1.978,-1.588,0.390,0.390,0
1787735422.463,gripper,32.716,37.021,32.716,-4.305,-4.305,0
1787735422.513,shoulder_pan,-3.489,-3.209,-3.489,-0.280,-0.280,0
1787735422.513,shoulder_lift,-3.136,-11.956,-3.136,8.820,8.820,0
1787735422.513,elbow_flex,65.141,63.604,65.141,1.536,1.536,0
1787735422.513,wrist_flex,29.938,30.725,29.938,-0.788,-0.788,0
1787735422.513,wrist_roll,-1.631,-1.978,-1.631,0.347,0.347,0
1787735422.513,gripper,32.625,37.021,32.625,-4.396,-4.396,0
1787735422.564,shoulder_pan,-3.563,-3.297,-3.563,-0.266,-0.266,0
1787735422.564,shoulder_lift,-3.532,-11.429,-3.532,7.897,7.897,0
1787735422.564,elbow_flex,65.549,63.253,65.549,2.296,2.296,0
1787735422.564,wrist_flex,29.245,30.549,29.245,-1.305,-1.305,0
1787735422.564,wrist_roll,-1.663,-1.978,-1.663,0.315,0.315,0
1787735422.564,gripper,32.738,37.021,32.738,-4.283,-4.283,0
1787735422.614,shoulder_pan,-3.672,-3.297,-3.672,-0.376,-0.376,0
1787735422.614,shoulder_lift,-3.916,-11.341,-3.916,7.425,7.425,0
1787735422.614,elbow_flex,65.960,63.253,65.960,2.707,2.707,0
1787735422.614,wrist_flex,29.285,29.758,29.285,-0.473,-0.473,0
1787735422.614,wrist_roll,-1.646,-1.978,-1.646,0.332,0.332,0
1787735422.614,gripper,32.470,37.021,32.470,-4.551,-4.551,0
1787735422.664,shoulder_pan,-3.754,-3.297,-3.754,-0.457,-0.457,0
1787735422.664,shoulder_lift,-4.511,-11.341,-4.511,6.830,6.830,0
1787735422.664,elbow_flex,66.386,63.253,66.386,3.133,3.133,0
1787735422.664,wrist_flex,28.022,29.231,28.022,-1.209,-1.209,0
1787735422.664,wrist_roll,-1.641,-1.978,-1.641,0.337,0.337,0
1787735422.664,gripper,32.197,37.021,32.197,-4.824,-4.824,0
1787735422.714,shoulder_pan,-3.899,-3.297,-3.899,-0.602,-0.602,0
1787735422.714,shoulder_lift,-4.996,-11.253,-4.996,6.256,6.256,0
1787735422.714,elbow_flex,66.994,63.341,66.994,3.653,3.653,0
1787735422.714,wrist_flex,26.889,28.615,26.889,-1.727,-1.727,0
1787735422.714,wrist_roll,-1.620,-1.978,-1.620,0.358,0.358,0
1787735422.714,gripper,32.173,37.021,32.173,-4.848,-4.848,0
1787735422.764,shoulder_pan,-4.756,-3.297,-4.756,-1.459,-1.459,0
1787735422.764,shoulder_lift,-4.473,-11.253,-4.473,6.780,6.780,0
1787735422.764,elbow_flex,67.467,63.429,67.467,4.039,4.039,0
1787735422.764,wrist_flex,27.987,27.824,27.987,0.163,0.163,0
1787735422.764,wrist_roll,-1.773,-1.978,-1.773,0.205,0.205,0
1787735422.764,gripper,32.782,37.021,32.782,-4.239,-4.239,0
1787735422.815,shoulder_pan,-5.741,-3.473,-5.741,-2.268,-2.268,0
1787735422.815,shoulder_lift,-2.923,-11.077,-2.923,8.154,8.154,0
1787735422.815,elbow_flex,66.988,63.429,66.988,3.559,3.559,0
1787735422.815,wrist_flex,31.729,27.473,31.729,4.256,4.256,0
1787735422.815,wrist_roll,-1.902,-1.978,-1.902,0.076,0.076,0
1787735422.815,gripper,33.093,37.021,33.093,-3.928,-3.928,0
1787735422.864,shoulder_pan,-5.792,-3.912,-5.792,-1.880,-1.880,0
1787735422.864,shoulder_lift,-2.659,-10.549,-2.659,7.891,7.891,0
1787735422.864,elbow_flex,67.064,63.429,67.064,3.636,3.636,0
1787735422.864,wrist_flex,31.963,27.473,31.963,4.490,4.490,0
1787735422.864,wrist_roll,-1.909,-1.978,-1.909,0.069,0.069,0
1787735422.864,gripper,32.875,37.021,32.875,-4.146,-4.146,0
1787735422.914,shoulder_pan,-5.768,-4.176,-5.768,-1.592,-1.592,0
1787735422.914,shoulder_lift,-2.828,-10.198,-2.828,7.370,7.370,0
1787735422.914,elbow_flex,67.183,63.341,67.183,3.842,3.842,0
1787735422.914,wrist_flex,31.620,28.176,31.620,3.444,3.444,0
1787735422.914,wrist_roll,-1.916,-1.978,-1.916,0.062,0.062,0
1787735422.914,gripper,32.604,37.021,32.604,-4.417,-4.417,0
1787735422.964,shoulder_pan,-5.841,-4.176,-5.841,-1.666,-1.666,0
1787735422.964,shoulder_lift,-2.718,-10.198,-2.718,7.480,7.480,0
1787735422.964,elbow_flex,67.369,63.341,67.369,4.028,4.028,0
1787735422.964,wrist_flex,31.839,28.176,31.839,3.663,3.663,0
1787735422.964,wrist_roll,-1.915,-1.978,-1.915,0.063,0.063,0
1787735422.964,gripper,32.417,37.021,32.417,-4.604,-4.604,0
1787735423.015,shoulder_pan,-5.764,-4.176,-5.764,-1.588,-1.588,0
1787735423.015,shoulder_lift,-3.131,-10.198,-3.131,7.067,7.067,0
1787735423.015,elbow_flex,67.148,63.341,67.148,3.808,3.808,0
1787735423.015,wrist_flex,31.324,28.176,31.324,3.148,3.148,0
1787735423.015,wrist_roll,-1.924,-1.978,-1.924,0.054,0.054,0
1787735423.015,gripper,32.314,37.021,32.314,-4.707,-4.707,0
1787735423.065,shoulder_pan,-5.900,-4.176,-5.900,-1.724,-1.724,0
1787735423.065,shoulder_lift,-3.041,-10.198,-3.041,7.156,7.156,0
1787735423.065,elbow_flex,67.337,63.341,67.337,3.996,3.996,0
1787735423.065,wrist_flex,32.069,28.176,32.069,3.894,3.894,0
1787735423.065,wrist_roll,-1.912,-1.978,-1.912,0.066,0.066,0
1787735423.065,gripper,32.122,37.021,32.122,-4.899,-4.899,0
1787735423.115,shoulder_pan,-5.906,-4.176,-5.906,-1.730,-1.730,0
1787735423.115,shoulder_lift,-2.943,-10.198,-2.943,7.255,7.255,0
1787735423.115,elbow_flex,67.305,63.341,67.305,3.965,3.965,0
1787735423.115,wrist_flex,31.631,28.176,31.631,3.456,3.456,0
1787735423.115,wrist_roll,-1.926,-1.978,-1.926,0.052,0.052,0
1787735423.115,gripper,32.256,37.021,32.256,-4.764,-4.764,0
1787735423.165,shoulder_pan,-5.940,-4.176,-5.940,-1.764,-1.764,0
1787735423.165,shoulder_lift,-3.221,-10.198,-3.221,6.977,6.977,0
1787735423.165,elbow_flex,67.489,63.341,67.489,4.148,4.148,0
1787735423.165,wrist_flex,31.608,28.176,31.608,3.432,3.432,0
1787735423.165,wrist_roll,-1.930,-1.978,-1.930,0.048,0.048,0
1787735423.165,gripper,32.057,37.021,32.057,-4.964,-4.964,0
1787735423.215,shoulder_pan,-5.912,-4.176,-5.912,-1.736,-1.736,0
1787735423.215,shoulder_lift,-3.244,-10.198,-3.244,6.954,6.954,0
1787735423.215,elbow_flex,67.579,63.341,67.579,4.238,4.238,0
1787735423.215,wrist_flex,32.175,28.176,32.175,4.000,4.000,0
1787735423.215,wrist_roll,-1.928,-1.978,-1.928,0.050,0.050,0
1787735423.215,gripper,31.732,37.021,31.732,-5.288,-5.288,0
1787735423.265,shoulder_pan,-6.008,-4.176,-6.008,-1.832,-1.832,0
1787735423.265,shoulder_lift,-2.820,-10.198,-2.820,7.377,7.377,0
1787735423.265,elbow_flex,67.422,63.341,67.422,4.081,4.081,0
1787735423.265,wrist_flex,31.752,28.176,31.752,3.576,3.576,0
1787735423.265,wrist_roll,-1.934,-1.978,-1.934,0.044,0.044,0
1787735423.265,gripper,31.915,37.021,31.915,-5.106,-5.106,0
1787735423.315,shoulder_pan,-6.004,-4.176,-6.004,-1.828,-1.828,0
1787735423.315,shoulder_lift,-3.094,-10.198,-3.094,7.104,7.104,0
1787735423.315,elbow_flex,67.548,63.341,67.548,4.207,4.207,0
1787735423.315,wrist_flex,31.589,28.176,31.589,3.413,3.413,0
1787735423.315,wrist_roll,-1.944,-1.978,-1.944,0.034,0.034,0
1787735423.315,gripper,31.951,37.021,31.951,-5.070,-5.070,0
1787735423.365,shoulder_pan,-5.994,-4.176,-5.994,-1.818,-1.818,0
1787735423.365,shoulder_lift,-2.722,-10.198,-2.722,7.476,7.476,0
1787735423.365,elbow_flex,67.560,63.341,67.560,4.219,4.219,0
1787735423.365,wrist_flex,31.658,28.176,31.658,3.482,3.482,0
1787735423.365,wrist_roll,-1.958,-1.978,-1.958,0.020,0.020,0
1787735423.365,gripper,31.770,37.021,31.770,-5.251,-5.251,0
1787735423.415,shoulder_pan,-6.024,-4.176,-6.024,-1.848,-1.848,0
1787735423.415,shoulder_lift,-2.829,-10.198,-2.829,7.369,7.369,0
1787735423.415,elbow_flex,67.624,63.341,67.624,4.283,4.283,0
1787735423.415,wrist_flex,31.791,28.176,31.791,3.615,3.615,0
1787735423.415,wrist_roll,-1.969,-1.978,-1.969,0.009,0.009,0
1787735423.415,gripper,31.647,37.021,31.647,-5.374,-5.374,0
1787735423.465,shoulder_pan,-5.966,-4.176,-5.966,-1.791,-1.791,0
1787735423.465,shoulder_lift,-2.878,-10.198,-2.878,7.320,7.320,0
1787735423.465,elbow_flex,67.659,63.341,67.659,4.319,4.319,0
1787735423.465,wrist_flex,31.209,28.176,31.209,3.034,3.034,0
1787735423.465,wrist_roll,-1.991,-1.978,-1.991,-0.013,-0.013,0
1787735423.465,gripper,31.731,37.021,31.731,-5.290,-5.290,0
1787735423.516,shoulder_pan,-6.042,-4.176,-6.042,-1.866,-1.866,0
1787735423.516,shoulder_lift,-3.053,-10.198,-3.053,7.145,7.145,0
1787735423.516,elbow_flex,67.979,63.341,67.979,4.639,4.639,0
1787735423.516,wrist_flex,31.499,28.176,31.499,3.323,3.323,0
1787735423.516,wrist_roll,-1.973,-1.978,-1.973,0.005,0.005,0
1787735423.516,gripper,31.579,37.021,31.579,-5.442,-5.442,0
1787735423.565,shoulder_pan,-6.142,-4.176,-6.142,-1.966,-1.966,0
1787735423.565,shoulder_lift,-3.200,-10.198,-3.200,6.997,6.997,0
1787735423.565,elbow_flex,67.861,63.341,67.861,4.520,4.520,0
1787735423.565,wrist_flex,31.236,28.176,31.236,3.060,3.060,0
1787735423.565,wrist_roll,-1.989,-1.978,-1.989,-0.011,-0.011,0
1787735423.565,gripper,31.560,37.021,31.560,-5.461,-5.461,0
1787735423.616,shoulder_pan,-6.083,-4.176,-6.083,-1.907,-1.907,0
1787735423.616,shoulder_lift,-2.800,-10.198,-2.800,7.397,7.397,0
1787735423.616,elbow_flex,67.877,63.341,67.877,4.537,4.537,0
1787735423.616,wrist_flex,31.616,28.176,31.616,3.440,3.440,0
1787735423.616,wrist_roll,-1.979,-1.978,-1.979,-0.001,-0.001,0
1787735423.616,gripper,31.429,37.021,31.429,-5.592,-5.592,0
1787735423.665,shoulder_pan,-6.148,-4.264,-6.148,-1.885,-1.885,0
1787735423.665,shoulder_lift,-2.732,-10.198,-2.732,7.466,7.466,0
1787735423.665,elbow_flex,67.807,63.341,67.807,4.466,4.466,0
1787735423.665,wrist_flex,31.524,28.176,31.524,3.348,3.348,0
1787735423.665,wrist_roll,-1.966,-1.978,-1.966,0.012,0.012,0
1787735423.665,gripper,31.373,37.021,31.373,-5.648,-5.648,0
1787735423.716,shoulder_pan,-6.526,-4.352,-6.526,-2.175,-2.175,0
1787735423.716,shoulder_lift,-2.055,-10.198,-2.055,8.143,8.143,0
1787735423.716,elbow_flex,68.460,63.341,68.460,5.119,5.119,0
1787735423.716,wrist_flex,30.044,28.176,30.044,1.868,1.868,0
1787735423.716,wrist_roll,-1.868,-1.978,-1.868,0.110,0.110,0
1787735423.716,gripper,32.418,37.021,32.418,-4.603,-4.603,0
1787735423.766,shoulder_pan,-6.795,-4.440,-6.795,-2.355,-2.355,0
1787735423.766,shoulder_lift,-0.888,-10.198,-0.888,9.310,9.310,0
1787735423.766,elbow_flex,68.860,63.341,68.860,5.519,5.519,0
1787735423.766,wrist_flex,27.491,28.176,27.491,-0.685,-0.685,0
1787735423.766,wrist_roll,-1.762,-1.978,-1.762,0.216,0.216,0
1787735423.766,gripper,33.056,37.021,33.056,-3.965,-3.965,0
1787735423.815,shoulder_pan,-6.809,-4.703,-6.809,-2.106,-2.106,0
1787735423.815,shoulder_lift,-0.457,-10.110,-0.457,9.653,9.653,0
1787735423.815,elbow_flex,68.601,63.341,68.601,5.260,5.260,0
1787735423.815,wrist_flex,26.521,28.088,26.521,-1.567,-1.567,0
1787735423.815,wrist_roll,-1.741,-1.978,-1.741,0.237,0.237,0
1787735423.815,gripper,32.892,37.021,32.892,-4.129,-4.129,0
1787735423.866,shoulder_pan,-6.905,-4.879,-6.905,-2.026,-2.026,0
1787735423.866,shoulder_lift,-0.120,-9.846,-0.120,9.726,9.726,0
1787735423.866,elbow_flex,68.379,63.341,68.379,5.038,5.038,0
1787735423.866,wrist_flex,25.297,27.033,25.297,-1.736,-1.736,0
1787735423.866,wrist_roll,-1.754,-1.978,-1.754,0.224,0.224,0
1787735423.866,gripper,32.703,37.021,32.703,-4.318,-4.318,0
1787735423.916,shoulder_pan,-6.857,-5.231,-6.857,-1.626,-1.626,0
1787735423.916,shoulder_lift,-0.023,-9.231,-0.023,9.208,9.208,0
1787735423.916,elbow_flex,68.158,63.341,68.158,4.817,4.817,0
1787735423.916,wrist_flex,23.780,26.066,23.780,-2.285,-2.285,0
1787735423.916,wrist_roll,-1.758,-1.978,-1.758,0.220,0.220,0
1787735423.916,gripper,32.299,37.021,32.299,-4.722,-4.722,0
1787735423.966,shoulder_pan,-6.963,-5.407,-6.963,-1.557,-1.557,0
1787735423.966,shoulder_lift,-0.450,-9.143,-0.450,8.693,8.693,0
1787735423.966,elbow_flex,68.166,63.341,68.166,4.826,4.826,0
1787735423.966,wrist_flex,21.739,25.011,21.739,-3.272,-3.272,0
1787735423.966,wrist_roll,-1.749,-1.978,-1.749,0.229,0.229,0
1787735423.966,gripper,32.326,37.021,32.326,-4.695,-4.695,0
1787735424.016,shoulder_pan,-6.931,-5.582,-6.931,-1.349,-1.349,0
1787735424.016,shoulder_lift,-0.166,-8.967,-0.166,8.801,8.801,0
1787735424.016,elbow_flex,68.120,63.429,68.120,4.692,4.692,0
1787735424.016,wrist_flex,20.838,23.604,20.838,-2.766,-2.766,0
1787735424.016,wrist_roll,-1.730,-1.978,-1.730,0.248,0.248,0
1787735424.016,gripper,32.216,37.021,32.216,-4.805,-4.805,0
1787735424.067,shoulder_pan,-6.858,-5.846,-6.858,-1.012,-1.012,0
1787735424.067,shoulder_lift,-0.305,-8.088,-0.305,7.783,7.783,0
1787735424.067,elbow_flex,67.985,63.429,67.985,4.557,4.557,0
1787735424.067,wrist_flex,20.031,22.022,20.031,-1.991,-1.991,0
1787735424.067,wrist_roll,-1.740,-1.978,-1.740,0.238,0.238,0
1787735424.067,gripper,31.859,37.021,31.859,-5.162,-5.162,0
1787735424.116,shoulder_pan,-6.899,-6.022,-6.899,-0.877,-0.877,0
1787735424.116,shoulder_lift,-0.303,-7.560,-0.303,7.257,7.257,0
1787735424.116,elbow_flex,68.015,63.429,68.015,4.587,4.587,0
1787735424.116,wrist_flex,18.290,20.879,18.290,-2.590,-2.590,0
1787735424.116,wrist_roll,-1.699,-1.978,-1.699,0.279,0.279,0
1787735424.116,gripper,31.911,37.021,31.911,-5.110,-5.110,0
1787735424.167,shoulder_pan,-6.941,-6.022,-6.941,-0.919,-0.919,0
1787735424.167,shoulder_lift,0.360,-7.473,0.360,7.833,7.833,0
1787735424.167,elbow_flex,68.178,63.429,68.178,4.749,4.749,0
1787735424.167,wrist_flex,17.547,19.648,17.547,-2.101,-2.101,0
1787735424.167,wrist_roll,-1.684,-1.978,-1.684,0.294,0.294,0
1787735424.167,gripper,31.474,37.021,31.474,-5.547,-5.547,0
1787735424.216,shoulder_pan,-6.989,-6.022,-6.989,-0.967,-0.967,0
1787735424.216,shoulder_lift,-0.079,-6.857,-0.079,6.778,6.778,0
1787735424.216,elbow_flex,68.127,63.516,68.127,4.611,4.611,0
1787735424.216,wrist_flex,16.470,18.418,16.470,-1.948,-1.948,0
1787735424.216,wrist_roll,-1.685,-1.978,-1.685,0.293,0.293,0
1787735424.216,gripper,31.471,37.021,31.471,-5.550,-5.550,0
1787735424.266,shoulder_pan,-6.924,-6.110,-6.924,-0.814,-0.814,0
1787735424.266,shoulder_lift,-0.039,-6.330,-0.039,6.291,6.291,0
1787735424.266,elbow_flex,68.133,63.516,68.133,4.617,4.617,0
1787735424.266,wrist_flex,15.764,17.363,15.764,-1.599,-1.599,0
1787735424.266,wrist_roll,-1.678,-1.978,-1.678,0.300,0.300,0
1787735424.266,gripper,31.305,37.021,31.305,-5.716,-5.716,0
1787735424.316,shoulder_pan,-6.927,-6.198,-6.927,-0.729,-0.729,0
1787735424.316,shoulder_lift,-0.222,-5.978,-0.222,5.756,5.756,0
1787735424.316,elbow_flex,68.412,63.516,68.412,4.896,4.896,0
1787735424.316,wrist_flex,15.553,16.396,15.553,-0.843,-0.843,0
1787735424.316,wrist_roll,-1.688,-1.978,-1.688,0.290,0.290,0
1787735424.316,gripper,31.338,37.021,31.338,-5.683,-5.683,0
1787735424.366,shoulder_pan,-6.998,-6.198,-6.998,-0.800,-0.800,0
1787735424.366,shoulder_lift,-0.585,-5.890,-0.585,5.305,5.305,0
1787735424.366,elbow_flex,68.427,63.516,68.427,4.910,4.910,0
1787735424.366,wrist_flex,15.040,15.692,15.040,-0.652,-0.652,0
1787735424.366,wrist_roll,-1.679,-1.978,-1.679,0.299,0.299,0
1787735424.366,gripper,31.435,37.021,31.435,-5.586,-5.586,0
1787735424.416,shoulder_pan,-7.095,-6.286,-7.095,-0.809,-0.809,0
1787735424.416,shoulder_lift,-0.873,-5.890,-0.873,5.018,5.018,0
1787735424.416,elbow_flex,68.573,63.692,68.573,4.880,4.880,0
1787735424.416,wrist_flex,15.029,14.989,15.029,0.040,0.040,0
1787735424.416,wrist_roll,-1.692,-1.978,-1.692,0.286,0.286,0
1787735424.416,gripper,31.196,37.021,31.196,-5.825,-5.825,0
1787735424.467,shoulder_pan,-6.975,-6.374,-6.975,-0.602,-0.602,0
1787735424.467,shoulder_lift,-1.147,-5.890,-1.147,4.743,4.743,0
1787735424.467,elbow_flex,68.839,63.956,68.839,4.883,4.883,0
1787735424.467,wrist_flex,14.289,14.637,14.289,-0.348,-0.348,0
1787735424.467,wrist_roll,-1.691,-1.978,-1.691,0.287,0.287,0
1787735424.467,gripper,30.912,37.021,30.912,-6.109,-6.109,0
1787735424.516,shoulder_pan,-6.983,-6.374,-6.983,-0.609,-0.609,0
1787735424.516,shoulder_lift,-0.955,-5.890,-0.955,4.935,4.935,0
1787735424.516,elbow_flex,68.860,64.044,68.860,4.816,4.816,0
1787735424.516,wrist_flex,14.598,14.374,14.598,0.225,0.225,0
1787735424.516,wrist_roll,-1.686,-1.978,-1.686,0.292,0.292,0
1787735424.516,gripper,30.559,37.021,30.559,-6.462,-6.462,0
1787735424.567,shoulder_pan,-6.952,-6.374,-6.952,-0.578,-0.578,0
1787735424.567,shoulder_lift,-1.192,-5.802,-1.192,4.610,4.610,0
1787735424.567,elbow_flex,68.889,64.132,68.889,4.757,4.757,0
1787735424.567,wrist_flex,14.135,14.110,14.135,0.025,0.025,0
1787735424.567,wrist_roll,-1.669,-1.978,-1.669,0.309,0.309,0
1787735424.567,gripper,30.547,37.021,30.547,-6.474,-6.474,0
1787735424.617,shoulder_pan,-6.961,-6.374,-6.961,-0.587,-0.587,0
1787735424.617,shoulder_lift,-1.309,-5.802,-1.309,4.493,4.493,0
1787735424.617,elbow_flex,68.874,64.132,68.874,4.742,4.742,0
1787735424.617,wrist_flex,13.911,13.934,13.911,-0.023,-0.023,0
1787735424.617,wrist_roll,-1.678,-1.978,-1.678,0.300,0.300,0
1787735424.617,gripper,30.383,37.021,30.383,-6.638,-6.638,0
1787735424.667,shoulder_pan,-6.995,-6.374,-6.995,-0.621,-0.621,0
1787735424.667,shoulder_lift,5.448,-5.802,5.448,11.250,11.250,0
1787735424.667,elbow_flex,69.303,64.132,69.303,5.172,5.172,0
1787735424.667,wrist_flex,13.550,13.758,13.550,-0.208,-0.208,0
1787735424.667,wrist_roll,-1.755,-1.978,-1.755,0.223,0.223,0
1787735424.667,gripper,29.751,37.021,29.751,-7.270,-7.270,0
1787735424.718,shoulder_pan,-7.207,-6.374,-7.207,-0.833,-0.833,0
1787735424.718,shoulder_lift,14.956,-5.714,14.956,20.671,20.671,0
1787735424.718,elbow_flex,68.329,64.396,68.329,3.933,3.933,0
1787735424.718,wrist_flex,12.803,13.319,12.803,-0.516,-0.516,0
1787735424.718,wrist_roll,-1.901,-1.978,-1.901,0.077,0.077,0
1787735424.718,gripper,27.497,37.021,27.497,-9.524,-9.524,0
1787735424.768,shoulder_pan,-7.085,-6.374,-7.085,-0.711,-0.711,0
1787735424.768,shoulder_lift,17.151,-3.956,17.151,21.107,21.107,0
1787735424.768,elbow_flex,67.288,64.220,67.288,3.069,3.069,0
1787735424.768,wrist_flex,12.624,12.791,12.624,-0.167,-0.167,0
1787735424.768,wrist_roll,-2.004,-1.978,-2.004,-0.026,-0.026,0
1787735424.768,gripper,25.906,37.021,25.906,-11.115,-11.115,0
1787735424.818,shoulder_pan,-7.025,-6.462,-7.025,-0.563,-0.563,0
1787735424.818,shoulder_lift,18.713,-1.846,18.713,20.559,20.559,0
1787735424.818,elbow_flex,66.332,64.044,66.332,2.288,2.288,0
1787735424.818,wrist_flex,13.170,11.824,13.170,1.345,1.345,0
1787735424.818,wrist_roll,-2.048,-1.978,-2.048,-0.070,-0.070,0
1787735424.818,gripper,24.718,37.021,24.718,-12.303,-12.303,0
1787735424.867,shoulder_pan,-7.224,-6.462,-7.224,-0.763,-0.763,0
1787735424.867,shoulder_lift,20.840,-0.791,20.840,21.631,21.631,0
1787735424.867,elbow_flex,65.403,63.604,65.403,1.799,1.799,0
1787735424.867,wrist_flex,13.148,11.560,13.148,1.588,1.588,0
1787735424.867,wrist_roll,-2.092,-1.978,-2.092,-0.114,-0.114,0
1787735424.867,gripper,23.845,37.021,23.845,-13.176,-13.176,0
1787735424.918,shoulder_pan,-7.240,-6.462,-7.240,-0.779,-0.779,0
1787735424.918,shoulder_lift,21.569,-0.088,21.569,21.657,21.657,0
1787735424.918,elbow_flex,64.202,62.901,64.202,1.301,1.301,0
1787735424.918,wrist_flex,13.049,11.560,13.049,1.488,1.488,0
1787735424.918,wrist_roll,-2.181,-1.978,-2.181,-0.203,-0.203,0
1787735424.918,gripper,23.486,37.021,23.486,-13.535,-13.535,0
1787735424.967,shoulder_pan,-7.358,-6.462,-7.358,-0.897,-0.897,0
1787735424.967,shoulder_lift,22.635,1.143,22.635,21.492,21.492,0
1787735424.967,elbow_flex,63.184,61.582,63.184,1.602,1.602,0
1787735424.967,wrist_flex,13.864,11.560,13.864,2.304,2.304,0
1787735424.967,wrist_roll,-2.205,-1.978,-2.205,-0.227,-0.227,0
1787735424.967,gripper,23.247,37.021,23.247,-13.774,-13.774,0
1787735425.017,shoulder_pan,-7.402,-6.637,-7.402,-0.764,-0.764,0
1787735425.017,shoulder_lift,23.197,2.374,23.197,20.824,20.824,0
1787735425.017,elbow_flex,62.147,60.352,62.147,1.795,1.795,0
1787735425.017,wrist_flex,14.167,11.560,14.167,2.607,2.607,0
1787735425.017,wrist_roll,-2.289,-1.978,-2.289,-0.311,-0.311,0
1787735425.017,gripper,23.251,37.021,23.251,-13.770,-13.770,0
1787735425.067,shoulder_pan,-7.594,-6.637,-7.594,-0.956,-0.956,0
1787735425.067,shoulder_lift,23.725,3.165,23.725,20.561,20.561,0
1787735425.067,elbow_flex,61.101,59.209,61.101,1.892,1.892,0
1787735425.067,wrist_flex,14.015,11.560,14.015,2.455,2.455,0
1787735425.067,wrist_roll,-2.336,-1.978,-2.336,-0.358,-0.358,0
1787735425.067,gripper,23.067,37.021,23.067,-13.954,-13.954,0
1787735425.119,shoulder_pan,-7.672,-6.637,-7.672,-1.035,-1.035,0
1787735425.119,shoulder_lift,24.982,4.132,24.982,20.850,20.850,0
1787735425.119,elbow_flex,59.776,58.154,59.776,1.623,1.623,0
1787735425.119,wrist_flex,14.217,11.560,14.217,2.657,2.657,0
1787735425.119,wrist_roll,-2.458,-1.978,-2.458,-0.480,-0.480,0
1787735425.119,gripper,22.717,37.021,22.717,-14.303,-14.303,0
1787735425.168,shoulder_pan,-7.660,-6.637,-7.660,-1.023,-1.023,0
1787735425.168,shoulder_lift,25.675,4.923,25.675,20.752,20.752,0
1787735425.168,elbow_flex,58.748,57.187,58.748,1.561,1.561,0
1787735425.168,wrist_flex,14.691,11.560,14.691,3.131,3.131,0
1787735425.168,wrist_roll,-2.536,-1.978,-2.536,-0.558,-0.558,0
1787735425.168,gripper,22.141,37.021,22.141,-14.880,-14.880,0
1787735425.218,shoulder_pan,-7.642,-6.637,-7.642,-1.004,-1.004,0
1787735425.218,shoulder_lift,26.359,5.714,26.359,20.645,20.645,0
1787735425.218,elbow_flex,56.882,56.396,56.882,0.487,0.487,0
1787735425.218,wrist_flex,14.931,11.560,14.931,3.370,3.370,0
1787735425.218,wrist_roll,-2.604,-1.978,-2.604,-0.626,-0.626,0
1787735425.218,gripper,21.668,37.021,21.668,-15.353,-15.353,0
1787735425.268,shoulder_pan,-7.598,-6.637,-7.598,-0.960,-0.960,0
1787735425.268,shoulder_lift,27.288,6.418,27.288,20.870,20.870,0
1787735425.268,elbow_flex,55.411,55.341,55.411,0.070,0.070,0
1787735425.268,wrist_flex,15.295,11.560,15.295,3.735,3.735,0
1787735425.268,wrist_roll,-2.694,-1.978,-2.694,-0.716,-0.716,0
1787735425.268,gripper,21.501,37.021,21.501,-15.520,-15.520,0
1787735425.318,shoulder_pan,-7.615,-6.637,-7.615,-0.977,-0.977,0
1787735425.318,shoulder_lift,27.471,7.560,27.471,19.910,19.910,0
1787735425.318,elbow_flex,54.263,53.934,54.263,0.329,0.329,0
1787735425.318,wrist_flex,15.594,11.560,15.594,4.033,4.033,0
1787735425.318,wrist_roll,-2.710,-2.066,-2.710,-0.644,-0.644,0
1787735425.318,gripper,21.546,37.021,21.546,-15.475,-15.475,0
1787735425.368,shoulder_pan,-7.565,-6.725,-7.565,-0.840,-0.840,0
1787735425.368,shoulder_lift,28.083,8.791,28.083,19.291,19.291,0
1787735425.368,elbow_flex,53.736,52.440,53.736,1.296,1.296,0
1787735425.368,wrist_flex,15.725,11.560,15.725,4.164,4.164,0
1787735425.368,wrist_roll,-2.736,-2.418,-2.736,-0.318,-0.318,0
1787735425.368,gripper,21.485,37.021,21.485,-15.536,-15.536,0
1787735425.419,shoulder_pan,-7.850,-6.813,-7.850,-1.037,-1.037,0
1787735425.419,shoulder_lift,28.100,9.846,28.100,18.254,18.254,0
1787735425.419,elbow_flex,53.286,51.297,53.286,1.989,1.989,0
1787735425.419,wrist_flex,16.317,11.560,16.317,4.757,4.757,0
1787735425.419,wrist_roll,-2.752,-2.505,-2.752,-0.246,-0.246,0
1787735425.419,gripper,21.068,37.021,21.068,-15.952,-15.952,0
1787735425.468,shoulder_pan,-7.978,-6.813,-7.978,-1.165,-1.165,0
1787735425.468,shoulder_lift,28.140,10.725,28.140,17.414,17.414,0
1787735425.468,elbow_flex,53.465,50.418,53.465,3.047,3.047,0
1787735425.468,wrist_flex,16.624,11.560,16.624,5.064,5.064,0
1787735425.468,wrist_roll,-2.747,-2.505,-2.747,-0.241,-0.241,0
1787735425.468,gripper,20.877,37.021,20.877,-16.144,-16.144,0
1787735425.519,shoulder_pan,-8.033,-6.901,-8.033,-1.132,-1.132,0
1787735425.519,shoulder_lift,27.786,11.165,27.786,16.622,16.622,0
1787735425.519,elbow_flex,53.368,49.802,53.368,3.566,3.566,0
1787735425.519,wrist_flex,17.125,11.560,17.125,5.564,5.564,0
1787735425.519,wrist_roll,-2.769,-2.593,-2.769,-0.176,-0.176,0
1787735425.519,gripper,20.887,37.021,20.887,-16.133,-16.133,0
1787735425.568,shoulder_pan,-8.049,-6.989,-8.049,-1.060,-1.060,0
1787735425.568,shoulder_lift,27.683,11.253,27.683,16.430,16.430,0
1787735425.568,elbow_flex,53.086,49.626,53.086,3.460,3.460,0
1787735425.568,wrist_flex,17.577,11.560,17.577,6.017,6.017,0
1787735425.568,wrist_roll,-2.810,-2.593,-2.810,-0.217,-0.217,0
1787735425.568,gripper,20.803,37.021,20.803,-16.218,-16.218,0
1787735425.619,shoulder_pan,-8.546,-6.989,-8.546,-1.557,-1.557,0
1787735425.619,shoulder_lift,30.695,11.253,30.695,19.442,19.442,0
1787735425.619,elbow_flex,53.671,49.626,53.671,4.045,4.045,0
1787735425.619,wrist_flex,17.985,11.560,17.985,6.424,6.424,0
1787735425.619,wrist_roll,-2.861,-2.593,-2.861,-0.268,-0.268,0
1787735425.619,gripper,19.412,37.021,19.412,-17.609,-17.609,0
1787735425.668,shoulder_pan,-8.062,-6.989,-8.062,-1.073,-1.073,0
1787735425.668,shoulder_lift,33.671,11.253,33.671,22.418,22.418,0
1787735425.668,elbow_flex,55.988,49.626,55.988,6.362,6.362,0
1787735425.668,wrist_flex,14.948,11.560,14.948,3.387,3.387,0
1787735425.668,wrist_roll,-2.995,-2.593,-2.995,-0.401,-0.401,0
1787735425.668,gripper,17.727,37.021,17.727,-19.294,-19.294,0
1787735425.719,shoulder_pan,-7.640,-6.989,-7.640,-0.651,-0.651,0
1787735425.719,shoulder_lift,33.843,11.253,33.843,22.590,22.590,0
1787735425.719,elbow_flex,55.585,49.626,55.585,5.958,5.958,0
1787735425.719,wrist_flex,11.672,11.560,11.672,0.112,0.112,0
1787735425.719,wrist_roll,-3.016,-2.593,-3.016,-0.423,-0.423,0
1787735425.719,gripper,17.825,37.021,17.825,-19.196,-19.196,0
1787735425.769,shoulder_pan,-7.150,-6.989,-7.150,-0.161,-0.161,0
1787735425.769,shoulder_lift,34.055,11.341,34.055,22.715,22.715,0
1787735425.769,elbow_flex,55.942,49.626,55.942,6.316,6.316,0
1787735425.769,wrist_flex,8.034,11.297,8.034,-3.263,-3.263,0
1787735425.769,wrist_roll,-3.001,-2.593,-3.001,-0.408,-0.408,0
1787735425.769,gripper,18.167,37.021,18.167,-18.854,-18.854,0
1787735425.819,shoulder_pan,-6.417,-6.989,-6.417,0.572,0.572,0
1787735425.819,shoulder_lift,33.848,12.220,33.848,21.628,21.628,0
1787735425.819,elbow_flex,55.530,49.626,55.530,5.903,5.903,0
1787735425.819,wrist_flex,4.180,9.714,4.180,-5.534,-5.534,0
1787735425.819,wrist_roll,-3.003,-2.593,-3.003,-0.409,-0.409,0
1787735425.819,gripper,18.855,37.021,18.855,-18.166,-18.166,0
1787735425.869,shoulder_pan,-5.724,-6.989,-5.724,1.265,1.265,0
1787735425.869,shoulder_lift,34.772,13.538,34.772,21.234,21.234,0
1787735425.869,elbow_flex,55.203,49.626,55.203,5.577,5.577,0
1787735425.869,wrist_flex,0.073,6.637,0.073,-6.564,-6.564,0
1787735425.869,wrist_roll,-2.953,-2.593,-2.953,-0.359,-0.359,0
1787735425.869,gripper,19.609,37.021,19.609,-17.412,-17.412,0
1787735425.919,shoulder_pan,-5.095,-6.901,-5.095,1.806,1.806,0
1787735425.919,shoulder_lift,34.484,14.681,34.484,19.803,19.803,0
1787735425.919,elbow_flex,54.739,49.714,54.739,5.024,5.024,0
1787735425.919,wrist_flex,-3.073,3.121,-3.073,-6.194,-6.194,0
1787735425.919,wrist_roll,-2.930,-2.681,-2.930,-0.249,-0.249,0
1787735425.919,gripper,20.891,37.021,20.891,-16.130,-16.130,0
1787735425.970,shoulder_pan,-4.656,-6.549,-4.656,1.893,1.893,0
1787735425.970,shoulder_lift,34.363,16.352,34.363,18.011,18.011,0
1787735425.970,elbow_flex,53.907,49.714,53.907,4.193,4.193,0
1787735425.970,wrist_flex,-5.182,-0.747,-5.182,-4.434,-4.434,0
1787735425.970,wrist_roll,-2.885,-2.681,-2.885,-0.204,-0.204,0
1787735425.970,gripper,22.508,37.021,22.508,-14.512,-14.512,0
1787735426.020,shoulder_pan,-4.267,-6.198,-4.267,1.931,1.931,0
1787735426.020,shoulder_lift,34.929,17.934,34.929,16.995,16.995,0
1787735426.020,elbow_flex,52.397,49.714,52.397,2.683,2.683,0
1787735426.020,wrist_flex,-6.255,-4.176,-6.255,-2.080,-2.080,0
1787735426.020,wrist_roll,-2.904,-2.681,-2.904,-0.223,-0.223,0
1787735426.020,gripper,24.173,37.021,24.173,-12.848,-12.848,0
1787735426.069,shoulder_pan,-3.888,-6.022,-3.888,2.134,2.134,0
1787735426.069,shoulder_lift,34.951,19.253,34.951,15.698,15.698,0
1787735426.069,elbow_flex,51.162,49.714,51.162,1.448,1.448,0
1787735426.069,wrist_flex,-6.112,-6.286,-6.112,0.174,0.174,0
1787735426.069,wrist_roll,-2.917,-2.681,-2.917,-0.236,-0.236,0
1787735426.069,gripper,25.655,37.021,25.655,-11.366,-11.366,0
1787735426.119,shoulder_pan,-3.392,-5.758,-3.392,2.367,2.367,0
1787735426.119,shoulder_lift,34.924,19.780,34.924,15.143,15.143,0
1787735426.119,elbow_flex,50.258,49.363,50.258,0.896,0.896,0
1787735426.119,wrist_flex,-4.808,-7.341,-4.808,2.533,2.533,0
1787735426.119,wrist_roll,-2.911,-2.681,-2.911,-0.230,-0.230,0
1787735426.119,gripper,26.652,37.021,26.652,-10.369,-10.369,0
1787735426.169,shoulder_pan,-3.314,-5.582,-3.314,2.268,2.268,0
1787735426.169,shoulder_lift,34.499,20.044,34.499,14.455,14.455,0
1787735426.169,elbow_flex,49.438,48.571,49.438,0.867,0.867,0
1787735426.169,wrist_flex,-4.055,-7.429,-4.055,3.373,3.373,0
1787735426.169,wrist_roll,-2.869,-2.681,-2.869,-0.188,-0.188,0
1787735426.169,gripper,27.597,37.021,27.597,-9.424,-9.424,0
1787735426.219,shoulder_pan,-2.905,-5.319,-2.905,2.414,2.414,0
1787735426.219,shoulder_lift,33.853,20.659,33.853,13.194,13.194,0
1787735426.219,elbow_flex,48.854,47.956,48.854,0.898,0.898,0
1787735426.219,wrist_flex,-3.022,-7.429,-3.022,4.407,4.407,0
1787735426.219,wrist_roll,-2.824,-2.681,-2.824,-0.142,-0.142,0
1787735426.219,gripper,27.441,37.021,27.441,-9.580,-9.580,0
1787735426.269,shoulder_pan,-2.705,-5.143,-2.705,2.438,2.438,0
1787735426.269,shoulder_lift,33.993,21.099,33.993,12.894,12.894,0
1787735426.269,elbow_flex,48.498,47.429,48.498,1.069,1.069,0
1787735426.269,wrist_flex,-2.264,-7.429,-2.264,5.165,5.165,0
1787735426.269,wrist_roll,-2.790,-2.681,-2.790,-0.109,-0.109,0
1787735426.269,gripper,27.464,37.021,27.464,-9.557,-9.557,0
1787735426.319,shoulder_pan,-2.631,-4.879,-2.631,2.248,2.248,0
1787735426.319,shoulder_lift,33.634,21.187,33.634,12.447,12.447,0
1787735426.319,elbow_flex,48.516,46.989,48.516,1.527,1.527,0
1787735426.319,wrist_flex,-1.387,-7.429,-1.387,6.042,6.042,0
1787735426.319,wrist_roll,-2.682,-2.681,-2.682,-0.001,-0.001,0
1787735426.319,gripper,26.873,37.021,26.873,-10.148,-10.148,0
1787735426.370,shoulder_pan,-2.526,-4.791,-2.526,2.265,2.265,0
1787735426.370,shoulder_lift,33.438,21.187,33.438,12.251,12.251,0
1787735426.370,elbow_flex,48.666,46.813,48.666,1.853,1.853,0
1787735426.370,wrist_flex,-1.425,-7.429,-1.425,6.003,6.003,0
1787735426.370,wrist_roll,-2.654,-2.681,-2.654,0.027,0.027,0
1787735426.370,gripper,27.065,37.021,27.065,-9.956,-9.956,0
1787735426.419,shoulder_pan,-2.672,-4.791,-2.672,2.119,2.119,0
1787735426.419,shoulder_lift,33.680,21.187,33.680,12.493,12.493,0
1787735426.419,elbow_flex,48.845,46.813,48.845,2.032,2.032,0
1787735426.419,wrist_flex,-1.779,-7.165,-1.779,5.386,5.386,0
1787735426.419,wrist_roll,-2.640,-2.681,-2.640,0.041,0.041,0
1787735426.419,gripper,27.072,37.021,27.072,-9.949,-9.949,0
1787735426.470,shoulder_pan,-2.642,-4.791,-2.642,2.149,2.149,0
1787735426.470,shoulder_lift,33.979,21.187,33.979,12.793,12.793,0
1787735426.470,elbow_flex,49.018,46.813,49.018,2.205,2.205,0
1787735426.470,wrist_flex,-1.795,-7.077,-1.795,5.282,5.282,0
1787735426.470,wrist_roll,-2.599,-2.681,-2.599,0.083,0.083,0
1787735426.470,gripper,27.179,37.021,27.179,-9.841,-9.841,0
1787735426.520,shoulder_pan,-2.686,-4.791,-2.686,2.105,2.105,0
1787735426.520,shoulder_lift,33.985,21.187,33.985,12.798,12.798,0
1787735426.520,elbow_flex,49.304,46.813,49.304,2.491,2.491,0
1787735426.520,wrist_flex,-2.114,-7.077,-2.114,4.963,4.963,0
1787735426.520,wrist_roll,-2.606,-2.681,-2.606,0.075,0.075,0
1787735426.520,gripper,27.384,37.021,27.384,-9.637,-9.637,0
1787735426.570,shoulder_pan,-3.465,-4.791,-3.465,1.326,1.326,0
1787735426.570,shoulder_lift,33.603,21.187,33.603,12.416,12.416,0
1787735426.570,elbow_flex,51.371,46.813,51.371,4.558,4.558,0
1787735426.570,wrist_flex,-6.741,-7.077,-6.741,0.336,0.336,0
1787735426.570,wrist_roll,-2.596,-2.681,-2.596,0.086,0.086,0
1787735426.570,gripper,26.538,37.021,26.538,-10.483,-10.483,0
1787735426.620,shoulder_pan,-4.473,-4.791,-4.473,0.318,0.318,0
1787735426.620,shoulder_lift,33.257,21.187,33.257,12.070,12.070,0
1787735426.620,elbow_flex,53.563,46.813,53.563,6.750,6.750,0
1787735426.620,wrist_flex,-11.731,-7.077,-11.731,-4.654,-4.654,0
1787735426.620,wrist_roll,-2.575,-2.681,-2.575,0.107,0.107,0
1787735426.620,gripper,25.651,37.021,25.651,-11.370,-11.370,0
1787735426.671,shoulder_pan,-4.554,-4.879,-4.554,0.325,0.325,0
1787735426.671,shoulder_lift,32.454,21.275,32.454,11.180,11.180,0
1787735426.671,elbow_flex,53.644,46.989,53.644,6.655,6.655,0
1787735426.671,wrist_flex,-12.787,-8.396,-12.787,-4.391,-4.391,0
1787735426.671,wrist_roll,-2.553,-2.681,-2.553,0.128,0.128,0
1787735426.671,gripper,25.253,37.021,25.253,-11.768,-11.768,0
1787735426.721,shoulder_pan,-4.563,-4.791,-4.563,0.228,0.228,0
1787735426.721,shoulder_lift,31.292,22.154,31.292,9.138,9.138,0
1787735426.721,elbow_flex,53.501,47.253,53.501,6.248,6.248,0
1787735426.721,wrist_flex,-12.907,-11.209,-12.907,-1.698,-1.698,0
1787735426.721,wrist_roll,-2.562,-2.681,-2.562,0.120,0.120,0
1787735426.721,gripper,25.326,37.021,25.326,-11.695,-11.695,0
1787735426.770,shoulder_pan,-4.589,-4.791,-4.589,0.202,0.202,0
1787735426.770,shoulder_lift,31.311,22.769,31.311,8.541,8.541,0
1787735426.770,elbow_flex,53.355,47.341,53.355,6.015,6.015,0
1787735426.770,wrist_flex,-12.949,-12.703,-12.949,-0.246,-0.246,0
1787735426.770,wrist_roll,-2.548,-2.681,-2.548,0.134,0.134,0
1787735426.770,gripper,25.176,37.021,25.176,-11.845,-11.845,0
1787735426.820,shoulder_pan,-4.696,-4.791,-4.696,0.096,0.096,0
1787735426.820,shoulder_lift,30.876,22.945,30.876,7.931,7.931,0
1787735426.820,elbow_flex,52.942,47.341,52.942,5.601,5.601,0
1787735426.820,wrist_flex,-12.247,-13.495,-12.247,1.248,1.248,0
1787735426.820,wrist_roll,-2.559,-2.681,-2.559,0.122,0.122,0
1787735426.820,gripper,24.802,37.021,24.802,-12.219,-12.219,0
1787735426.871,shoulder_pan,-4.675,-4.791,-4.675,0.116,0.116,0
1787735426.871,shoulder_lift,30.510,22.945,30.510,7.565,7.565,0
1787735426.871,elbow_flex,52.867,47.429,52.867,5.439,5.439,0
1787735426.871,wrist_flex,-12.576,-13.495,-12.576,0.918,0.918,0
1787735426.871,wrist_roll,-2.555,-2.681,-2.555,0.126,0.126,0
1787735426.871,gripper,25.090,37.021,25.090,-11.931,-11.931,0
1787735426.920,shoulder_pan,-4.665,-4.791,-4.665,0.126,0.126,0
1787735426.920,shoulder_lift,30.701,22.945,30.701,7.756,7.756,0
1787735426.920,elbow_flex,52.465,47.429,52.465,5.036,5.036,0
1787735426.920,wrist_flex,-11.811,-13.495,-11.811,1.684,1.684,0
1787735426.920,wrist_roll,-2.569,-2.681,-2.569,0.113,0.113,0
1787735426.920,gripper,24.827,37.021,24.827,-12.194,-12.194,0
1787735426.971,shoulder_pan,-4.753,-4.791,-4.753,0.038,0.038,0
1787735426.971,shoulder_lift,30.599,22.945,30.599,7.654,7.654,0
1787735426.971,elbow_flex,52.170,47.429,52.170,4.741,4.741,0
1787735426.971,wrist_flex,-11.884,-13.495,-11.884,1.610,1.610,0
1787735426.971,wrist_roll,-2.603,-2.681,-2.603,0.078,0.078,0
1787735426.971,gripper,24.760,37.021,24.760,-12.261,-12.261,0
1787735427.020,shoulder_pan,-4.856,-4.791,-4.856,-0.065,-0.065,0
1787735427.020,shoulder_lift,30.662,22.945,30.662,7.717,7.717,0
1787735427.020,elbow_flex,52.198,47.429,52.198,4.769,4.769,0
1787735427.020,wrist_flex,-12.200,-13.495,-12.200,1.295,1.295,0
1787735427.020,wrist_roll,-2.583,-2.681,-2.583,0.098,0.098,0
1787735427.020,gripper,24.435,37.021,24.435,-12.586,-12.586,0
1787735427.071,shoulder_pan,-4.803,-4.791,-4.803,-0.012,-0.012,0
1787735427.071,shoulder_lift,30.912,22.945,30.912,7.967,7.967,0
1787735427.071,elbow_flex,52.178,47.429,52.178,4.749,4.749,0
1787735427.071,wrist_flex,-12.568,-13.495,-12.568,0.926,0.926,0
1787735427.071,wrist_roll,-2.588,-2.681,-2.588,0.093,0.093,0
1787735427.071,gripper,24.032,37.021,24.032,-12.989,-12.989,0
1787735427.121,shoulder_pan,-4.779,-4.791,-4.779,0.012,0.012,0
1787735427.121,shoulder_lift,31.621,22.945,31.621,8.676,8.676,0
1787735427.121,elbow_flex,52.082,47.429,52.082,4.653,4.653,0
1787735427.121,wrist_flex,-12.407,-13.495,-12.407,1.088,1.088,0
1787735427.121,wrist_roll,-2.597,-2.681,-2.597,0.084,0.084,0
1787735427.121,gripper,23.877,37.021,23.877,-13.144,-13.144,0
1787735427.171,shoulder_pan,-4.675,-4.791,-4.675,0.116,0.116,0
1787735427.171,shoulder_lift,31.055,22.945,31.055,8.110,8.110,0
1787735427.171,elbow_flex,51.871,47.429,51.871,4.442,4.442,0
1787735427.171,wrist_flex,-12.807,-13.495,-12.807,0.688,0.688,0
1787735427.171,wrist_roll,-2.596,-2.681,-2.596,0.086,0.086,0
1787735427.171,gripper,23.829,37.021,23.829,-13.192,-13.192,0
1787735427.221,shoulder_pan,-4.889,-4.791,-4.889,-0.098,-0.098,0
1787735427.221,shoulder_lift,31.547,22.945,31.547,8.602,8.602,0
1787735427.221,elbow_flex,51.839,47.429,51.839,4.410,4.410,0
1787735427.221,wrist_flex,-12.905,-13.495,-12.905,0.589,0.589,0
1787735427.221,wrist_roll,-2.607,-2.681,-2.607,0.074,0.074,0
1787735427.221,gripper,23.452,37.021,23.452,-13.569,-13.569,0
1787735427.271,shoulder_pan,-4.999,-4.791,-4.999,-0.208,-0.208,0
1787735427.271,shoulder_lift,31.762,22.945,31.762,8.816,8.816,0
1787735427.271,elbow_flex,51.616,47.429,51.616,4.187,4.187,0
1787735427.271,wrist_flex,-13.011,-13.495,-13.011,0.484,0.484,0
1787735427.271,wrist_roll,-2.618,-2.681,-2.618,0.063,0.063,0
1787735427.271,gripper,23.550,37.021,23.550,-13.471,-13.471,0
1787735427.321,shoulder_pan,-4.967,-4.791,-4.967,-0.176,-0.176,0
1787735427.321,shoulder_lift,31.301,22.945,31.301,8.356,8.356,0
1787735427.321,elbow_flex,51.453,47.429,51.453,4.025,4.025,0
1787735427.321,wrist_flex,-13.430,-13.495,-13.430,0.064,0.064,0
1787735427.321,wrist_roll,-2.623,-2.681,-2.623,0.059,0.059,0
1787735427.321,gripper,24.208,37.021,24.208,-12.813,-12.813,0
1787735427.372,shoulder_pan,-4.969,-4.791,-4.969,-0.178,-0.178,0
1787735427.372,shoulder_lift,31.723,22.945,31.723,8.778,8.778,0
1787735427.372,elbow_flex,50.939,47.516,50.939,3.423,3.423,0
1787735427.372,wrist_flex,-13.588,-13.758,-13.588,0.170,0.170,0
1787735427.372,wrist_roll,-2.615,-2.681,-2.615,0.066,0.066,0
1787735427.372,gripper,24.559,37.021,24.559,-12.462,-12.462,0
1787735427.421,shoulder_pan,-4.832,-4.791,-4.832,-0.041,-0.041,0
1787735427.421,shoulder_lift,31.515,22.945,31.515,8.570,8.570,0
1787735427.421,elbow_flex,49.978,47.516,49.978,2.461,2.461,0
1787735427.421,wrist_flex,-13.510,-13.934,-13.510,0.424,0.424,0
1787735427.421,wrist_roll,-2.607,-2.681,-2.607,0.074,0.074,0
1787735427.421,gripper,25.670,37.021,25.670,-11.351,-11.351,0
1787735427.471,shoulder_pan,-4.835,-4.791,-4.835,-0.044,-0.044,0
1787735427.471,shoulder_lift,32.150,23.209,32.150,8.941,8.941,0
1787735427.471,elbow_flex,48.949,47.516,48.949,1.432,1.432,0
1787735427.471,wrist_flex,-14.765,-13.934,-14.765,-0.831,-0.831,0
1787735427.471,wrist_roll,-2.578,-2.681,-2.578,0.103,0.103,0
1787735427.471,gripper,26.881,37.021,26.881,-10.140,-10.140,0
1787735427.521,shoulder_pan,-3.277,-4.791,-3.277,1.514,1.514,0
1787735427.521,shoulder_lift,31.860,23.473,31.860,8.388,8.388,0
1787735427.521,elbow_flex,50.087,47.516,50.087,2.571,2.571,0
1787735427.521,wrist_flex,-18.518,-14.462,-18.518,-4.056,-4.056,0
1787735427.521,wrist_roll,-2.680,-2.681,-2.680,0.001,0.001,0
1787735427.521,gripper,28.188,37.021,28.188,-8.833,-8.833,0
1787735427.572,shoulder_pan,-0.877,-4.703,-0.877,3.826,3.826,0
1787735427.572,shoulder_lift,31.725,23.560,31.725,8.165,8.165,0
1787735427.572,elbow_flex,50.084,47.516,50.084,2.567,2.567,0
1787735427.572,wrist_flex,-21.974,-15.692,-21.974,-6.282,-6.282,0
1787735427.572,wrist_roll,-2.848,-2.769,-2.848,-0.078,-0.078,0
1787735427.572,gripper,28.791,37.021,28.791,-8.230,-8.230,0
1787735427.621,shoulder_pan,0.016,-4.176,0.016,4.192,4.192,0
1787735427.621,shoulder_lift,31.198,24.527,31.198,6.671,6.671,0
1787735427.621,elbow_flex,48.730,47.516,48.730,1.213,1.213,0
1787735427.621,wrist_flex,-21.679,-18.066,-21.679,-3.613,-3.613,0
1787735427.621,wrist_roll,-2.924,-2.769,-2.924,-0.155,-0.155,0
1787735427.621,gripper,29.921,37.021,29.921,-7.100,-7.100,0
1787735427.672,shoulder_pan,0.271,-3.121,0.271,3.392,3.392,0
1787735427.672,shoulder_lift,31.014,25.495,31.014,5.519,5.519,0
1787735427.672,elbow_flex,48.269,47.516,48.269,0.753,0.753,0
1787735427.672,wrist_flex,-22.942,-20.527,-22.942,-2.415,-2.415,0
1787735427.672,wrist_roll,-2.937,-2.769,-2.937,-0.168,-0.168,0
1787735427.672,gripper,31.042,37.021,31.042,-5.978,-5.978,0
1787735427.722,shoulder_pan,0.710,-2.418,0.710,3.128,3.128,0
1787735427.722,shoulder_lift,30.823,26.110,30.823,4.713,4.713,0
1787735427.722,elbow_flex,48.007,47.604,48.007,0.403,0.403,0
1787735427.722,wrist_flex,-23.590,-21.846,-23.590,-1.744,-1.744,0
1787735427.722,wrist_roll,-2.913,-2.769,-2.913,-0.144,-0.144,0
1787735427.722,gripper,32.306,37.021,32.306,-4.715,-4.715,0
1787735427.772,shoulder_pan,0.742,-1.714,0.742,2.456,2.456,0
1787735427.772,shoulder_lift,30.459,26.549,30.459,3.910,3.910,0
1787735427.772,elbow_flex,48.059,47.604,48.059,0.455,0.455,0
1787735427.772,wrist_flex,-23.796,-22.989,-23.796,-0.807,-0.807,0
1787735427.772,wrist_roll,-2.906,-2.769,-2.906,-0.137,-0.137,0
1787735427.772,gripper,32.861,37.021,32.861,-4.159,-4.159,0
1787735427.822,shoulder_pan,0.917,-1.275,0.917,2.191,2.191,0
1787735427.822,shoulder_lift,30.382,26.725,30.382,3.657,3.657,0
1787735427.822,elbow_flex,47.829,47.604,47.829,0.224,0.224,0
1787735427.822,wrist_flex,-24.205,-23.780,-24.205,-0.425,-0.425,0
1787735427.822,wrist_roll,-2.914,-2.769,-2.914,-0.145,-0.145,0
1787735427.822,gripper,33.455,37.021,33.455,-3.566,-3.566,0
1787735427.872,shoulder_pan,1.234,-0.923,1.234,2.157,2.157,0
1787735427.872,shoulder_lift,30.205,26.813,30.205,3.392,3.392,0
1787735427.872,elbow_flex,47.067,47.692,47.067,-0.625,-0.625,0
1787735427.872,wrist_flex,-23.809,-24.484,-23.809,0.674,0.674,0
1787735427.872,wrist_roll,-2.902,-2.769,-2.902,-0.132,-0.132,0
1787735427.872,gripper,34.052,37.021,34.052,-2.969,-2.969,0
1787735427.922,shoulder_pan,1.552,-0.571,1.552,2.123,2.123,0
1787735427.922,shoulder_lift,29.846,26.989,29.846,2.857,2.857,0
1787735427.922,elbow_flex,46.818,47.516,46.818,-0.698,-0.698,0
1787735427.922,wrist_flex,-24.676,-24.571,-24.676,-0.105,-0.105,0
1787735427.922,wrist_roll,-2.897,-2.857,-2.897,-0.039,-0.039,0
1787735427.922,gripper,33.893,37.021,33.893,-3.128,-3.128,0
1787735427.972,shoulder_pan,1.901,-0.132,1.901,2.033,2.033,0
1787735427.972,shoulder_lift,29.468,27.253,29.468,2.215,2.215,0
1787735427.972,elbow_flex,45.668,46.901,45.668,-1.233,-1.233,0
1787735427.972,wrist_flex,-24.516,-24.659,-24.516,0.143,0.143,0
1787735427.972,wrist_roll,-2.879,-2.857,-2.879,-0.022,-0.022,0
1787735427.972,gripper,33.823,37.021,33.823,-3.198,-3.198,0
1787735428.022,shoulder_pan,2.418,0.220,2.418,2.198,2.198,0
1787735428.022,shoulder_lift,28.938,27.429,28.938,1.510,1.510,0
1787735428.022,elbow_flex,45.287,46.374,45.287,-1.086,-1.086,0
1787735428.022,wrist_flex,-25.019,-24.835,-25.019,-0.184,-0.184,0
1787735428.022,wrist_roll,-2.905,-2.857,-2.905,-0.048,-0.048,0
1787735428.022,gripper,33.922,37.021,33.922,-3.099,-3.099,0
1787735428.072,shoulder_pan,2.816,0.659,2.816,2.157,2.157,0
1787735428.072,shoulder_lift,29.031,27.604,29.031,1.426,1.426,0
1787735428.072,elbow_flex,45.181,45.846,45.181,-0.666,-0.666,0
1787735428.072,wrist_flex,-25.003,-25.011,-25.003,0.008,0.008,0
1787735428.072,wrist_roll,-2.898,-2.857,-2.898,-0.041,-0.041,0
1787735428.072,gripper,33.771,37.021,33.771,-3.250,-3.250,0
1787735428.122,shoulder_pan,3.094,1.187,3.094,1.907,1.907,0
1787735428.122,shoulder_lift,28.472,27.956,28.472,0.516,0.516,0
1787735428.122,elbow_flex,44.691,45.407,44.691,-0.716,-0.716,0
1787735428.122,wrist_flex,-24.519,-25.099,-24.519,0.580,0.580,0
1787735428.122,wrist_roll,-2.921,-2.857,-2.921,-0.064,-0.064,0
1787735428.122,gripper,33.652,37.021,33.652,-3.369,-3.369,0
1787735428.172,shoulder_pan,3.489,1.538,3.489,1.950,1.950,0
1787735428.172,shoulder_lift,28.660,28.132,28.660,0.529,0.529,0
1787735428.172,elbow_flex,44.091,45.055,44.091,-0.964,-0.964,0
1787735428.172,wrist_flex,-24.184,-25.099,-24.184,0.914,0.914,0
1787735428.172,wrist_roll,-2.967,-2.857,-2.967,-0.110,-0.110,0
1787735428.172,gripper,33.504,37.021,33.504,-3.516,-3.516,0
1787735428.222,shoulder_pan,3.942,1.890,3.942,2.052,2.052,0
1787735428.222,shoulder_lift,28.405,28.396,28.405,0.009,0.009,0
1787735428.222,elbow_flex,43.485,44.527,43.485,-1.043,-1.043,0
1787735428.222,wrist_flex,-24.040,-25.011,-24.040,0.971,0.971,0
1787735428.222,wrist_roll,-3.011,-2.857,-3.011,-0.154,-0.154,0
1787735428.222,gripper,33.029,37.021,33.029,-3.992,-3.992,0
1787735428.273,shoulder_pan,4.887,2.330,4.887,2.557,2.557,0
1787735428.273,shoulder_lift,28.304,28.659,28.304,-0.356,-0.356,0
1787735428.273,elbow_flex,41.985,44.088,41.985,-2.103,-2.103,0
1787735428.273,wrist_flex,-23.034,-25.011,-23.034,1.977,1.977,0
1787735428.273,wrist_roll,-3.043,-2.857,-3.043,-0.186,-0.186,0
1787735428.273,gripper,32.812,37.021,32.812,-4.209,-4.209,0
1787735428.323,shoulder_pan,5.333,2.857,5.333,2.475,2.475,0
1787735428.323,shoulder_lift,27.749,28.747,27.749,-0.998,-0.998,0
1787735428.323,elbow_flex,41.651,43.473,41.651,-1.822,-1.822,0
1787735428.323,wrist_flex,-23.330,-24.923,-23.330,1.593,1.593,0
1787735428.323,wrist_roll,-3.061,-2.857,-3.061,-0.204,-0.204,0
1787735428.323,gripper,32.449,37.021,32.449,-4.572,-4.572,0
1787735428.373,shoulder_pan,5.715,3.473,5.715,2.243,2.243,0
1787735428.373,shoulder_lift,27.680,28.923,27.680,-1.243,-1.243,0
1787735428.373,elbow_flex,41.064,42.681,41.064,-1.617,-1.617,0
1787735428.373,wrist_flex,-22.664,-24.835,-22.664,2.172,2.172,0
1787735428.373,wrist_roll,-3.017,-2.857,-3.017,-0.160,-0.160,0
1787735428.373,gripper,32.467,37.021,32.467,-4.554,-4.554,0
1787735428.423,shoulder_pan,5.909,4.000,5.909,1.909,1.909,0
1787735428.423,shoulder_lift,27.809,28.923,27.809,-1.114,-1.114,0
1787735428.423,elbow_flex,41.460,42.330,41.460,-0.869,-0.869,0
1787735428.423,wrist_flex,-23.548,-24.571,-23.548,1.024,1.024,0
1787735428.423,wrist_roll,-2.967,-2.945,-2.967,-0.022,-0.022,0
1787735428.423,gripper,32.159,37.021,32.159,-4.862,-4.862,0
1787735428.473,shoulder_pan,6.281,4.440,6.281,1.841,1.841,0
1787735428.473,shoulder_lift,27.271,28.923,27.271,-1.652,-1.652,0
1787735428.473,elbow_flex,40.873,42.154,40.873,-1.281,-1.281,0
1787735428.473,wrist_flex,-23.537,-24.484,-23.537,0.947,0.947,0
1787735428.473,wrist_roll,-2.976,-2.945,-2.976,-0.031,-0.031,0
1787735428.473,gripper,31.876,37.021,31.876,-5.145,-5.145,0
1787735428.523,shoulder_pan,6.026,4.791,6.026,1.235,1.235,0
1787735428.523,shoulder_lift,30.258,29.011,30.258,1.247,1.247,0
1787735428.523,elbow_flex,42.129,41.890,42.129,0.239,0.239,0
1787735428.523,wrist_flex,-27.417,-24.484,-27.417,-2.934,-2.934,0
1787735428.523,wrist_roll,-2.923,-2.945,-2.923,0.022,0.022,0
1787735428.523,gripper,31.183,37.021,31.183,-5.838,-5.838,0
1787735428.574,shoulder_pan,4.730,4.967,4.730,-0.237,-0.237,0
1787735428.574,shoulder_lift,32.796,29.187,32.796,3.610,3.610,0
1787735428.574,elbow_flex,46.762,41.714,46.762,5.048,5.048,0
1787735428.574,wrist_flex,-37.782,-24.571,-37.782,-13.211,-13.211,0
1787735428.574,wrist_roll,-2.925,-2.945,-2.925,0.020,0.020,0
1787735428.574,gripper,29.760,37.021,29.760,-7.261,-7.261,0
1787735428.623,shoulder_pan,4.146,5.055,4.146,-0.909,-0.909,0
1787735428.623,shoulder_lift,33.509,30.330,33.509,3.179,3.179,0
1787735428.623,elbow_flex,49.275,41.802,49.275,7.473,7.473,0
1787735428.623,wrist_flex,-42.135,-26.593,-42.135,-15.542,-15.542,0
1787735428.623,wrist_roll,-2.947,-2.945,-2.947,-0.002,-0.002,0
1787735428.623,gripper,28.611,37.021,28.611,-8.410,-8.410,0
1787735428.673,shoulder_pan,3.327,4.879,3.327,-1.552,-1.552,0
1787735428.673,shoulder_lift,33.599,31.736,33.599,1.863,1.863,0
1787735428.673,elbow_flex,52.886,43.385,52.886,9.501,9.501,0
1787735428.673,wrist_flex,-47.297,-31.253,-47.297,-16.044,-16.044,0
1787735428.673,wrist_roll,-2.948,-2.945,-2.948,-0.003,-0.003,0
1787735428.673,gripper,27.530,37.021,27.530,-9.491,-9.491,0
1787735428.723,shoulder_pan,2.807,4.527,2.807,-1.720,-1.720,0
1787735428.723,shoulder_lift,33.989,32.527,33.989,1.462,1.462,0
1787735428.723,elbow_flex,55.192,45.934,55.192,9.258,9.258,0
1787735428.723,wrist_flex,-50.650,-36.527,-50.650,-14.122,-14.122,0
1787735428.723,wrist_roll,-2.934,-3.033,-2.934,0.099,0.099,0
1787735428.723,gripper,26.450,37.021,26.450,-10.571,-10.571,0
1787735428.773,shoulder_pan,2.450,4.088,2.450,-1.638,-1.638,0
1787735428.773,shoulder_lift,35.071,33.231,35.071,1.840,1.840,0
1787735428.773,elbow_flex,56.852,48.835,56.852,8.017,8.017,0
1787735428.773,wrist_flex,-52.787,-41.978,-52.787,-10.809,-10.809,0
1787735428.773,wrist_roll,-2.908,-3.033,-2.908,0.124,0.124,0
1787735428.773,gripper,25.480,37.021,25.480,-11.541,-11.541,0
1787735428.823,shoulder_pan,2.354,3.648,2.354,-1.295,-1.295,0
1787735428.823,shoulder_lift,35.232,33.846,35.232,1.386,1.386,0
1787735428.823,elbow_flex,57.776,51.560,57.776,6.216,6.216,0
1787735428.823,wrist_flex,-54.378,-46.549,-54.378,-7.829,-7.829,0
1787735428.823,wrist_roll,-2.925,-3.033,-2.925,0.108,0.108,0
1787735428.823,gripper,24.605,37.021,24.605,-12.416,-12.416,0
1787735428.874,shoulder_pan,2.276,3.209,2.276,-0.932,-0.932,0
1787735428.874,shoulder_lift,35.808,34.462,35.808,1.346,1.346,0
1787735428.874,elbow_flex,58.001,53.670,58.001,4.331,4.331,0
1787735428.874,wrist_flex,-55.035,-50.154,-55.035,-4.881,-4.881,0
1787735428.874,wrist_roll,-2.917,-3.033,-2.917,0.116,0.116,0
1787735428.874,gripper,23.902,37.021,23.902,-13.118,-13.118,0
1787735428.924,shoulder_pan,2.147,3.033,2.147,-0.886,-0.886,0
1787735428.924,shoulder_lift,36.906,34.989,36.906,1.917,1.917,0
1787735428.924,elbow_flex,58.239,55.077,58.239,3.162,3.162,0
1787735428.924,wrist_flex,-55.635,-52.615,-55.635,-3.019,-3.019,0
1787735428.924,wrist_roll,-2.913,-3.033,-2.913,0.120,0.120,0
1787735428.924,gripper,23.295,37.021,23.295,-13.726,-13.726,0
1787735428.974,shoulder_pan,2.086,2.857,2.086,-0.771,-0.771,0
1787735428.974,shoulder_lift,36.479,35.429,36.479,1.051,1.051,0
1787735428.974,elbow_flex,58.145,55.956,58.145,2.189,2.189,0
1787735428.974,wrist_flex,-55.923,-54.198,-55.923,-1.725,-1.725,0
1787735428.974,wrist_roll,-2.886,-3.033,-2.886,0.147,0.147,0
1787735428.974,gripper,22.914,37.021,22.914,-14.107,-14.107,0
1787735429.024,shoulder_pan,2.137,2.769,2.137,-0.632,-0.632,0
1787735429.024,shoulder_lift,37.384,35.692,37.384,1.692,1.692,0
1787735429.024,elbow_flex,57.865,56.220,57.865,1.645,1.645,0
1787735429.024,wrist_flex,-55.766,-55.077,-55.766,-0.689,-0.689,0
1787735429.024,wrist_roll,-2.917,-3.033,-2.917,0.116,0.116,0
1787735429.024,gripper,22.313,37.021,22.313,-14.708,-14.708,0
1787735429.074,shoulder_pan,2.177,2.769,2.177,-0.592,-0.592,0
1787735429.074,shoulder_lift,37.577,36.044,37.577,1.533,1.533,0
1787735429.074,elbow_flex,57.945,56.308,57.945,1.638,1.638,0
1787735429.074,wrist_flex,-56.019,-55.604,-56.019,-0.414,-0.414,0
1787735429.074,wrist_roll,-2.929,-3.033,-2.929,0.104,0.104,0
1787735429.074,gripper,22.239,37.021,22.239,-14.782,-14.782,0
1787735429.124,shoulder_pan,1.994,2.769,1.994,-0.775,-0.775,0
1787735429.124,shoulder_lift,37.920,36.484,37.920,1.437,1.437,0
1787735429.124,elbow_flex,57.656,56.308,57.656,1.348,1.348,0
1787735429.124,wrist_flex,-56.280,-55.956,-56.280,-0.324,-0.324,0
1787735429.124,wrist_roll,-2.939,-3.121,-2.939,0.182,0.182,0
1787735429.124,gripper,21.741,37.021,21.741,-15.280,-15.280,0
1787735429.174,shoulder_pan,2.053,2.769,2.053,-0.716,-0.716,0
1787735429.174,shoulder_lift,38.466,36.835,38.466,1.631,1.631,0
1787735429.174,elbow_flex,57.219,56.308,57.219,0.911,0.911,0
1787735429.174,wrist_flex,-56.940,-56.396,-56.940,-0.544,-0.544,0
1787735429.174,wrist_roll,-2.931,-3.121,-2.931,0.190,0.190,0
1787735429.174,gripper,21.655,37.021,21.655,-15.366,-15.366,0
1787735429.224,shoulder_pan,1.977,2.769,1.977,-0.792,-0.792,0
1787735429.224,shoulder_lift,39.293,37.099,39.293,2.194,2.194,0
1787735429.224,elbow_flex,56.626,56.308,56.626,0.318,0.318,0
1787735429.224,wrist_flex,-56.900,-56.835,-56.900,-0.065,-0.065,0
1787735429.224,wrist_roll,-2.936,-3.121,-2.936,0.185,0.185,0
1787735429.224,gripper,21.465,37.021,21.465,-15.556,-15.556,0
1787735429.275,shoulder_pan,1.975,2.681,1.975,-0.706,-0.706,0
1787735429.275,shoulder_lift,40.516,37.538,40.516,2.977,2.977,0
1787735429.275,elbow_flex,55.768,56.308,55.768,-0.539,-0.539,0
1787735429.275,wrist_flex,-56.985,-57.099,-56.985,0.114,0.114,0
1787735429.275,wrist_roll,-2.950,-3.121,-2.950,0.171,0.171,0
1787735429.275,gripper,21.576,37.021,21.576,-15.445,-15.445,0
1787735429.324,shoulder_pan,1.972,2.681,1.972,-0.709,-0.709,0
1787735429.324,shoulder_lift,41.836,37.890,41.836,3.946,3.946,0
1787735429.324,elbow_flex,55.278,56.044,55.278,-0.766,-0.766,0
1787735429.324,wrist_flex,-56.601,-57.187,-56.601,0.585,0.585,0
1787735429.324,wrist_roll,-2.951,-3.121,-2.951,0.169,0.169,0
1787735429.324,gripper,21.172,37.021,21.172,-15.849,-15.849,0
1787735429.375,shoulder_pan,2.007,2.681,2.007,-0.674,-0.674,0
1787735429.375,shoulder_lift,41.663,38.593,41.663,3.070,3.070,0
1787735429.375,elbow_flex,54.702,55.429,54.702,-0.727,-0.727,0
1787735429.375,wrist_flex,-57.007,-57.187,-57.007,0.180,0.180,0
1787735429.375,wrist_roll,-2.949,-3.121,-2.949,0.172,0.172,0
1787735429.375,gripper,21.147,37.021,21.147,-15.874,-15.874,0
1787735429.424,shoulder_pan,1.976,2.681,1.976,-0.706,-0.706,0
1787735429.424,shoulder_lift,42.695,39.033,42.695,3.662,3.662,0
1787735429.424,elbow_flex,54.264,54.813,54.264,-0.549,-0.549,0
1787735429.424,wrist_flex,-57.627,-57.275,-57.627,-0.352,-0.352,0
1787735429.424,wrist_roll,-2.962,-3.121,-2.962,0.159,0.159,0
1787735429.424,gripper,20.838,37.021,20.838,-16.183,-16.183,0
1787735429.475,shoulder_pan,2.183,2.681,2.183,-0.498,-0.498,0
1787735429.475,shoulder_lift,38.922,39.560,38.922,-0.638,-0.638,0
1787735429.475,elbow_flex,56.226,54.022,56.226,2.204,2.204,0
1787735429.475,wrist_flex,-56.857,-57.538,-56.857,0.681,0.681,0
1787735429.475,wrist_roll,-2.966,-3.121,-2.966,0.155,0.155,0
1787735429.475,gripper,23.917,37.021,23.917,-13.104,-13.104,0
1787735429.524,shoulder_pan,2.363,2.681,2.363,-0.318,-0.318,0
1787735429.524,shoulder_lift,35.800,39.824,35.800,-4.024,-4.024,0
1787735429.524,elbow_flex,59.014,53.846,59.014,5.168,5.168,0
1787735429.524,wrist_flex,-56.874,-57.714,-56.874,0.840,0.840,0
1787735429.524,wrist_roll,-2.998,-3.121,-2.998,0.123,0.123,0
1787735429.524,gripper,27.036,37.021,27.036,-9.985,-9.985,0
1787735429.575,shoulder_pan,2.411,2.681,2.411,-0.271,-0.271,0
1787735429.575,shoulder_lift,34.661,38.945,34.661,-4.284,-4.284,0
1787735429.575,elbow_flex,59.273,54.374,59.273,4.899,4.899,0
1787735429.575,wrist_flex,-56.423,-57.714,-56.423,1.292,1.292,0
1787735429.575,wrist_roll,-2.979,-3.121,-2.979,0.142,0.142,0
1787735429.575,gripper,27.942,37.021,27.942,-9.079,-9.079,0
1787735429.626,shoulder_pan,2.568,2.681,2.568,-0.114,-0.114,0
1787735429.626,shoulder_lift,33.863,37.626,33.863,-3.763,-3.763,0
1787735429.626,elbow_flex,59.405,55.780,59.405,3.625,3.625,0
1787735429.626,wrist_flex,-56.341,-57.714,-56.341,1.374,1.374,0
1787735429.626,wrist_roll,-2.968,-3.121,-2.968,0.153,0.153,0
1787735429.626,gripper,28.527,37.021,28.527,-8.494,-8.494,0
1787735429.674,shoulder_pan,2.650,2.681,2.650,-0.032,-0.032,0
1787735429.674,shoulder_lift,33.224,36.484,33.224,-3.259,-3.259,0
1787735429.674,elbow_flex,59.710,56.835,59.710,2.875,2.875,0
1787735429.674,wrist_flex,-56.394,-57.626,-56.394,1.232,1.232,0
1787735429.674,wrist_roll,-2.981,-3.121,-2.981,0.140,0.140,0
1787735429.674,gripper,29.370,37.021,29.370,-7.651,-7.651,0
1787735429.726,shoulder_pan,2.622,2.681,2.622,-0.059,-0.059,0
1787735429.726,shoulder_lift,32.727,35.692,32.727,-2.966,-2.966,0
1787735429.726,elbow_flex,59.664,57.714,59.664,1.950,1.950,0
1787735429.726,wrist_flex,-56.627,-57.626,-56.627,0.999,0.999,0
1787735429.726,wrist_roll,-2.992,-3.121,-2.992,0.128,0.128,0
1787735429.726,gripper,29.542,37.021,29.542,-7.479,-7.479,0
1787735429.775,shoulder_pan,2.691,2.681,2.691,0.010,0.010,0
1787735429.775,shoulder_lift,32.273,35.077,32.273,-2.804,-2.804,0
1787735429.775,elbow_flex,59.484,58.330,59.484,1.154,1.154,0
1787735429.775,wrist_flex,-56.281,-57.626,-56.281,1.345,1.345,0
1787735429.775,wrist_roll,-3.030,-3.121,-3.030,0.091,0.091,0
1787735429.775,gripper,29.618,37.021,29.618,-7.403,-7.403,0
1787735429.825,shoulder_pan,2.724,2.681,2.724,0.043,0.043,0
1787735429.825,shoulder_lift,31.421,34.725,31.421,-3.305,-3.305,0
1787735429.825,elbow_flex,59.500,58.681,59.500,0.819,0.819,0
1787735429.825,wrist_flex,-56.014,-57.538,-56.014,1.524,1.524,0
1787735429.825,wrist_roll,-3.027,-3.121,-3.027,0.093,0.093,0
1787735429.825,gripper,29.383,37.021,29.383,-7.638,-7.638,0
1787735429.875,shoulder_pan,2.829,2.681,2.829,0.148,0.148,0
1787735429.875,shoulder_lift,31.113,34.198,31.113,-3.084,-3.084,0
1787735429.875,elbow_flex,59.600,58.945,59.600,0.655,0.655,0
1787735429.875,wrist_flex,-55.902,-57.451,-55.902,1.549,1.549,0
1787735429.875,wrist_roll,-3.045,-3.121,-3.045,0.075,0.075,0
1787735429.875,gripper,29.324,37.021,29.324,-7.697,-7.697,0
1787735429.925,shoulder_pan,2.669,2.681,2.669,-0.013,-0.013,0
1787735429.925,shoulder_lift,31.333,33.582,31.333,-2.250,-2.250,0
1787735429.925,elbow_flex,59.680,59.033,59.680,0.647,0.647,0
1787735429.925,wrist_flex,-56.049,-57.275,-56.049,1.226,1.226,0
1787735429.925,wrist_roll,-3.034,-3.121,-3.034,0.087,0.087,0
1787735429.925,gripper,29.049,37.021,29.049,-7.972,-7.972,0
1787735429.975,shoulder_pan,2.719,2.681,2.719,0.037,0.037,0
1787735429.975,shoulder_lift,30.240,33.231,30.240,-2.991,-2.991,0
1787735429.975,elbow_flex,60.043,59.121,60.043,0.922,0.922,0
1787735429.975,wrist_flex,-56.301,-57.187,-56.301,0.886,0.886,0
1787735429.975,wrist_roll,-3.065,-3.121,-3.065,0.056,0.056,0
1787735429.975,gripper,29.038,37.021,29.038,-7.983,-7.983,0
1787735430.025,shoulder_pan,2.699,2.681,2.699,0.017,0.017,0
1787735430.025,shoulder_lift,30.637,33.055,30.637,-2.418,-2.418,0
1787735430.025,elbow_flex,60.310,59.121,60.310,1.189,1.189,0
1787735430.025,wrist_flex,-56.063,-57.187,-56.063,1.124,1.124,0
1787735430.025,wrist_roll,-3.062,-3.121,-3.062,0.059,0.059,0
1787735430.025,gripper,29.093,37.021,29.093,-7.928,-7.928,0
1787735430.075,shoulder_pan,2.803,2.681,2.803,0.122,0.122,0
1787735430.075,shoulder_lift,29.374,32.791,29.374,-3.417,-3.417,0
1787735430.075,elbow_flex,60.450,59.473,60.450,0.977,0.977,0
1787735430.075,wrist_flex,-56.290,-57.187,-56.290,0.897,0.897,0
1787735430.075,wrist_roll,-3.075,-3.121,-3.075,0.046,0.046,0
1787735430.075,gripper,29.188,37.021,29.188,-7.832,-7.832,0
1787735430.125,shoulder_pan,2.750,2.681,2.750,0.069,0.069,0
1787735430.125,shoulder_lift,29.856,32.527,29.856,-2.672,-2.672,0
1787735430.125,elbow_flex,60.563,59.736,60.563,0.827,0.827,0
1787735430.125,wrist_flex,-56.706,-57.187,-56.706,0.481,0.481,0
1787735430.125,wrist_roll,-3.067,-3.121,-3.067,0.054,0.054,0
1787735430.125,gripper,28.765,37.021,28.765,-8.256,-8.256,0
1787735430.175,shoulder_pan,2.926,2.681,2.926,0.244,0.244,0
1787735430.175,shoulder_lift,29.082,32.176,29.082,-3.094,-3.094,0
1787735430.175,elbow_flex,60.996,60.264,60.996,0.732,0.732,0
1787735430.175,wrist_flex,-56.622,-57.187,-56.622,0.565,0.565,0
1787735430.175,wrist_roll,-3.055,-3.121,-3.055,0.066,0.066,0
1787735430.175,gripper,28.702,37.021,28.702,-8.319,-8.319,0
1787735430.226,shoulder_pan,3.021,2.681,3.021,0.339,0.339,0
1787735430.226,shoulder_lift,28.811,31.912,28.811,-3.101,-3.101,0
1787735430.226,elbow_flex,61.292,60.440,61.292,0.853,0.853,0
1787735430.226,wrist_flex,-56.364,-57.187,-56.364,0.823,0.823,0
1787735430.226,wrist_roll,-3.071,-3.121,-3.071,0.050,0.050,0
1787735430.226,gripper,28.325,37.021,28.325,-8.696,-8.696,0
1787735430.276,shoulder_pan,3.115,2.681,3.115,0.434,0.434,0
1787735430.276,shoulder_lift,28.819,31.648,28.819,-2.830,-2.830,0
1787735430.276,elbow_flex,61.528,60.703,61.528,0.824,0.824,0
1787735430.276,wrist_flex,-56.567,-57.099,-56.567,0.532,0.532,0
1787735430.276,wrist_roll,-3.075,-3.121,-3.075,0.046,0.046,0
1787735430.276,gripper,28.040,37.021,28.040,-8.981,-8.981,0
1787735430.326,shoulder_pan,3.363,2.681,3.363,0.682,0.682,0
1787735430.326,shoulder_lift,28.332,31.473,28.332,-3.141,-3.141,0
1787735430.326,elbow_flex,62.133,60.967,62.133,1.166,1.166,0
1787735430.326,wrist_flex,-56.179,-57.099,-56.179,0.920,0.920,0
1787735430.326,wrist_roll,-3.090,-3.121,-3.090,0.031,0.031,0
1787735430.326,gripper,27.926,37.021,27.926,-9.094,-9.094,0
1787735430.376,shoulder_pan,3.571,2.681,3.571,0.890,0.890,0
1787735430.376,shoulder_lift,28.075,31.385,28.075,-3.310,-3.310,0
1787735430.376,elbow_flex,62.426,61.143,62.426,1.283,1.283,0
1787735430.376,wrist_flex,-56.437,-57.099,-56.437,0.661,0.661,0
1787735430.376,wrist_roll,-3.105,-3.121,-3.105,0.016,0.016,0
1787735430.376,gripper,27.768,37.021,27.768,-9.253,-9.253,0
1787735430.426,shoulder_pan,2.961,2.681,2.961,0.280,0.280,0
1787735430.426,shoulder_lift,28.424,31.385,28.424,-2.960,-2.960,0
1787735430.426,elbow_flex,59.981,61.319,59.981,-1.338,-1.338,0
1787735430.426,wrist_flex,-57.333,-57.099,-57.333,-0.234,-0.234,0
1787735430.426,wrist_roll,-3.118,-3.121,-3.118,0.002,0.002,0
1787735430.426,gripper,26.680,37.021,26.680,-10.341,-10.341,0
1787735430.476,shoulder_pan,2.251,2.681,2.251,-0.431,-0.431,0
1787735430.476,shoulder_lift,28.677,31.385,28.677,-2.707,-2.707,0
1787735430.476,elbow_flex,57.232,61.582,57.232,-4.351,-4.351,0
1787735430.476,wrist_flex,-57.983,-57.187,-57.983,-0.796,-0.796,0
1787735430.476,wrist_roll,-3.107,-3.121,-3.107,0.014,0.014,0
1787735430.476,gripper,25.814,37.021,25.814,-11.207,-11.207,0
1787735430.527,shoulder_pan,2.150,2.681,2.150,-0.531,-0.531,0
1787735430.527,shoulder_lift,28.455,31.385,28.455,-2.930,-2.930,0
1787735430.527,elbow_flex,57.369,60.791,57.369,-3.422,-3.422,0
1787735430.527,wrist_flex,-57.829,-57.187,-57.829,-0.642,-0.642,0
1787735430.527,wrist_roll,-3.115,-3.121,-3.115,0.006,0.006,0
1787735430.527,gripper,26.229,37.021,26.229,-10.792,-10.792,0
1787735430.576,shoulder_pan,2.109,2.593,2.109,-0.485,-0.485,0
1787735430.576,shoulder_lift,28.712,31.473,28.712,-2.761,-2.761,0
1787735430.576,elbow_flex,57.521,59.648,57.521,-2.128,-2.128,0
1787735430.576,wrist_flex,-57.904,-57.099,-57.904,-0.806,-0.806,0
1787735430.576,wrist_roll,-3.121,-3.121,-3.121,-0.000,-0.000,0
1787735430.576,gripper,26.133,37.021,26.133,-10.888,-10.888,0
1787735430.627,shoulder_pan,2.108,2.418,2.108,-0.309,-0.309,0
1787735430.627,shoulder_lift,28.903,31.473,28.903,-2.570,-2.570,0
1787735430.627,elbow_flex,57.410,59.209,57.410,-1.799,-1.799,0
1787735430.627,wrist_flex,-57.936,-57.099,-57.936,-0.837,-0.837,0
1787735430.627,wrist_roll,-3.115,-3.121,-3.115,0.006,0.006,0
1787735430.627,gripper,25.869,37.021,25.869,-11.152,-11.152,0
1787735430.676,shoulder_pan,2.019,2.418,2.019,-0.398,-0.398,0
1787735430.676,shoulder_lift,29.205,31.473,29.205,-2.267,-2.267,0
1787735430.676,elbow_flex,57.416,59.033,57.416,-1.617,-1.617,0
1787735430.676,wrist_flex,-58.266,-57.099,-58.266,-1.167,-1.167,0
1787735430.676,wrist_roll,-3.127,-3.121,-3.127,-0.006,-0.006,0
1787735430.676,gripper,25.642,37.021,25.642,-11.379,-11.379,0
1787735430.727,shoulder_pan,2.026,2.418,2.026,-0.392,-0.392,0
1787735430.727,shoulder_lift,29.365,31.473,29.365,-2.107,-2.107,0
1787735430.727,elbow_flex,57.545,59.033,57.545,-1.488,-1.488,0
1787735430.727,wrist_flex,-58.156,-57.099,-58.156,-1.057,-1.057,0
1787735430.727,wrist_roll,-3.134,-3.121,-3.134,-0.013,-0.013,0
1787735430.727,gripper,25.767,37.021,25.767,-11.254,-11.254,0
1787735430.776,shoulder_pan,1.958,2.418,1.958,-0.459,-0.459,0
1787735430.776,shoulder_lift,29.916,31.473,29.916,-1.557,-1.557,0
1787735430.776,elbow_flex,57.471,59.033,57.471,-1.562,-1.562,0
1787735430.776,wrist_flex,-58.679,-57.099,-58.679,-1.580,-1.580,0
1787735430.776,wrist_roll,-3.128,-3.121,-3.128,-0.007,-0.007,0
1787735430.776,gripper,25.744,37.021,25.744,-11.276,-11.276,0
1787735430.827,shoulder_pan,1.905,2.418,1.905,-0.513,-0.513,0
1787735430.827,shoulder_lift,30.014,31.560,30.014,-1.546,-1.546,0
1787735430.827,elbow_flex,57.414,59.033,57.414,-1.619,-1.619,0
1787735430.827,wrist_flex,-58.508,-57.187,-58.508,-1.321,-1.321,0
1787735430.827,wrist_roll,-3.145,-3.121,-3.145,-0.024,-0.024,0
1787735430.827,gripper,25.760,37.021,25.760,-11.261,-11.261,0
1787735430.877,shoulder_pan,1.912,2.418,1.912,-0.506,-0.506,0
1787735430.877,shoulder_lift,30.036,31.560,30.036,-1.524,-1.524,0
1787735430.877,elbow_flex,57.283,59.033,57.283,-1.750,-1.750,0
1787735430.877,wrist_flex,-58.759,-57.275,-58.759,-1.485,-1.485,0
1787735430.877,wrist_roll,-3.169,-3.121,-3.169,-0.048,-0.048,0
1787735430.877,gripper,25.210,37.021,25.210,-11.811,-11.811,0
1787735430.928,shoulder_pan,1.880,2.418,1.880,-0.537,-0.537,0
1787735430.928,shoulder_lift,30.313,31.560,30.313,-1.247,-1.247,0
1787735430.928,elbow_flex,57.371,59.033,57.371,-1.662,-1.662,0
1787735430.928,wrist_flex,-58.753,-57.275,-58.753,-1.478,-1.478,0
1787735430.928,wrist_roll,-3.165,-3.121,-3.165,-0.045,-0.045,0
1787735430.928,gripper,25.147,37.021,25.147,-11.873,-11.873,0
1787735430.977,shoulder_pan,1.872,2.418,1.872,-0.546,-0.546,0
1787735430.977,shoulder_lift,30.391,31.560,30.391,-1.169,-1.169,0
1787735430.977,elbow_flex,57.479,59.033,57.479,-1.554,-1.554,0
1787735430.977,wrist_flex,-58.490,-57.275,-58.490,-1.215,-1.215,0
1787735430.977,wrist_roll,-3.170,-3.121,-3.170,-0.049,-0.049,0
1787735430.977,gripper,25.025,37.021,25.025,-11.996,-11.996,0
1787735431.027,shoulder_pan,1.782,2.418,1.782,-0.636,-0.636,0
1787735431.027,shoulder_lift,31.003,31.560,31.003,-0.558,-0.558,0
1787735431.027,elbow_flex,57.478,59.033,57.478,-1.555,-1.555,0
1787735431.027,wrist_flex,-58.964,-57.275,-58.964,-1.690,-1.690,0
1787735431.027,wrist_roll,-3.171,-3.121,-3.171,-0.050,-0.050,0
1787735431.027,gripper,25.091,37.021,25.091,-11.929,-11.929,0
1787735431.077,shoulder_pan,1.777,2.418,1.777,-0.640,-0.640,0
1787735431.077,shoulder_lift,31.157,31.560,31.157,-0.403,-0.403,0
1787735431.077,elbow_flex,57.491,59.033,57.491,-1.542,-1.542,0
1787735431.077,wrist_flex,-59.272,-57.363,-59.272,-1.909,-1.909,0
1787735431.077,wrist_roll,-3.158,-3.121,-3.158,-0.038,-0.038,0
1787735431.077,gripper,25.080,37.021,25.080,-11.940,-11.940,0
1787735431.127,shoulder_pan,1.744,2.330,1.744,-0.586,-0.586,0
1787735431.127,shoulder_lift,32.012,31.560,32.012,0.452,0.452,0
1787735431.127,elbow_flex,57.736,59.033,57.736,-1.297,-1.297,0
1787735431.127,wrist_flex,-59.410,-57.626,-59.410,-1.784,-1.784,0
1787735431.127,wrist_roll,-3.151,-3.121,-3.151,-0.030,-0.030,0
1787735431.127,gripper,25.483,37.021,25.483,-11.538,-11.538,0
1787735431.178,shoulder_pan,1.622,2.154,1.622,-0.532,-0.532,0
1787735431.178,shoulder_lift,32.128,31.912,32.128,0.216,0.216,0
1787735431.178,elbow_flex,57.726,59.033,57.726,-1.307,-1.307,0
1787735431.178,wrist_flex,-59.583,-57.890,-59.583,-1.693,-1.693,0
1787735431.178,wrist_roll,-3.148,-3.033,-3.148,-0.115,-0.115,0
1787735431.178,gripper,25.423,37.021,25.423,-11.598,-11.598,0
1787735431.227,shoulder_pan,1.606,2.066,1.606,-0.460,-0.460,0
1787735431.227,shoulder_lift,32.767,32.440,32.767,0.327,0.327,0
1787735431.227,elbow_flex,57.499,59.033,57.499,-1.534,-1.534,0
1787735431.227,wrist_flex,-59.403,-58.242,-59.403,-1.161,-1.161,0
1787735431.227,wrist_roll,-3.160,-3.121,-3.160,-0.040,-0.040,0
1787735431.227,gripper,25.608,37.021,25.608,-11.413,-11.413,0
1787735431.277,shoulder_pan,1.534,2.066,1.534,-0.532,-0.532,0
1787735431.277,shoulder_lift,33.314,32.879,33.314,0.435,0.435,0
1787735431.277,elbow_flex,57.651,58.945,57.651,-1.294,-1.294,0
1787735431.277,wrist_flex,-60.243,-58.505,-60.243,-1.738,-1.738,0
1787735431.277,wrist_roll,-3.157,-3.121,-3.157,-0.036,-0.036,0
1787735431.277,gripper,25.716,37.021,25.716,-11.305,-11.305,0
1787735431.327,shoulder_pan,1.508,2.066,1.508,-0.558,-0.558,0
1787735431.327,shoulder_lift,33.556,33.495,33.556,0.061,0.061,0
1787735431.327,elbow_flex,57.658,58.681,57.658,-1.023,-1.023,0
1787735431.327,wrist_flex,-60.292,-58.945,-60.292,-1.347,-1.347,0
1787735431.327,wrist_roll,-3.147,-3.121,-3.147,-0.026,-0.026,0
1787735431.327,gripper,25.914,37.021,25.914,-11.107,-11.107,0
1787735431.378,shoulder_pan,1.789,2.066,1.789,-0.277,-0.277,0
1787735431.378,shoulder_lift,35.672,33.758,35.672,1.913,1.913,0
1787735431.378,elbow_flex,56.864,58.505,56.864,-1.641,-1.641,0
1787735431.378,wrist_flex,-59.851,-59.385,-59.851,-0.466,-0.466,0
1787735431.378,wrist_roll,-3.042,-3.121,-3.042,0.079,0.079,0
1787735431.378,gripper,27.351,37.021,27.351,-9.670,-9.670,0
1787735431.428,shoulder_pan,2.231,2.066,2.231,0.165,0.165,0
1787735431.428,shoulder_lift,39.441,34.198,39.441,5.243,5.243,0
1787735431.428,elbow_flex,55.502,58.242,55.502,-2.740,-2.740,0
1787735431.428,wrist_flex,-59.966,-59.560,-59.966,-0.406,-0.406,0
1787735431.428,wrist_roll,-2.894,-3.121,-2.894,0.226,0.226,0
1787735431.428,gripper,29.227,37.021,29.227,-7.794,-7.794,0
1787735431.478,shoulder_pan,2.268,2.066,2.268,0.202,0.202,0
1787735431.478,shoulder_lift,40.103,35.780,40.103,4.323,4.323,0
1787735431.478,elbow_flex,54.820,57.363,54.820,-2.543,-2.543,0
1787735431.478,wrist_flex,-60.508,-60.264,-60.508,-0.244,-0.244,0
1787735431.478,wrist_roll,-2.854,-3.121,-2.854,0.267,0.267,0
1787735431.478,gripper,30.192,37.021,30.192,-6.829,-6.829,0
1787735431.528,shoulder_pan,2.322,2.066,2.322,0.256,0.256,0
1787735431.528,shoulder_lift,40.615,37.626,40.615,2.989,2.989,0
1787735431.528,elbow_flex,54.282,55.780,54.282,-1.498,-1.498,0
1787735431.528,wrist_flex,-60.606,-60.440,-60.606,-0.166,-0.166,0
1787735431.528,wrist_roll,-2.865,-3.121,-2.865,0.256,0.256,0
1787735431.528,gripper,31.228,37.021,31.228,-5.793,-5.793,0
1787735431.578,shoulder_pan,2.320,2.066,2.320,0.254,0.254,0
1787735431.578,shoulder_lift,41.742,38.593,41.742,3.149,3.149,0
1787735431.578,elbow_flex,53.512,55.077,53.512,-1.565,-1.565,0
1787735431.578,wrist_flex,-60.924,-60.527,-60.924,-0.397,-0.397,0
1787735431.578,wrist_roll,-2.839,-3.121,-2.839,0.282,0.282,0
1787735431.578,gripper,31.930,37.021,31.930,-5.091,-5.091,0
1787735431.628,shoulder_pan,2.309,2.066,2.309,0.243,0.243,0
1787735431.628,shoulder_lift,42.119,39.473,42.119,2.647,2.647,0
1787735431.628,elbow_flex,52.901,54.286,52.901,-1.385,-1.385,0
1787735431.628,wrist_flex,-60.987,-60.879,-60.987,-0.108,-0.108,0
1787735431.628,wrist_roll,-2.827,-3.121,-2.827,0.294,0.294,0
1787735431.628,gripper,32.206,37.021,32.206,-4.815,-4.815,0
1787735431.678,shoulder_pan,2.307,2.066,2.307,0.241,0.241,0
1787735431.678,shoulder_lift,42.070,40.352,42.070,1.718,1.718,0
1787735431.678,elbow_flex,52.252,53.495,52.252,-1.242,-1.242,0
1787735431.678,wrist_flex,-60.978,-61.231,-60.978,0.253,0.253,0
1787735431.678,wrist_roll,-2.763,-3.121,-2.763,0.358,0.358,0
1787735431.678,gripper,32.974,37.021,32.974,-4.046,-4.046,0
1787735431.728,shoulder_pan,2.280,2.066,2.280,0.214,0.214,0
1787735431.728,shoulder_lift,42.896,40.703,42.896,2.193,2.193,0
1787735431.728,elbow_flex,51.866,52.791,51.866,-0.925,-0.925,0
1787735431.728,wrist_flex,-61.503,-61.231,-61.503,-0.272,-0.272,0
1787735431.728,wrist_roll,-2.737,-3.121,-2.737,0.384,0.384,0
1787735431.728,gripper,33.133,37.021,33.133,-3.888,-3.888,0
1787735431.778,shoulder_pan,2.171,2.066,2.171,0.105,0.105,0
1787735431.778,shoulder_lift,42.689,41.231,42.689,1.458,1.458,0
1787735431.778,elbow_flex,51.540,52.176,51.540,-0.636,-0.636,0
1787735431.778,wrist_flex,-61.797,-61.495,-61.797,-0.302,-0.302,0
1787735431.778,wrist_roll,-2.701,-3.121,-2.701,0.419,0.419,0
1787735431.778,gripper,33.323,37.021,33.323,-3.698,-3.698,0
1787735431.829,shoulder_pan,2.022,2.066,2.022,-0.044,-0.044,0
1787735431.829,shoulder_lift,42.920,41.670,42.920,1.250,1.250,0
1787735431.829,elbow_flex,51.520,51.648,51.520,-0.128,-0.128,0
1787735431.829,wrist_flex,-62.388,-61.934,-62.388,-0.454,-0.454,0
1787735431.829,wrist_roll,-2.708,-3.121,-2.708,0.413,0.413,0
1787735431.829,gripper,33.220,37.021,33.220,-3.801,-3.801,0
1787735431.879,shoulder_pan,2.120,2.066,2.120,0.054,0.054,0
1787735431.879,shoulder_lift,42.353,42.022,42.353,0.331,0.331,0
1787735431.879,elbow_flex,51.121,51.473,51.121,-0.352,-0.352,0
1787735431.879,wrist_flex,-62.758,-62.286,-62.758,-0.472,-0.472,0
1787735431.879,wrist_roll,-2.688,-3.121,-2.688,0.433,0.433,0
1787735431.879,gripper,33.050,37.021,33.050,-3.971,-3.971,0
1787735431.929,shoulder_pan,2.055,2.066,2.055,-0.011,-0.011,0
1787735431.929,shoulder_lift,42.543,42.286,42.543,0.257,0.257,0
1787735431.929,elbow_flex,51.423,51.297,51.423,0.126,0.126,0
1787735431.929,wrist_flex,-62.672,-62.637,-62.672,-0.035,-0.035,0
1787735431.929,wrist_roll,-2.719,-3.121,-2.719,0.402,0.402,0
1787735431.929,gripper,32.877,37.021,32.877,-4.144,-4.144,0
1787735431.979,shoulder_pan,2.084,2.066,2.084,0.018,0.018,0
1787735431.979,shoulder_lift,42.404,42.549,42.404,-0.146,-0.146,0
1787735431.979,elbow_flex,51.379,51.121,51.379,0.258,0.258,0
1787735431.979,wrist_flex,-62.854,-62.813,-62.854,-0.040,-0.040,0
1787735431.979,wrist_roll,-2.708,-3.121,-2.708,0.413,0.413,0
1787735431.979,gripper,32.603,37.021,32.603,-4.418,-4.418,0
1787735432.029,shoulder_pan,2.012,2.066,2.012,-0.054,-0.054,0
1787735432.029,shoulder_lift,41.530,42.549,41.530,-1.020,-1.020,0
1787735432.029,elbow_flex,51.244,51.121,51.244,0.123,0.123,0
1787735432.029,wrist_flex,-62.826,-62.813,-62.826,-0.013,-0.013,0
1787735432.029,wrist_roll,-2.709,-3.121,-2.709,0.412,0.412,0
1787735432.029,gripper,32.827,37.021,32.827,-4.194,-4.194,0
1787735432.079,shoulder_pan,2.156,2.066,2.156,0.090,0.090,0
1787735432.079,shoulder_lift,42.015,42.549,42.015,-0.534,-0.534,0
1787735432.079,elbow_flex,51.399,51.121,51.399,0.278,0.278,0
1787735432.079,wrist_flex,-63.009,-62.813,-63.009,-0.196,-0.196,0
1787735432.079,wrist_roll,-2.704,-3.121,-2.704,0.416,0.416,0
1787735432.079,gripper,33.159,37.021,33.159,-3.862,-3.862,0
1787735432.129,shoulder_pan,2.043,2.066,2.043,-0.023,-0.023,0
1787735432.129,shoulder_lift,41.508,42.549,41.508,-1.042,-1.042,0
1787735432.129,elbow_flex,51.642,51.121,51.642,0.521,0.521,0
1787735432.129,wrist_flex,-63.630,-62.989,-63.630,-0.641,-0.641,0
1787735432.129,wrist_roll,-2.746,-3.121,-2.746,0.375,0.375,0
1787735432.129,gripper,32.972,37.021,32.972,-4.049,-4.049,0
1787735432.179,shoulder_pan,1.959,2.066,1.959,-0.107,-0.107,0
1787735432.179,shoulder_lift,40.616,42.462,40.616,-1.846,-1.846,0
1787735432.179,elbow_flex,51.676,51.121,51.676,0.555,0.555,0
1787735432.179,wrist_flex,-63.459,-63.341,-63.459,-0.119,-0.119,0
1787735432.179,wrist_roll,-2.776,-3.121,-2.776,0.345,0.345,0
1787735432.179,gripper,33.213,37.021,33.213,-3.808,-3.808,0
1787735432.230,shoulder_pan,2.099,2.066,2.099,0.033,0.033,0
1787735432.230,shoulder_lift,40.431,42.374,40.431,-1.943,-1.943,0
1787735432.230,elbow_flex,51.657,51.121,51.657,0.536,0.536,0
1787735432.230,wrist_flex,-63.776,-63.429,-63.776,-0.347,-0.347,0
1787735432.230,wrist_roll,-2.777,-3.121,-2.777,0.343,0.343,0
1787735432.230,gripper,33.130,37.021,33.130,-3.891,-3.891,0
1787735432.279,shoulder_pan,1.993,2.066,1.993,-0.073,-0.073,0
1787735432.279,shoulder_lift,40.810,42.110,40.810,-1.300,-1.300,0
1787735432.279,elbow_flex,51.980,51.121,51.980,0.859,0.859,0
1787735432.279,wrist_flex,-63.711,-63.429,-63.711,-0.283,-0.283,0
1787735432.279,wrist_roll,-2.794,-3.121,-2.794,0.327,0.327,0
1787735432.279,gripper,32.803,37.021,32.803,-4.218,-4.218,0
1787735432.329,shoulder_pan,2.056,2.066,2.056,-0.010,-0.010,0
1787735432.329,shoulder_lift,39.900,42.110,39.900,-2.210,-2.210,0
1787735432.329,elbow_flex,52.283,51.121,52.283,1.162,1.162,0
1787735432.329,wrist_flex,-63.777,-63.604,-63.777,-0.172,-0.172,0
1787735432.329,wrist_roll,-2.801,-3.121,-2.801,0.320,0.320,0
1787735432.329,gripper,32.882,37.021,32.882,-4.139,-4.139,0
1787735432.379,shoulder_pan,1.948,2.066,1.948,-0.118,-0.118,0
1787735432.379,shoulder_lift,40.612,42.022,40.612,-1.410,-1.410,0
1787735432.379,elbow_flex,51.881,51.121,51.881,0.760,0.760,0
1787735432.379,wrist_flex,-63.801,-63.604,-63.801,-0.196,-0.196,0
1787735432.379,wrist_roll,-2.905,-3.121,-2.905,0.216,0.216,0
1787735432.379,gripper,31.655,37.021,31.655,-5.366,-5.366,0
1787735432.430,shoulder_pan,1.962,2.066,1.962,-0.104,-0.104,0
1787735432.430,shoulder_lift,41.985,42.022,41.985,-0.037,-0.037,0
1787735432.430,elbow_flex,51.107,51.209,51.107,-0.102,-0.102,0
1787735432.430,wrist_flex,-64.030,-63.692,-64.030,-0.337,-0.337,0
1787735432.430,wrist_roll,-3.045,-3.121,-3.045,0.076,0.076,0
1787735432.430,gripper,29.222,37.021,29.222,-7.799,-7.799,0
1787735432.480,shoulder_pan,1.879,2.066,1.879,-0.187,-0.187,0
1787735432.480,shoulder_lift,42.103,42.110,42.103,-0.007,-0.007,0
1787735432.480,elbow_flex,50.924,51.209,50.924,-0.285,-0.285,0
1787735432.480,wrist_flex,-64.375,-63.692,-64.375,-0.683,-0.683,0
1787735432.480,wrist_roll,-3.086,-3.121,-3.086,0.035,0.035,0
1787735432.480,gripper,27.681,37.021,27.681,-9.340,-9.340,0
1787735432.530,shoulder_pan,1.888,2.066,1.888,-0.178,-0.178,0
1787735432.530,shoulder_lift,41.921,42.198,41.921,-0.277,-0.277,0
1787735432.530,elbow_flex,50.700,51.209,50.700,-0.509,-0.509,0
1787735432.530,wrist_flex,-64.538,-63.868,-64.538,-0.670,-0.670,0
1787735432.530,wrist_roll,-3.120,-3.121,-3.120,0.001,0.001,0
1787735432.530,gripper,27.197,37.021,27.197,-9.824,-9.824,0
1787735432.580,shoulder_pan,1.799,2.066,1.799,-0.267,-0.267,0
1787735432.580,shoulder_lift,42.432,42.286,42.432,0.147,0.147,0
1787735432.580,elbow_flex,50.471,51.209,50.471,-0.738,-0.738,0
1787735432.580,wrist_flex,-64.268,-64.220,-64.268,-0.048,-0.048,0
1787735432.580,wrist_roll,-3.146,-3.121,-3.146,-0.025,-0.025,0
1787735432.580,gripper,26.433,37.021,26.433,-10.587,-10.587,0
1787735432.630,shoulder_pan,1.838,2.066,1.838,-0.228,-0.228,0
1787735432.630,shoulder_lift,43.060,42.286,43.060,0.774,0.774,0
1787735432.630,elbow_flex,50.779,51.121,50.779,-0.342,-0.342,0
1787735432.630,wrist_flex,-64.899,-64.220,-64.899,-0.680,-0.680,0
1787735432.630,wrist_roll,-3.120,-3.121,-3.120,0.001,0.001,0
1787735432.630,gripper,26.277,37.021,26.277,-10.743,-10.743,0
1787735432.680,shoulder_pan,1.726,2.066,1.726,-0.340,-0.340,0
1787735432.680,shoulder_lift,43.044,42.549,43.044,0.494,0.494,0
1787735432.680,elbow_flex,50.621,51.033,50.621,-0.411,-0.411,0
1787735432.680,wrist_flex,-65.176,-64.396,-65.176,-0.780,-0.780,0
1787735432.680,wrist_roll,-3.119,-3.121,-3.119,0.002,0.002,0
1787735432.680,gripper,26.151,37.021,26.151,-10.870,-10.870,0
1787735432.730,shoulder_pan,1.733,2.066,1.733,-0.333,-0.333,0
1787735432.730,shoulder_lift,43.726,42.901,43.726,0.825,0.825,0
1787735432.730,elbow_flex,50.205,50.857,50.205,-0.652,-0.652,0
1787735432.730,wrist_flex,-64.843,-64.747,-64.843,-0.096,-0.096,0
1787735432.730,wrist_roll,-3.172,-3.121,-3.172,-0.051,-0.051,0
1787735432.730,gripper,25.570,37.021,25.570,-11.451,-11.451,0
1787735432.780,shoulder_pan,1.736,2.066,1.736,-0.330,-0.330,0
1787735432.780,shoulder_lift,43.974,43.253,43.974,0.722,0.722,0
1787735432.780,elbow_flex,50.123,50.769,50.123,-0.647,-0.647,0
1787735432.780,wrist_flex,-64.791,-64.923,-64.791,0.132,0.132,0
1787735432.780,wrist_roll,-3.194,-3.121,-3.194,-0.073,-0.073,0
1787735432.780,gripper,25.625,37.021,25.625,-11.396,-11.396,0
1787735432.830,shoulder_pan,1.630,2.066,1.630,-0.436,-0.436,0
1787735432.830,shoulder_lift,44.590,43.692,44.590,0.898,0.898,0
1787735432.830,elbow_flex,50.051,50.418,50.051,-0.366,-0.366,0
1787735432.830,wrist_flex,-65.313,-65.011,-65.313,-0.302,-0.302,0
1787735432.830,wrist_roll,-3.201,-3.121,-3.201,-0.080,-0.080,0
1787735432.830,gripper,25.140,37.021,25.140,-11.881,-11.881,0
1787735432.880,shoulder_pan,1.576,2.066,1.576,-0.490,-0.490,0
1787735432.880,shoulder_lift,45.105,43.956,45.105,1.149,1.149,0
1787735432.880,elbow_flex,50.086,50.066,50.086,0.020,0.020,0
1787735432.880,wrist_flex,-65.392,-65.099,-65.392,-0.294,-0.294,0
1787735432.880,wrist_roll,-3.204,-3.121,-3.204,-0.083,-0.083,0
1787735432.880,gripper,24.904,37.021,24.904,-12.117,-12.117,0
1787735432.930,shoulder_pan,1.576,2.066,1.576,-0.490,-0.490,0
1787735432.930,shoulder_lift,45.730,44.308,45.730,1.422,1.422,0
1787735432.930,elbow_flex,50.266,50.066,50.266,0.200,0.200,0
1787735432.930,wrist_flex,-65.707,-65.451,-65.707,-0.257,-0.257,0
1787735432.930,wrist_roll,-3.279,-3.121,-3.279,-0.158,-0.158,0
1787735432.930,gripper,24.827,37.021,24.827,-12.194,-12.194,0
1787735432.980,shoulder_pan,1.637,2.066,1.637,-0.429,-0.429,0
1787735432.980,shoulder_lift,45.722,44.571,45.722,1.151,1.151,0
1787735432.980,elbow_flex,50.093,49.978,50.093,0.114,0.114,0
1787735432.980,wrist_flex,-65.676,-65.802,-65.676,0.126,0.126,0
1787735432.980,wrist_roll,-3.226,-3.121,-3.226,-0.105,-0.105,0
1787735432.980,gripper,24.595,37.021,24.595,-12.426,-12.426,0
1787735433.030,shoulder_pan,1.642,2.066,1.642,-0.424,-0.424,0
1787735433.030,shoulder_lift,45.742,44.835,45.742,0.907,0.907,0
1787735433.030,elbow_flex,49.935,49.978,49.935,-0.043,-0.043,0
1787735433.030,wrist_flex,-65.214,-65.890,-65.214,0.676,0.676,0
1787735433.030,wrist_roll,-3.224,-3.121,-3.224,-0.104,-0.104,0
1787735433.030,gripper,24.334,37.021,24.334,-12.686,-12.686,0
1787735433.080,shoulder_pan,1.599,2.066,1.599,-0.466,-0.466,0
1787735433.080,shoulder_lift,46.111,45.011,46.111,1.100,1.100,0
1787735433.080,elbow_flex,49.825,49.978,49.825,-0.153,-0.153,0
1787735433.080,wrist_flex,-65.438,-65.890,-65.438,0.452,0.452,0
1787735433.080,wrist_roll,-3.257,-3.121,-3.257,-0.137,-0.137,0
1787735433.080,gripper,24.347,37.021,24.347,-12.674,-12.674,0
1787735433.131,shoulder_pan,1.722,2.066,1.722,-0.344,-0.344,0
1787735433.131,shoulder_lift,46.791,45.187,46.791,1.604,1.604,0
1787735433.131,elbow_flex,49.556,49.802,49.556,-0.246,-0.246,0
1787735433.131,wrist_flex,-64.862,-65.890,-64.862,1.028,1.028,0
1787735433.131,wrist_roll,-3.312,-3.121,-3.312,-0.192,-0.192,0
1787735433.131,gripper,24.037,37.021,24.037,-12.984,-12.984,0
1787735433.181,shoulder_pan,1.725,2.066,1.725,-0.341,-0.341,0
1787735433.181,shoulder_lift,46.929,45.451,46.929,1.478,1.478,0
1787735433.181,elbow_flex,49.827,49.538,49.827,0.289,0.289,0
1787735433.181,wrist_flex,-64.997,-65.978,-64.997,0.981,0.981,0
1787735433.181,wrist_roll,-3.280,-3.121,-3.280,-0.159,-0.159,0
1787735433.181,gripper,24.011,37.021,24.011,-13.010,-13.010,0
1787735433.231,shoulder_pan,1.676,2.066,1.676,-0.389,-0.389,0
1787735433.231,shoulder_lift,47.407,45.626,47.407,1.780,1.780,0
1787735433.231,elbow_flex,49.499,49.451,49.499,0.049,0.049,0
1787735433.231,wrist_flex,-65.340,-65.978,-65.340,0.638,0.638,0
1787735433.231,wrist_roll,-3.281,-3.121,-3.281,-0.160,-0.160,0
1787735433.231,gripper,23.893,37.021,23.893,-13.128,-13.128,0
1787735433.281,shoulder_pan,1.715,2.066,1.715,-0.351,-0.351,0
1787735433.281,shoulder_lift,47.546,45.978,47.546,1.568,1.568,0
1787735433.281,elbow_flex,49.329,49.451,49.329,-0.121,-0.121,0
1787735433.281,wrist_flex,-64.929,-65.978,-64.929,1.049,1.049,0
1787735433.281,wrist_roll,-3.297,-3.121,-3.297,-0.176,-0.176,0
1787735433.281,gripper,23.800,37.021,23.800,-13.221,-13.221,0
1787735433.331,shoulder_pan,2.555,2.066,2.555,0.489,0.489,0
1787735433.331,shoulder_lift,47.613,46.154,47.613,1.459,1.459,0
1787735433.331,elbow_flex,49.155,49.275,49.155,-0.120,-0.120,0
1787735433.331,wrist_flex,-66.028,-65.978,-66.028,-0.050,-0.050,0
1787735433.331,wrist_roll,-3.307,-3.121,-3.307,-0.186,-0.186,0
1787735433.331,gripper,24.003,37.021,24.003,-13.018,-13.018,0
1787735433.381,shoulder_pan,3.749,2.066,3.749,1.683,1.683,0
1787735433.381,shoulder_lift,47.594,46.242,47.594,1.352,1.352,0
1787735433.381,elbow_flex,48.487,49.011,48.487,-0.524,-0.524,0
1787735433.381,wrist_flex,-67.508,-66.066,-67.508,-1.442,-1.442,0
1787735433.381,wrist_roll,-3.264,-3.121,-3.264,-0.143,-0.143,0
1787735433.381,gripper,24.353,37.021,24.353,-12.668,-12.668,0
1787735433.432,shoulder_pan,3.812,2.242,3.812,1.570,1.570,0
1787735433.432,shoulder_lift,47.964,46.593,47.964,1.370,1.370,0
1787735433.432,elbow_flex,48.187,48.747,48.187,-0.560,-0.560,0
1787735433.432,wrist_flex,-68.043,-66.593,-68.043,-1.450,-1.450,0
1787735433.432,wrist_roll,-3.245,-3.121,-3.245,-0.124,-0.124,0
1787735433.432,gripper,24.018,37.021,24.018,-13.002,-13.002,0
1787735433.482,shoulder_pan,3.807,2.593,3.807,1.214,1.214,0
1787735433.482,shoulder_lift,47.874,47.297,47.874,0.578,0.578,0
1787735433.482,elbow_flex,47.957,48.396,47.957,-0.438,-0.438,0
1787735433.482,wrist_flex,-68.020,-67.297,-68.020,-0.724,-0.724,0
1787735433.482,wrist_roll,-3.250,-3.121,-3.250,-0.129,-0.129,0
1787735433.482,gripper,23.911,37.021,23.911,-13.110,-13.110,0
1787735433.531,shoulder_pan,3.763,2.769,3.763,0.994,0.994,0
1787735433.531,shoulder_lift,48.727,47.473,48.727,1.255,1.255,0
1787735433.531,elbow_flex,47.815,48.132,47.815,-0.317,-0.317,0
1787735433.531,wrist_flex,-68.786,-67.736,-68.786,-1.049,-1.049,0
1787735433.531,wrist_roll,-3.244,-3.121,-3.244,-0.123,-0.123,0
1787735433.531,gripper,23.641,37.021,23.641,-13.380,-13.380,0
1787735433.582,shoulder_pan,3.868,2.769,3.868,1.098,1.098,0
1787735433.582,shoulder_lift,48.135,47.736,48.135,0.399,0.399,0
1787735433.582,elbow_flex,47.558,47.956,47.558,-0.398,-0.398,0
1787735433.582,wrist_flex,-68.486,-68.176,-68.486,-0.310,-0.310,0
1787735433.582,wrist_roll,-3.235,-3.121,-3.235,-0.114,-0.114,0
1787735433.582,gripper,23.739,37.021,23.739,-13.282,-13.282,0
1787735433.631,shoulder_pan,3.875,2.857,3.875,1.018,1.018,0
1787735433.631,shoulder_lift,47.739,47.912,47.739,-0.173,-0.173,0
1787735433.631,elbow_flex,47.301,47.780,47.301,-0.479,-0.479,0
1787735433.631,wrist_flex,-68.830,-68.352,-68.830,-0.478,-0.478,0
1787735433.631,wrist_roll,-3.239,-3.121,-3.239,-0.118,-0.118,0
1787735433.631,gripper,23.534,37.021,23.534,-13.487,-13.487,0
1787735433.682,shoulder_pan,3.830,2.945,3.830,0.885,0.885,0
1787735433.682,shoulder_lift,48.004,48.000,48.004,0.004,0.004,0
1787735433.682,elbow_flex,47.167,47.604,47.167,-0.437,-0.437,0
1787735433.682,wrist_flex,-68.815,-68.440,-68.815,-0.375,-0.375,0
1787735433.682,wrist_roll,-3.254,-3.121,-3.254,-0.133,-0.133,0
1787735433.682,gripper,23.581,37.021,23.581,-13.439,-13.439,0
1787735433.732,shoulder_pan,3.912,2.945,3.912,0.967,0.967,0
1787735433.732,shoulder_lift,47.620,48.176,47.620,-0.556,-0.556,0
1787735433.732,elbow_flex,47.064,47.429,47.064,-0.365,-0.365,0
1787735433.732,wrist_flex,-68.744,-68.703,-68.744,-0.041,-0.041,0
1787735433.732,wrist_roll,-3.233,-3.121,-3.233,-0.112,-0.112,0
1787735433.732,gripper,23.466,37.021,23.466,-13.555,-13.555,0
1787735433.781,shoulder_pan,3.945,2.945,3.945,1.000,1.000,0
1787735433.781,shoulder_lift,47.766,48.264,47.766,-0.498,-0.498,0
1787735433.781,elbow_flex,47.118,47.253,47.118,-0.135,-0.135,0
1787735433.781,wrist_flex,-68.522,-68.791,-68.522,0.269,0.269,0
1787735433.781,wrist_roll,-3.242,-3.121,-3.242,-0.121,-0.121,0
1787735433.781,gripper,23.547,37.021,23.547,-13.474,-13.474,0
1787735433.832,shoulder_pan,3.918,2.945,3.918,0.973,0.973,0
1787735433.832,shoulder_lift,47.789,48.264,47.789,-0.475,-0.475,0
1787735433.832,elbow_flex,47.057,47.253,47.057,-0.196,-0.196,0
1787735433.832,wrist_flex,-68.567,-68.791,-68.567,0.224,0.224,0
1787735433.832,wrist_roll,-3.242,-3.121,-3.242,-0.121,-0.121,0
1787735433.832,gripper,23.448,37.021,23.448,-13.573,-13.573,0
1787735433.882,shoulder_pan,3.994,2.945,3.994,1.049,1.049,0
1787735433.882,shoulder_lift,47.535,48.264,47.535,-0.729,-0.729,0
1787735433.882,elbow_flex,46.857,47.253,46.857,-0.396,-0.396,0
1787735433.882,wrist_flex,-68.497,-68.791,-68.497,0.294,0.294,0
1787735433.882,wrist_roll,-3.238,-3.121,-3.238,-0.117,-0.117,0
1787735433.882,gripper,23.356,37.021,23.356,-13.665,-13.665,0
1787735433.932,shoulder_pan,3.944,2.945,3.944,0.999,0.999,0
1787735433.932,shoulder_lift,47.236,48.264,47.236,-1.027,-1.027,0
1787735433.932,elbow_flex,46.861,47.253,46.861,-0.391,-0.391,0
1787735433.932,wrist_flex,-68.774,-68.791,-68.774,0.017,0.017,0
1787735433.932,wrist_roll,-3.275,-3.121,-3.275,-0.154,-0.154,0
1787735433.932,gripper,23.156,37.021,23.156,-13.865,-13.865,0
1787735433.982,shoulder_pan,4.040,2.945,4.040,1.095,1.095,0
1787735433.982,shoulder_lift,47.147,48.264,47.147,-1.117,-1.117,0
1787735433.982,elbow_flex,46.784,47.253,46.784,-0.469,-0.469,0
1787735433.982,wrist_flex,-68.892,-68.791,-68.892,-0.100,-0.100,0
1787735433.982,wrist_roll,-3.252,-3.121,-3.252,-0.131,-0.131,0
1787735433.982,gripper,23.118,37.021,23.118,-13.903,-13.903,0
1787735434.032,shoulder_pan,4.097,2.945,4.097,1.152,1.152,0
1787735434.032,shoulder_lift,47.045,48.264,47.045,-1.219,-1.219,0
1787735434.032,elbow_flex,46.617,47.253,46.617,-0.636,-0.636,0
1787735434.032,wrist_flex,-68.832,-68.791,-68.832,-0.041,-0.041,0
1787735434.032,wrist_roll,-3.252,-3.121,-3.252,-0.131,-0.131,0
1787735434.032,gripper,23.318,37.021,23.318,-13.703,-13.703,0
1787735434.083,shoulder_pan,4.001,3.033,4.001,0.968,0.968,0
1787735434.083,shoulder_lift,47.073,48.264,47.073,-1.191,-1.191,0
1787735434.083,elbow_flex,46.404,46.989,46.404,-0.585,-0.585,0
1787735434.083,wrist_flex,-69.553,-68.791,-69.553,-0.762,-0.762,0
1787735434.083,wrist_roll,-3.271,-3.121,-3.271,-0.150,-0.150,0
1787735434.083,gripper,23.243,37.021,23.243,-13.778,-13.778,0
1787735434.132,shoulder_pan,4.003,3.033,4.003,0.971,0.971,0
1787735434.132,shoulder_lift,46.782,48.264,46.782,-1.482,-1.482,0
1787735434.132,elbow_flex,46.168,46.813,46.168,-0.646,-0.646,0
1787735434.132,wrist_flex,-69.444,-68.967,-69.444,-0.477,-0.477,0
1787735434.132,wrist_roll,-3.277,-3.121,-3.277,-0.156,-0.156,0
1787735434.132,gripper,23.233,37.021,23.233,-13.788,-13.788,0
1787735434.182,shoulder_pan,4.087,3.121,4.087,0.966,0.966,0
1787735434.182,shoulder_lift,47.192,48.352,47.192,-1.160,-1.160,0
1787735434.182,elbow_flex,46.226,46.549,46.226,-0.323,-0.323,0
1787735434.182,wrist_flex,-69.385,-69.143,-69.385,-0.242,-0.242,0
1787735434.182,wrist_roll,-3.288,-3.121,-3.288,-0.167,-0.167,0
1787735434.182,gripper,23.166,37.021,23.166,-13.855,-13.855,0
1787735434.232,shoulder_pan,4.105,3.209,4.105,0.896,0.896,0
1787735434.232,shoulder_lift,46.970,48.352,46.970,-1.381,-1.381,0
1787735434.232,elbow_flex,46.020,46.374,46.020,-0.354,-0.354,0
1787735434.232,wrist_flex,-69.440,-69.319,-69.440,-0.122,-0.122,0
1787735434.232,wrist_roll,-3.298,-3.121,-3.298,-0.177,-0.177,0
1787735434.232,gripper,23.115,37.021,23.115,-13.906,-13.906,0
1787735434.283,shoulder_pan,4.105,3.209,4.105,0.896,0.896,0
1787735434.283,shoulder_lift,47.041,48.352,47.041,-1.311,-1.311,0
1787735434.283,elbow_flex,46.023,46.374,46.023,-0.350,-0.350,0
1787735434.283,wrist_flex,-69.380,-69.319,-69.380,-0.061,-0.061,0
1787735434.283,wrist_roll,-3.310,-3.121,-3.310,-0.189,-0.189,0
1787735434.283,gripper,23.036,37.021,23.036,-13.985,-13.985,0
1787735434.333,shoulder_pan,3.695,3.209,3.695,0.487,0.487,0
1787735434.333,shoulder_lift,44.677,48.352,44.677,-3.675,-3.675,0
1787735434.333,elbow_flex,45.947,46.374,45.947,-0.427,-0.427,0
1787735434.333,wrist_flex,-72.902,-69.319,-72.902,-3.583,-3.583,0
1787735434.333,wrist_roll,-3.355,-3.121,-3.355,-0.234,-0.234,0
1787735434.333,gripper,23.105,37.021,23.105,-13.916,-13.916,0
1787735434.383,shoulder_pan,3.099,3.209,3.099,-0.110,-0.110,0
1787735434.383,shoulder_lift,42.411,48.088,42.411,-5.677,-5.677,0
1787735434.383,elbow_flex,46.558,46.374,46.558,0.185,0.185,0
1787735434.383,wrist_flex,-76.431,-69.582,-76.431,-6.849,-6.849,0
1787735434.383,wrist_roll,-3.456,-3.121,-3.456,-0.335,-0.335,0
1787735434.383,gripper,23.135,37.021,23.135,-13.886,-13.886,0
1787735434.433,shoulder_pan,3.008,3.209,3.008,-0.201,-0.201,0
1787735434.433,shoulder_lift,41.055,47.209,41.055,-6.154,-6.154,0
1787735434.433,elbow_flex,46.653,46.901,46.653,-0.248,-0.248,0
1787735434.433,wrist_flex,-77.626,-71.077,-77.626,-6.549,-6.549,0
1787735434.433,wrist_roll,-3.422,-3.033,-3.422,-0.389,-0.389,0
1787735434.433,gripper,22.653,37.021,22.653,-14.368,-14.368,0
1787735434.484,shoulder_pan,2.974,3.297,2.974,-0.323,-0.323,0
1787735434.484,shoulder_lift,39.707,46.593,39.707,-6.886,-6.886,0
1787735434.484,elbow_flex,46.887,47.516,46.887,-0.630,-0.630,0
1787735434.484,wrist_flex,-77.752,-73.275,-77.752,-4.478,-4.478,0
1787735434.484,wrist_roll,-3.411,-3.033,-3.411,-0.378,-0.378,0
1787735434.484,gripper,22.723,37.021,22.723,-14.298,-14.298,0
1787735434.534,shoulder_pan,2.864,3.385,2.864,-0.520,-0.520,0
1787735434.534,shoulder_lift,38.307,46.154,38.307,-7.847,-7.847,0
1787735434.534,elbow_flex,46.986,47.429,46.986,-0.443,-0.443,0
1787735434.534,wrist_flex,-78.134,-74.681,-78.134,-3.453,-3.453,0
1787735434.534,wrist_roll,-3.404,-3.033,-3.404,-0.371,-0.371,0
1787735434.534,gripper,22.669,37.021,22.669,-14.352,-14.352,0
1787735434.583,shoulder_pan,2.776,3.385,2.776,-0.609,-0.609,0
1787735434.583,shoulder_lift,37.169,45.011,37.169,-7.842,-7.842,0
1787735434.583,elbow_flex,47.020,47.429,47.020,-0.409,-0.409,0
1787735434.583,wrist_flex,-78.131,-75.648,-78.131,-2.483,-2.483,0
1787735434.583,wrist_roll,-3.423,-3.033,-3.423,-0.390,-0.390,0
1787735434.583,gripper,22.514,37.021,22.514,-14.507,-14.507,0
1787735434.634,shoulder_pan,2.684,3.385,2.684,-0.700,-0.700,0
1787735434.634,shoulder_lift,36.433,43.692,36.433,-7.259,-7.259,0
1787735434.634,elbow_flex,47.149,47.429,47.149,-0.280,-0.280,0
1787735434.634,wrist_flex,-78.508,-76.176,-78.508,-2.332,-2.332,0
1787735434.634,wrist_roll,-3.380,-3.033,-3.380,-0.347,-0.347,0
1787735434.634,gripper,22.812,37.021,22.812,-14.209,-14.209,0
1787735434.683,shoulder_pan,2.708,3.385,2.708,-0.677,-0.677,0
1787735434.683,shoulder_lift,35.481,42.462,35.481,-6.980,-6.980,0
1787735434.683,elbow_flex,47.375,47.429,47.375,-0.054,-0.054,0
1787735434.683,wrist_flex,-78.878,-76.615,-78.878,-2.263,-2.263,0
1787735434.683,wrist_roll,-3.354,-3.033,-3.354,-0.321,-0.321,0
1787735434.683,gripper,23.045,37.021,23.045,-13.976,-13.976,0
1787735434.733,shoulder_pan,2.776,3.297,2.776,-0.520,-0.520,0
1787735434.733,shoulder_lift,35.792,41.407,35.792,-5.615,-5.615,0
1787735434.733,elbow_flex,47.366,47.429,47.366,-0.062,-0.062,0
1787735434.733,wrist_flex,-79.392,-76.967,-79.392,-2.425,-2.425,0
1787735434.733,wrist_roll,-3.353,-3.033,-3.353,-0.320,-0.320,0
1787735434.733,gripper,23.184,37.021,23.184,-13.837,-13.837,0
1787735434.783,shoulder_pan,2.796,3.121,2.796,-0.325,-0.325,0
1787735434.783,shoulder_lift,35.662,40.703,35.662,-5.042,-5.042,0
1787735434.783,elbow_flex,47.136,47.516,47.136,-0.380,-0.380,0
1787735434.783,wrist_flex,-79.546,-77.407,-79.546,-2.139,-2.139,0
1787735434.783,wrist_roll,-3.332,-3.033,-3.332,-0.299,-0.299,0
1787735434.783,gripper,23.216,37.021,23.216,-13.805,-13.805,0
1787735434.834,shoulder_pan,2.673,2.945,2.673,-0.272,-0.272,0
1787735434.834,shoulder_lift,35.034,40.440,35.034,-5.405,-5.405,0
1787735434.834,elbow_flex,47.005,47.516,47.005,-0.511,-0.511,0
1787735434.834,wrist_flex,-80.036,-77.758,-80.036,-2.278,-2.278,0
1787735434.834,wrist_roll,-3.329,-2.945,-3.329,-0.384,-0.384,0
1787735434.834,gripper,23.293,37.021,23.293,-13.728,-13.728,0
1787735434.884,shoulder_pan,2.629,2.945,2.629,-0.316,-0.316,0
1787735434.884,shoulder_lift,35.645,40.264,35.645,-4.619,-4.619,0
1787735434.884,elbow_flex,46.966,47.429,46.966,-0.463,-0.463,0
1787735434.884,wrist_flex,-80.079,-78.110,-80.079,-1.969,-1.969,0
1787735434.884,wrist_roll,-3.303,-2.945,-3.303,-0.358,-0.358,0
1787735434.884,gripper,23.216,37.021,23.216,-13.805,-13.805,0
1787735434.933,shoulder_pan,2.644,3.033,2.644,-0.389,-0.389,0
1787735434.933,shoulder_lift,35.521,40.264,35.521,-4.742,-4.742,0
1787735434.933,elbow_flex,46.241,47.516,46.241,-1.275,-1.275,0
1787735434.933,wrist_flex,-80.315,-78.374,-80.315,-1.941,-1.941,0
1787735434.933,wrist_roll,-3.292,-2.945,-3.292,-0.347,-0.347,0
1787735434.933,gripper,22.963,37.021,22.963,-14.058,-14.058,0
1787735434.983,shoulder_pan,2.674,3.033,2.674,-0.359,-0.359,0
1787735434.983,shoulder_lift,35.707,40.352,35.707,-4.644,-4.644,0
1787735434.983,elbow_flex,46.174,47.516,46.174,-1.343,-1.343,0
1787735434.983,wrist_flex,-80.588,-78.549,-80.588,-2.039,-2.039,0
1787735434.983,wrist_roll,-3.280,-2.945,-3.280,-0.335,-0.335,0
1787735434.983,gripper,22.792,37.021,22.792,-14.229,-14.229,0
1787735435.034,shoulder_pan,2.646,3.033,2.646,-0.387,-0.387,0
1787735435.034,shoulder_lift,36.207,40.264,36.207,-4.057,-4.057,0
1787735435.034,elbow_flex,45.782,47.429,45.782,-1.647,-1.647,0
1787735435.034,wrist_flex,-80.909,-78.813,-80.909,-2.096,-2.096,0
1787735435.034,wrist_roll,-3.279,-2.945,-3.279,-0.334,-0.334,0
1787735435.034,gripper,22.814,37.021,22.814,-14.207,-14.207,0
1787735435.084,shoulder_pan,2.778,3.033,2.778,-0.255,-0.255,0
1787735435.084,shoulder_lift,36.521,40.264,36.521,-3.743,-3.743,0
1787735435.084,elbow_flex,44.935,47.429,44.935,-2.494,-2.494,0
1787735435.084,wrist_flex,-81.386,-79.165,-81.386,-2.221,-2.221,0
1787735435.084,wrist_roll,-3.302,-2.945,-3.302,-0.357,-0.357,0
1787735435.084,gripper,23.006,37.021,23.006,-14.015,-14.015,0
1787735435.134,shoulder_pan,2.774,3.033,2.774,-0.259,-0.259,0
1787735435.134,shoulder_lift,36.820,40.264,36.820,-3.444,-3.444,0
1787735435.134,elbow_flex,44.178,47.429,44.178,-3.250,-3.250,0
1787735435.134,wrist_flex,-81.212,-79.516,-81.212,-1.695,-1.695,0
1787735435.134,wrist_roll,-3.305,-2.945,-3.305,-0.360,-0.360,0
1787735435.134,gripper,22.705,37.021,22.705,-14.316,-14.316,0
1787735435.184,shoulder_pan,2.800,3.033,2.800,-0.233,-0.233,0
1787735435.184,shoulder_lift,37.230,40.264,37.230,-3.034,-3.034,0
1787735435.184,elbow_flex,43.181,46.813,43.181,-3.633,-3.633,0
1787735435.184,wrist_flex,-80.895,-79.692,-80.895,-1.203,-1.203,0
1787735435.184,wrist_roll,-3.342,-2.945,-3.342,-0.397,-0.397,0
1787735435.184,gripper,22.571,37.021,22.571,-14.450,-14.450,0
1787735435.234,shoulder_pan,2.745,3.033,2.745,-0.288,-0.288,0
1787735435.234,shoulder_lift,37.808,40.264,37.808,-2.456,-2.456,0
1787735435.234,elbow_flex,42.420,46.110,42.420,-3.690,-3.690,0
1787735435.234,wrist_flex,-80.892,-79.692,-80.892,-1.200,-1.200,0
1787735435.234,wrist_roll,-3.331,-2.945,-3.331,-0.386,-0.386,0
1787735435.234,gripper,22.299,37.021,22.299,-14.722,-14.722,0
1787735435.285,shoulder_pan,3.137,3.033,3.137,0.104,0.104,0
1787735435.285,shoulder_lift,38.489,40.264,38.489,-1.775,-1.775,0
1787735435.285,elbow_flex,43.111,45.319,43.111,-2.208,-2.208,0
1787735435.285,wrist_flex,-81.564,-79.692,-81.564,-1.872,-1.872,0
1787735435.285,wrist_roll,-3.309,-2.945,-3.309,-0.364,-0.364,0
1787735435.285,gripper,23.631,37.021,23.631,-13.390,-13.390,0
1787735435.334,shoulder_pan,3.472,3.033,3.472,0.439,0.439,0
1787735435.334,shoulder_lift,39.313,40.264,39.313,-0.950,-0.950,0
1787735435.334,elbow_flex,44.755,44.879,44.755,-0.124,-0.124,0
1787735435.334,wrist_flex,-82.578,-79.692,-82.578,-2.885,-2.885,0
1787735435.334,wrist_roll,-3.231,-2.945,-3.231,-0.286,-0.286,0
1787735435.334,gripper,24.337,37.021,24.337,-12.684,-12.684,0
1787735435.384,shoulder_pan,3.564,3.033,3.564,0.531,0.531,0
1787735435.384,shoulder_lift,39.012,40.352,39.012,-1.340,-1.340,0
1787735435.384,elbow_flex,44.697,44.967,44.697,-0.270,-0.270,0
1787735435.384,wrist_flex,-82.698,-80.220,-82.698,-2.479,-2.479,0
1787735435.384,wrist_roll,-3.227,-2.945,-3.227,-0.282,-0.282,0
1787735435.384,gripper,24.361,37.021,24.361,-12.660,-12.660,0
1787735435.434,shoulder_pan,3.621,3.033,3.621,0.588,0.588,0
1787735435.434,shoulder_lift,39.291,40.352,39.291,-1.060,-1.060,0
1787735435.434,elbow_flex,44.838,45.143,44.838,-0.304,-0.304,0
1787735435.434,wrist_flex,-83.594,-80.747,-83.594,-2.847,-2.847,0
1787735435.434,wrist_roll,-3.227,-2.945,-3.227,-0.282,-0.282,0
1787735435.434,gripper,24.232,37.021,24.232,-12.789,-12.789,0
1787735435.484,shoulder_pan,3.594,3.033,3.594,0.561,0.561,0
1787735435.484,shoulder_lift,39.469,40.352,39.469,-0.883,-0.883,0
1787735435.484,elbow_flex,44.824,45.143,44.824,-0.319,-0.319,0
1787735435.484,wrist_flex,-83.589,-81.187,-83.589,-2.402,-2.402,0
1787735435.484,wrist_roll,-3.222,-2.945,-3.222,-0.277,-0.277,0
1787735435.484,gripper,23.996,37.021,23.996,-13.024,-13.024,0
1787735435.535,shoulder_pan,3.563,3.033,3.563,0.530,0.530,0
1787735435.535,shoulder_lift,39.571,40.352,39.571,-0.780,-0.780,0
1787735435.535,elbow_flex,44.728,45.143,44.728,-0.415,-0.415,0
1787735435.535,wrist_flex,-84.046,-81.626,-84.046,-2.419,-2.419,0
1787735435.535,wrist_roll,-3.215,-2.945,-3.215,-0.270,-0.270,0
1787735435.535,gripper,23.687,37.021,23.687,-13.334,-13.334,0
1787735435.585,shoulder_pan,3.683,3.033,3.683,0.650,0.650,0
1787735435.585,shoulder_lift,39.549,40.352,39.549,-0.803,-0.803,0
1787735435.585,elbow_flex,44.788,45.143,44.788,-0.355,-0.355,0
1787735435.585,wrist_flex,-84.154,-81.978,-84.154,-2.176,-2.176,0
1787735435.585,wrist_roll,-3.233,-2.945,-3.233,-0.288,-0.288,0
1787735435.585,gripper,23.574,37.021,23.574,-13.447,-13.447,0
1787735435.635,shoulder_pan,3.643,3.033,3.643,0.610,0.610,0
1787735435.635,shoulder_lift,39.832,40.352,39.832,-0.520,-0.520,0
1787735435.635,elbow_flex,44.763,45.143,44.763,-0.380,-0.380,0
1787735435.635,wrist_flex,-84.562,-82.242,-84.562,-2.320,-2.320,0
1787735435.635,wrist_roll,-3.225,-2.945,-3.225,-0.280,-0.280,0
1787735435.635,gripper,23.563,37.021,23.563,-13.458,-13.458,0
1787735435.684,shoulder_pan,3.695,3.033,3.695,0.662,0.662,0
1787735435.684,shoulder_lift,39.774,40.352,39.774,-0.578,-0.578,0
1787735435.684,elbow_flex,44.567,45.143,44.567,-0.576,-0.576,0
1787735435.684,wrist_flex,-84.409,-82.418,-84.409,-1.991,-1.991,0
1787735435.684,wrist_roll,-3.211,-2.945,-3.211,-0.266,-0.266,0
1787735435.684,gripper,23.787,37.021,23.787,-13.234,-13.234,0
1787735435.736,shoulder_pan,3.714,3.033,3.714,0.681,0.681,0
1787735435.736,shoulder_lift,39.966,40.352,39.966,-0.386,-0.386,0
1787735435.736,elbow_flex,44.602,45.143,44.602,-0.541,-0.541,0
1787735435.736,wrist_flex,-84.038,-82.505,-84.038,-1.533,-1.533,0
1787735435.736,wrist_roll,-3.209,-2.945,-3.209,-0.264,-0.264,0
1787735435.736,gripper,23.465,37.021,23.465,-13.556,-13.556,0
1787735435.785,shoulder_pan,3.678,3.033,3.678,0.645,0.645,0
1787735435.785,shoulder_lift,40.345,40.352,40.345,-0.007,-0.007,0
1787735435.785,elbow_flex,44.621,45.143,44.621,-0.522,-0.522,0
1787735435.785,wrist_flex,-84.223,-82.505,-84.223,-1.718,-1.718,0
1787735435.785,wrist_roll,-3.207,-2.945,-3.207,-0.262,-0.262,0
1787735435.785,gripper,23.542,37.021,23.542,-13.479,-13.479,0
1787735435.836,shoulder_pan,3.630,3.033,3.630,0.597,0.597,0
1787735435.836,shoulder_lift,40.846,40.615,40.846,0.231,0.231,0
1787735435.836,elbow_flex,44.722,45.143,44.722,-0.420,-0.420,0
1787735435.836,wrist_flex,-84.750,-82.593,-84.750,-2.157,-2.157,0
1787735435.836,wrist_roll,-3.214,-2.945,-3.214,-0.269,-0.269,0
1787735435.836,gripper,23.064,37.021,23.064,-13.957,-13.957,0
1787735435.885,shoulder_pan,3.594,3.033,3.594,0.561,0.561,0
1787735435.885,shoulder_lift,40.225,41.055,40.225,-0.830,-0.830,0
1787735435.885,elbow_flex,44.535,45.143,44.535,-0.608,-0.608,0
1787735435.885,wrist_flex,-84.714,-82.593,-84.714,-2.120,-2.120,0
1787735435.885,wrist_roll,-3.201,-2.945,-3.201,-0.256,-0.256,0
1787735435.885,gripper,23.117,37.021,23.117,-13.904,-13.904,0
1787735435.934,shoulder_pan,3.593,3.033,3.593,0.560,0.560,0
1787735435.934,shoulder_lift,40.598,41.319,40.598,-0.721,-0.721,0
1787735435.934,elbow_flex,44.535,45.143,44.535,-0.608,-0.608,0
1787735435.934,wrist_flex,-85.558,-82.593,-85.558,-2.965,-2.965,0
1787735435.934,wrist_roll,-3.199,-2.945,-3.199,-0.254,-0.254,0
1787735435.934,gripper,22.939,37.021,22.939,-14.082,-14.082,0
1787735435.984,shoulder_pan,3.659,3.121,3.659,0.538,0.538,0
1787735435.984,shoulder_lift,40.881,41.319,40.881,-0.438,-0.438,0
1787735435.984,elbow_flex,44.333,45.143,44.333,-0.810,-0.810,0
1787735435.984,wrist_flex,-85.591,-82.857,-85.591,-2.734,-2.734,0
1787735435.984,wrist_roll,-3.189,-2.945,-3.189,-0.244,-0.244,0
1787735435.984,gripper,22.762,37.021,22.762,-14.258,-14.258,0
1787735436.036,shoulder_pan,3.601,3.121,3.601,0.480,0.480,0
1787735436.036,shoulder_lift,40.626,41.319,40.626,-0.693,-0.693,0
1787735436.036,elbow_flex,44.583,45.143,44.583,-0.560,-0.560,0
1787735436.036,wrist_flex,-85.533,-83.385,-85.533,-2.148,-2.148,0
1787735436.036,wrist_roll,-3.186,-2.945,-3.186,-0.241,-0.241,0
1787735436.036,gripper,23.218,37.021,23.218,-13.803,-13.803,0
1787735436.086,shoulder_pan,3.656,3.121,3.656,0.536,0.536,0
1787735436.086,shoulder_lift,41.062,41.319,41.062,-0.257,-0.257,0
1787735436.086,elbow_flex,44.278,45.143,44.278,-0.865,-0.865,0
1787735436.086,wrist_flex,-85.711,-83.560,-85.711,-2.150,-2.150,0
1787735436.086,wrist_roll,-3.178,-3.033,-3.178,-0.145,-0.145,0
1787735436.086,gripper,23.460,37.021,23.460,-13.561,-13.561,0
1787735436.135,shoulder_pan,3.676,3.121,3.676,0.555,0.555,0
1787735436.135,shoulder_lift,40.608,41.319,40.608,-0.711,-0.711,0
1787735436.135,elbow_flex,44.362,45.143,44.362,-0.781,-0.781,0
1787735436.135,wrist_flex,-85.538,-83.648,-85.538,-1.890,-1.890,0
1787735436.135,wrist_roll,-3.166,-3.033,-3.166,-0.133,-0.133,0
1787735436.135,gripper,23.093,37.021,23.093,-13.928,-13.928,0
1787735436.186,shoulder_pan,3.726,3.121,3.726,0.605,0.605,0
1787735436.186,shoulder_lift,41.369,41.407,41.369,-0.037,-0.037,0
1787735436.186,elbow_flex,44.264,45.143,44.264,-0.879,-0.879,0
1787735436.186,wrist_flex,-85.755,-83.736,-85.755,-2.019,-2.019,0
1787735436.186,wrist_roll,-3.162,-3.033,-3.162,-0.130,-0.130,0
1787735436.186,gripper,23.115,37.021,23.115,-13.906,-13.906,0
1787735436.236,shoulder_pan,4.225,3.121,4.225,1.104,1.104,0
1787735436.236,shoulder_lift,39.896,41.582,39.896,-1.686,-1.686,0
1787735436.236,elbow_flex,41.251,45.055,41.251,-3.804,-3.804,0
1787735436.236,wrist_flex,-85.078,-83.736,-85.078,-1.341,-1.341,0
1787735436.236,wrist_roll,-3.003,-3.033,-3.003,0.030,0.030,0
1787735436.236,gripper,23.597,37.021,23.597,-13.424,-13.424,0
1787735436.286,shoulder_pan,6.241,3.121,6.241,3.120,3.120,0
1787735436.286,shoulder_lift,38.621,41.846,38.621,-3.225,-3.225,0
1787735436.286,elbow_flex,33.406,45.055,33.406,-11.649,-11.649,0
1787735436.286,wrist_flex,-82.088,-83.736,-82.088,1.649,1.649,0
1787735436.286,wrist_roll,-2.547,-3.033,-2.547,0.486,0.486,0
1787735436.286,gripper,25.038,37.021,25.038,-11.983,-11.983,0
1787735436.335,shoulder_pan,7.167,3.560,7.167,3.606,3.606,0
1787735436.335,shoulder_lift,39.187,41.846,39.187,-2.659,-2.659,0
1787735436.335,elbow_flex,31.258,43.736,31.258,-12.478,-12.478,0
1787735436.335,wrist_flex,-81.310,-83.648,-81.310,2.339,2.339,0
1787735436.335,wrist_roll,-2.356,-2.945,-2.356,0.589,0.589,0
1787735436.335,gripper,25.390,37.021,25.390,-11.631,-11.631,0
1787735436.386,shoulder_pan,7.424,4.791,7.424,2.632,2.632,0
1787735436.386,shoulder_lift,39.876,41.846,39.876,-1.971,-1.971,0
1787735436.386,elbow_flex,29.897,40.132,29.897,-10.235,-10.235,0
1787735436.386,wrist_flex,-80.720,-82.681,-80.720,1.961,1.961,0
1787735436.386,wrist_roll,-2.288,-2.681,-2.288,0.393,0.393,0
1787735436.386,gripper,25.769,37.021,25.769,-11.252,-11.252,0
1787735436.437,shoulder_pan,7.946,6.022,7.946,1.924,1.924,0
1787735436.437,shoulder_lift,40.255,41.846,40.255,-1.591,-1.591,0
1787735436.437,elbow_flex,28.904,36.703,28.904,-7.799,-7.799,0
1787735436.437,wrist_flex,-80.806,-81.890,-80.806,1.084,1.084,0
1787735436.437,wrist_roll,-2.133,-2.418,-2.133,0.285,0.285,0
1787735436.437,gripper,26.077,37.021,26.077,-10.944,-10.944,0
1787735436.487,shoulder_pan,7.820,6.725,7.820,1.095,1.095,0
1787735436.487,shoulder_lift,41.339,41.846,41.339,-0.507,-0.507,0
1787735436.487,elbow_flex,28.306,34.154,28.306,-5.847,-5.847,0
1787735436.487,wrist_flex,-80.862,-81.363,-80.862,0.501,0.501,0
1787735436.487,wrist_roll,-2.012,-2.418,-2.012,0.406,0.406,0
1787735436.487,gripper,26.451,37.021,26.451,-10.570,-10.570,0
1787735436.537,shoulder_pan,8.145,6.989,8.145,1.156,1.156,0
1787735436.537,shoulder_lift,41.921,41.846,41.921,0.075,0.075,0
1787735436.537,elbow_flex,27.738,32.484,27.738,-4.746,-4.746,0
1787735436.537,wrist_flex,-80.461,-81.099,-80.461,0.638,0.638,0
1787735436.537,wrist_roll,-1.817,-2.418,-1.817,0.600,0.600,0
1787735436.537,gripper,26.932,37.021,26.932,-10.089,-10.089,0
1787735436.586,shoulder_pan,8.158,7.253,8.158,0.905,0.905,0
1787735436.586,shoulder_lift,42.377,42.286,42.377,0.091,0.091,0
1787735436.586,elbow_flex,26.505,31.341,26.505,-4.835,-4.835,0
1787735436.586,wrist_flex,-79.878,-80.835,-79.878,0.957,0.957,0
1787735436.586,wrist_roll,-1.681,-2.330,-1.681,0.648,0.648,0
1787735436.586,gripper,27.358,37.021,27.358,-9.663,-9.663,0
1787735436.636,shoulder_pan,8.284,7.604,8.284,0.680,0.680,0
1787735436.636,shoulder_lift,43.271,42.813,43.271,0.458,0.458,0
1787735436.636,elbow_flex,25.871,30.286,25.871,-4.415,-4.415,0
1787735436.636,wrist_flex,-80.111,-80.396,-80.111,0.284,0.284,0
1787735436.636,wrist_roll,-1.489,-2.066,-1.489,0.577,0.577,0
1787735436.636,gripper,27.696,37.021,27.696,-9.325,-9.325,0
1787735436.686,shoulder_pan,8.230,7.780,8.230,0.449,0.449,0
1787735436.686,shoulder_lift,43.723,43.516,43.723,0.207,0.207,0
1787735436.686,elbow_flex,25.675,29.407,25.675,-3.732,-3.732,0
1787735436.686,wrist_flex,-80.044,-80.220,-80.044,0.176,0.176,0
1787735436.686,wrist_roll,-1.384,-1.890,-1.384,0.506,0.506,0
1787735436.686,gripper,28.186,37.021,28.186,-8.835,-8.835,0
1787735436.737,shoulder_pan,8.167,7.780,8.167,0.387,0.387,0
1787735436.737,shoulder_lift,44.226,44.308,44.226,-0.082,-0.082,0
1787735436.737,elbow_flex,24.864,28.615,24.864,-3.751,-3.751,0
1787735436.737,wrist_flex,-79.592,-80.220,-79.592,0.628,0.628,0
1787735436.737,wrist_roll,-1.338,-1.714,-1.338,0.377,0.377,0
1787735436.737,gripper,28.297,37.021,28.297,-8.723,-8.723,0
1787735436.788,shoulder_pan,8.147,7.780,8.147,0.367,0.367,0
1787735436.788,shoulder_lift,44.930,44.835,44.930,0.095,0.095,0
1787735436.788,elbow_flex,25.093,28.000,25.093,-2.907,-2.907,0
1787735436.788,wrist_flex,-79.814,-80.044,-79.814,0.230,0.230,0
1787735436.788,wrist_roll,-1.239,-1.626,-1.239,0.387,0.387,0
1787735436.788,gripper,28.610,37.021,28.610,-8.410,-8.410,0
1787735436.836,shoulder_pan,7.992,7.780,7.992,0.212,0.212,0
1787735436.836,shoulder_lift,45.281,45.363,45.281,-0.082,-0.082,0
1787735436.836,elbow_flex,24.824,27.648,24.824,-2.824,-2.824,0
1787735436.836,wrist_flex,-80.453,-79.956,-80.453,-0.497,-0.497,0
1787735436.836,wrist_roll,-1.213,-1.626,-1.213,0.414,0.414,0
1787735436.836,gripper,28.750,37.021,28.750,-8.271,-8.271,0
1787735436.886,shoulder_pan,7.916,7.780,7.916,0.136,0.136,0
1787735436.886,shoulder_lift,45.746,45.978,45.746,-0.232,-0.232,0
1787735436.886,elbow_flex,24.785,27.297,24.785,-2.512,-2.512,0
1787735436.886,wrist_flex,-80.352,-79.956,-80.352,-0.396,-0.396,0
1787735436.886,wrist_roll,-1.167,-1.451,-1.167,0.284,0.284,0
1787735436.886,gripper,29.074,37.021,29.074,-7.947,-7.947,0
1787735436.942,shoulder_pan,7.831,7.780,7.831,0.051,0.051,0
1787735436.942,shoulder_lift,46.525,46.418,46.525,0.107,0.107,0
1787735436.942,elbow_flex,24.417,27.297,24.417,-2.880,-2.880,0
1787735436.942,wrist_flex,-80.887,-79.956,-80.887,-0.931,-0.931,0
1787735436.942,wrist_roll,-1.154,-1.451,-1.154,0.297,0.297,0
1787735436.942,gripper,29.290,37.021,29.290,-7.731,-7.731,0
1787735436.986,shoulder_pan,7.631,7.780,7.631,-0.149,-0.149,0
1787735436.986,shoulder_lift,46.424,46.945,46.424,-0.522,-0.522,0
1787735436.986,elbow_flex,23.973,27.209,23.973,-3.236,-3.236,0
1787735436.986,wrist_flex,-80.106,-79.956,-80.106,-0.150,-0.150,0
1787735436.986,wrist_roll,-1.159,-1.451,-1.159,0.291,0.291,0
1787735436.986,gripper,30.117,37.021,30.117,-6.904,-6.904,0
1787735437.037,shoulder_pan,7.612,7.780,7.612,-0.168,-0.168,0
1787735437.037,shoulder_lift,47.020,47.209,47.020,-0.189,-0.189,0
1787735437.037,elbow_flex,23.846,27.033,23.846,-3.187,-3.187,0
1787735437.037,wrist_flex,-80.263,-79.868,-80.263,-0.394,-0.394,0
1787735437.037,wrist_roll,-1.121,-1.451,-1.121,0.330,0.330,0
1787735437.037,gripper,30.323,37.021,30.323,-6.698,-6.698,0
1787735437.087,shoulder_pan,7.408,7.780,7.408,-0.372,-0.372,0
1787735437.087,shoulder_lift,47.118,47.473,47.118,-0.354,-0.354,0
1787735437.087,elbow_flex,23.449,26.681,23.449,-3.232,-3.232,0
1787735437.087,wrist_flex,-80.320,-79.868,-80.320,-0.452,-0.452,0
1787735437.087,wrist_roll,-1.153,-1.451,-1.153,0.297,0.297,0
1787735437.087,gripper,30.759,37.021,30.759,-6.262,-6.262,0
1787735437.136,shoulder_pan,7.370,7.780,7.370,-0.410,-0.410,0
1787735437.136,shoulder_lift,47.972,47.560,47.972,0.411,0.411,0
1787735437.136,elbow_flex,23.551,26.242,23.551,-2.691,-2.691,0
1787735437.136,wrist_flex,-80.474,-79.868,-80.474,-0.606,-0.606,0
1787735437.136,wrist_roll,-1.105,-1.451,-1.105,0.346,0.346,0
1787735437.136,gripper,30.932,37.021,30.932,-6.089,-6.089,0
1787735437.187,shoulder_pan,7.678,7.780,7.678,-0.103,-0.103,0
1787735437.187,shoulder_lift,47.459,48.176,47.459,-0.717,-0.717,0
1787735437.187,elbow_flex,24.274,25.978,24.274,-1.704,-1.704,0
1787735437.187,wrist_flex,-79.391,-79.868,-79.391,0.477,0.477,0
1787735437.187,wrist_roll,-1.214,-1.451,-1.214,0.237,0.237,0
1787735437.187,gripper,29.591,37.021,29.591,-7.430,-7.430,0
1787735437.237,shoulder_pan,7.915,7.780,7.915,0.135,0.135,0
1787735437.237,shoulder_lift,46.600,48.703,46.600,-2.103,-2.103,0
1787735437.237,elbow_flex,26.289,25.978,26.289,0.311,0.311,0
1787735437.237,wrist_flex,-77.976,-79.868,-77.976,1.892,1.892,0
1787735437.237,wrist_roll,-1.321,-1.451,-1.321,0.130,0.130,0
1787735437.237,gripper,28.226,37.021,28.226,-8.795,-8.795,0
1787735437.288,shoulder_pan,8.095,7.780,8.095,0.314,0.314,0
1787735437.288,shoulder_lift,46.357,48.791,46.357,-2.434,-2.434,0
1787735437.288,elbow_flex,26.512,26.242,26.512,0.270,0.270,0
1787735437.288,wrist_flex,-78.406,-79.253,-78.406,0.847,0.847,0
1787735437.288,wrist_roll,-1.309,-1.451,-1.309,0.142,0.142,0
1787735437.288,gripper,27.519,37.021,27.519,-9.502,-9.502,0
1787735437.337,shoulder_pan,8.026,7.780,8.026,0.246,0.246,0
1787735437.337,shoulder_lift,46.515,48.615,46.515,-2.101,-2.101,0
1787735437.337,elbow_flex,26.521,26.681,26.521,-0.160,-0.160,0
1787735437.337,wrist_flex,-78.589,-78.813,-78.589,0.224,0.224,0
1787735437.337,wrist_roll,-1.315,-1.451,-1.315,0.135,0.135,0
1787735437.337,gripper,26.761,37.021,26.761,-10.259,-10.259,0
1787735437.388,shoulder_pan,8.100,7.780,8.100,0.320,0.320,0
1787735437.388,shoulder_lift,46.201,48.703,46.201,-2.503,-2.503,0
1787735437.388,elbow_flex,26.857,26.857,26.857,-0.000,-0.000,0
1787735437.388,wrist_flex,-78.379,-78.725,-78.379,0.347,0.347,0
1787735437.388,wrist_roll,-1.326,-1.451,-1.326,0.125,0.125,0
1787735437.388,gripper,26.166,37.021,26.166,-10.855,-10.855,0
1787735437.437,shoulder_pan,8.194,7.780,8.194,0.414,0.414,0
1787735437.437,shoulder_lift,45.881,48.703,45.881,-2.822,-2.822,0
1787735437.437,elbow_flex,26.956,26.945,26.956,0.011,0.011,0
1787735437.437,wrist_flex,-79.016,-78.725,-79.016,-0.290,-0.290,0
1787735437.437,wrist_roll,-1.332,-1.451,-1.332,0.119,0.119,0
1787735437.437,gripper,25.509,37.021,25.509,-11.512,-11.512,0
1787735437.487,shoulder_pan,8.177,7.780,8.177,0.396,0.396,0
1787735437.487,shoulder_lift,45.744,48.703,45.744,-2.959,-2.959,0
1787735437.487,elbow_flex,27.268,26.945,27.268,0.323,0.323,0
1787735437.487,wrist_flex,-78.635,-78.725,-78.635,0.090,0.090,0
1787735437.487,wrist_roll,-1.339,-1.451,-1.339,0.112,0.112,0
1787735437.487,gripper,25.400,37.021,25.400,-11.620,-11.620,0
1787735437.537,shoulder_pan,8.247,7.780,8.247,0.467,0.467,0
1787735437.537,shoulder_lift,45.959,48.703,45.959,-2.744,-2.744,0
1787735437.537,elbow_flex,27.264,27.209,27.264,0.055,0.055,0
1787735437.537,wrist_flex,-79.051,-78.725,-79.051,-0.326,-0.326,0
1787735437.537,wrist_roll,-1.360,-1.451,-1.360,0.090,0.090,0
1787735437.537,gripper,25.012,37.021,25.012,-12.009,-12.009,0
1787735437.588,shoulder_pan,8.250,7.780,8.250,0.470,0.470,0
1787735437.588,shoulder_lift,46.297,48.703,46.297,-2.406,-2.406,0
1787735437.588,elbow_flex,27.329,27.473,27.329,-0.144,-0.144,0
1787735437.588,wrist_flex,-79.593,-78.725,-79.593,-0.867,-0.867,0
1787735437.588,wrist_roll,-1.369,-1.451,-1.369,0.081,0.081,0
1787735437.588,gripper,24.861,37.021,24.861,-12.160,-12.160,0
1787735437.638,shoulder_pan,8.254,7.780,8.254,0.474,0.474,0
1787735437.638,shoulder_lift,45.919,48.703,45.919,-2.784,-2.784,0
1787735437.638,elbow_flex,27.312,27.473,27.312,-0.161,-0.161,0
1787735437.638,wrist_flex,-79.532,-78.725,-79.532,-0.806,-0.806,0
1787735437.638,wrist_roll,-1.366,-1.451,-1.366,0.085,0.085,0
1787735437.638,gripper,24.661,37.021,24.661,-12.360,-12.360,0
1787735437.688,shoulder_pan,8.210,7.780,8.210,0.430,0.430,0
1787735437.688,shoulder_lift,46.032,48.703,46.032,-2.671,-2.671,0
1787735437.688,elbow_flex,27.227,27.473,27.227,-0.245,-0.245,0
1787735437.688,wrist_flex,-80.002,-78.725,-80.002,-1.277,-1.277,0
1787735437.688,wrist_roll,-1.368,-1.451,-1.368,0.083,0.083,0
1787735437.688,gripper,24.487,37.021,24.487,-12.534,-12.534,0
1787735437.737,shoulder_pan,8.288,7.780,8.288,0.508,0.508,0
1787735437.737,shoulder_lift,46.141,48.703,46.141,-2.563,-2.563,0
1787735437.737,elbow_flex,27.438,27.473,27.438,-0.035,-0.035,0
1787735437.737,wrist_flex,-80.468,-78.725,-80.468,-1.742,-1.742,0
1787735437.737,wrist_roll,-1.387,-1.451,-1.387,0.064,0.064,0
1787735437.737,gripper,24.309,37.021,24.309,-12.712,-12.712,0
1787735437.787,shoulder_pan,8.329,7.780,8.329,0.549,0.549,0
1787735437.787,shoulder_lift,46.461,48.703,46.461,-2.243,-2.243,0
1787735437.787,elbow_flex,27.067,27.473,27.067,-0.405,-0.405,0
1787735437.787,wrist_flex,-80.199,-78.725,-80.199,-1.474,-1.474,0
1787735437.787,wrist_roll,-1.368,-1.451,-1.368,0.082,0.082,0
1787735437.787,gripper,24.150,37.021,24.150,-12.871,-12.871,0
1787735437.837,shoulder_pan,8.257,7.780,8.257,0.477,0.477,0
1787735437.837,shoulder_lift,45.511,48.703,45.511,-3.193,-3.193,0
1787735437.837,elbow_flex,27.228,27.473,27.228,-0.245,-0.245,0
1787735437.837,wrist_flex,-79.957,-78.725,-79.957,-1.232,-1.232,0
1787735437.837,wrist_roll,-1.348,-1.451,-1.348,0.103,0.103,0
1787735437.837,gripper,23.699,37.021,23.699,-13.322,-13.322,0
1787735437.887,shoulder_pan,8.333,7.780,8.333,0.552,0.552,0
1787735437.887,shoulder_lift,46.113,48.703,46.113,-2.591,-2.591,0
1787735437.887,elbow_flex,27.588,27.473,27.588,0.115,0.115,0
1787735437.887,wrist_flex,-80.436,-78.725,-80.436,-1.710,-1.710,0
1787735437.887,wrist_roll,-1.375,-1.451,-1.375,0.076,0.076,0
1787735437.887,gripper,23.735,37.021,23.735,-13.286,-13.286,0
1787735437.938,shoulder_pan,8.346,7.780,8.346,0.566,0.566,0
1787735437.938,shoulder_lift,46.396,48.703,46.396,-2.308,-2.308,0
1787735437.938,elbow_flex,28.080,27.473,28.080,0.608,0.608,0
1787735437.938,wrist_flex,-80.346,-78.725,-80.346,-1.620,-1.620,0
1787735437.938,wrist_roll,-1.386,-1.451,-1.386,0.065,0.065,0
1787735437.938,gripper,23.670,37.021,23.670,-13.351,-13.351,0
1787735437.988,shoulder_pan,8.405,7.780,8.405,0.624,0.624,0
1787735437.988,shoulder_lift,46.316,48.703,46.316,-2.387,-2.387,0
1787735437.988,elbow_flex,27.845,27.824,27.845,0.021,0.021,0
1787735437.988,wrist_flex,-80.110,-78.725,-80.110,-1.385,-1.385,0
1787735437.988,wrist_roll,-1.380,-1.451,-1.380,0.071,0.071,0
1787735437.988,gripper,23.542,37.021,23.542,-13.479,-13.479,0
1787735438.039,shoulder_pan,8.416,7.780,8.416,0.636,0.636,0
1787735438.039,shoulder_lift,46.117,48.703,46.117,-2.586,-2.586,0
1787735438.039,elbow_flex,28.010,28.000,28.010,0.010,0.010,0
1787735438.039,wrist_flex,-80.658,-78.725,-80.658,-1.932,-1.932,0
1787735438.039,wrist_roll,-1.390,-1.451,-1.390,0.061,0.061,0
1787735438.039,gripper,23.296,37.021,23.296,-13.725,-13.725,0
1787735438.088,shoulder_pan,8.404,7.780,8.404,0.623,0.623,0
1787735438.088,shoulder_lift,45.968,48.703,45.968,-2.735,-2.735,0
1787735438.088,elbow_flex,27.994,28.088,27.994,-0.094,-0.094,0
1787735438.088,wrist_flex,-80.843,-78.725,-80.843,-2.117,-2.117,0
1787735438.088,wrist_roll,-1.395,-1.451,-1.395,0.055,0.055,0
1787735438.088,gripper,23.127,37.021,23.127,-13.894,-13.894,0
1787735438.140,shoulder_pan,8.541,7.780,8.541,0.761,0.761,0
1787735438.140,shoulder_lift,44.180,48.703,44.180,-4.523,-4.523,0
1787735438.140,elbow_flex,30.425,28.088,30.425,2.337,2.337,0
1787735438.140,wrist_flex,-77.986,-79.077,-77.986,1.091,1.091,0
1787735438.140,wrist_roll,-1.399,-1.451,-1.399,0.052,0.052,0
1787735438.140,gripper,23.661,37.021,23.661,-13.360,-13.360,0
1787735438.188,shoulder_pan,8.776,7.780,8.776,0.996,0.996,0
1787735438.188,shoulder_lift,41.069,48.615,41.069,-7.546,-7.546,0
1787735438.188,elbow_flex,33.619,28.440,33.619,5.179,5.179,0
1787735438.188,wrist_flex,-75.452,-79.165,-75.452,3.713,3.713,0
1787735438.188,wrist_roll,-1.403,-1.451,-1.403,0.048,0.048,0
1787735438.188,gripper,24.044,37.021,24.044,-12.977,-12.977,0
1787735438.238,shoulder_pan,8.831,7.868,8.831,0.963,0.963,0
1787735438.238,shoulder_lift,39.391,48.264,39.391,-8.872,-8.872,0
1787735438.238,elbow_flex,34.355,30.198,34.355,4.157,4.157,0
1787735438.238,wrist_flex,-75.680,-78.022,-75.680,2.342,2.342,0
1787735438.238,wrist_roll,-1.422,-1.451,-1.422,0.029,0.029,0
1787735438.238,gripper,23.997,37.021,23.997,-13.024,-13.024,0
1787735438.289,shoulder_pan,9.025,8.044,9.025,0.981,0.981,0
1787735438.289,shoulder_lift,37.622,47.297,37.622,-9.675,-9.675,0
1787735438.289,elbow_flex,35.201,32.571,35.201,2.629,2.629,0
1787735438.289,wrist_flex,-75.173,-76.879,-75.173,1.706,1.706,0
1787735438.289,wrist_roll,-1.440,-1.451,-1.440,0.011,0.011,0
1787735438.289,gripper,24.098,37.021,24.098,-12.922,-12.922,0
1787735438.339,shoulder_pan,9.150,8.396,9.150,0.754,0.754,0
1787735438.339,shoulder_lift,36.026,46.066,36.026,-10.040,-10.040,0
1787735438.339,elbow_flex,35.919,34.066,35.919,1.853,1.853,0
1787735438.339,wrist_flex,-74.796,-76.176,-74.796,1.379,1.379,0
1787735438.339,wrist_roll,-1.443,-1.451,-1.443,0.008,0.008,0
1787735438.339,gripper,24.168,37.021,24.168,-12.853,-12.853,0
1787735438.389,shoulder_pan,9.378,8.484,9.378,0.894,0.894,0
1787735438.389,shoulder_lift,33.575,44.308,33.575,-10.733,-10.733,0
1787735438.389,elbow_flex,36.650,35.121,36.650,1.529,1.529,0
1787735438.389,wrist_flex,-74.517,-75.560,-74.517,1.043,1.043,0
1787735438.389,wrist_roll,-1.472,-1.451,-1.472,-0.022,-0.022,0
1787735438.389,gripper,24.362,37.021,24.362,-12.659,-12.659,0
1787735438.439,shoulder_pan,9.467,8.659,9.467,0.808,0.808,0
1787735438.439,shoulder_lift,32.347,42.462,32.347,-10.115,-10.115,0
1787735438.439,elbow_flex,37.538,36.000,37.538,1.538,1.538,0
1787735438.439,wrist_flex,-74.556,-75.121,-74.556,0.565,0.565,0
1787735438.439,wrist_roll,-1.459,-1.451,-1.459,-0.008,-0.008,0
1787735438.439,gripper,24.407,37.021,24.407,-12.614,-12.614,0
1787735438.489,shoulder_pan,9.711,8.923,9.711,0.788,0.788,0
1787735438.489,shoulder_lift,30.785,40.440,30.785,-9.655,-9.655,0
1787735438.489,elbow_flex,38.298,36.879,38.298,1.419,1.419,0
1787735438.489,wrist_flex,-74.439,-74.769,-74.439,0.330,0.330,0
1787735438.489,wrist_roll,-1.468,-1.451,-1.468,-0.017,-0.017,0
1787735438.489,gripper,24.590,37.021,24.590,-12.431,-12.431,0
1787735438.539,shoulder_pan,9.825,9.011,9.825,0.814,0.814,0
1787735438.539,shoulder_lift,30.424,38.681,30.424,-8.257,-8.257,0
1787735438.539,elbow_flex,38.973,37.670,38.973,1.302,1.302,0
1787735438.539,wrist_flex,-74.648,-74.593,-74.648,-0.054,-0.054,0
1787735438.539,wrist_roll,-1.469,-1.363,-1.469,-0.106,-0.106,0
1787735438.539,gripper,24.841,37.021,24.841,-12.180,-12.180,0
1787735438.591,shoulder_pan,10.036,9.187,10.036,0.849,0.849,0
1787735438.591,shoulder_lift,29.408,37.099,29.408,-7.690,-7.690,0
1787735438.591,elbow_flex,39.281,38.462,39.281,0.820,0.820,0
1787735438.591,wrist_flex,-74.614,-74.593,-74.614,-0.020,-0.020,0
1787735438.591,wrist_roll,-1.470,-1.363,-1.470,-0.108,-0.108,0
1787735438.591,gripper,24.832,37.021,24.832,-12.189,-12.189,0
1787735438.639,shoulder_pan,10.128,9.451,10.128,0.678,0.678,0
1787735438.639,shoulder_lift,30.180,36.044,30.180,-5.864,-5.864,0
1787735438.639,elbow_flex,39.009,39.165,39.009,-0.156,-0.156,0
1787735438.639,wrist_flex,-74.814,-74.593,-74.814,-0.220,-0.220,0
1787735438.639,wrist_roll,-1.476,-1.363,-1.476,-0.114,-0.114,0
1787735438.639,gripper,24.779,37.021,24.779,-12.242,-12.242,0
1787735438.689,shoulder_pan,10.185,9.451,10.185,0.735,0.735,0
1787735438.689,shoulder_lift,30.291,35.516,30.291,-5.225,-5.225,0
1787735438.689,elbow_flex,39.055,39.429,39.055,-0.373,-0.373,0
1787735438.689,wrist_flex,-74.352,-74.593,-74.352,0.241,0.241,0
1787735438.689,wrist_roll,-1.502,-1.363,-1.502,-0.140,-0.140,0
1787735438.689,gripper,24.807,37.021,24.807,-12.214,-12.214,0
1787735438.739,shoulder_pan,10.258,9.538,10.258,0.720,0.720,0
1787735438.739,shoulder_lift,32.077,35.429,32.077,-3.351,-3.351,0
1787735438.739,elbow_flex,38.643,39.429,38.643,-0.785,-0.785,0
1787735438.739,wrist_flex,-75.247,-74.593,-75.247,-0.653,-0.653,0
1787735438.739,wrist_roll,-1.484,-1.363,-1.484,-0.122,-0.122,0
1787735438.739,gripper,24.609,37.021,24.609,-12.412,-12.412,0
1787735438.789,shoulder_pan,10.229,9.714,10.229,0.514,0.514,0
1787735438.789,shoulder_lift,32.916,35.516,32.916,-2.600,-2.600,0
1787735438.789,elbow_flex,37.993,39.429,37.993,-1.435,-1.435,0
1787735438.789,wrist_flex,-76.463,-74.593,-76.463,-1.869,-1.869,0
1787735438.789,wrist_roll,-1.447,-1.363,-1.447,-0.084,-0.084,0
1787735438.789,gripper,24.365,37.021,24.365,-12.656,-12.656,0
1787735438.839,shoulder_pan,10.401,9.890,10.401,0.511,0.511,0
1787735438.839,shoulder_lift,33.506,35.516,33.506,-2.011,-2.011,0
1787735438.839,elbow_flex,37.838,39.429,37.838,-1.591,-1.591,0
1787735438.839,wrist_flex,-76.556,-74.681,-76.556,-1.875,-1.875,0
1787735438.839,wrist_roll,-1.445,-1.363,-1.445,-0.082,-0.082,0
1787735438.839,gripper,24.319,37.021,24.319,-12.702,-12.702,0
1787735438.891,shoulder_pan,10.125,9.890,10.125,0.235,0.235,0
1787735438.891,shoulder_lift,35.033,35.516,35.033,-0.484,-0.484,0
1787735438.891,elbow_flex,37.186,39.429,37.186,-2.242,-2.242,0
1787735438.891,wrist_flex,-77.009,-74.945,-77.009,-2.064,-2.064,0
1787735438.891,wrist_roll,-1.440,-1.363,-1.440,-0.077,-0.077,0
1787735438.891,gripper,24.156,37.021,24.156,-12.864,-12.864,0
1787735438.939,shoulder_pan,10.152,9.890,10.152,0.262,0.262,0
1787735438.939,shoulder_lift,35.779,35.604,35.779,0.174,0.174,0
1787735438.939,elbow_flex,37.142,39.429,37.142,-2.287,-2.287,0
1787735438.939,wrist_flex,-76.824,-75.121,-76.824,-1.704,-1.704,0
1787735438.939,wrist_roll,-1.429,-1.363,-1.429,-0.067,-0.067,0
1787735438.939,gripper,24.144,37.021,24.144,-12.877,-12.877,0
1787735438.991,shoulder_pan,10.148,9.890,10.148,0.258,0.258,0
1787735438.991,shoulder_lift,36.567,36.132,36.567,0.435,0.435,0
1787735438.991,elbow_flex,36.806,39.341,36.806,-2.535,-2.535,0
1787735438.991,wrist_flex,-77.025,-75.297,-77.025,-1.728,-1.728,0
1787735438.991,wrist_roll,-1.418,-1.363,-1.418,-0.056,-0.056,0
1787735438.991,gripper,24.343,37.021,24.343,-12.678,-12.678,0
1787735439.040,shoulder_pan,10.110,9.802,10.110,0.308,0.308,0
1787735439.040,shoulder_lift,37.385,36.747,37.385,0.638,0.638,0
1787735439.040,elbow_flex,36.556,39.341,36.556,-2.784,-2.784,0
1787735439.040,wrist_flex,-77.625,-75.473,-77.625,-2.153,-2.153,0
1787735439.040,wrist_roll,-1.416,-1.363,-1.416,-0.053,-0.053,0
1787735439.040,gripper,23.830,37.021,23.830,-13.191,-13.191,0
1787735439.090,shoulder_pan,9.531,9.802,9.531,-0.272,-0.272,0
1787735439.090,shoulder_lift,35.421,37.626,35.421,-2.205,-2.205,0
1787735439.090,elbow_flex,36.168,39.341,36.168,-3.172,-3.172,0
1787735439.090,wrist_flex,-74.968,-75.648,-74.968,0.680,0.680,0
1787735439.090,wrist_roll,-1.508,-1.363,-1.508,-0.146,-0.146,0
1787735439.090,gripper,24.512,37.021,24.512,-12.509,-12.509,0
1787735439.140,shoulder_pan,9.025,9.802,9.025,-0.777,-0.777,0
1787735439.140,shoulder_lift,33.998,38.066,33.998,-4.068,-4.068,0
1787735439.140,elbow_flex,35.768,39.253,35.768,-3.485,-3.485,0
1787735439.140,wrist_flex,-72.220,-75.736,-72.220,3.516,3.516,0
1787735439.140,wrist_roll,-1.643,-1.363,-1.643,-0.281,-0.281,0
1787735439.140,gripper,25.345,37.021,25.345,-11.676,-11.676,0
1787735439.190,shoulder_pan,9.236,9.714,9.236,-0.478,-0.478,0
1787735439.190,shoulder_lift,34.429,37.978,34.429,-3.550,-3.550,0
1787735439.190,elbow_flex,35.506,38.901,35.506,-3.396,-3.396,0
1787735439.190,wrist_flex,-72.403,-74.769,-72.403,2.366,2.366,0
1787735439.190,wrist_roll,-1.651,-1.363,-1.651,-0.288,-0.288,0
1787735439.190,gripper,25.606,37.021,25.606,-11.415,-11.415,0
1787735439.241,shoulder_pan,9.365,9.451,9.365,-0.085,-0.085,0
1787735439.241,shoulder_lift,34.976,37.890,34.976,-2.914,-2.914,0
1787735439.241,elbow_flex,35.354,38.286,35.354,-2.931,-2.931,0
1787735439.241,wrist_flex,-72.985,-73.626,-72.985,0.642,0.642,0
1787735439.241,wrist_roll,-1.657,-1.363,-1.657,-0.295,-0.295,0
1787735439.241,gripper,25.939,37.021,25.939,-11.082,-11.082,0
1787735439.291,shoulder_pan,9.403,9.275,9.403,0.128,0.128,0
1787735439.291,shoulder_lift,35.392,37.978,35.392,-2.586,-2.586,0
1787735439.291,elbow_flex,35.226,38.022,35.226,-2.796,-2.796,0
1787735439.291,wrist_flex,-72.937,-73.275,-72.937,0.337,0.337,0
1787735439.291,wrist_roll,-1.720,-1.363,-1.720,-0.358,-0.358,0
1787735439.291,gripper,26.438,37.021,26.438,-10.583,-10.583,0
1787735439.340,shoulder_pan,9.722,9.275,9.722,0.447,0.447,0
1787735439.340,shoulder_lift,35.588,37.978,35.588,-2.390,-2.390,0
1787735439.340,elbow_flex,35.050,37.934,35.050,-2.884,-2.884,0
1787735439.340,wrist_flex,-72.772,-73.099,-72.772,0.327,0.327,0
1787735439.340,wrist_roll,-1.742,-1.363,-1.742,-0.380,-0.380,0
1787735439.340,gripper,26.820,37.021,26.820,-10.201,-10.201,0
1787735439.391,shoulder_pan,9.912,9.363,9.912,0.549,0.549,0
1787735439.391,shoulder_lift,36.067,37.978,36.067,-1.911,-1.911,0
1787735439.391,elbow_flex,34.985,37.934,34.985,-2.949,-2.949,0
1787735439.391,wrist_flex,-72.635,-72.923,-72.635,0.288,0.288,0
1787735439.391,wrist_roll,-1.768,-1.363,-1.768,-0.405,-0.405,0
1787735439.391,gripper,27.227,37.021,27.227,-9.794,-9.794,0
1787735439.440,shoulder_pan,10.097,9.363,10.097,0.734,0.734,0
1787735439.440,shoulder_lift,36.951,37.978,36.951,-1.027,-1.027,0
1787735439.440,elbow_flex,34.795,37.758,34.795,-2.963,-2.963,0
1787735439.440,wrist_flex,-72.377,-72.747,-72.377,0.370,0.370,0
1787735439.440,wrist_roll,-1.794,-1.363,-1.794,-0.432,-0.432,0
1787735439.440,gripper,27.423,37.021,27.423,-9.598,-9.598,0
1787735439.492,shoulder_pan,10.442,9.363,10.442,1.080,1.080,0
1787735439.492,shoulder_lift,37.717,37.978,37.717,-0.261,-0.261,0
1787735439.492,elbow_flex,34.855,37.407,34.855,-2.552,-2.552,0
1787735439.492,wrist_flex,-72.060,-72.571,-72.060,0.512,0.512,0
1787735439.492,wrist_roll,-1.847,-1.363,-1.847,-0.485,-0.485,0
1787735439.492,gripper,27.690,37.021,27.690,-9.330,-9.330,0
1787735439.541,shoulder_pan,10.757,9.451,10.757,1.306,1.306,0
1787735439.541,shoulder_lift,37.915,38.154,37.915,-0.239,-0.239,0
1787735439.541,elbow_flex,34.805,37.143,34.805,-2.338,-2.338,0
1787735439.541,wrist_flex,-72.263,-72.396,-72.263,0.132,0.132,0
1787735439.541,wrist_roll,-1.898,-1.363,-1.898,-0.535,-0.535,0
1787735439.541,gripper,27.728,37.021,27.728,-9.293,-9.293,0
1787735439.592,shoulder_pan,10.916,9.714,10.916,1.201,1.201,0
1787735439.592,shoulder_lift,38.004,38.505,38.004,-0.501,-0.501,0
1787735439.592,elbow_flex,34.930,37.055,34.930,-2.125,-2.125,0
1787735439.592,wrist_flex,-72.345,-72.308,-72.345,-0.038,-0.038,0
1787735439.592,wrist_roll,-1.926,-1.363,-1.926,-0.563,-0.563,0
1787735439.592,gripper,27.652,37.021,27.652,-9.369,-9.369,0
1787735439.640,shoulder_pan,11.213,10.242,11.213,0.972,0.972,0
1787735439.640,shoulder_lift,38.492,38.505,38.492,-0.013,-0.013,0
1787735439.640,elbow_flex,35.206,37.055,35.206,-1.849,-1.849,0
1787735439.640,wrist_flex,-72.177,-72.220,-72.177,0.043,0.043,0
1787735439.640,wrist_roll,-1.998,-1.363,-1.998,-0.636,-0.636,0
1787735439.640,gripper,27.868,37.021,27.868,-9.153,-9.153,0
1787735439.690,shoulder_pan,11.411,10.505,11.411,0.905,0.905,0
1787735439.690,shoulder_lift,39.353,38.769,39.353,0.584,0.584,0
1787735439.690,elbow_flex,35.466,37.055,35.466,-1.589,-1.589,0
1787735439.690,wrist_flex,-72.035,-72.220,-72.035,0.185,0.185,0
1787735439.690,wrist_roll,-2.026,-1.363,-2.026,-0.663,-0.663,0
1787735439.690,gripper,27.987,37.021,27.987,-9.034,-9.034,0
1787735439.740,shoulder_pan,11.604,10.769,11.604,0.835,0.835,0
1787735439.740,shoulder_lift,39.451,39.297,39.451,0.155,0.155,0
1787735439.740,elbow_flex,35.913,37.055,35.913,-1.142,-1.142,0
1787735439.740,wrist_flex,-71.795,-72.220,-71.795,0.425,0.425,0
1787735439.740,wrist_roll,-2.104,-1.363,-2.104,-0.742,-0.742,0
1787735439.740,gripper,27.734,37.021,27.734,-9.287,-9.287,0
1787735439.790,shoulder_pan,11.689,10.945,11.689,0.744,0.744,0
1787735439.790,shoulder_lift,39.678,40.176,39.678,-0.498,-0.498,0
1787735439.790,elbow_flex,35.854,37.055,35.854,-1.201,-1.201,0
1787735439.790,wrist_flex,-71.809,-72.220,-71.809,0.411,0.411,0
1787735439.790,wrist_roll,-2.141,-1.363,-2.141,-0.779,-0.779,0
1787735439.790,gripper,27.899,37.021,27.899,-9.122,-9.122,0
1787735439.842,shoulder_pan,11.926,11.209,11.926,0.717,0.717,0
1787735439.842,shoulder_lift,40.756,40.527,40.756,0.229,0.229,0
1787735439.842,elbow_flex,36.195,37.055,36.195,-0.860,-0.860,0
1787735439.842,wrist_flex,-72.044,-72.220,-72.044,0.176,0.176,0
1787735439.842,wrist_roll,-2.126,-1.714,-2.126,-0.412,-0.412,0
1787735439.842,gripper,28.206,37.021,28.206,-8.815,-8.815,0
1787735439.891,shoulder_pan,11.939,11.297,11.939,0.642,0.642,0
1787735439.891,shoulder_lift,41.057,40.879,41.057,0.178,0.178,0
1787735439.891,elbow_flex,36.363,37.055,36.363,-0.692,-0.692,0
1787735439.891,wrist_flex,-72.011,-72.220,-72.011,0.208,0.208,0
1787735439.891,wrist_roll,-2.171,-1.890,-2.171,-0.281,-0.281,0
1787735439.891,gripper,28.175,37.021,28.175,-8.846,-8.846,0
1787735439.942,shoulder_pan,11.982,11.473,11.982,0.509,0.509,0
1787735439.942,shoulder_lift,41.373,41.582,41.373,-0.210,-0.210,0
1787735439.942,elbow_flex,36.482,37.055,36.482,-0.573,-0.573,0
1787735439.942,wrist_flex,-72.010,-72.220,-72.010,0.210,0.210,0
1787735439.942,wrist_roll,-2.188,-1.890,-2.188,-0.298,-0.298,0
1787735439.942,gripper,28.274,37.021,28.274,-8.747,-8.747,0
1787735439.992,shoulder_pan,12.102,11.648,12.102,0.454,0.454,0
1787735439.992,shoulder_lift,41.478,42.022,41.478,-0.544,-0.544,0
1787735439.992,elbow_flex,36.440,37.055,36.440,-0.615,-0.615,0
1787735439.992,wrist_flex,-72.102,-72.220,-72.102,0.118,0.118,0
1787735439.992,wrist_roll,-2.182,-2.066,-2.182,-0.116,-0.116,0
1787735439.992,gripper,28.343,37.021,28.343,-8.678,-8.678,0
1787735440.043,shoulder_pan,11.860,11.736,11.860,0.124,0.124,0
1787735440.043,shoulder_lift,42.241,42.110,42.241,0.131,0.131,0
1787735440.043,elbow_flex,35.525,37.055,35.525,-1.530,-1.530,0
1787735440.043,wrist_flex,-71.704,-72.220,-71.704,0.516,0.516,0
1787735440.043,wrist_roll,-1.795,-2.066,-1.795,0.271,0.271,0
1787735440.043,gripper,28.840,37.021,28.840,-8.181,-8.181,0
1787735440.092,shoulder_pan,11.075,11.648,11.075,-0.573,-0.573,0
1787735440.092,shoulder_lift,44.084,42.462,44.084,1.622,1.622,0
1787735440.092,elbow_flex,33.332,37.055,33.332,-3.723,-3.723,0
1787735440.092,wrist_flex,-71.424,-72.132,-71.424,0.708,0.708,0
1787735440.092,wrist_roll,-1.206,-1.978,-1.206,0.772,0.772,0
1787735440.092,gripper,29.242,37.021,29.242,-7.779,-7.779,0
1787735440.142,shoulder_pan,11.023,11.560,11.023,-0.537,-0.537,0
1787735440.142,shoulder_lift,45.098,43.341,45.098,1.758,1.758,0
1787735440.142,elbow_flex,32.650,36.967,32.650,-4.317,-4.317,0
1787735440.142,wrist_flex,-71.569,-71.868,-71.569,0.299,0.299,0
1787735440.142,wrist_roll,-1.203,-1.714,-1.203,0.512,0.512,0
1787735440.142,gripper,29.367,37.021,29.367,-7.654,-7.654,0
1787735440.191,shoulder_pan,10.985,11.473,10.985,-0.488,-0.488,0
1787735440.191,shoulder_lift,46.025,44.835,46.025,1.190,1.190,0
1787735440.191,elbow_flex,32.131,36.000,32.131,-3.869,-3.869,0
1787735440.191,wrist_flex,-71.917,-71.692,-71.917,-0.225,-0.225,0
1787735440.191,wrist_roll,-1.147,-1.538,-1.147,0.391,0.391,0
1787735440.191,gripper,29.149,37.021,29.149,-7.872,-7.872,0
1787735440.242,shoulder_pan,10.913,11.297,10.913,-0.383,-0.383,0
1787735440.242,shoulder_lift,46.920,46.330,46.920,0.590,0.590,0
1787735440.242,elbow_flex,31.483,35.121,31.483,-3.638,-3.638,0
1787735440.242,wrist_flex,-71.460,-71.692,-71.460,0.232,0.232,0
1787735440.242,wrist_roll,-1.092,-1.363,-1.092,0.270,0.270,0
1787735440.242,gripper,28.664,37.021,28.664,-8.357,-8.357,0
1787735440.292,shoulder_pan,10.895,11.209,10.895,-0.313,-0.313,0
1787735440.292,shoulder_lift,46.960,47.385,46.960,-0.424,-0.424,0
1787735440.292,elbow_flex,30.981,34.505,30.981,-3.524,-3.524,0
1787735440.292,wrist_flex,-71.861,-71.692,-71.861,-0.169,-0.169,0
1787735440.292,wrist_roll,-1.080,-1.363,-1.080,0.283,0.283,0
1787735440.292,gripper,28.577,37.021,28.577,-8.444,-8.444,0
1787735440.343,shoulder_pan,10.827,11.121,10.827,-0.294,-0.294,0
1787735440.343,shoulder_lift,47.720,47.736,47.720,-0.016,-0.016,0
1787735440.343,elbow_flex,30.649,33.978,30.649,-3.329,-3.329,0
1787735440.343,wrist_flex,-72.270,-71.692,-72.270,-0.578,-0.578,0
1787735440.343,wrist_roll,-1.021,-1.363,-1.021,0.342,0.342,0
1787735440.343,gripper,28.337,37.021,28.337,-8.684,-8.684,0
1787735440.392,shoulder_pan,10.770,11.209,10.770,-0.439,-0.439,0
1787735440.392,shoulder_lift,48.230,48.000,48.230,0.230,0.230,0
1787735440.392,elbow_flex,30.385,33.363,30.385,-2.978,-2.978,0
1787735440.392,wrist_flex,-72.137,-71.692,-72.137,-0.445,-0.445,0
1787735440.392,wrist_roll,-0.965,-1.363,-0.965,0.398,0.398,0
1787735440.392,gripper,28.152,37.021,28.152,-8.869,-8.869,0
1787735440.442,shoulder_pan,10.712,11.209,10.712,-0.497,-0.497,0
1787735440.442,shoulder_lift,49.048,48.615,49.048,0.432,0.432,0
1787735440.442,elbow_flex,29.483,32.835,29.483,-3.352,-3.352,0
1787735440.442,wrist_flex,-72.478,-71.692,-72.478,-0.786,-0.786,0
1787735440.442,wrist_roll,-0.929,-1.363,-0.929,0.433,0.433,0
1787735440.442,gripper,28.386,37.021,28.386,-8.635,-8.635,0
1787735440.492,shoulder_pan,10.739,11.209,10.739,-0.470,-0.470,0
1787735440.492,shoulder_lift,49.637,49.319,49.637,0.319,0.319,0
1787735440.492,elbow_flex,28.867,32.308,28.867,-3.441,-3.441,0
1787735440.492,wrist_flex,-71.684,-71.692,-71.684,0.008,0.008,0
1787735440.492,wrist_roll,-0.911,-1.363,-0.911,0.452,0.452,0
1787735440.492,gripper,28.434,37.021,28.434,-8.587,-8.587,0
1787735440.544,shoulder_pan,10.645,11.209,10.645,-0.564,-0.564,0
1787735440.544,shoulder_lift,50.615,50.022,50.615,0.593,0.593,0
1787735440.544,elbow_flex,27.760,31.692,27.760,-3.932,-3.932,0
1787735440.544,wrist_flex,-71.248,-71.692,-71.248,0.445,0.445,0
1787735440.544,wrist_roll,-0.879,-1.363,-0.879,0.484,0.484,0
1787735440.544,gripper,28.650,37.021,28.650,-8.371,-8.371,0
1787735440.592,shoulder_pan,10.639,11.209,10.639,-0.570,-0.570,0
1787735440.592,shoulder_lift,51.387,50.813,51.387,0.574,0.574,0
1787735440.592,elbow_flex,26.816,31.077,26.816,-4.261,-4.261,0
1787735440.592,wrist_flex,-70.819,-71.604,-70.819,0.786,0.786,0
1787735440.592,wrist_roll,-0.839,-1.363,-0.839,0.523,0.523,0
1787735440.592,gripper,28.555,37.021,28.555,-8.466,-8.466,0
1787735440.642,shoulder_pan,10.576,11.209,10.576,-0.633,-0.633,0
1787735440.642,shoulder_lift,52.690,51.692,52.690,0.998,0.998,0
1787735440.642,elbow_flex,25.316,30.110,25.316,-4.794,-4.794,0
1787735440.642,wrist_flex,-70.608,-71.253,-70.608,0.645,0.645,0
1787735440.642,wrist_roll,-0.816,-1.363,-0.816,0.547,0.547,0
1787735440.642,gripper,28.526,37.021,28.526,-8.495,-8.495,0
1787735440.692,shoulder_pan,10.561,11.209,10.561,-0.648,-0.648,0
1787735440.692,shoulder_lift,52.974,52.747,52.974,0.227,0.227,0
1787735440.692,elbow_flex,23.986,29.143,23.986,-5.157,-5.157,0
1787735440.692,wrist_flex,-69.770,-70.901,-69.770,1.131,1.131,0
1787735440.692,wrist_roll,-0.816,-1.363,-0.816,0.546,0.546,0
1787735440.692,gripper,28.964,37.021,28.964,-8.057,-8.057,0
1787735440.742,shoulder_pan,10.562,11.209,10.562,-0.647,-0.647,0
1787735440.742,shoulder_lift,54.251,53.714,54.251,0.537,0.537,0
1787735440.742,elbow_flex,23.125,28.000,23.125,-4.875,-4.875,0
1787735440.742,wrist_flex,-69.514,-70.462,-69.514,0.948,0.948,0
1787735440.742,wrist_roll,-0.811,-1.363,-0.811,0.552,0.552,0
1787735440.742,gripper,29.030,37.021,29.030,-7.991,-7.991,0
1787735440.793,shoulder_pan,10.505,11.209,10.505,-0.704,-0.704,0
1787735440.793,shoulder_lift,55.617,54.418,55.617,1.199,1.199,0
1787735440.793,elbow_flex,20.093,26.857,20.093,-6.764,-6.764,0
1787735440.793,wrist_flex,-68.668,-70.022,-68.668,1.354,1.354,0
1787735440.793,wrist_roll,-0.827,-1.363,-0.827,0.536,0.536,0
1787735440.793,gripper,30.179,37.021,30.179,-6.842,-6.842,0
1787735440.842,shoulder_pan,10.551,11.209,10.551,-0.658,-0.658,0
1787735440.842,shoulder_lift,56.214,55.385,56.214,0.829,0.829,0
1787735440.842,elbow_flex,18.352,25.538,18.352,-7.186,-7.186,0
1787735440.842,wrist_flex,-67.271,-69.582,-67.271,2.311,2.311,0
1787735440.842,wrist_roll,-0.830,-1.363,-0.830,0.533,0.533,0
1787735440.842,gripper,30.465,37.021,30.465,-6.556,-6.556,0
1787735440.893,shoulder_pan,10.767,10.945,10.767,-0.178,-0.178,0
1787735440.893,shoulder_lift,57.293,56.615,57.293,0.678,0.678,0
1787735440.893,elbow_flex,17.039,23.253,17.039,-6.213,-6.213,0
1787735440.893,wrist_flex,-67.445,-68.967,-67.445,1.522,1.522,0
1787735440.893,wrist_roll,-0.831,-1.275,-0.831,0.443,0.443,0
1787735440.893,gripper,30.992,37.021,30.992,-6.029,-6.029,0
1787735440.943,shoulder_pan,10.888,10.857,10.888,0.031,0.031,0
1787735440.943,shoulder_lift,57.582,57.231,57.582,0.352,0.352,0
1787735440.943,elbow_flex,15.814,21.319,15.814,-5.505,-5.505,0
1787735440.943,wrist_flex,-66.816,-68.264,-66.816,1.448,1.448,0
1787735440.943,wrist_roll,-0.802,-1.275,-0.802,0.472,0.472,0
1787735440.943,gripper,31.459,37.021,31.459,-5.562,-5.562,0
1787735440.994,shoulder_pan,10.191,10.857,10.191,-0.666,-0.666,0
1787735440.994,shoulder_lift,55.274,58.022,55.274,-2.748,-2.748,0
1787735440.994,elbow_flex,16.531,19.648,16.531,-3.117,-3.117,0
1787735440.994,wrist_flex,-67.100,-67.736,-67.100,0.637,0.637,0
1787735440.994,wrist_roll,-0.865,-1.275,-0.865,0.410,0.410,0
1787735440.994,gripper,31.732,37.021,31.732,-5.289,-5.289,0
1787735441.043,shoulder_pan,9.244,10.769,9.244,-1.525,-1.525,0
1787735441.043,shoulder_lift,52.872,58.110,52.872,-5.238,-5.238,0
1787735441.043,elbow_flex,18.360,18.769,18.360,-0.409,-0.409,0
1787735441.043,wrist_flex,-68.375,-67.560,-68.375,-0.814,-0.814,0
1787735441.043,wrist_roll,-0.871,-1.275,-0.871,0.404,0.404,0
1787735441.043,gripper,31.397,37.021,31.397,-5.624,-5.624,0
1787735441.095,shoulder_pan,9.375,10.505,9.375,-1.130,-1.130,0
1787735441.095,shoulder_lift,52.938,58.198,52.938,-5.260,-5.260,0
1787735441.095,elbow_flex,18.639,18.593,18.639,0.046,0.046,0
1787735441.095,wrist_flex,-68.196,-67.560,-68.196,-0.635,-0.635,0
1787735441.095,wrist_roll,-0.894,-1.275,-0.894,0.381,0.381,0
1787735441.095,gripper,31.341,37.021,31.341,-5.680,-5.680,0
1787735441.143,shoulder_pan,9.371,10.154,9.371,-0.783,-0.783,0
1787735441.143,shoulder_lift,53.093,58.198,53.093,-5.105,-5.105,0
1787735441.143,elbow_flex,18.570,18.769,18.570,-0.199,-0.199,0
1787735441.143,wrist_flex,-68.466,-67.560,-68.466,-0.905,-0.905,0
1787735441.143,wrist_roll,-0.884,-1.275,-0.884,0.390,0.390,0
1787735441.143,gripper,31.387,37.021,31.387,-5.634,-5.634,0
1787735441.195,shoulder_pan,9.356,9.978,9.356,-0.622,-0.622,0
1787735441.195,shoulder_lift,53.056,58.198,53.056,-5.142,-5.142,0
1787735441.195,elbow_flex,18.706,18.769,18.706,-0.063,-0.063,0
1787735441.195,wrist_flex,-69.068,-67.648,-69.068,-1.420,-1.420,0
1787735441.195,wrist_roll,-0.867,-1.275,-0.867,0.407,0.407,0
1787735441.195,gripper,31.277,37.021,31.277,-5.744,-5.744,0
1787735441.243,shoulder_pan,9.375,9.890,9.375,-0.516,-0.516,0
1787735441.243,shoulder_lift,52.866,58.198,52.866,-5.332,-5.332,0
1787735441.243,elbow_flex,18.681,18.857,18.681,-0.177,-0.177,0
1787735441.243,wrist_flex,-69.086,-67.648,-69.086,-1.438,-1.438,0
1787735441.243,wrist_roll,-0.890,-1.275,-0.890,0.385,0.385,0
1787735441.243,gripper,31.333,37.021,31.333,-5.688,-5.688,0
1787735441.294,shoulder_pan,9.414,9.802,9.414,-0.388,-0.388,0
1787735441.294,shoulder_lift,52.714,58.198,52.714,-5.484,-5.484,0
1787735441.294,elbow_flex,18.648,18.857,18.648,-0.210,-0.210,0
1787735441.294,wrist_flex,-69.522,-67.648,-69.522,-1.873,-1.873,0
1787735441.294,wrist_roll,-0.836,-1.275,-0.836,0.438,0.438,0
1787735441.294,gripper,31.392,37.021,31.392,-5.629,-5.629,0
1787735441.343,shoulder_pan,9.384,9.714,9.384,-0.330,-0.330,0
1787735441.343,shoulder_lift,52.553,58.198,52.553,-5.645,-5.645,0
1787735441.343,elbow_flex,18.481,18.857,18.481,-0.376,-0.376,0
1787735441.343,wrist_flex,-69.644,-67.824,-69.644,-1.819,-1.819,0
1787735441.343,wrist_roll,-0.834,-1.275,-0.834,0.441,0.441,0
1787735441.343,gripper,31.528,37.021,31.528,-5.493,-5.493,0
1787735441.394,shoulder_pan,9.413,9.714,9.413,-0.301,-0.301,0
1787735441.394,shoulder_lift,52.681,58.198,52.681,-5.517,-5.517,0
1787735441.394,elbow_flex,18.251,18.857,18.251,-0.606,-0.606,0
1787735441.394,wrist_flex,-69.690,-68.088,-69.690,-1.602,-1.602,0
1787735441.394,wrist_roll,-0.811,-1.275,-0.811,0.463,0.463,0
1787735441.394,gripper,31.409,37.021,31.409,-5.612,-5.612,0
1787735441.444,shoulder_pan,9.416,9.714,9.416,-0.298,-0.298,0
1787735441.444,shoulder_lift,52.644,58.198,52.644,-5.553,-5.553,0
1787735441.444,elbow_flex,18.107,18.945,18.107,-0.838,-0.838,0
1787735441.444,wrist_flex,-69.362,-68.176,-69.362,-1.186,-1.186,0
1787735441.444,wrist_roll,-0.797,-1.275,-0.797,0.478,0.478,0
1787735441.444,gripper,31.506,37.021,31.506,-5.514,-5.514,0
1787735441.494,shoulder_pan,9.350,9.714,9.350,-0.364,-0.364,0
1787735441.494,shoulder_lift,52.743,58.198,52.743,-5.455,-5.455,0
1787735441.494,elbow_flex,17.789,18.945,17.789,-1.156,-1.156,0
1787735441.494,wrist_flex,-69.147,-68.176,-69.147,-0.971,-0.971,0
1787735441.494,wrist_roll,-0.745,-1.275,-0.745,0.529,0.529,0
1787735441.494,gripper,31.292,37.021,31.292,-5.729,-5.729,0
1787735441.543,shoulder_pan,9.422,9.714,9.422,-0.293,-0.293,0
1787735441.543,shoulder_lift,52.578,58.198,52.578,-5.620,-5.620,0
1787735441.543,elbow_flex,17.586,18.945,17.586,-1.359,-1.359,0
1787735441.543,wrist_flex,-69.132,-68.176,-69.132,-0.957,-0.957,0
1787735441.543,wrist_roll,-0.680,-1.275,-0.680,0.595,0.595,0
1787735441.543,gripper,31.250,37.021,31.250,-5.771,-5.771,0
1787735441.594,shoulder_pan,9.374,9.714,9.374,-0.340,-0.340,0
1787735441.594,shoulder_lift,52.285,58.198,52.285,-5.913,-5.913,0
1787735441.594,elbow_flex,17.335,18.945,17.335,-1.610,-1.610,0
1787735441.594,wrist_flex,-68.550,-68.176,-68.550,-0.374,-0.374,0
1787735441.594,wrist_roll,-0.614,-1.011,-0.614,0.397,0.397,0
1787735441.594,gripper,31.236,37.021,31.236,-5.785,-5.785,0
1787735441.644,shoulder_pan,9.351,9.714,9.351,-0.364,-0.364,0
1787735441.644,shoulder_lift,52.414,58.198,52.414,-5.784,-5.784,0
1787735441.644,elbow_flex,17.050,18.945,17.050,-1.895,-1.895,0
1787735441.644,wrist_flex,-68.877,-68.176,-68.877,-0.701,-0.701,0
1787735441.644,wrist_roll,-0.570,-0.835,-0.570,0.265,0.265,0
1787735441.644,gripper,31.483,37.021,31.483,-5.538,-5.538,0
1787735441.694,shoulder_pan,9.320,9.714,9.320,-0.394,-0.394,0
1787735441.694,shoulder_lift,52.359,58.198,52.359,-5.839,-5.839,0
1787735441.694,elbow_flex,16.897,18.945,16.897,-2.048,-2.048,0
1787735441.694,wrist_flex,-68.300,-68.176,-68.300,-0.124,-0.124,0
1787735441.694,wrist_roll,-0.520,-0.835,-0.520,0.315,0.315,0
1787735441.694,gripper,31.565,37.021,31.565,-5.456,-5.456,0
1787735441.744,shoulder_pan,9.392,9.714,9.392,-0.323,-0.323,0
1787735441.744,shoulder_lift,51.970,58.198,51.970,-6.227,-6.227,0
1787735441.744,elbow_flex,16.759,18.945,16.759,-2.186,-2.186,0
1787735441.744,wrist_flex,-67.506,-68.176,-67.506,0.670,0.670,0
1787735441.744,wrist_roll,-0.425,-0.835,-0.425,0.410,0.410,0
1787735441.744,gripper,31.904,37.021,31.904,-5.116,-5.116,0
1787735441.794,shoulder_pan,9.384,9.714,9.384,-0.330,-0.330,0
1787735441.794,shoulder_lift,51.650,58.198,51.650,-6.548,-6.548,0
1787735441.794,elbow_flex,16.630,18.945,16.630,-2.315,-2.315,0
1787735441.794,wrist_flex,-67.383,-68.088,-67.383,0.705,0.705,0
1787735441.794,wrist_roll,-0.341,-0.835,-0.341,0.494,0.494,0
1787735441.794,gripper,31.887,37.021,31.887,-5.134,-5.134,0
1787735441.844,shoulder_pan,9.348,9.714,9.348,-0.366,-0.366,0
1787735441.844,shoulder_lift,51.392,58.110,51.392,-6.717,-6.717,0
1787735441.844,elbow_flex,15.858,18.945,15.858,-3.087,-3.087,0
1787735441.844,wrist_flex,-66.571,-67.736,-66.571,1.166,1.166,0
1787735441.844,wrist_roll,-0.236,-0.835,-0.236,0.600,0.600,0
1787735441.844,gripper,32.125,37.021,32.125,-4.896,-4.896,0
1787735441.894,shoulder_pan,9.337,9.714,9.337,-0.377,-0.377,0
1787735441.894,shoulder_lift,50.762,57.758,50.762,-6.996,-6.996,0
1787735441.894,elbow_flex,15.656,18.857,15.656,-3.201,-3.201,0
1787735441.894,wrist_flex,-65.951,-67.297,-65.951,1.345,1.345,0
1787735441.894,wrist_roll,-0.128,-0.835,-0.128,0.707,0.707,0
1787735441.894,gripper,32.680,37.021,32.680,-4.340,-4.340,0
1787735441.945,shoulder_pan,9.730,9.714,9.730,0.015,0.015,0
1787735441.945,shoulder_lift,52.242,57.582,52.242,-5.340,-5.340,0
1787735441.945,elbow_flex,14.631,18.418,14.631,-3.787,-3.787,0
1787735441.945,wrist_flex,-66.424,-66.681,-66.424,0.257,0.257,0
1787735441.945,wrist_roll,-0.488,-0.747,-0.488,0.259,0.259,0
1787735441.945,gripper,32.304,37.021,32.304,-4.717,-4.717,0
1787735441.995,shoulder_pan,10.437,9.714,10.437,0.722,0.722,0
1787735441.995,shoulder_lift,54.304,57.407,54.304,-3.103,-3.103,0
1787735441.995,elbow_flex,13.890,17.890,13.890,-4.000,-4.000,0
1787735441.995,wrist_flex,-68.244,-66.505,-68.244,-1.738,-1.738,0
1787735441.995,wrist_roll,-1.067,-0.659,-1.067,-0.408,-0.408,0
1787735441.995,gripper,31.477,37.021,31.477,-5.544,-5.544,0
1787735442.045,shoulder_pan,10.490,9.714,10.490,0.776,0.776,0
1787735442.045,shoulder_lift,54.503,57.407,54.503,-2.904,-2.904,0
1787735442.045,elbow_flex,13.653,17.099,13.653,-3.446,-3.446,0
1787735442.045,wrist_flex,-68.139,-66.681,-68.139,-1.458,-1.458,0
1787735442.045,wrist_roll,-1.040,-0.659,-1.040,-0.381,-0.381,0
1787735442.045,gripper,31.216,37.021,31.216,-5.805,-5.805,0
1787735442.096,shoulder_pan,10.599,9.802,10.599,0.797,0.797,0
1787735442.096,shoulder_lift,54.682,57.407,54.682,-2.724,-2.724,0
1787735442.096,elbow_flex,13.428,16.571,13.428,-3.144,-3.144,0
1787735442.096,wrist_flex,-68.259,-66.769,-68.259,-1.490,-1.490,0
1787735442.096,wrist_roll,-1.024,-0.835,-1.024,-0.189,-0.189,0
1787735442.096,gripper,31.206,37.021,31.206,-5.814,-5.814,0
1787735442.144,shoulder_pan,10.559,10.066,10.559,0.493,0.493,0
1787735442.144,shoulder_lift,55.094,57.407,55.094,-2.312,-2.312,0
1787735442.144,elbow_flex,13.231,16.220,13.231,-2.988,-2.988,0
1787735442.144,wrist_flex,-67.757,-66.769,-67.757,-0.987,-0.987,0
1787735442.144,wrist_roll,-1.040,-0.923,-1.040,-0.117,-0.117,0
1787735442.144,gripper,31.312,37.021,31.312,-5.709,-5.709,0
1787735442.195,shoulder_pan,10.530,10.242,10.530,0.288,0.288,0
1787735442.195,shoulder_lift,55.599,57.407,55.599,-1.807,-1.807,0
1787735442.195,elbow_flex,12.963,15.956,12.963,-2.993,-2.993,0
1787735442.195,wrist_flex,-67.887,-66.769,-67.887,-1.118,-1.118,0
1787735442.195,wrist_roll,-1.024,-0.923,-1.024,-0.101,-0.101,0
1787735442.195,gripper,31.179,37.021,31.179,-5.842,-5.842,0
1787735442.245,shoulder_pan,10.578,10.242,10.578,0.336,0.336,0
1787735442.245,shoulder_lift,56.295,57.407,56.295,-1.112,-1.112,0
1787735442.245,elbow_flex,12.386,15.604,12.386,-3.218,-3.218,0
1787735442.245,wrist_flex,-68.665,-66.769,-68.665,-1.895,-1.895,0
1787735442.245,wrist_roll,-0.997,-0.923,-0.997,-0.074,-0.074,0
1787735442.245,gripper,31.175,37.021,31.175,-5.846,-5.846,0
1787735442.295,shoulder_pan,10.547,10.242,10.547,0.305,0.305,0
1787735442.295,shoulder_lift,56.384,57.407,56.384,-1.022,-1.022,0
1787735442.295,elbow_flex,12.137,15.341,12.137,-3.204,-3.204,0
1787735442.295,wrist_flex,-68.289,-66.857,-68.289,-1.432,-1.432,0
1787735442.295,wrist_roll,-1.029,-0.923,-1.029,-0.106,-0.106,0
1787735442.295,gripper,31.103,37.021,31.103,-5.918,-5.918,0
1787735442.346,shoulder_pan,10.608,10.242,10.608,0.366,0.366,0
1787735442.346,shoulder_lift,56.512,57.407,56.512,-0.895,-0.895,0
1787735442.346,elbow_flex,11.759,15.077,11.759,-3.318,-3.318,0
1787735442.346,wrist_flex,-68.291,-66.945,-68.291,-1.346,-1.346,0
1787735442.346,wrist_roll,-1.042,-0.923,-1.042,-0.119,-0.119,0
1787735442.346,gripper,31.086,37.021,31.086,-5.935,-5.935,0
1787735442.395,shoulder_pan,10.552,10.242,10.552,0.311,0.311,0
1787735442.395,shoulder_lift,56.500,57.407,56.500,-0.907,-0.907,0
1787735442.395,elbow_flex,11.696,14.813,11.696,-3.117,-3.117,0
1787735442.395,wrist_flex,-68.877,-66.945,-68.877,-1.932,-1.932,0
1787735442.395,wrist_roll,-1.049,-0.923,-1.049,-0.126,-0.126,0
1787735442.395,gripper,30.872,37.021,30.872,-6.149,-6.149,0
1787735442.445,shoulder_pan,10.722,10.242,10.722,0.480,0.480,0
1787735442.445,shoulder_lift,57.057,57.407,57.057,-0.350,-0.350,0
1787735442.445,elbow_flex,11.479,14.549,11.479,-3.070,-3.070,0
1787735442.445,wrist_flex,-69.336,-67.033,-69.336,-2.303,-2.303,0
1787735442.445,wrist_roll,-1.023,-0.923,-1.023,-0.100,-0.100,0
1787735442.445,gripper,30.824,37.021,30.824,-6.197,-6.197,0
1787735442.495,shoulder_pan,10.730,10.242,10.730,0.488,0.488,0
1787735442.495,shoulder_lift,57.069,57.582,57.069,-0.513,-0.513,0
1787735442.495,elbow_flex,11.505,14.198,11.505,-2.693,-2.693,0
1787735442.495,wrist_flex,-69.133,-67.297,-69.133,-1.836,-1.836,0
1787735442.495,wrist_roll,-1.027,-0.923,-1.027,-0.104,-0.104,0
1787735442.495,gripper,30.749,37.021,30.749,-6.272,-6.272,0
1787735442.545,shoulder_pan,10.695,10.242,10.695,0.453,0.453,0
1787735442.545,shoulder_lift,57.289,57.934,57.289,-0.645,-0.645,0
1787735442.545,elbow_flex,11.308,14.022,11.308,-2.714,-2.714,0
1787735442.545,wrist_flex,-69.501,-67.473,-69.501,-2.028,-2.028,0
1787735442.545,wrist_roll,-1.051,-0.923,-1.051,-0.128,-0.128,0
1787735442.545,gripper,30.726,37.021,30.726,-6.295,-6.295,0
1787735442.595,shoulder_pan,10.740,10.242,10.740,0.499,0.499,0
1787735442.595,shoulder_lift,57.445,58.110,57.445,-0.665,-0.665,0
1787735442.595,elbow_flex,11.038,14.022,11.038,-2.984,-2.984,0
1787735442.595,wrist_flex,-69.641,-67.824,-69.641,-1.817,-1.817,0
1787735442.595,wrist_roll,-1.063,-0.923,-1.063,-0.140,-0.140,0
1787735442.595,gripper,30.569,37.021,30.569,-6.452,-6.452,0
1787735442.645,shoulder_pan,10.937,10.242,10.937,0.696,0.696,0
1787735442.645,shoulder_lift,57.414,58.110,57.414,-0.696,-0.696,0
1787735442.645,elbow_flex,10.582,13.934,10.582,-3.352,-3.352,0
1787735442.645,wrist_flex,-69.319,-68.000,-69.319,-1.319,-1.319,0
1787735442.645,wrist_roll,-1.049,-0.923,-1.049,-0.126,-0.126,0
1787735442.645,gripper,30.439,37.021,30.439,-6.582,-6.582,0
1787735442.696,shoulder_pan,10.952,10.242,10.952,0.710,0.710,0
1787735442.696,shoulder_lift,57.404,58.110,57.404,-0.706,-0.706,0
1787735442.696,elbow_flex,10.114,13.582,10.114,-3.468,-3.468,0
1787735442.696,wrist_flex,-69.235,-68.000,-69.235,-1.235,-1.235,0
1787735442.696,wrist_roll,-1.065,-0.923,-1.065,-0.142,-0.142,0
1787735442.696,gripper,30.415,37.021,30.415,-6.606,-6.606,0
1787735442.746,shoulder_pan,10.959,10.242,10.959,0.717,0.717,0
1787735442.746,shoulder_lift,57.260,58.110,57.260,-0.850,-0.850,0
1787735442.746,elbow_flex,10.202,13.143,10.202,-2.941,-2.941,0
1787735442.746,wrist_flex,-69.012,-68.000,-69.012,-1.012,-1.012,0
1787735442.746,wrist_roll,-1.045,-0.923,-1.045,-0.122,-0.122,0
1787735442.746,gripper,30.164,37.021,30.164,-6.857,-6.857,0
1787735442.795,shoulder_pan,10.972,10.242,10.972,0.730,0.730,0
1787735442.795,shoulder_lift,57.679,58.110,57.679,-0.431,-0.431,0
1787735442.795,elbow_flex,10.000,12.879,10.000,-2.880,-2.880,0
1787735442.795,wrist_flex,-69.321,-68.000,-69.321,-1.321,-1.321,0
1787735442.795,wrist_roll,-1.039,-0.923,-1.039,-0.116,-0.116,0
1787735442.795,gripper,30.142,37.021,30.142,-6.879,-6.879,0
1787735442.846,shoulder_pan,10.947,10.242,10.947,0.706,0.706,0
1787735442.846,shoulder_lift,57.372,58.286,57.372,-0.914,-0.914,0
1787735442.846,elbow_flex,9.838,12.791,9.838,-2.953,-2.953,0
1787735442.846,wrist_flex,-69.267,-68.000,-69.267,-1.267,-1.267,0
1787735442.846,wrist_roll,-1.057,-0.923,-1.057,-0.134,-0.134,0
1787735442.846,gripper,30.298,37.021,30.298,-6.723,-6.723,0
1787735442.896,shoulder_pan,11.643,10.242,11.643,1.401,1.401,0
1787735442.896,shoulder_lift,57.243,58.549,57.243,-1.306,-1.306,0
1787735442.896,elbow_flex,9.330,12.527,9.330,-3.197,-3.197,0
1787735442.896,wrist_flex,-69.621,-68.000,-69.621,-1.621,-1.621,0
1787735442.896,wrist_roll,-1.078,-0.923,-1.078,-0.155,-0.155,0
1787735442.896,gripper,29.803,37.021,29.803,-7.218,-7.218,0
1787735442.946,shoulder_pan,12.424,10.330,12.424,2.094,2.094,0
1787735442.946,shoulder_lift,56.842,58.549,56.842,-1.707,-1.707,0
1787735442.946,elbow_flex,8.871,12.440,8.871,-3.568,-3.568,0
1787735442.946,wrist_flex,-70.107,-68.000,-70.107,-2.107,-2.107,0
1787735442.946,wrist_roll,-1.088,-0.923,-1.088,-0.164,-0.164,0
1787735442.946,gripper,29.239,37.021,29.239,-7.781,-7.781,0
1787735442.996,shoulder_pan,12.474,10.769,12.474,1.705,1.705,0
1787735442.996,shoulder_lift,56.635,58.549,56.635,-1.915,-1.915,0
1787735442.996,elbow_flex,8.975,12.176,8.975,-3.201,-3.201,0
1787735442.996,wrist_flex,-70.603,-68.176,-70.603,-2.427,-2.427,0
1787735442.996,wrist_roll,-1.079,-0.923,-1.079,-0.156,-0.156,0
1787735442.996,gripper,29.020,37.021,29.020,-8.000,-8.000,0
1787735443.047,shoulder_pan,12.528,11.297,12.528,1.231,1.231,0
1787735443.047,shoulder_lift,56.686,58.549,56.686,-1.864,-1.864,0
1787735443.047,elbow_flex,9.224,11.824,9.224,-2.600,-2.600,0
1787735443.047,wrist_flex,-70.675,-68.527,-70.675,-2.147,-2.147,0
1787735443.047,wrist_roll,-1.097,-0.923,-1.097,-0.174,-0.174,0
1787735443.047,gripper,28.837,37.021,28.837,-8.183,-8.183,0
1787735443.096,shoulder_pan,12.485,11.736,12.485,0.749,0.749,0
1787735443.096,shoulder_lift,56.828,58.549,56.828,-1.722,-1.722,0
1787735443.096,elbow_flex,8.834,11.736,8.834,-2.902,-2.902,0
1787735443.096,wrist_flex,-70.185,-68.967,-70.185,-1.218,-1.218,0
1787735443.096,wrist_roll,-1.116,-0.923,-1.116,-0.193,-0.193,0
1787735443.096,gripper,28.784,37.021,28.784,-8.237,-8.237,0
1787735443.146,shoulder_pan,12.545,11.912,12.545,0.633,0.633,0
1787735443.146,shoulder_lift,57.015,58.549,57.015,-1.534,-1.534,0
1787735443.146,elbow_flex,8.834,11.736,8.834,-2.902,-2.902,0
1787735443.146,wrist_flex,-70.607,-69.055,-70.607,-1.552,-1.552,0
1787735443.146,wrist_roll,-1.086,-0.923,-1.086,-0.163,-0.163,0
1787735443.146,gripper,28.557,37.021,28.557,-8.464,-8.464,0
1787735443.197,shoulder_pan,12.533,12.000,12.533,0.533,0.533,0
1787735443.197,shoulder_lift,57.335,58.549,57.335,-1.214,-1.214,0
1787735443.197,elbow_flex,8.559,11.736,8.559,-3.178,-3.178,0
1787735443.197,wrist_flex,-70.392,-69.055,-70.392,-1.337,-1.337,0
1787735443.197,wrist_roll,-1.088,-0.923,-1.088,-0.165,-0.165,0
1787735443.197,gripper,28.481,37.021,28.481,-8.540,-8.540,0
1787735443.246,shoulder_pan,12.544,12.000,12.544,0.544,0.544,0
1787735443.246,shoulder_lift,57.063,58.549,57.063,-1.486,-1.486,0
1787735443.246,elbow_flex,8.459,11.648,8.459,-3.189,-3.189,0
1787735443.246,wrist_flex,-70.672,-69.055,-70.672,-1.617,-1.617,0
1787735443.246,wrist_roll,-1.084,-0.923,-1.084,-0.161,-0.161,0
1787735443.246,gripper,28.794,37.021,28.794,-8.227,-8.227,0
1787735443.297,shoulder_pan,12.601,12.088,12.601,0.514,0.514,0
1787735443.297,shoulder_lift,57.423,58.549,57.423,-1.127,-1.127,0
1787735443.297,elbow_flex,8.284,11.297,8.284,-3.012,-3.012,0
1787735443.297,wrist_flex,-71.224,-69.055,-71.224,-2.169,-2.169,0
1787735443.297,wrist_roll,-1.048,-0.923,-1.048,-0.125,-0.125,0
1787735443.297,gripper,28.602,37.021,28.602,-8.418,-8.418,0
1787735443.347,shoulder_pan,12.466,12.088,12.466,0.378,0.378,0
1787735443.347,shoulder_lift,57.649,58.549,57.649,-0.901,-0.901,0
1787735443.347,elbow_flex,8.108,11.297,8.108,-3.189,-3.189,0
1787735443.347,wrist_flex,-70.917,-69.231,-70.917,-1.686,-1.686,0
1787735443.347,wrist_roll,-1.083,-0.923,-1.083,-0.159,-0.159,0
1787735443.347,gripper,28.449,37.021,28.449,-8.572,-8.572,0
1787735443.397,shoulder_pan,12.541,12.088,12.541,0.453,0.453,0
1787735443.397,shoulder_lift,57.327,58.549,57.327,-1.223,-1.223,0
1787735443.397,elbow_flex,8.280,11.297,8.280,-3.017,-3.017,0
1787735443.397,wrist_flex,-70.847,-69.407,-70.847,-1.441,-1.441,0
1787735443.397,wrist_roll,-1.069,-0.923,-1.069,-0.146,-0.146,0
1787735443.397,gripper,28.374,37.021,28.374,-8.647,-8.647,0
1787735443.446,shoulder_pan,12.549,12.088,12.549,0.461,0.461,0
1787735443.446,shoulder_lift,57.438,58.549,57.438,-1.112,-1.112,0
1787735443.446,elbow_flex,8.118,11.297,8.118,-3.179,-3.179,0
1787735443.446,wrist_flex,-70.847,-69.407,-70.847,-1.440,-1.440,0
1787735443.446,wrist_roll,-1.079,-0.923,-1.079,-0.156,-0.156,0
1787735443.446,gripper,28.254,37.021,28.254,-8.767,-8.767,0
1787735443.496,shoulder_pan,12.598,12.088,12.598,0.510,0.510,0
1787735443.496,shoulder_lift,57.523,58.549,57.523,-1.026,-1.026,0
1787735443.496,elbow_flex,7.897,11.297,7.897,-3.399,-3.399,0
1787735443.496,wrist_flex,-71.367,-69.407,-71.367,-1.960,-1.960,0
1787735443.496,wrist_roll,-1.044,-0.923,-1.044,-0.121,-0.121,0
1787735443.496,gripper,28.127,37.021,28.127,-8.894,-8.894,0
1787735443.546,shoulder_pan,12.589,12.088,12.589,0.501,0.501,0
1787735443.546,shoulder_lift,57.836,58.549,57.836,-0.714,-0.714,0
1787735443.546,elbow_flex,7.894,11.297,7.894,-3.403,-3.403,0
1787735443.546,wrist_flex,-71.374,-69.495,-71.374,-1.880,-1.880,0
1787735443.546,wrist_roll,-1.054,-0.923,-1.054,-0.131,-0.131,0
1787735443.546,gripper,28.084,37.021,28.084,-8.937,-8.937,0
1787735443.596,shoulder_pan,12.645,12.088,12.645,0.558,0.558,0
1787735443.596,shoulder_lift,56.928,58.549,56.928,-1.622,-1.622,0
1787735443.596,elbow_flex,7.888,11.297,7.888,-3.408,-3.408,0
1787735443.596,wrist_flex,-70.895,-69.758,-70.895,-1.137,-1.137,0
1787735443.596,wrist_roll,-1.063,-0.923,-1.063,-0.140,-0.140,0
1787735443.596,gripper,28.445,37.021,28.445,-8.575,-8.575,0
1787735443.648,shoulder_pan,12.616,12.088,12.616,0.528,0.528,0
1787735443.648,shoulder_lift,58.148,58.549,58.148,-0.401,-0.401,0
1787735443.648,elbow_flex,8.032,11.297,8.032,-3.265,-3.265,0
1787735443.648,wrist_flex,-71.422,-69.758,-71.422,-1.664,-1.664,0
1787735443.648,wrist_roll,-1.030,-0.923,-1.030,-0.107,-0.107,0
1787735443.648,gripper,28.392,37.021,28.392,-8.629,-8.629,0
1787735443.697,shoulder_pan,12.587,12.088,12.587,0.499,0.499,0
1787735443.697,shoulder_lift,58.121,58.637,58.121,-0.516,-0.516,0
1787735443.697,elbow_flex,8.154,11.297,8.154,-3.143,-3.143,0
1787735443.697,wrist_flex,-71.115,-69.758,-71.115,-1.356,-1.356,0
1787735443.697,wrist_roll,-1.029,-0.923,-1.029,-0.106,-0.106,0
1787735443.697,gripper,28.225,37.021,28.225,-8.796,-8.796,0
1787735443.748,shoulder_pan,12.558,12.088,12.558,0.470,0.470,0
1787735443.748,shoulder_lift,58.216,58.989,58.216,-0.773,-0.773,0
1787735443.748,elbow_flex,7.972,11.297,7.972,-3.325,-3.325,0
1787735443.748,wrist_flex,-71.511,-69.758,-71.511,-1.753,-1.753,0
1787735443.748,wrist_roll,-1.044,-0.923,-1.044,-0.121,-0.121,0
1787735443.748,gripper,28.120,37.021,28.120,-8.901,-8.901,0
1787735443.797,shoulder_pan,12.585,12.088,12.585,0.497,0.497,0
1787735443.797,shoulder_lift,58.566,59.077,58.566,-0.511,-0.511,0
1787735443.797,elbow_flex,7.891,11.297,7.891,-3.406,-3.406,0
1787735443.797,wrist_flex,-71.336,-69.758,-71.336,-1.578,-1.578,0
1787735443.797,wrist_roll,-1.018,-0.923,-1.018,-0.095,-0.095,0
1787735443.797,gripper,27.835,37.021,27.835,-9.186,-9.186,0
1787735443.848,shoulder_pan,12.651,12.088,12.651,0.563,0.563,0
1787735443.848,shoulder_lift,58.880,59.077,58.880,-0.197,-0.197,0
1787735443.848,elbow_flex,7.804,11.297,7.804,-3.493,-3.493,0
1787735443.848,wrist_flex,-71.269,-69.758,-71.269,-1.511,-1.511,0
1787735443.848,wrist_roll,-1.018,-0.923,-1.018,-0.095,-0.095,0
1787735443.848,gripper,27.610,37.021,27.610,-9.411,-9.411,0
1787735443.898,shoulder_pan,12.773,12.088,12.773,0.685,0.685,0
1787735443.898,shoulder_lift,60.831,59.253,60.831,1.578,1.578,0
1787735443.898,elbow_flex,10.077,11.033,10.077,-0.956,-0.956,0
1787735443.898,wrist_flex,-69.724,-69.758,-69.724,0.034,0.034,0
1787735443.898,wrist_roll,-0.923,-0.923,-0.923,0.000,0.000,0
1787735443.898,gripper,27.700,37.021,27.700,-9.321,-9.321,0
1787735443.948,shoulder_pan,12.907,12.088,12.907,0.819,0.819,0
1787735443.948,shoulder_lift,62.920,60.132,62.920,2.788,2.788,0
1787735443.948,elbow_flex,12.429,10.857,12.429,1.572,1.572,0
1787735443.948,wrist_flex,-68.762,-69.758,-68.762,0.996,0.996,0
1787735443.948,wrist_roll,-0.822,-0.923,-0.822,0.101,0.101,0
1787735443.948,gripper,27.083,37.021,27.083,-9.938,-9.938,0
1787735443.998,shoulder_pan,12.985,12.176,12.985,0.809,0.809,0
1787735443.998,shoulder_lift,62.907,61.714,62.907,1.193,1.193,0
1787735443.998,elbow_flex,12.562,11.209,12.562,1.353,1.353,0
1787735443.998,wrist_flex,-68.782,-69.407,-68.782,0.625,0.625,0
1787735443.998,wrist_roll,-0.809,-0.923,-0.809,0.114,0.114,0
1787735443.998,gripper,27.208,37.021,27.208,-9.813,-9.813,0
1787735444.047,shoulder_pan,12.829,12.352,12.829,0.478,0.478,0
1787735444.047,shoulder_lift,62.708,62.857,62.708,-0.149,-0.149,0
1787735444.047,elbow_flex,12.427,11.824,12.427,0.603,0.603,0
1787735444.047,wrist_flex,-68.308,-69.143,-68.308,0.835,0.835,0
1787735444.047,wrist_roll,-0.850,-0.923,-0.850,0.073,0.073,0
1787735444.047,gripper,27.298,37.021,27.298,-9.723,-9.723,0
1787735444.098,shoulder_pan,12.904,12.352,12.904,0.552,0.552,0
1787735444.098,shoulder_lift,62.677,63.121,62.677,-0.444,-0.444,0
1787735444.098,elbow_flex,12.805,11.824,12.805,0.981,0.981,0
1787735444.098,wrist_flex,-68.331,-69.231,-68.331,0.900,0.900,0
1787735444.098,wrist_roll,-0.830,-0.923,-0.830,0.093,0.093,0
1787735444.098,gripper,27.207,37.021,27.207,-9.814,-9.814,0
1787735444.148,shoulder_pan,12.780,12.352,12.780,0.429,0.429,0
1787735444.148,shoulder_lift,63.338,63.121,63.338,0.218,0.218,0
1787735444.148,elbow_flex,13.056,11.912,13.056,1.144,1.144,0
1787735444.148,wrist_flex,-68.767,-69.143,-68.767,0.376,0.376,0
1787735444.148,wrist_roll,-0.801,-0.923,-0.801,0.122,0.122,0
1787735444.148,gripper,27.291,37.021,27.291,-9.730,-9.730,0
1787735444.198,shoulder_pan,12.780,12.352,12.780,0.428,0.428,0
1787735444.198,shoulder_lift,62.856,63.121,62.856,-0.265,-0.265,0
1787735444.198,elbow_flex,13.023,12.176,13.023,0.848,0.848,0
1787735444.198,wrist_flex,-68.096,-69.055,-68.096,0.959,0.959,0
1787735444.198,wrist_roll,-0.823,-0.923,-0.823,0.100,0.100,0
1787735444.198,gripper,27.449,37.021,27.449,-9.572,-9.572,0
1787735444.248,shoulder_pan,12.818,12.352,12.818,0.467,0.467,0
1787735444.248,shoulder_lift,63.071,63.121,63.071,-0.050,-0.050,0
1787735444.248,elbow_flex,13.132,12.264,13.132,0.868,0.868,0
1787735444.248,wrist_flex,-68.134,-69.055,-68.134,0.921,0.921,0
1787735444.248,wrist_roll,-0.810,-0.923,-0.810,0.113,0.113,0
1787735444.248,gripper,27.722,37.021,27.722,-9.299,-9.299,0
1787735444.298,shoulder_pan,12.789,12.352,12.789,0.438,0.438,0
1787735444.298,shoulder_lift,62.675,63.121,62.675,-0.446,-0.446,0
1787735444.298,elbow_flex,13.312,12.264,13.312,1.049,1.049,0
1787735444.298,wrist_flex,-68.199,-69.055,-68.199,0.856,0.856,0
1787735444.298,wrist_roll,-0.800,-0.923,-0.800,0.123,0.123,0
1787735444.298,gripper,27.450,37.021,27.450,-9.571,-9.571,0
1787735444.349,shoulder_pan,12.787,12.352,12.787,0.435,0.435,0
1787735444.349,shoulder_lift,62.916,63.121,62.916,-0.205,-0.205,0
1787735444.349,elbow_flex,13.309,12.264,13.309,1.046,1.046,0
1787735444.349,wrist_flex,-67.805,-69.055,-67.805,1.250,1.250,0
1787735444.349,wrist_roll,-0.836,-0.923,-0.836,0.087,0.087,0
1787735444.349,gripper,27.305,37.021,27.305,-9.716,-9.716,0
1787735444.398,shoulder_pan,12.750,12.352,12.750,0.398,0.398,0
1787735444.398,shoulder_lift,62.612,63.121,62.612,-0.509,-0.509,0
1787735444.398,elbow_flex,13.407,12.264,13.407,1.143,1.143,0
1787735444.398,wrist_flex,-67.560,-69.055,-67.560,1.495,1.495,0
1787735444.398,wrist_roll,-0.841,-0.923,-0.841,0.082,0.082,0
1787735444.398,gripper,27.208,37.021,27.208,-9.813,-9.813,0
1787735444.448,shoulder_pan,12.865,12.352,12.865,0.513,0.513,0
1787735444.448,shoulder_lift,62.641,63.121,62.641,-0.480,-0.480,0
1787735444.448,elbow_flex,13.081,12.264,13.081,0.818,0.818,0
1787735444.448,wrist_flex,-67.563,-68.703,-67.563,1.141,1.141,0
1787735444.448,wrist_roll,-0.853,-0.923,-0.853,0.070,0.070,0
1787735444.448,gripper,26.949,37.021,26.949,-10.072,-10.072,0
1787735444.498,shoulder_pan,12.784,12.352,12.784,0.433,0.433,0
1787735444.498,shoulder_lift,63.303,63.033,63.303,0.270,0.270,0
1787735444.498,elbow_flex,13.089,12.352,13.089,0.738,0.738,0
1787735444.498,wrist_flex,-67.651,-68.615,-67.651,0.964,0.964,0
1787735444.498,wrist_roll,-0.849,-0.923,-0.849,0.074,0.074,0
1787735444.498,gripper,26.796,37.021,26.796,-10.225,-10.225,0
1787735444.548,shoulder_pan,12.815,12.352,12.815,0.463,0.463,0
1787735444.548,shoulder_lift,63.204,63.033,63.204,0.171,0.171,0
1787735444.548,elbow_flex,13.026,12.352,13.026,0.674,0.674,0
1787735444.548,wrist_flex,-67.364,-68.615,-67.364,1.251,1.251,0
1787735444.548,wrist_roll,-0.859,-0.923,-0.859,0.064,0.064,0
1787735444.548,gripper,26.840,37.021,26.840,-10.181,-10.181,0
1787735444.598,shoulder_pan,12.805,12.352,12.805,0.453,0.453,0
1787735444.598,shoulder_lift,63.474,63.033,63.474,0.441,0.441,0
1787735444.598,elbow_flex,13.071,12.352,13.071,0.720,0.720,0
1787735444.598,wrist_flex,-67.428,-68.615,-67.428,1.187,1.187,0
1787735444.598,wrist_roll,-0.834,-0.923,-0.834,0.089,0.089,0
1787735444.598,gripper,26.910,37.021,26.910,-10.111,-10.111,0
1787735444.648,shoulder_pan,12.672,12.352,12.672,0.320,0.320,0
1787735444.648,shoulder_lift,63.348,63.033,63.348,0.315,0.315,0
1787735444.648,elbow_flex,12.907,12.352,12.907,0.555,0.555,0
1787735444.648,wrist_flex,-67.329,-68.615,-67.329,1.286,1.286,0
1787735444.648,wrist_roll,-0.870,-0.923,-0.870,0.053,0.053,0
1787735444.648,gripper,26.906,37.021,26.906,-10.115,-10.115,0
1787735444.699,shoulder_pan,12.590,12.352,12.590,0.239,0.239,0
1787735444.699,shoulder_lift,64.069,63.033,64.069,1.036,1.036,0
1787735444.699,elbow_flex,12.572,12.352,12.572,0.220,0.220,0
1787735444.699,wrist_flex,-66.834,-68.527,-66.834,1.693,1.693,0
1787735444.699,wrist_roll,-0.877,-0.923,-0.877,0.046,0.046,0
1787735444.699,gripper,26.935,37.021,26.935,-10.086,-10.086,0
1787735444.748,shoulder_pan,12.630,12.352,12.630,0.278,0.278,0
1787735444.748,shoulder_lift,64.874,63.121,64.874,1.754,1.754,0
1787735444.748,elbow_flex,12.694,12.352,12.694,0.342,0.342,0
1787735444.748,wrist_flex,-66.940,-68.264,-66.940,1.324,1.324,0
1787735444.748,wrist_roll,-0.872,-0.923,-0.872,0.051,0.051,0
1787735444.748,gripper,26.739,37.021,26.739,-10.282,-10.282,0
1787735444.799,shoulder_pan,12.581,12.352,12.581,0.230,0.230,0
1787735444.799,shoulder_lift,64.944,63.209,64.944,1.735,1.735,0
1787735444.799,elbow_flex,12.355,12.352,12.355,0.004,0.004,0
1787735444.799,wrist_flex,-66.913,-68.088,-66.913,1.175,1.175,0
1787735444.799,wrist_roll,-0.886,-0.835,-0.886,-0.050,-0.050,0
1787735444.799,gripper,26.957,37.021,26.957,-10.064,-10.064,0
1787735444.849,shoulder_pan,11.920,12.352,11.920,-0.432,-0.432,0
1787735444.849,shoulder_lift,64.312,63.648,64.312,0.664,0.664,0
1787735444.849,elbow_flex,10.818,12.352,10.818,-1.534,-1.534,0
1787735444.849,wrist_flex,-65.652,-68.088,-65.652,2.436,2.436,0
1787735444.849,wrist_roll,-0.882,-0.835,-0.882,-0.047,-0.047,0
1787735444.849,gripper,27.212,37.021,27.212,-9.809,-9.809,0
1787735444.899,shoulder_pan,11.011,12.352,11.011,-1.340,-1.340,0
1787735444.899,shoulder_lift,64.285,63.824,64.285,0.461,0.461,0
1787735444.899,elbow_flex,8.763,12.088,8.763,-3.325,-3.325,0
1787735444.899,wrist_flex,-64.992,-67.824,-64.992,2.832,2.832,0
1787735444.899,wrist_roll,-0.869,-0.835,-0.869,-0.034,-0.034,0
1787735444.899,gripper,27.568,37.021,27.568,-9.453,-9.453,0
1787735444.950,shoulder_pan,10.843,12.176,10.843,-1.332,-1.332,0
1787735444.950,shoulder_lift,64.766,64.000,64.766,0.766,0.766,0
1787735444.950,elbow_flex,8.353,11.033,8.353,-2.680,-2.680,0
1787735444.950,wrist_flex,-64.326,-67.121,-64.326,2.795,2.795,0
1787735444.950,wrist_roll,-0.876,-0.835,-0.876,-0.041,-0.041,0
1787735444.950,gripper,27.667,37.021,27.667,-9.354,-9.354,0
1787735444.999,shoulder_pan,10.756,11.912,10.756,-1.156,-1.156,0
1787735444.999,shoulder_lift,65.408,64.352,65.408,1.056,1.056,0
1787735444.999,elbow_flex,7.823,9.802,7.823,-1.979,-1.979,0
1787735444.999,wrist_flex,-64.513,-66.418,-64.513,1.905,1.905,0
1787735444.999,wrist_roll,-0.856,-0.835,-0.856,-0.021,-0.021,0
1787735444.999,gripper,27.825,37.021,27.825,-9.196,-9.196,0
1787735445.050,shoulder_pan,10.549,11.648,10.549,-1.099,-1.099,0
1787735445.050,shoulder_lift,65.907,64.527,65.907,1.379,1.379,0
1787735445.050,elbow_flex,7.500,8.923,7.500,-1.423,-1.423,0
1787735445.050,wrist_flex,-64.324,-65.978,-64.324,1.654,1.654,0
1787735445.050,wrist_roll,-0.875,-0.835,-0.875,-0.040,-0.040,0
1787735445.050,gripper,28.012,37.021,28.012,-9.009,-9.009,0
1787735445.099,shoulder_pan,10.356,11.385,10.356,-1.029,-1.029,0
1787735445.099,shoulder_lift,67.468,64.791,67.468,2.676,2.676,0
1787735445.099,elbow_flex,6.992,8.396,6.992,-1.404,-1.404,0
1787735445.099,wrist_flex,-64.202,-65.714,-64.202,1.512,1.512,0
1787735445.099,wrist_roll,-0.875,-0.835,-0.875,-0.039,-0.039,0
1787735445.099,gripper,28.043,37.021,28.043,-8.978,-8.978,0
1787735445.150,shoulder_pan,10.190,11.385,10.190,-1.194,-1.194,0
1787735445.150,shoulder_lift,67.402,65.055,67.402,2.347,2.347,0
1787735445.150,elbow_flex,6.637,7.780,6.637,-1.143,-1.143,0
1787735445.150,wrist_flex,-64.089,-65.451,-64.089,1.362,1.362,0
1787735445.150,wrist_roll,-0.895,-0.835,-0.895,-0.060,-0.060,0
1787735445.150,gripper,28.423,37.021,28.423,-8.598,-8.598,0
1787735445.199,shoulder_pan,9.863,11.209,9.863,-1.346,-1.346,0
1787735445.199,shoulder_lift,68.578,65.758,68.578,2.819,2.819,0
1787735445.199,elbow_flex,6.264,7.253,6.264,-0.988,-0.988,0
1787735445.199,wrist_flex,-63.744,-65.451,-63.744,1.706,1.706,0
1787735445.199,wrist_roll,-0.912,-0.835,-0.912,-0.077,-0.077,0
1787735445.199,gripper,28.336,37.021,28.336,-8.685,-8.685,0
1787735445.250,shoulder_pan,9.684,10.945,9.684,-1.261,-1.261,0
1787735445.250,shoulder_lift,68.710,66.462,68.710,2.248,2.248,0
1787735445.250,elbow_flex,6.403,6.725,6.403,-0.322,-0.322,0
1787735445.250,wrist_flex,-63.702,-65.363,-63.702,1.661,1.661,0
1787735445.250,wrist_roll,-0.921,-0.835,-0.921,-0.086,-0.086,0
1787735445.250,gripper,28.383,37.021,28.383,-8.638,-8.638,0
1787735445.300,shoulder_pan,9.616,10.681,9.616,-1.066,-1.066,0
1787735445.300,shoulder_lift,70.052,66.901,70.052,3.151,3.151,0
1787735445.300,elbow_flex,5.900,6.462,5.900,-0.562,-0.562,0
1787735445.300,wrist_flex,-63.676,-65.187,-63.676,1.510,1.510,0
1787735445.300,wrist_roll,-0.921,-0.835,-0.921,-0.086,-0.086,0
1787735445.300,gripper,28.306,37.021,28.306,-8.715,-8.715,0
1787735445.350,shoulder_pan,9.443,10.505,9.443,-1.063,-1.063,0
1787735445.350,shoulder_lift,69.792,67.341,69.792,2.451,2.451,0
1787735445.350,elbow_flex,5.776,6.110,5.776,-0.334,-0.334,0
1787735445.350,wrist_flex,-63.277,-65.187,-63.277,1.910,1.910,0
1787735445.350,wrist_roll,-0.937,-0.835,-0.937,-0.102,-0.102,0
1787735445.350,gripper,28.342,37.021,28.342,-8.679,-8.679,0
1787735445.399,shoulder_pan,9.273,10.505,9.273,-1.233,-1.233,0
1787735445.399,shoulder_lift,70.141,67.604,70.141,2.537,2.537,0
1787735445.399,elbow_flex,5.883,5.758,5.883,0.125,0.125,0
1787735445.399,wrist_flex,-63.587,-65.187,-63.587,1.600,1.600,0
1787735445.399,wrist_roll,-0.936,-0.835,-0.936,-0.101,-0.101,0
1787735445.399,gripper,28.247,37.021,28.247,-8.774,-8.774,0
1787735445.450,shoulder_pan,9.252,10.505,9.252,-1.253,-1.253,0
1787735445.450,shoulder_lift,70.197,67.692,70.197,2.505,2.505,0
1787735445.450,elbow_flex,6.009,5.670,6.009,0.339,0.339,0
1787735445.450,wrist_flex,-63.127,-65.011,-63.127,1.884,1.884,0
1787735445.450,wrist_roll,-0.941,-0.835,-0.941,-0.106,-0.106,0
1787735445.450,gripper,28.373,37.021,28.373,-8.648,-8.648,0
1787735445.500,shoulder_pan,9.234,10.505,9.234,-1.272,-1.272,0
1787735445.500,shoulder_lift,70.731,67.692,70.731,3.039,3.039,0
1787735445.500,elbow_flex,6.142,5.670,6.142,0.471,0.471,0
1787735445.500,wrist_flex,-63.151,-65.011,-63.151,1.860,1.860,0
1787735445.500,wrist_roll,-0.944,-0.835,-0.944,-0.109,-0.109,0
1787735445.500,gripper,28.233,37.021,28.233,-8.788,-8.788,0
1787735445.550,shoulder_pan,9.188,10.505,9.188,-1.318,-1.318,0
1787735445.550,shoulder_lift,70.326,67.692,70.326,2.634,2.634,0
1787735445.550,elbow_flex,6.414,5.670,6.414,0.744,0.744,0
1787735445.550,wrist_flex,-62.269,-65.011,-62.269,2.742,2.742,0
1787735445.550,wrist_roll,-0.970,-0.835,-0.970,-0.135,-0.135,0
1787735445.550,gripper,28.356,37.021,28.356,-8.665,-8.665,0
1787735445.601,shoulder_pan,9.158,10.505,9.158,-1.348,-1.348,0
1787735445.601,shoulder_lift,71.023,67.956,71.023,3.066,3.066,0
1787735445.601,elbow_flex,6.520,5.670,6.520,0.849,0.849,0
1787735445.601,wrist_flex,-62.279,-64.835,-62.279,2.556,2.556,0
1787735445.601,wrist_roll,-0.952,-0.835,-0.952,-0.117,-0.117,0
1787735445.601,gripper,28.307,37.021,28.307,-8.713,-8.713,0
1787735445.651,shoulder_pan,9.191,10.418,9.191,-1.227,-1.227,0
1787735445.651,shoulder_lift,70.143,67.956,70.143,2.187,2.187,0
1787735445.651,elbow_flex,6.595,5.670,6.595,0.925,0.925,0
1787735445.651,wrist_flex,-63.280,-64.396,-63.280,1.115,1.115,0
1787735445.651,wrist_roll,-0.931,-0.835,-0.931,-0.096,-0.096,0
1787735445.651,gripper,28.312,37.021,28.312,-8.709,-8.709,0
1787735445.701,shoulder_pan,9.115,10.418,9.115,-1.302,-1.302,0
1787735445.701,shoulder_lift,70.658,67.956,70.658,2.702,2.702,0
1787735445.701,elbow_flex,6.704,5.670,6.704,1.033,1.033,0
1787735445.701,wrist_flex,-62.739,-64.308,-62.739,1.568,1.568,0
1787735445.701,wrist_roll,-0.924,-0.835,-0.924,-0.089,-0.089,0
1787735445.701,gripper,28.418,37.021,28.418,-8.603,-8.603,0
1787735445.750,shoulder_pan,9.206,10.330,9.206,-1.124,-1.124,0
1787735445.750,shoulder_lift,70.617,67.956,70.617,2.660,2.660,0
1787735445.750,elbow_flex,6.867,5.670,6.867,1.196,1.196,0
1787735445.750,wrist_flex,-62.518,-64.220,-62.518,1.702,1.702,0
1787735445.750,wrist_roll,-0.941,-0.835,-0.941,-0.106,-0.106,0
1787735445.750,gripper,28.543,37.021,28.543,-8.478,-8.478,0
1787735445.801,shoulder_pan,9.396,10.330,9.396,-0.934,-0.934,0
1787735445.801,shoulder_lift,71.820,67.956,71.820,3.863,3.863,0
1787735445.801,elbow_flex,6.626,5.670,6.626,0.956,0.956,0
1787735445.801,wrist_flex,-62.681,-64.220,-62.681,1.538,1.538,0
1787735445.801,wrist_roll,-0.982,-0.835,-0.982,-0.146,-0.146,0
1787735445.801,gripper,28.981,37.021,28.981,-8.040,-8.040,0
1787735445.850,shoulder_pan,9.547,10.330,9.547,-0.783,-0.783,0
1787735445.850,shoulder_lift,73.238,68.044,73.238,5.194,5.194,0
1787735445.850,elbow_flex,6.531,5.670,6.531,0.861,0.861,0
1787735445.850,wrist_flex,-63.811,-64.220,-63.811,0.409,0.409,0
1787735445.850,wrist_roll,-1.044,-0.835,-1.044,-0.209,-0.209,0
1787735445.850,gripper,29.672,37.021,29.672,-7.349,-7.349,0
1787735445.901,shoulder_pan,9.663,10.242,9.663,-0.578,-0.578,0
1787735445.901,shoulder_lift,73.038,68.747,73.038,4.290,4.290,0
1787735445.901,elbow_flex,6.534,5.582,6.534,0.952,0.952,0
1787735445.901,wrist_flex,-63.489,-64.220,-63.489,0.731,0.731,0
1787735445.901,wrist_roll,-1.061,-0.835,-1.061,-0.225,-0.225,0
1787735445.901,gripper,29.950,37.021,29.950,-7.070,-7.070,0
1787735445.951,shoulder_pan,9.611,10.242,9.611,-0.631,-0.631,0
1787735445.951,shoulder_lift,73.378,69.011,73.378,4.367,4.367,0
1787735445.951,elbow_flex,6.231,5.582,6.231,0.649,0.649,0
1787735445.951,wrist_flex,-63.213,-64.220,-63.213,1.007,1.007,0
1787735445.951,wrist_roll,-1.114,-0.835,-1.114,-0.279,-0.279,0
1787735445.951,gripper,29.637,37.021,29.637,-7.384,-7.384,0
1787735446.001,shoulder_pan,9.670,10.242,9.670,-0.572,-0.572,0
1787735446.001,shoulder_lift,74.266,69.011,74.266,5.255,5.255,0
1787735446.001,elbow_flex,5.959,5.582,5.959,0.376,0.376,0
1787735446.001,wrist_flex,-63.383,-64.220,-63.383,0.836,0.836,0
1787735446.001,wrist_roll,-1.115,-0.835,-1.115,-0.280,-0.280,0
1787735446.001,gripper,29.350,37.021,29.350,-7.670,-7.670,0
1787735446.051,shoulder_pan,9.582,10.242,9.582,-0.660,-0.660,0
1787735446.051,shoulder_lift,75.420,69.187,75.420,6.233,6.233,0
1787735446.051,elbow_flex,5.551,5.582,5.551,-0.032,-0.032,0
1787735446.051,wrist_flex,-63.585,-64.220,-63.585,0.635,0.635,0
1787735446.051,wrist_roll,-1.122,-0.835,-1.122,-0.286,-0.286,0
1787735446.051,gripper,29.080,37.021,29.080,-7.940,-7.940,0
1787735446.101,shoulder_pan,9.543,10.242,9.543,-0.699,-0.699,0
1787735446.101,shoulder_lift,75.082,69.626,75.082,5.455,5.455,0
1787735446.101,elbow_flex,5.917,5.231,5.917,0.686,0.686,0
1787735446.101,wrist_flex,-63.473,-64.220,-63.473,0.746,0.746,0
1787735446.101,wrist_roll,-1.102,-0.835,-1.102,-0.267,-0.267,0
1787735446.101,gripper,29.348,37.021,29.348,-7.673,-7.673,0
1787735446.152,shoulder_pan,9.530,10.242,9.530,-0.712,-0.712,0
1787735446.152,shoulder_lift,75.830,69.802,75.830,6.028,6.028,0
1787735446.152,elbow_flex,5.963,5.143,5.963,0.820,0.820,0
1787735446.152,wrist_flex,-63.935,-64.220,-63.935,0.284,0.284,0
1787735446.152,wrist_roll,-1.078,-0.835,-1.078,-0.243,-0.243,0
1787735446.152,gripper,29.374,37.021,29.374,-7.647,-7.647,0
1787735446.201,shoulder_pan,9.549,10.242,9.549,-0.693,-0.693,0
1787735446.201,shoulder_lift,76.092,69.802,76.092,6.290,6.290,0
1787735446.201,elbow_flex,5.713,5.143,5.713,0.570,0.570,0
1787735446.201,wrist_flex,-63.746,-64.308,-63.746,0.561,0.561,0
1787735446.201,wrist_roll,-1.067,-0.835,-1.067,-0.232,-0.232,0
1787735446.201,gripper,29.022,37.021,29.022,-7.999,-7.999,0
1787735446.252,shoulder_pan,9.561,10.242,9.561,-0.681,-0.681,0
1787735446.252,shoulder_lift,76.491,69.802,76.491,6.689,6.689,0
1787735446.252,elbow_flex,5.742,5.143,5.742,0.599,0.599,0
1787735446.252,wrist_flex,-64.044,-64.308,-64.044,0.264,0.264,0
1787735446.252,wrist_roll,-1.072,-0.835,-1.072,-0.237,-0.237,0
1787735446.252,gripper,28.946,37.021,28.946,-8.075,-8.075,0
1787735446.302,shoulder_pan,9.554,10.242,9.554,-0.687,-0.687,0
1787735446.302,shoulder_lift,76.555,69.802,76.555,6.753,6.753,0
1787735446.302,elbow_flex,5.753,5.143,5.753,0.610,0.610,0
1787735446.302,wrist_flex,-64.237,-64.308,-64.237,0.071,0.071,0
1787735446.302,wrist_roll,-1.061,-0.835,-1.061,-0.226,-0.226,0
1787735446.302,gripper,28.610,37.021,28.610,-8.411,-8.411,0
1787735446.351,shoulder_pan,9.637,10.242,9.637,-0.605,-0.605,0
1787735446.351,shoulder_lift,76.948,69.802,76.948,7.145,7.145,0
1787735446.351,elbow_flex,5.668,5.143,5.668,0.525,0.525,0
1787735446.351,wrist_flex,-63.941,-64.308,-63.941,0.366,0.366,0
1787735446.351,wrist_roll,-1.064,-0.835,-1.064,-0.228,-0.228,0
1787735446.351,gripper,28.548,37.021,28.548,-8.473,-8.473,0
1787735446.401,shoulder_pan,9.643,10.242,9.643,-0.598,-0.598,0
1787735446.401,shoulder_lift,77.187,69.978,77.187,7.209,7.209,0
1787735446.401,elbow_flex,5.512,5.143,5.512,0.369,0.369,0
1787735446.401,wrist_flex,-64.166,-64.308,-64.166,0.142,0.142,0
1787735446.401,wrist_roll,-1.031,-0.835,-1.031,-0.196,-0.196,0
1787735446.401,gripper,28.055,37.021,28.055,-8.966,-8.966,0
1787735446.451,shoulder_pan,9.636,10.242,9.636,-0.606,-0.606,0
1787735446.451,shoulder_lift,77.254,70.330,77.254,6.925,6.925,0
1787735446.451,elbow_flex,5.843,5.143,5.843,0.700,0.700,0
1787735446.451,wrist_flex,-63.278,-64.396,-63.278,1.118,1.118,0
1787735446.451,wrist_roll,-1.067,-0.835,-1.067,-0.232,-0.232,0
1787735446.451,gripper,28.274,37.021,28.274,-8.747,-8.747,0
1787735446.501,shoulder_pan,9.633,10.242,9.633,-0.609,-0.609,0
1787735446.501,shoulder_lift,76.961,70.330,76.961,6.631,6.631,0
1787735446.501,elbow_flex,5.872,5.143,5.872,0.730,0.730,0
1787735446.501,wrist_flex,-62.661,-64.396,-62.661,1.734,1.734,0
1787735446.501,wrist_roll,-1.014,-0.835,-1.014,-0.179,-0.179,0
1787735446.501,gripper,28.450,37.021,28.450,-8.570,-8.570,0
1787735446.552,shoulder_pan,9.624,10.242,9.624,-0.617,-0.617,0
1787735446.552,shoulder_lift,77.845,70.330,77.845,7.515,7.515,0
1787735446.552,elbow_flex,5.756,5.143,5.756,0.613,0.613,0
1787735446.552,wrist_flex,-62.678,-64.396,-62.678,1.717,1.717,0
1787735446.552,wrist_roll,-1.005,-0.835,-1.005,-0.170,-0.170,0
1787735446.552,gripper,28.410,37.021,28.410,-8.611,-8.611,0
1787735446.602,shoulder_pan,9.584,10.242,9.584,-0.658,-0.658,0
1787735446.602,shoulder_lift,77.878,70.330,77.878,7.548,7.548,0
1787735446.602,elbow_flex,5.778,5.143,5.778,0.635,0.635,0
1787735446.602,wrist_flex,-62.693,-64.396,-62.693,1.703,1.703,0
1787735446.602,wrist_roll,-0.996,-0.835,-0.996,-0.161,-0.161,0
1787735446.602,gripper,28.461,37.021,28.461,-8.560,-8.560,0
1787735446.652,shoulder_pan,9.599,10.242,9.599,-0.643,-0.643,0
1787735446.652,shoulder_lift,78.405,70.330,78.405,8.075,8.075,0
1787735446.652,elbow_flex,6.009,5.143,6.009,0.867,0.867,0
1787735446.652,wrist_flex,-62.637,-64.396,-62.637,1.759,1.759,0
1787735446.652,wrist_roll,-0.973,-0.835,-0.973,-0.138,-0.138,0
1787735446.652,gripper,28.325,37.021,28.325,-8.696,-8.696,0
1787735446.702,shoulder_pan,9.584,10.242,9.584,-0.658,-0.658,0
1787735446.702,shoulder_lift,78.967,70.505,78.967,8.461,8.461,0
1787735446.702,elbow_flex,6.032,5.143,6.032,0.890,0.890,0
1787735446.702,wrist_flex,-62.365,-64.484,-62.365,2.119,2.119,0
1787735446.702,wrist_roll,-0.977,-0.835,-0.977,-0.142,-0.142,0
1787735446.702,gripper,28.253,37.021,28.253,-8.768,-8.768,0
1787735446.752,shoulder_pan,9.323,10.242,9.323,-0.919,-0.919,0
1787735446.752,shoulder_lift,76.357,70.505,76.357,5.851,5.851,0
1787735446.752,elbow_flex,6.240,5.143,6.240,1.097,1.097,0
1787735446.752,wrist_flex,-60.964,-64.484,-60.964,3.520,3.520,0
1787735446.752,wrist_roll,-0.889,-0.835,-0.889,-0.053,-0.053,0
1787735446.752,gripper,28.815,37.021,28.815,-8.206,-8.206,0
1787735446.803,shoulder_pan,9.063,10.242,9.063,-1.179,-1.179,0
1787735446.803,shoulder_lift,72.528,70.593,72.528,1.935,1.935,0
1787735446.803,elbow_flex,6.902,5.143,6.902,1.759,1.759,0
1787735446.803,wrist_flex,-58.586,-64.396,-58.586,5.810,5.810,0
1787735446.803,wrist_roll,-0.788,-0.835,-0.788,0.048,0.048,0
1787735446.803,gripper,29.178,37.021,29.178,-7.843,-7.843,0
1787735446.853,shoulder_pan,9.232,10.242,9.232,-1.010,-1.010,0
1787735446.853,shoulder_lift,71.814,70.505,71.814,1.309,1.309,0
1787735446.853,elbow_flex,7.187,5.143,7.187,2.044,2.044,0
1787735446.853,wrist_flex,-58.576,-63.780,-58.576,5.204,5.204,0
1787735446.853,wrist_roll,-0.776,-0.835,-0.776,0.059,0.059,0
1787735446.853,gripper,28.785,37.021,28.785,-8.236,-8.236,0
1787735446.903,shoulder_pan,9.277,10.242,9.277,-0.965,-0.965,0
1787735446.903,shoulder_lift,71.323,70.242,71.323,1.082,1.082,0
1787735446.903,elbow_flex,7.256,5.143,7.256,2.114,2.114,0
1787735446.903,wrist_flex,-58.443,-62.813,-58.443,4.370,4.370,0
1787735446.903,wrist_roll,-0.784,-0.835,-0.784,0.051,0.051,0
1787735446.903,gripper,28.563,37.021,28.563,-8.458,-8.458,0
1787735446.953,shoulder_pan,9.206,10.242,9.206,-1.036,-1.036,0
1787735446.953,shoulder_lift,70.862,69.978,70.862,0.884,0.884,0
1787735446.953,elbow_flex,7.368,5.143,7.368,2.225,2.225,0
1787735446.953,wrist_flex,-58.327,-62.110,-58.327,3.783,3.783,0
1787735446.953,wrist_roll,-0.772,-0.835,-0.772,0.063,0.063,0
1787735446.953,gripper,28.521,37.021,28.521,-8.500,-8.500,0
1787735447.002,shoulder_pan,9.151,10.242,9.151,-1.091,-1.091,0
1787735447.002,shoulder_lift,70.916,69.890,70.916,1.026,1.026,0
1787735447.002,elbow_flex,6.921,5.143,6.921,1.778,1.778,0
1787735447.002,wrist_flex,-57.610,-61.582,-57.610,3.973,3.973,0
1787735447.002,wrist_roll,-0.783,-0.835,-0.783,0.052,0.052,0
1787735447.002,gripper,28.103,37.021,28.103,-8.918,-8.918,0
1787735447.053,shoulder_pan,9.294,10.154,9.294,-0.859,-0.859,0
1787735447.053,shoulder_lift,70.162,69.890,70.162,0.272,0.272,0
1787735447.053,elbow_flex,7.203,5.143,7.203,2.060,2.060,0
1787735447.053,wrist_flex,-57.224,-61.143,-57.224,3.919,3.919,0
1787735447.053,wrist_roll,-0.772,-0.835,-0.772,0.063,0.063,0
1787735447.053,gripper,27.807,37.021,27.807,-9.214,-9.214,0
1787735447.103,shoulder_pan,9.295,10.066,9.295,-0.771,-0.771,0
1787735447.103,shoulder_lift,70.276,69.363,70.276,0.913,0.913,0
1787735447.103,elbow_flex,6.935,5.143,6.935,1.792,1.792,0
1787735447.103,wrist_flex,-57.298,-60.527,-57.298,3.230,3.230,0
1787735447.103,wrist_roll,-0.774,-0.835,-0.774,0.062,0.062,0
1787735447.103,gripper,27.315,37.021,27.315,-9.706,-9.706,0
1787735447.152,shoulder_pan,9.322,10.066,9.322,-0.743,-0.743,0
1787735447.152,shoulder_lift,69.885,69.187,69.885,0.699,0.699,0
1787735447.152,elbow_flex,6.943,5.143,6.943,1.800,1.800,0
1787735447.152,wrist_flex,-56.771,-60.088,-56.771,3.317,3.317,0
1787735447.152,wrist_roll,-0.778,-0.835,-0.778,0.057,0.057,0
1787735447.152,gripper,26.778,37.021,26.778,-10.242,-10.242,0
1787735447.203,shoulder_pan,9.292,10.066,9.292,-0.774,-0.774,0
1787735447.203,shoulder_lift,69.890,69.011,69.890,0.879,0.879,0
1787735447.203,elbow_flex,6.826,5.143,6.826,1.683,1.683,0
1787735447.203,wrist_flex,-56.455,-59.648,-56.455,3.193,3.193,0
1787735447.203,wrist_roll,-0.780,-0.835,-0.780,0.055,0.055,0
1787735447.203,gripper,26.341,37.021,26.341,-10.680,-10.680,0
1787735447.253,shoulder_pan,9.292,10.066,9.292,-0.774,-0.774,0
1787735447.253,shoulder_lift,69.560,69.011,69.560,0.549,0.549,0
1787735447.253,elbow_flex,6.835,5.143,6.835,1.692,1.692,0
1787735447.253,wrist_flex,-56.215,-59.297,-56.215,3.082,3.082,0
1787735447.253,wrist_roll,-0.770,-0.835,-0.770,0.065,0.065,0
1787735447.253,gripper,25.946,37.021,25.946,-11.075,-11.075,0
1787735447.303,shoulder_pan,9.312,10.066,9.312,-0.754,-0.754,0
1787735447.303,shoulder_lift,69.691,69.011,69.691,0.680,0.680,0
1787735447.303,elbow_flex,6.796,5.143,6.796,1.653,1.653,0
1787735447.303,wrist_flex,-55.942,-58.945,-55.942,3.003,3.003,0
1787735447.303,wrist_roll,-0.778,-0.835,-0.778,0.057,0.057,0
1787735447.303,gripper,25.584,37.021,25.584,-11.436,-11.436,0
1787735447.353,shoulder_pan,9.349,10.066,9.349,-0.717,-0.717,0
1787735447.353,shoulder_lift,69.192,69.011,69.192,0.181,0.181,0
1787735447.353,elbow_flex,7.190,5.143,7.190,2.047,2.047,0
1787735447.353,wrist_flex,-55.474,-58.681,-55.474,3.207,3.207,0
1787735447.353,wrist_roll,-0.781,-0.835,-0.781,0.054,0.054,0
1787735447.353,gripper,25.456,37.021,25.456,-11.565,-11.565,0
1787735447.403,shoulder_pan,9.367,10.066,9.367,-0.699,-0.699,0
1787735447.403,shoulder_lift,69.004,68.659,69.004,0.345,0.345,0
1787735447.403,elbow_flex,7.514,5.143,7.514,2.371,2.371,0
1787735447.403,wrist_flex,-55.229,-58.418,-55.229,3.188,3.188,0
1787735447.403,wrist_roll,-0.782,-0.835,-0.782,0.053,0.053,0
1787735447.403,gripper,25.462,37.021,25.462,-11.559,-11.559,0
1787735447.453,shoulder_pan,9.328,10.066,9.328,-0.738,-0.738,0
1787735447.453,shoulder_lift,68.510,68.396,68.510,0.115,0.115,0
1787735447.453,elbow_flex,7.634,5.143,7.634,2.491,2.491,0
1787735447.453,wrist_flex,-54.755,-57.978,-54.755,3.223,3.223,0
1787735447.453,wrist_roll,-0.726,-0.835,-0.726,0.110,0.110,0
1787735447.453,gripper,25.133,37.021,25.133,-11.888,-11.888,0
1787735447.504,shoulder_pan,9.261,10.066,9.261,-0.805,-0.805,0
1787735447.504,shoulder_lift,68.426,68.132,68.426,0.294,0.294,0
1787735447.504,elbow_flex,7.633,5.143,7.633,2.491,2.491,0
1787735447.504,wrist_flex,-54.247,-57.538,-54.247,3.291,3.291,0
1787735447.504,wrist_roll,-0.738,-0.835,-0.738,0.098,0.098,0
1787735447.504,gripper,25.293,37.021,25.293,-11.728,-11.728,0
1787735447.553,shoulder_pan,9.235,10.066,9.235,-0.830,-0.830,0
1787735447.553,shoulder_lift,69.088,68.132,69.088,0.956,0.956,0
1787735447.553,elbow_flex,7.638,5.143,7.638,2.495,2.495,0
1787735447.553,wrist_flex,-54.503,-57.011,-54.503,2.508,2.508,0
1787735447.553,wrist_roll,-0.729,-0.835,-0.729,0.106,0.106,0
1787735447.553,gripper,25.453,37.021,25.453,-11.568,-11.568,0
1787735447.604,shoulder_pan,9.252,10.066,9.252,-0.814,-0.814,0
1787735447.604,shoulder_lift,69.039,68.132,69.039,0.907,0.907,0
1787735447.604,elbow_flex,7.959,5.143,7.959,2.816,2.816,0
1787735447.604,wrist_flex,-54.227,-56.747,-54.227,2.521,2.521,0
1787735447.604,wrist_roll,-0.753,-0.835,-0.753,0.082,0.082,0
1787735447.604,gripper,25.808,37.021,25.808,-11.213,-11.213,0
1787735447.653,shoulder_pan,9.274,10.066,9.274,-0.791,-0.791,0
1787735447.653,shoulder_lift,69.360,68.132,69.360,1.228,1.228,0
1787735447.653,elbow_flex,7.994,5.143,7.994,2.851,2.851,0
1787735447.653,wrist_flex,-54.403,-56.747,-54.403,2.345,2.345,0
1787735447.653,wrist_roll,-0.770,-0.835,-0.770,0.065,0.065,0
1787735447.653,gripper,26.195,37.021,26.195,-10.826,-10.826,0
1787735447.704,shoulder_pan,9.529,10.066,9.529,-0.537,-0.537,0
1787735447.704,shoulder_lift,68.867,68.132,68.867,0.735,0.735,0
1787735447.704,elbow_flex,10.275,5.143,10.275,5.132,5.132,0
1787735447.704,wrist_flex,-53.100,-56.747,-53.100,3.647,3.647,0
1787735447.704,wrist_roll,-0.872,-0.835,-0.872,-0.037,-0.037,0
1787735447.704,gripper,26.568,37.021,26.568,-10.453,-10.453,0
1787735447.754,shoulder_pan,10.140,10.066,10.140,0.074,0.074,0
1787735447.754,shoulder_lift,66.788,68.044,66.788,-1.256,-1.256,0
1787735447.754,elbow_flex,14.127,5.231,14.127,8.896,8.896,0
1787735447.754,wrist_flex,-52.033,-56.484,-52.033,4.451,4.451,0
1787735447.754,wrist_roll,-1.289,-0.835,-1.289,-0.454,-0.454,0
1787735447.754,gripper,26.983,37.021,26.983,-10.038,-10.038,0
1787735447.804,shoulder_pan,10.388,10.066,10.388,0.322,0.322,0
1787735447.804,shoulder_lift,64.571,67.341,64.571,-2.769,-2.769,0
1787735447.804,elbow_flex,15.855,6.198,15.855,9.658,9.658,0
1787735447.804,wrist_flex,-51.943,-55.780,-51.943,3.838,3.838,0
1787735447.804,wrist_roll,-1.547,-0.835,-1.547,-0.712,-0.712,0
1787735447.804,gripper,27.117,37.021,27.117,-9.904,-9.904,0
1787735447.854,shoulder_pan,10.631,10.066,10.631,0.565,0.565,0
1787735447.854,shoulder_lift,62.705,65.582,62.705,-2.877,-2.877,0
1787735447.854,elbow_flex,17.158,8.308,17.158,8.851,8.851,0
1787735447.854,wrist_flex,-51.628,-54.989,-51.628,3.361,3.361,0
1787735447.854,wrist_roll,-1.714,-0.835,-1.714,-0.878,-0.878,0
1787735447.854,gripper,27.432,37.021,27.432,-9.589,-9.589,0
1787735447.904,shoulder_pan,10.751,10.066,10.751,0.685,0.685,0
1787735447.904,shoulder_lift,61.349,64.088,61.349,-2.738,-2.738,0
1787735447.904,elbow_flex,18.504,10.505,18.504,7.998,7.998,0
1787735447.904,wrist_flex,-51.260,-54.286,-51.260,3.026,3.026,0
1787735447.904,wrist_roll,-1.830,-0.923,-1.830,-0.907,-0.907,0
1787735447.904,gripper,27.948,37.021,27.948,-9.073,-9.073,0
1787735447.954,shoulder_pan,10.951,10.154,10.951,0.797,0.797,0
1787735447.954,shoulder_lift,59.929,62.681,59.929,-2.752,-2.752,0
1787735447.954,elbow_flex,19.664,12.527,19.664,7.137,7.137,0
1787735447.954,wrist_flex,-51.463,-53.670,-51.463,2.207,2.207,0
1787735447.954,wrist_roll,-2.011,-1.538,-2.011,-0.472,-0.472,0
1787735447.954,gripper,28.284,37.021,28.284,-8.737,-8.737,0
1787735448.004,shoulder_pan,11.084,10.330,11.084,0.754,0.754,0
1787735448.004,shoulder_lift,58.480,61.451,58.480,-2.970,-2.970,0
1787735448.004,elbow_flex,20.415,14.198,20.415,6.217,6.217,0
1787735448.004,wrist_flex,-51.056,-53.407,-51.056,2.351,2.351,0
1787735448.004,wrist_roll,-2.200,-1.978,-2.200,-0.222,-0.222,0
1787735448.004,gripper,28.509,37.021,28.509,-8.512,-8.512,0
1787735448.055,shoulder_pan,11.017,10.505,11.017,0.512,0.512,0
1787735448.055,shoulder_lift,57.820,60.220,57.820,-2.400,-2.400,0
1787735448.055,elbow_flex,20.624,15.868,20.624,4.755,4.755,0
1787735448.055,wrist_flex,-51.075,-53.231,-51.075,2.156,2.156,0
1787735448.055,wrist_roll,-2.261,-2.154,-2.261,-0.107,-0.107,0
1787735448.055,gripper,28.711,37.021,28.711,-8.310,-8.310,0
1787735448.105,shoulder_pan,11.066,10.593,11.066,0.472,0.472,0
1787735448.105,shoulder_lift,56.824,59.253,56.824,-2.429,-2.429,0
1787735448.105,elbow_flex,21.199,17.187,21.199,4.012,4.012,0
1787735448.105,wrist_flex,-50.538,-52.967,-50.538,2.429,2.429,0
1787735448.105,wrist_roll,-2.308,-2.154,-2.308,-0.155,-0.155,0
1787735448.105,gripper,28.805,37.021,28.805,-8.216,-8.216,0
1787735448.155,shoulder_pan,11.147,10.593,11.147,0.554,0.554,0
1787735448.155,shoulder_lift,57.257,58.462,57.257,-1.205,-1.205,0
1787735448.155,elbow_flex,21.302,18.154,21.302,3.148,3.148,0
1787735448.155,wrist_flex,-50.764,-52.527,-50.764,1.763,1.763,0
1787735448.155,wrist_roll,-2.283,-2.154,-2.283,-0.129,-0.129,0
1787735448.155,gripper,28.743,37.021,28.743,-8.278,-8.278,0
1787735448.205,shoulder_pan,10.940,10.593,10.940,0.347,0.347,0
1787735448.205,shoulder_lift,57.248,58.022,57.248,-0.774,-0.774,0
1787735448.205,elbow_flex,20.891,18.857,20.891,2.034,2.034,0
1787735448.205,wrist_flex,-50.223,-52.264,-50.223,2.041,2.041,0
1787735448.205,wrist_roll,-2.158,-2.154,-2.158,-0.005,-0.005,0
1787735448.205,gripper,28.411,37.021,28.411,-8.610,-8.610,0
1787735448.254,shoulder_pan,10.934,10.593,10.934,0.340,0.340,0
1787735448.254,shoulder_lift,58.442,57.670,58.442,0.772,0.772,0
1787735448.254,elbow_flex,19.907,19.033,19.907,0.874,0.874,0
1787735448.254,wrist_flex,-50.766,-51.912,-50.766,1.146,1.146,0
1787735448.254,wrist_roll,-1.984,-2.154,-1.984,0.170,0.170,0
1787735448.254,gripper,27.605,37.021,27.605,-9.416,-9.416,0
1787735448.304,shoulder_pan,10.773,10.593,10.773,0.179,0.179,0
1787735448.304,shoulder_lift,59.190,57.670,59.190,1.519,1.519,0
1787735448.304,elbow_flex,19.002,19.121,19.002,-0.119,-0.119,0
1787735448.304,wrist_flex,-50.648,-51.824,-50.648,1.176,1.176,0
1787735448.304,wrist_roll,-1.886,-2.154,-1.886,0.268,0.268,0
1787735448.304,gripper,27.503,37.021,27.503,-9.518,-9.518,0
1787735448.355,shoulder_pan,10.652,10.681,10.652,-0.029,-0.029,0
1787735448.355,shoulder_lift,60.074,57.846,60.074,2.228,2.228,0
1787735448.355,elbow_flex,18.401,19.121,18.401,-0.720,-0.720,0
1787735448.355,wrist_flex,-50.632,-51.824,-50.632,1.192,1.192,0
1787735448.355,wrist_roll,-1.807,-2.154,-1.807,0.347,0.347,0
1787735448.355,gripper,27.152,37.021,27.152,-9.869,-9.869,0
1787735448.405,shoulder_pan,10.563,10.681,10.563,-0.119,-0.119,0
1787735448.405,shoulder_lift,60.865,58.110,60.865,2.755,2.755,0
1787735448.405,elbow_flex,17.655,18.681,17.655,-1.026,-1.026,0
1787735448.405,wrist_flex,-50.831,-51.824,-50.831,0.993,0.993,0
1787735448.405,wrist_roll,-1.527,-2.154,-1.527,0.627,0.627,0
1787735448.405,gripper,27.117,37.021,27.117,-9.904,-9.904,0
1787735448.455,shoulder_pan,10.510,10.681,10.510,-0.171,-0.171,0
1787735448.455,shoulder_lift,61.270,58.462,61.270,2.809,2.809,0
1787735448.455,elbow_flex,17.258,18.154,17.258,-0.896,-0.896,0
1787735448.455,wrist_flex,-50.755,-51.824,-50.755,1.069,1.069,0
1787735448.455,wrist_roll,-1.464,-2.154,-1.464,0.690,0.690,0
1787735448.455,gripper,26.774,37.021,26.774,-10.247,-10.247,0
1787735448.505,shoulder_pan,10.509,10.681,10.509,-0.173,-0.173,0
1787735448.505,shoulder_lift,61.383,58.813,61.383,2.569,2.569,0
1787735448.505,elbow_flex,16.921,17.626,16.921,-0.705,-0.705,0
1787735448.505,wrist_flex,-50.318,-51.824,-50.318,1.506,1.506,0
1787735448.505,wrist_roll,-1.399,-2.154,-1.399,0.754,0.754,0
1787735448.505,gripper,26.728,37.021,26.728,-10.293,-10.293,0
1787735448.555,shoulder_pan,10.467,10.681,10.467,-0.214,-0.214,0
1787735448.555,shoulder_lift,61.739,58.989,61.739,2.750,2.750,0
1787735448.555,elbow_flex,16.577,17.099,16.577,-0.522,-0.522,0
1787735448.555,wrist_flex,-50.699,-51.824,-50.699,1.126,1.126,0
1787735448.555,wrist_roll,-1.313,-2.154,-1.313,0.841,0.841,0
1787735448.555,gripper,26.642,37.021,26.642,-10.379,-10.379,0
1787735448.606,shoulder_pan,10.462,10.681,10.462,-0.220,-0.220,0
1787735448.606,shoulder_lift,61.621,59.341,61.621,2.280,2.280,0
1787735448.606,elbow_flex,16.268,16.659,16.268,-0.391,-0.391,0
1787735448.606,wrist_flex,-50.318,-51.824,-50.318,1.506,1.506,0
1787735448.606,wrist_roll,-1.268,-2.154,-1.268,0.886,0.886,0
1787735448.606,gripper,26.785,37.021,26.785,-10.236,-10.236,0
1787735448.655,shoulder_pan,10.299,10.681,10.299,-0.382,-0.382,0
1787735448.655,shoulder_lift,59.829,59.516,59.829,0.313,0.313,0
1787735448.655,elbow_flex,17.808,16.220,17.808,1.588,1.588,0
1787735448.655,wrist_flex,-48.574,-51.824,-48.574,3.250,3.250,0
1787735448.655,wrist_roll,-0.648,-2.154,-0.648,1.505,1.505,0
1787735448.655,gripper,28.467,37.021,28.467,-8.554,-8.554,0
1787735448.706,shoulder_pan,10.308,10.681,10.308,-0.374,-0.374,0
1787735448.706,shoulder_lift,57.464,59.516,57.464,-2.052,-2.052,0
1787735448.706,elbow_flex,19.864,16.132,19.864,3.732,3.732,0
1787735448.706,wrist_flex,-46.164,-51.560,-46.164,5.396,5.396,0
1787735448.706,wrist_roll,-0.026,-1.714,-0.026,1.688,1.688,0
1787735448.706,gripper,30.761,37.021,30.761,-6.260,-6.260,0
1787735448.755,shoulder_pan,10.296,10.593,10.296,-0.297,-0.297,0
1787735448.755,shoulder_lift,56.601,58.989,56.601,-2.388,-2.388,0
1787735448.755,elbow_flex,20.156,16.396,20.156,3.760,3.760,0
1787735448.755,wrist_flex,-46.312,-50.505,-46.312,4.193,4.193,0
1787735448.755,wrist_roll,-0.024,-1.187,-0.024,1.163,1.163,0
1787735448.755,gripper,31.089,37.021,31.089,-5.932,-5.932,0
1787735448.806,shoulder_pan,10.290,10.593,10.290,-0.304,-0.304,0
1787735448.806,shoulder_lift,56.327,57.846,56.327,-1.519,-1.519,0
1787735448.806,elbow_flex,20.685,17.275,20.685,3.410,3.410,0
1787735448.806,wrist_flex,-45.621,-49.187,-45.621,3.566,3.566,0
1787735448.806,wrist_roll,-0.098,-0.747,-0.098,0.649,0.649,0
1787735448.806,gripper,31.445,37.021,31.445,-5.576,-5.576,0
1787735448.856,shoulder_pan,10.305,10.593,10.305,-0.288,-0.288,0
1787735448.856,shoulder_lift,56.714,57.143,56.714,-0.429,-0.429,0
1787735448.856,elbow_flex,20.737,17.978,20.737,2.759,2.759,0
1787735448.856,wrist_flex,-45.995,-48.308,-45.995,2.313,2.313,0
1787735448.856,wrist_roll,-0.138,-0.571,-0.138,0.434,0.434,0
1787735448.856,gripper,31.500,37.021,31.500,-5.520,-5.520,0
1787735448.906,shoulder_pan,10.248,10.593,10.248,-0.346,-0.346,0
1787735448.906,shoulder_lift,56.891,56.879,56.891,0.012,0.012,0
1787735448.906,elbow_flex,20.967,18.330,20.967,2.638,2.638,0
1787735448.906,wrist_flex,-46.170,-47.868,-46.170,1.698,1.698,0
1787735448.906,wrist_roll,-0.165,-0.571,-0.165,0.406,0.406,0
1787735448.906,gripper,31.568,37.021,31.568,-5.452,-5.452,0
1787735448.956,shoulder_pan,10.347,10.593,10.347,-0.246,-0.246,0
1787735448.956,shoulder_lift,55.572,56.879,55.572,-1.307,-1.307,0
1787735448.956,elbow_flex,21.198,18.505,21.198,2.692,2.692,0
1787735448.956,wrist_flex,-45.360,-47.868,-45.360,2.508,2.508,0
1787735448.956,wrist_roll,-0.199,-0.571,-0.199,0.372,0.372,0
1787735448.956,gripper,31.871,37.021,31.871,-5.149,-5.149,0
1787735449.006,shoulder_pan,10.214,10.593,10.214,-0.380,-0.380,0
1787735449.006,shoulder_lift,55.694,56.615,55.694,-0.921,-0.921,0
1787735449.006,elbow_flex,21.072,18.593,21.072,2.479,2.479,0
1787735449.006,wrist_flex,-45.736,-47.604,-45.736,1.868,1.868,0
1787735449.006,wrist_roll,-0.170,-0.571,-0.170,0.402,0.402,0
1787735449.006,gripper,31.716,37.021,31.716,-5.305,-5.305,0
1787735449.057,shoulder_pan,10.292,10.593,10.292,-0.302,-0.302,0
1787735449.057,shoulder_lift,55.229,56.352,55.229,-1.123,-1.123,0
1787735449.057,elbow_flex,21.327,18.681,21.327,2.646,2.646,0
1787735449.057,wrist_flex,-45.726,-47.429,-45.726,1.703,1.703,0
1787735449.057,wrist_roll,-0.195,-0.571,-0.195,0.377,0.377,0
1787735449.057,gripper,31.897,37.021,31.897,-5.124,-5.124,0
1787735449.107,shoulder_pan,10.314,10.593,10.314,-0.280,-0.280,0
1787735449.107,shoulder_lift,54.999,56.176,54.999,-1.177,-1.177,0
1787735449.107,elbow_flex,21.283,18.857,21.283,2.426,2.426,0
1787735449.107,wrist_flex,-46.127,-47.341,-46.127,1.214,1.214,0
1787735449.107,wrist_roll,-0.160,-0.571,-0.160,0.411,0.411,0
1787735449.107,gripper,31.664,37.021,31.664,-5.357,-5.357,0
1787735449.157,shoulder_pan,10.347,10.593,10.347,-0.247,-0.247,0
1787735449.157,shoulder_lift,55.231,55.824,55.231,-0.593,-0.593,0
1787735449.157,elbow_flex,21.467,19.297,21.467,2.170,2.170,0
1787735449.157,wrist_flex,-45.667,-47.341,-45.667,1.673,1.673,0
1787735449.157,wrist_roll,-0.166,-0.571,-0.166,0.406,0.406,0
1787735449.157,gripper,31.751,37.021,31.751,-5.270,-5.270,0
1787735449.206,shoulder_pan,10.306,10.593,10.306,-0.288,-0.288,0
1787735449.206,shoulder_lift,54.228,55.648,54.228,-1.421,-1.421,0
1787735449.206,elbow_flex,21.440,19.560,21.440,1.879,1.879,0
1787735449.206,wrist_flex,-45.757,-47.341,-45.757,1.584,1.584,0
1787735449.206,wrist_roll,-0.179,-0.571,-0.179,0.392,0.392,0
1787735449.206,gripper,31.751,37.021,31.751,-5.270,-5.270,0
1787735449.256,shoulder_pan,10.419,10.593,10.419,-0.174,-0.174,0
1787735449.256,shoulder_lift,54.212,55.560,54.212,-1.348,-1.348,0
1787735449.256,elbow_flex,21.378,19.736,21.378,1.642,1.642,0
1787735449.256,wrist_flex,-46.123,-47.341,-46.123,1.218,1.218,0
1787735449.256,wrist_roll,-0.126,-0.571,-0.126,0.445,0.445,0
1787735449.256,gripper,31.466,37.021,31.466,-5.555,-5.555,0
1787735449.306,shoulder_pan,10.371,10.593,10.371,-0.222,-0.222,0
1787735449.306,shoulder_lift,53.971,55.209,53.971,-1.238,-1.238,0
1787735449.306,elbow_flex,21.553,19.736,21.553,1.817,1.817,0
1787735449.306,wrist_flex,-45.871,-47.341,-45.871,1.470,1.470,0
1787735449.306,wrist_roll,-0.146,-0.571,-0.146,0.426,0.426,0
1787735449.306,gripper,31.757,37.021,31.757,-5.264,-5.264,0
1787735449.359,shoulder_pan,10.347,10.593,10.347,-0.246,-0.246,0
1787735449.359,shoulder_lift,54.170,55.121,54.170,-0.951,-0.951,0
1787735449.359,elbow_flex,21.535,19.824,21.535,1.711,1.711,0
1787735449.359,wrist_flex,-46.086,-47.341,-46.086,1.255,1.255,0
1787735449.359,wrist_roll,-0.113,-0.571,-0.113,0.458,0.458,0
1787735449.359,gripper,31.746,37.021,31.746,-5.275,-5.275,0
1787735449.407,shoulder_pan,10.386,10.593,10.386,-0.207,-0.207,0
1787735449.407,shoulder_lift,52.872,55.121,52.872,-2.249,-2.249,0
1787735449.407,elbow_flex,21.401,19.824,21.401,1.577,1.577,0
1787735449.407,wrist_flex,-46.331,-47.341,-46.331,1.009,1.009,0
1787735449.407,wrist_roll,-0.161,-0.571,-0.161,0.410,0.410,0
1787735449.407,gripper,31.684,37.021,31.684,-5.337,-5.337,0
1787735449.457,shoulder_pan,10.394,10.593,10.394,-0.199,-0.199,0
1787735449.457,shoulder_lift,53.284,55.033,53.284,-1.749,-1.749,0
1787735449.457,elbow_flex,21.555,19.824,21.555,1.731,1.731,0
1787735449.457,wrist_flex,-45.986,-47.341,-45.986,1.355,1.355,0
1787735449.457,wrist_roll,-0.137,-0.571,-0.137,0.434,0.434,0
1787735449.457,gripper,31.578,37.021,31.578,-5.443,-5.443,0
1787735449.507,shoulder_pan,10.396,10.593,10.396,-0.197,-0.197,0
1787735449.507,shoulder_lift,52.512,54.769,52.512,-2.258,-2.258,0
1787735449.507,elbow_flex,21.710,19.912,21.710,1.798,1.798,0
1787735449.507,wrist_flex,-46.100,-47.341,-46.100,1.241,1.241,0
1787735449.507,wrist_roll,-0.148,-0.571,-0.148,0.423,0.423,0
1787735449.507,gripper,31.697,37.021,31.697,-5.324,-5.324,0
1787735449.557,shoulder_pan,10.436,10.593,10.436,-0.157,-0.157,0
1787735449.557,shoulder_lift,52.460,54.681,52.460,-2.221,-2.221,0
1787735449.557,elbow_flex,21.559,20.176,21.559,1.383,1.383,0
1787735449.557,wrist_flex,-45.955,-47.341,-45.955,1.386,1.386,0
1787735449.557,wrist_roll,-0.165,-0.571,-0.165,0.406,0.406,0
1787735449.557,gripper,31.959,37.021,31.959,-5.062,-5.062,0
1787735449.607,shoulder_pan,11.518,10.593,11.518,0.925,0.925,0
1787735449.607,shoulder_lift,49.728,54.681,49.728,-4.954,-4.954,0
1787735449.607,elbow_flex,20.410,20.264,20.410,0.146,0.146,0
1787735449.607,wrist_flex,-44.890,-47.341,-44.890,2.451,2.451,0
1787735449.607,wrist_roll,-0.285,-0.571,-0.285,0.286,0.286,0
1787735449.607,gripper,31.658,37.021,31.658,-5.363,-5.363,0
1787735449.657,shoulder_pan,13.269,10.681,13.269,2.588,2.588,0
1787735449.657,shoulder_lift,46.833,54.242,46.833,-7.409,-7.409,0
1787735449.657,elbow_flex,18.642,20.264,18.642,-1.621,-1.621,0
1787735449.657,wrist_flex,-44.688,-47.165,-44.688,2.477,2.477,0
1787735449.657,wrist_roll,-0.389,-0.571,-0.389,0.183,0.183,0
1787735449.657,gripper,30.984,37.021,30.984,-6.037,-6.037,0
1787735449.707,shoulder_pan,13.829,11.209,13.829,2.620,2.620,0
1787735449.707,shoulder_lift,46.576,52.571,46.576,-5.995,-5.995,0
1787735449.707,elbow_flex,18.197,20.352,18.197,-2.155,-2.155,0
1787735449.707,wrist_flex,-44.636,-46.637,-44.636,2.001,2.001,0
1787735449.707,wrist_roll,-0.417,-0.571,-0.417,0.154,0.154,0
1787735449.707,gripper,30.538,37.021,30.538,-6.483,-6.483,0
1787735449.757,shoulder_pan,14.398,11.824,14.398,2.574,2.574,0
1787735449.757,shoulder_lift,46.166,51.253,46.166,-5.086,-5.086,0
1787735449.757,elbow_flex,18.179,20.000,18.179,-1.821,-1.821,0
1787735449.757,wrist_flex,-44.759,-45.758,-44.759,0.999,0.999,0
1787735449.757,wrist_roll,-0.418,-0.571,-0.418,0.154,0.154,0
1787735449.757,gripper,30.087,37.021,30.087,-6.934,-6.934,0
1787735449.808,shoulder_pan,14.546,12.615,14.546,1.930,1.930,0
1787735449.808,shoulder_lift,46.208,50.813,46.208,-4.605,-4.605,0
1787735449.808,elbow_flex,17.695,19.912,17.695,-2.217,-2.217,0
1787735449.808,wrist_flex,-44.693,-45.231,-44.693,0.538,0.538,0
1787735449.808,wrist_roll,-0.439,-0.571,-0.439,0.132,0.132,0
1787735449.808,gripper,29.862,37.021,29.862,-7.159,-7.159,0
1787735449.858,shoulder_pan,14.621,13.319,14.621,1.302,1.302,0
1787735449.858,shoulder_lift,46.656,50.813,46.656,-4.158,-4.158,0
1787735449.858,elbow_flex,17.665,19.648,17.665,-1.983,-1.983,0
1787735449.858,wrist_flex,-45.070,-44.967,-45.070,-0.103,-0.103,0
1787735449.858,wrist_roll,-0.424,-0.571,-0.424,0.148,0.148,0
1787735449.858,gripper,29.741,37.021,29.741,-7.280,-7.280,0
1787735449.907,shoulder_pan,14.533,13.758,14.533,0.774,0.774,0
1787735449.907,shoulder_lift,46.585,50.813,46.585,-4.228,-4.228,0
1787735449.907,elbow_flex,17.451,19.648,17.451,-2.197,-2.197,0
1787735449.907,wrist_flex,-44.858,-44.967,-44.858,0.109,0.109,0
1787735449.907,wrist_roll,-0.424,-0.571,-0.424,0.147,0.147,0
1787735449.907,gripper,29.881,37.021,29.881,-7.140,-7.140,0
1787735449.957,shoulder_pan,14.620,13.846,14.620,0.773,0.773,0
1787735449.957,shoulder_lift,46.985,50.813,46.985,-3.828,-3.828,0
1787735449.957,elbow_flex,17.391,19.648,17.391,-2.257,-2.257,0
1787735449.957,wrist_flex,-45.107,-44.967,-45.107,-0.140,-0.140,0
1787735449.957,wrist_roll,-0.439,-0.571,-0.439,0.132,0.132,0
1787735449.957,gripper,30.034,37.021,30.034,-6.987,-6.987,0
1787735450.007,shoulder_pan,14.693,13.846,14.693,0.846,0.846,0
1787735450.007,shoulder_lift,46.891,50.813,46.891,-3.923,-3.923,0
1787735450.007,elbow_flex,17.108,19.648,17.108,-2.540,-2.540,0
1787735450.007,wrist_flex,-45.490,-44.967,-45.490,-0.523,-0.523,0
1787735450.007,wrist_roll,-0.394,-0.571,-0.394,0.177,0.177,0
1787735450.007,gripper,29.729,37.021,29.729,-7.292,-7.292,0
1787735450.058,shoulder_pan,14.806,13.846,14.806,0.960,0.960,0
1787735450.058,shoulder_lift,46.622,50.813,46.622,-4.191,-4.191,0
1787735450.058,elbow_flex,17.045,19.648,17.045,-2.603,-2.603,0
1787735450.058,wrist_flex,-45.244,-44.967,-45.244,-0.277,-0.277,0
1787735450.058,wrist_roll,-0.419,-0.571,-0.419,0.153,0.153,0
1787735450.058,gripper,29.450,37.021,29.450,-7.571,-7.571,0
1787735450.108,shoulder_pan,14.859,13.934,14.859,0.925,0.925,0
1787735450.108,shoulder_lift,46.913,50.813,46.913,-3.900,-3.900,0
1787735450.108,elbow_flex,16.697,19.648,16.697,-2.952,-2.952,0
1787735450.108,wrist_flex,-46.127,-44.967,-46.127,-1.160,-1.160,0
1787735450.108,wrist_roll,-0.441,-0.571,-0.441,0.131,0.131,0
1787735450.108,gripper,29.146,37.021,29.146,-7.875,-7.875,0
1787735450.157,shoulder_pan,14.729,14.022,14.729,0.707,0.707,0
1787735450.157,shoulder_lift,47.340,50.813,47.340,-3.473,-3.473,0
1787735450.157,elbow_flex,16.533,19.473,16.533,-2.939,-2.939,0
1787735450.157,wrist_flex,-45.785,-44.967,-45.785,-0.818,-0.818,0
1787735450.157,wrist_roll,-0.434,-0.571,-0.434,0.138,0.138,0
1787735450.157,gripper,28.664,37.021,28.664,-8.357,-8.357,0
1787735450.208,shoulder_pan,14.878,14.110,14.878,0.768,0.768,0
1787735450.208,shoulder_lift,47.471,50.813,47.471,-3.343,-3.343,0
1787735450.208,elbow_flex,16.545,19.033,16.545,-2.488,-2.488,0
1787735450.208,wrist_flex,-46.531,-45.143,-46.531,-1.388,-1.388,0
1787735450.208,wrist_roll,-0.377,-0.484,-0.377,0.107,0.107,0
1787735450.208,gripper,28.491,37.021,28.491,-8.530,-8.530,0
1787735450.258,shoulder_pan,14.799,14.198,14.799,0.601,0.601,0
1787735450.258,shoulder_lift,47.802,50.725,47.802,-2.923,-2.923,0
1787735450.258,elbow_flex,16.520,18.593,16.520,-2.073,-2.073,0
1787735450.258,wrist_flex,-45.969,-45.231,-45.969,-0.738,-0.738,0
1787735450.258,wrist_roll,-0.456,-0.484,-0.456,0.027,0.027,0
1787735450.258,gripper,28.391,37.021,28.391,-8.630,-8.630,0
1787735450.308,shoulder_pan,14.857,14.198,14.857,0.660,0.660,0
1787735450.308,shoulder_lift,47.822,50.725,47.822,-2.903,-2.903,0
1787735450.308,elbow_flex,16.579,18.505,16.579,-1.926,-1.926,0
1787735450.308,wrist_flex,-46.204,-45.319,-46.204,-0.885,-0.885,0
1787735450.308,wrist_roll,-0.486,-0.484,-0.486,-0.003,-0.003,0
1787735450.308,gripper,28.553,37.021,28.553,-8.467,-8.467,0
1787735450.359,shoulder_pan,14.683,14.198,14.683,0.485,0.485,0
1787735450.359,shoulder_lift,47.981,50.725,47.981,-2.744,-2.744,0
1787735450.359,elbow_flex,16.432,18.505,16.432,-2.074,-2.074,0
1787735450.359,wrist_flex,-45.807,-45.319,-45.807,-0.489,-0.489,0
1787735450.359,wrist_roll,-0.487,-0.484,-0.487,-0.003,-0.003,0
1787735450.359,gripper,28.601,37.021,28.601,-8.420,-8.420,0
1787735450.408,shoulder_pan,14.666,14.198,14.666,0.468,0.468,0
1787735450.408,shoulder_lift,47.577,50.725,47.577,-3.148,-3.148,0
1787735450.408,elbow_flex,16.319,18.505,16.319,-2.186,-2.186,0
1787735450.408,wrist_flex,-45.977,-45.407,-45.977,-0.570,-0.570,0
1787735450.408,wrist_roll,-0.504,-0.484,-0.504,-0.021,-0.021,0
1787735450.408,gripper,28.381,37.021,28.381,-8.640,-8.640,0
1787735450.458,shoulder_pan,14.569,14.198,14.569,0.371,0.371,0
1787735450.458,shoulder_lift,48.532,50.725,48.532,-2.194,-2.194,0
1787735450.458,elbow_flex,16.089,18.505,16.089,-2.417,-2.417,0
1787735450.458,wrist_flex,-46.519,-45.407,-46.519,-1.113,-1.113,0
1787735450.458,wrist_roll,-0.470,-0.484,-0.470,0.013,0.013,0
1787735450.458,gripper,28.023,37.021,28.023,-8.998,-8.998,0
1787735450.508,shoulder_pan,14.654,14.198,14.654,0.457,0.457,0
1787735450.508,shoulder_lift,48.234,50.725,48.234,-2.491,-2.491,0
1787735450.508,elbow_flex,16.037,18.505,16.037,-2.469,-2.469,0
1787735450.508,wrist_flex,-46.392,-45.407,-46.392,-0.986,-0.986,0
1787735450.508,wrist_roll,-0.467,-0.484,-0.467,0.016,0.016,0
1787735450.508,gripper,27.807,37.021,27.807,-9.213,-9.213,0
1787735450.558,shoulder_pan,14.104,14.198,14.104,-0.093,-0.093,0
1787735450.558,shoulder_lift,45.964,50.725,45.964,-4.761,-4.761,0
1787735450.558,elbow_flex,17.785,18.505,17.785,-0.720,-0.720,0
1787735450.558,wrist_flex,-44.778,-45.407,-44.778,0.629,0.629,0
1787735450.558,wrist_roll,-0.479,-0.484,-0.479,0.005,0.005,0
1787735450.558,gripper,29.357,37.021,29.357,-7.664,-7.664,0
1787735450.609,shoulder_pan,13.676,14.198,13.676,-0.522,-0.522,0
1787735450.609,shoulder_lift,42.711,50.725,42.711,-8.014,-8.014,0
1787735450.609,elbow_flex,19.941,18.505,19.941,1.435,1.435,0
1787735450.609,wrist_flex,-43.029,-45.319,-43.029,2.289,2.289,0
1787735450.609,wrist_roll,-0.527,-0.484,-0.527,-0.043,-0.043,0
1787735450.609,gripper,30.694,37.021,30.694,-6.327,-6.327,0
1787735450.658,shoulder_pan,13.696,14.198,13.696,-0.501,-0.501,0
1787735450.658,shoulder_lift,43.232,50.374,43.232,-7.142,-7.142,0
1787735450.658,elbow_flex,19.855,18.681,19.855,1.174,1.174,0
1787735450.658,wrist_flex,-43.156,-44.703,-43.156,1.547,1.547,0
1787735450.658,wrist_roll,-0.554,-0.484,-0.554,-0.070,-0.070,0
1787735450.658,gripper,30.911,37.021,30.911,-6.110,-6.110,0
1787735450.708,shoulder_pan,13.750,14.198,13.750,-0.447,-0.447,0
1787735450.708,shoulder_lift,43.147,49.231,43.147,-6.084,-6.084,0
1787735450.708,elbow_flex,20.352,19.560,20.352,0.791,0.791,0
1787735450.708,wrist_flex,-43.370,-43.912,-43.370,0.542,0.542,0
1787735450.708,wrist_roll,-0.562,-0.484,-0.562,-0.078,-0.078,0
1787735450.708,gripper,31.167,37.021,31.167,-5.854,-5.854,0
1787735450.759,shoulder_pan,13.692,14.198,13.692,-0.506,-0.506,0
1787735450.759,shoulder_lift,43.276,48.791,43.276,-5.515,-5.515,0
1787735450.759,elbow_flex,20.764,20.176,20.764,0.588,0.588,0
1787735450.759,wrist_flex,-43.373,-43.648,-43.373,0.275,0.275,0
1787735450.759,wrist_roll,-0.590,-0.484,-0.590,-0.107,-0.107,0
1787735450.759,gripper,31.585,37.021,31.585,-5.436,-5.436,0
1787735450.809,shoulder_pan,13.697,14.198,13.697,-0.501,-0.501,0
1787735450.809,shoulder_lift,43.317,48.703,43.317,-5.386,-5.386,0
1787735450.809,elbow_flex,20.902,20.703,20.902,0.199,0.199,0
1787735450.809,wrist_flex,-43.353,-43.560,-43.353,0.208,0.208,0
1787735450.809,wrist_roll,-0.603,-0.484,-0.603,-0.119,-0.119,0
1787735450.809,gripper,31.706,37.021,31.706,-5.315,-5.315,0
1787735450.859,shoulder_pan,13.693,14.198,13.693,-0.505,-0.505,0
1787735450.859,shoulder_lift,44.035,48.440,44.035,-4.404,-4.404,0
1787735450.859,elbow_flex,20.802,21.055,20.802,-0.252,-0.252,0
1787735450.859,wrist_flex,-43.616,-43.560,-43.616,-0.055,-0.055,0
1787735450.859,wrist_roll,-0.597,-0.484,-0.597,-0.113,-0.113,0
1787735450.859,gripper,32.022,37.021,32.022,-4.999,-4.999,0
1787735450.909,shoulder_pan,13.755,14.198,13.755,-0.443,-0.443,0
1787735450.909,shoulder_lift,43.973,48.264,43.973,-4.291,-4.291,0
1787735450.909,elbow_flex,21.271,21.055,21.271,0.216,0.216,0
1787735450.909,wrist_flex,-43.714,-43.560,-43.714,-0.154,-0.154,0
1787735450.909,wrist_roll,-0.612,-0.484,-0.612,-0.128,-0.128,0
1787735450.909,gripper,32.003,37.021,32.003,-5.018,-5.018,0
1787735450.959,shoulder_pan,13.743,14.198,13.743,-0.455,-0.455,0
1787735450.959,shoulder_lift,44.420,48.264,44.420,-3.844,-3.844,0
1787735450.959,elbow_flex,21.185,21.231,21.185,-0.046,-0.046,0
1787735450.959,wrist_flex,-44.456,-43.560,-44.456,-0.895,-0.895,0
1787735450.959,wrist_roll,-0.612,-0.484,-0.612,-0.128,-0.128,0
1787735450.959,gripper,31.941,37.021,31.941,-5.080,-5.080,0
1787735451.009,shoulder_pan,13.830,14.198,13.830,-0.368,-0.368,0
1787735451.009,shoulder_lift,44.476,48.264,44.476,-3.788,-3.788,0
1787735451.009,elbow_flex,21.418,21.231,21.418,0.187,0.187,0
1787735451.009,wrist_flex,-44.335,-43.560,-44.335,-0.775,-0.775,0
1787735451.009,wrist_roll,-0.598,-0.484,-0.598,-0.115,-0.115,0
1787735451.009,gripper,31.571,37.021,31.571,-5.450,-5.450,0
1787735451.059,shoulder_pan,13.789,14.198,13.789,-0.409,-0.409,0
1787735451.059,shoulder_lift,44.563,48.264,44.563,-3.701,-3.701,0
1787735451.059,elbow_flex,21.212,21.407,21.212,-0.195,-0.195,0
1787735451.059,wrist_flex,-44.311,-43.648,-44.311,-0.663,-0.663,0
1787735451.059,wrist_roll,-0.614,-0.484,-0.614,-0.130,-0.130,0
1787735451.059,gripper,31.374,37.021,31.374,-5.647,-5.647,0
1787735451.109,shoulder_pan,13.831,14.198,13.831,-0.367,-0.367,0
1787735451.109,shoulder_lift,44.856,48.264,44.856,-3.408,-3.408,0
1787735451.109,elbow_flex,21.061,21.495,21.061,-0.434,-0.434,0
1787735451.109,wrist_flex,-44.181,-43.648,-44.181,-0.532,-0.532,0
1787735451.109,wrist_roll,-0.596,-0.484,-0.596,-0.113,-0.113,0
1787735451.109,gripper,31.016,37.021,31.016,-6.005,-6.005,0
1787735451.159,shoulder_pan,13.843,14.198,13.843,-0.355,-0.355,0
1787735451.159,shoulder_lift,44.661,48.264,44.661,-3.603,-3.603,0
1787735451.159,elbow_flex,21.042,21.495,21.042,-0.453,-0.453,0
1787735451.159,wrist_flex,-43.934,-43.648,-43.934,-0.286,-0.286,0
1787735451.159,wrist_roll,-0.601,-0.484,-0.601,-0.118,-0.118,0
1787735451.159,gripper,30.999,37.021,30.999,-6.022,-6.022,0
1787735451.209,shoulder_pan,13.775,14.198,13.775,-0.422,-0.422,0
1787735451.209,shoulder_lift,44.891,48.264,44.891,-3.373,-3.373,0
1787735451.209,elbow_flex,21.061,21.495,21.061,-0.433,-0.433,0
1787735451.209,wrist_flex,-43.814,-43.648,-43.814,-0.166,-0.166,0
1787735451.209,wrist_roll,-0.597,-0.484,-0.597,-0.114,-0.114,0
1787735451.209,gripper,30.998,37.021,30.998,-6.023,-6.023,0
1787735451.259,shoulder_pan,13.805,14.198,13.805,-0.393,-0.393,0
1787735451.259,shoulder_lift,44.660,48.264,44.660,-3.604,-3.604,0
1787735451.259,elbow_flex,21.141,21.495,21.141,-0.353,-0.353,0
1787735451.259,wrist_flex,-43.613,-43.648,-43.613,0.036,0.036,0
1787735451.259,wrist_roll,-0.614,-0.484,-0.614,-0.130,-0.130,0
1787735451.259,gripper,31.193,37.021,31.193,-5.828,-5.828,0
1787735451.309,shoulder_pan,13.598,14.198,13.598,-0.600,-0.600,0
1787735451.309,shoulder_lift,44.548,48.264,44.548,-3.716,-3.716,0
1787735451.309,elbow_flex,20.722,21.495,20.722,-0.772,-0.772,0
1787735451.309,wrist_flex,-42.862,-43.648,-42.862,0.786,0.786,0
1787735451.309,wrist_roll,-0.564,-0.484,-0.564,-0.080,-0.080,0
1787735451.309,gripper,30.579,37.021,30.579,-6.442,-6.442,0
1787735451.359,shoulder_pan,13.430,14.198,13.430,-0.768,-0.768,0
1787735451.359,shoulder_lift,44.510,48.264,44.510,-3.753,-3.753,0
1787735451.359,elbow_flex,20.935,21.495,20.935,-0.560,-0.560,0
1787735451.359,wrist_flex,-43.110,-43.648,-43.110,0.538,0.538,0
1787735451.359,wrist_roll,-0.591,-0.484,-0.591,-0.107,-0.107,0
1787735451.359,gripper,30.710,37.021,30.710,-6.311,-6.311,0
1787735451.410,shoulder_pan,13.469,14.022,13.469,-0.553,-0.553,0
1787735451.410,shoulder_lift,44.831,48.264,44.831,-3.432,-3.432,0
1787735451.410,elbow_flex,20.447,21.495,20.447,-1.047,-1.047,0
1787735451.410,wrist_flex,-43.608,-43.560,-43.608,-0.048,-0.048,0
1787735451.410,wrist_roll,-0.538,-0.484,-0.538,-0.054,-0.054,0
1787735451.410,gripper,30.402,37.021,30.402,-6.619,-6.619,0
1787735451.460,shoulder_pan,13.566,13.934,13.566,-0.368,-0.368,0
1787735451.460,shoulder_lift,44.443,48.264,44.443,-3.821,-3.821,0
1787735451.460,elbow_flex,20.693,21.495,20.693,-0.801,-0.801,0
1787735451.460,wrist_flex,-43.169,-43.560,-43.169,0.391,0.391,0
1787735451.460,wrist_roll,-0.538,-0.484,-0.538,-0.054,-0.054,0
1787735451.460,gripper,30.362,37.021,30.362,-6.659,-6.659,0
1787735451.510,shoulder_pan,12.967,13.934,12.967,-0.967,-0.967,0
1787735451.510,shoulder_lift,39.099,48.264,39.099,-9.165,-9.165,0
1787735451.510,elbow_flex,21.933,21.495,21.933,0.438,0.438,0
1787735451.510,wrist_flex,-40.859,-43.473,-40.859,2.614,2.614,0
1787735451.510,wrist_roll,-0.406,-0.484,-0.406,0.077,0.077,0
1787735451.510,gripper,31.777,37.021,31.777,-5.244,-5.244,0
1787735451.560,shoulder_pan,12.387,13.846,12.387,-1.459,-1.459,0
1787735451.560,shoulder_lift,34.180,48.088,34.180,-13.908,-13.908,0
1787735451.560,elbow_flex,23.092,21.582,23.092,1.509,1.509,0
1787735451.560,wrist_flex,-38.284,-43.385,-38.284,5.100,5.100,0
1787735451.560,wrist_roll,-0.299,-0.484,-0.299,0.185,0.185,0
1787735451.560,gripper,32.560,37.021,32.560,-4.460,-4.460,0
1787735451.610,shoulder_pan,12.213,13.495,12.213,-1.281,-1.281,0
1787735451.610,shoulder_lift,34.548,46.066,34.548,-11.518,-11.518,0
1787735451.610,elbow_flex,23.137,22.286,23.137,0.851,0.851,0
1787735451.610,wrist_flex,-38.430,-41.363,-38.430,2.933,2.933,0
1787735451.610,wrist_roll,-0.318,-0.484,-0.318,0.165,0.165,0
1787735451.610,gripper,32.467,37.021,32.467,-4.554,-4.554,0
1787735451.660,shoulder_pan,12.408,13.055,12.408,-0.647,-0.647,0
1787735451.660,shoulder_lift,34.585,43.516,34.585,-8.932,-8.932,0
1787735451.660,elbow_flex,22.952,23.253,22.952,-0.301,-0.301,0
1787735451.660,wrist_flex,-38.641,-39.956,-38.641,1.315,1.315,0
1787735451.660,wrist_roll,-0.366,-0.484,-0.366,0.118,0.118,0
1787735451.660,gripper,32.218,37.021,32.218,-4.803,-4.803,0
1787735451.711,shoulder_pan,12.438,12.703,12.438,-0.265,-0.265,0
1787735451.711,shoulder_lift,34.765,41.846,34.765,-7.081,-7.081,0
1787735451.711,elbow_flex,23.135,23.429,23.135,-0.293,-0.293,0
1787735451.711,wrist_flex,-38.687,-39.341,-38.687,0.654,0.654,0
1787735451.711,wrist_roll,-0.329,-0.484,-0.329,0.155,0.155,0
1787735451.711,gripper,32.075,37.021,32.075,-4.946,-4.946,0
1787735451.760,shoulder_pan,12.484,12.527,12.484,-0.043,-0.043,0
1787735451.760,shoulder_lift,34.004,40.879,34.004,-6.875,-6.875,0
1787735451.760,elbow_flex,22.839,23.429,22.839,-0.589,-0.589,0
1787735451.760,wrist_flex,-38.433,-38.989,-38.433,0.556,0.556,0
1787735451.760,wrist_roll,-0.344,-0.484,-0.344,0.140,0.140,0
1787735451.760,gripper,32.578,37.021,32.578,-4.442,-4.442,0
1787735451.810,shoulder_pan,12.430,12.615,12.430,-0.185,-0.185,0
1787735451.810,shoulder_lift,34.665,40.264,34.665,-5.598,-5.598,0
1787735451.810,elbow_flex,23.490,23.429,23.490,0.062,0.062,0
1787735451.810,wrist_flex,-39.302,-38.637,-39.302,-0.665,-0.665,0
1787735451.810,wrist_roll,-0.348,-0.484,-0.348,0.136,0.136,0
1787735451.810,gripper,32.288,37.021,32.288,-4.733,-4.733,0
1787735451.861,shoulder_pan,12.453,12.791,12.453,-0.338,-0.338,0
1787735451.861,shoulder_lift,34.724,40.088,34.724,-5.364,-5.364,0
1787735451.861,elbow_flex,23.275,23.604,23.275,-0.330,-0.330,0
1787735451.861,wrist_flex,-39.466,-38.637,-39.466,-0.829,-0.829,0
1787735451.861,wrist_roll,-0.339,-0.484,-0.339,0.144,0.144,0
1787735451.861,gripper,32.232,37.021,32.232,-4.789,-4.789,0
1787735451.910,shoulder_pan,12.456,12.791,12.456,-0.335,-0.335,0
1787735451.910,shoulder_lift,34.707,40.088,34.707,-5.381,-5.381,0
1787735451.910,elbow_flex,23.176,23.692,23.176,-0.516,-0.516,0
1787735451.910,wrist_flex,-39.102,-38.725,-39.102,-0.377,-0.377,0
1787735451.910,wrist_roll,-0.353,-0.484,-0.353,0.131,0.131,0
1787735451.910,gripper,32.055,37.021,32.055,-4.966,-4.966,0
1787735451.961,shoulder_pan,12.532,12.791,12.532,-0.259,-0.259,0
1787735451.961,shoulder_lift,34.576,40.088,34.576,-5.512,-5.512,0
1787735451.961,elbow_flex,23.284,23.692,23.284,-0.408,-0.408,0
1787735451.961,wrist_flex,-39.289,-38.725,-39.289,-0.564,-0.564,0
1787735451.961,wrist_roll,-0.271,-0.484,-0.271,0.213,0.213,0
1787735451.961,gripper,31.779,37.021,31.779,-5.242,-5.242,0
1787735452.010,shoulder_pan,12.389,12.791,12.389,-0.402,-0.402,0
1787735452.010,shoulder_lift,34.932,40.088,34.932,-5.156,-5.156,0
1787735452.010,elbow_flex,23.232,23.692,23.232,-0.460,-0.460,0
1787735452.010,wrist_flex,-39.950,-38.725,-39.950,-1.225,-1.225,0
1787735452.010,wrist_roll,-0.319,-0.484,-0.319,0.165,0.165,0
1787735452.010,gripper,31.762,37.021,31.762,-5.259,-5.259,0
1787735452.060,shoulder_pan,12.391,12.791,12.391,-0.400,-0.400,0
1787735452.060,shoulder_lift,34.968,40.088,34.968,-5.120,-5.120,0
1787735452.060,elbow_flex,23.190,23.692,23.190,-0.502,-0.502,0
1787735452.060,wrist_flex,-39.109,-38.725,-39.109,-0.384,-0.384,0
1787735452.060,wrist_roll,-0.307,-0.484,-0.307,0.176,0.176,0
1787735452.060,gripper,31.620,37.021,31.620,-5.401,-5.401,0
1787735452.110,shoulder_pan,12.544,12.791,12.544,-0.247,-0.247,0
1787735452.110,shoulder_lift,34.417,40.088,34.417,-5.671,-5.671,0
1787735452.110,elbow_flex,23.264,23.692,23.264,-0.428,-0.428,0
1787735452.110,wrist_flex,-39.152,-38.725,-39.152,-0.426,-0.426,0
1787735452.110,wrist_roll,-0.322,-0.484,-0.322,0.162,0.162,0
1787735452.110,gripper,31.703,37.021,31.703,-5.318,-5.318,0
1787735452.160,shoulder_pan,12.484,12.791,12.484,-0.307,-0.307,0
1787735452.160,shoulder_lift,34.466,40.088,34.466,-5.622,-5.622,0
1787735452.160,elbow_flex,23.360,23.692,23.360,-0.332,-0.332,0
1787735452.160,wrist_flex,-39.463,-38.725,-39.463,-0.738,-0.738,0
1787735452.160,wrist_roll,-0.321,-0.484,-0.321,0.163,0.163,0
1787735452.160,gripper,31.479,37.021,31.479,-5.542,-5.542,0
1787735452.210,shoulder_pan,12.387,12.791,12.387,-0.404,-0.404,0
1787735452.210,shoulder_lift,34.075,40.088,34.075,-6.013,-6.013,0
1787735452.210,elbow_flex,23.321,23.692,23.321,-0.371,-0.371,0
1787735452.210,wrist_flex,-39.547,-38.725,-39.547,-0.822,-0.822,0
1787735452.210,wrist_roll,-0.317,-0.484,-0.317,0.167,0.167,0
1787735452.210,gripper,31.820,37.021,31.820,-5.201,-5.201,0
1787735452.262,shoulder_pan,12.456,12.791,12.456,-0.335,-0.335,0
1787735452.262,shoulder_lift,33.192,40.088,33.192,-6.896,-6.896,0
1787735452.262,elbow_flex,23.741,23.692,23.741,0.048,0.048,0
1787735452.262,wrist_flex,-38.906,-38.725,-38.906,-0.181,-0.181,0
1787735452.262,wrist_roll,-0.265,-0.484,-0.265,0.218,0.218,0
1787735452.262,gripper,31.455,37.021,31.455,-5.566,-5.566,0
1787735452.312,shoulder_pan,12.390,12.791,12.390,-0.401,-0.401,0
1787735452.312,shoulder_lift,33.266,40.000,33.266,-6.734,-6.734,0
1787735452.312,elbow_flex,23.772,23.868,23.772,-0.097,-0.097,0
1787735452.312,wrist_flex,-39.333,-38.725,-39.333,-0.608,-0.608,0
1787735452.312,wrist_roll,-0.278,-0.484,-0.278,0.205,0.205,0
1787735452.312,gripper,31.483,37.021,31.483,-5.538,-5.538,0
1787735452.361,shoulder_pan,12.480,12.791,12.480,-0.311,-0.311,0
1787735452.361,shoulder_lift,33.695,39.736,33.695,-6.041,-6.041,0
1787735452.361,elbow_flex,24.083,24.044,24.083,0.039,0.039,0
1787735452.361,wrist_flex,-39.397,-38.725,-39.397,-0.672,-0.672,0
1787735452.361,wrist_roll,-0.309,-0.484,-0.309,0.175,0.175,0
1787735452.361,gripper,31.595,37.021,31.595,-5.426,-5.426,0
1787735452.411,shoulder_pan,12.429,12.791,12.429,-0.362,-0.362,0
1787735452.411,shoulder_lift,33.680,39.560,33.680,-5.881,-5.881,0
1787735452.411,elbow_flex,23.846,24.132,23.846,-0.286,-0.286,0
1787735452.411,wrist_flex,-39.271,-38.725,-39.271,-0.546,-0.546,0
1787735452.411,wrist_roll,-0.317,-0.484,-0.317,0.167,0.167,0
1787735452.411,gripper,31.555,37.021,31.555,-5.466,-5.466,0
1787735452.461,shoulder_pan,12.173,12.703,12.173,-0.530,-0.530,0
1787735452.461,shoulder_lift,31.425,39.560,31.425,-8.136,-8.136,0
1787735452.461,elbow_flex,25.242,24.308,25.242,0.934,0.934,0
1787735452.461,wrist_flex,-39.782,-38.725,-39.782,-1.056,-1.056,0
1787735452.461,wrist_roll,-0.286,-0.484,-0.286,0.197,0.197,0
1787735452.461,gripper,31.323,37.021,31.323,-5.698,-5.698,0
1787735452.512,shoulder_pan,11.950,12.703,11.950,-0.753,-0.753,0
1787735452.512,shoulder_lift,29.240,39.385,29.240,-10.145,-10.145,0
1787735452.512,elbow_flex,26.544,24.747,26.544,1.797,1.797,0
1787735452.512,wrist_flex,-39.983,-38.725,-39.983,-1.258,-1.258,0
1787735452.512,wrist_roll,-0.300,-0.484,-0.300,0.184,0.184,0
1787735452.512,gripper,30.587,37.021,30.587,-6.434,-6.434,0
1787735452.561,shoulder_pan,11.867,12.615,11.867,-0.749,-0.749,0
1787735452.561,shoulder_lift,29.036,38.066,29.036,-9.030,-9.030,0
1787735452.561,elbow_flex,27.145,25.714,27.145,1.431,1.431,0
1787735452.561,wrist_flex,-40.008,-38.725,-40.008,-1.283,-1.283,0
1787735452.561,wrist_roll,-0.364,-0.484,-0.364,0.120,0.120,0
1787735452.561,gripper,30.143,37.021,30.143,-6.878,-6.878,0
1787735452.612,shoulder_pan,11.729,12.352,11.729,-0.622,-0.622,0
1787735452.612,shoulder_lift,29.251,36.484,29.251,-7.233,-7.233,0
1787735452.612,elbow_flex,27.590,26.769,27.590,0.821,0.821,0
1787735452.612,wrist_flex,-40.282,-38.725,-40.282,-1.557,-1.557,0
1787735452.612,wrist_roll,-0.419,-0.484,-0.419,0.064,0.064,0
1787735452.612,gripper,29.656,37.021,29.656,-7.365,-7.365,0
1787735452.662,shoulder_pan,11.726,12.088,11.726,-0.362,-0.362,0
1787735452.662,shoulder_lift,28.850,35.516,28.850,-6.667,-6.667,0
1787735452.662,elbow_flex,28.656,27.473,28.656,1.183,1.183,0
1787735452.662,wrist_flex,-40.922,-38.725,-40.922,-2.197,-2.197,0
1787735452.662,wrist_roll,-0.604,-0.484,-0.604,-0.120,-0.120,0
1787735452.662,gripper,29.174,37.021,29.174,-7.847,-7.847,0
1787735452.712,shoulder_pan,11.696,12.000,11.696,-0.304,-0.304,0
1787735452.712,shoulder_lift,29.143,34.813,29.143,-5.671,-5.671,0
1787735452.712,elbow_flex,29.936,28.440,29.936,1.496,1.496,0
1787735452.712,wrist_flex,-41.182,-38.901,-41.182,-2.281,-2.281,0
1787735452.712,wrist_roll,-0.750,-0.484,-0.750,-0.267,-0.267,0
1787735452.712,gripper,28.646,37.021,28.646,-8.374,-8.374,0
1787735452.762,shoulder_pan,11.578,11.912,11.578,-0.334,-0.334,0
1787735452.762,shoulder_lift,28.615,34.549,28.615,-5.935,-5.935,0
1787735452.762,elbow_flex,31.482,29.319,31.482,2.163,2.163,0
1787735452.762,wrist_flex,-41.768,-39.341,-41.768,-2.428,-2.428,0
1787735452.762,wrist_roll,-0.946,-0.484,-0.946,-0.463,-0.463,0
1787735452.762,gripper,28.212,37.021,28.212,-8.809,-8.809,0
1787735452.812,shoulder_pan,11.450,11.912,11.450,-0.462,-0.462,0
1787735452.812,shoulder_lift,28.655,34.462,28.655,-5.807,-5.807,0
1787735452.812,elbow_flex,32.834,30.374,32.834,2.460,2.460,0
1787735452.812,wrist_flex,-41.978,-39.780,-41.978,-2.198,-2.198,0
1787735452.812,wrist_roll,-1.017,-0.484,-1.017,-0.533,-0.533,0
1787735452.812,gripper,28.046,37.021,28.046,-8.975,-8.975,0
1787735452.862,shoulder_pan,11.387,11.912,11.387,-0.525,-0.525,0
1787735452.862,shoulder_lift,28.714,34.462,28.714,-5.748,-5.748,0
1787735452.862,elbow_flex,33.596,31.604,33.596,1.991,1.991,0
1787735452.862,wrist_flex,-42.164,-40.220,-42.164,-1.945,-1.945,0
1787735452.862,wrist_roll,-1.035,-0.484,-1.035,-0.552,-0.552,0
1787735452.862,gripper,27.260,37.021,27.260,-9.760,-9.760,0
1787735452.912,shoulder_pan,11.289,11.912,11.289,-0.623,-0.623,0
1787735452.912,shoulder_lift,28.983,34.462,28.983,-5.478,-5.478,0
1787735452.912,elbow_flex,34.593,32.835,34.593,1.758,1.758,0
1787735452.912,wrist_flex,-42.172,-40.571,-42.172,-1.601,-1.601,0
1787735452.912,wrist_roll,-1.039,-0.484,-1.039,-0.556,-0.556,0
1787735452.912,gripper,26.767,37.021,26.767,-10.254,-10.254,0
1787735452.962,shoulder_pan,11.191,11.912,11.191,-0.722,-0.722,0
1787735452.962,shoulder_lift,29.029,34.462,29.029,-5.433,-5.433,0
1787735452.962,elbow_flex,35.203,33.890,35.203,1.313,1.313,0
1787735452.962,wrist_flex,-42.209,-40.747,-42.209,-1.461,-1.461,0
1787735452.962,wrist_roll,-0.989,-0.484,-0.989,-0.506,-0.506,0
1787735452.962,gripper,25.978,37.021,25.978,-11.043,-11.043,0
1787735453.012,shoulder_pan,11.163,11.648,11.163,-0.485,-0.485,0
1787735453.012,shoulder_lift,29.775,34.462,29.775,-4.687,-4.687,0
1787735453.012,elbow_flex,35.673,34.769,35.673,0.903,0.903,0
1787735453.012,wrist_flex,-41.980,-40.747,-41.980,-1.233,-1.233,0
1787735453.012,wrist_roll,-0.917,-0.484,-0.917,-0.433,-0.433,0
1787735453.012,gripper,25.400,37.021,25.400,-11.621,-11.621,0
1787735453.062,shoulder_pan,11.040,11.473,11.040,-0.433,-0.433,0
1787735453.062,shoulder_lift,29.620,34.462,29.620,-4.842,-4.842,0
1787735453.062,elbow_flex,36.015,35.560,36.015,0.455,0.455,0
1787735453.062,wrist_flex,-42.719,-40.747,-42.719,-1.971,-1.971,0
1787735453.062,wrist_roll,-0.822,-0.484,-0.822,-0.339,-0.339,0
1787735453.062,gripper,25.213,37.021,25.213,-11.808,-11.808,0
1787735453.112,shoulder_pan,11.088,11.385,11.088,-0.297,-0.297,0
1787735453.112,shoulder_lift,30.150,34.462,30.150,-4.312,-4.312,0
1787735453.112,elbow_flex,36.106,36.352,36.106,-0.245,-0.245,0
1787735453.112,wrist_flex,-42.808,-41.011,-42.808,-1.797,-1.797,0
1787735453.112,wrist_roll,-0.733,-0.484,-0.733,-0.250,-0.250,0
1787735453.112,gripper,25.129,37.021,25.129,-11.892,-11.892,0
1787735453.162,shoulder_pan,10.920,11.473,10.920,-0.553,-0.553,0
1787735453.162,shoulder_lift,29.710,34.462,29.710,-4.752,-4.752,0
1787735453.162,elbow_flex,36.812,36.527,36.812,0.284,0.284,0
1787735453.162,wrist_flex,-43.184,-41.187,-43.184,-1.997,-1.997,0
1787735453.162,wrist_roll,-0.691,-0.484,-0.691,-0.207,-0.207,0
1787735453.162,gripper,24.745,37.021,24.745,-12.276,-12.276,0
1787735453.213,shoulder_pan,10.647,11.473,10.647,-0.826,-0.826,0
1787735453.213,shoulder_lift,29.395,34.462,29.395,-5.067,-5.067,0
1787735453.213,elbow_flex,39.293,36.615,39.293,2.678,2.678,0
1787735453.213,wrist_flex,-43.006,-41.538,-43.006,-1.468,-1.468,0
1787735453.213,wrist_roll,-0.693,-0.484,-0.693,-0.209,-0.209,0
1787735453.213,gripper,24.265,37.021,24.265,-12.756,-12.756,0
1787735453.262,shoulder_pan,10.614,11.297,10.614,-0.683,-0.683,0
1787735453.262,shoulder_lift,29.265,34.462,29.265,-5.196,-5.196,0
1787735453.262,elbow_flex,40.221,37.319,40.221,2.902,2.902,0
1787735453.262,wrist_flex,-42.989,-41.714,-42.989,-1.275,-1.275,0
1787735453.262,wrist_roll,-0.671,-0.484,-0.671,-0.187,-0.187,0
1787735453.262,gripper,23.745,37.021,23.745,-13.276,-13.276,0
1787735453.313,shoulder_pan,10.558,10.945,10.558,-0.387,-0.387,0
1787735453.313,shoulder_lift,29.146,34.462,29.146,-5.316,-5.316,0
1787735453.313,elbow_flex,41.739,38.989,41.739,2.750,2.750,0
1787735453.313,wrist_flex,-42.902,-41.714,-42.902,-1.187,-1.187,0
1787735453.313,wrist_roll,-0.680,-0.484,-0.680,-0.197,-0.197,0
1787735453.313,gripper,23.319,37.021,23.319,-13.702,-13.702,0
1787735453.363,shoulder_pan,10.512,10.857,10.512,-0.345,-0.345,0
1787735453.363,shoulder_lift,29.253,34.374,29.253,-5.121,-5.121,0
1787735453.363,elbow_flex,43.434,40.044,43.434,3.391,3.391,0
1787735453.363,wrist_flex,-42.985,-41.802,-42.985,-1.183,-1.183,0
1787735453.363,wrist_roll,-0.722,-0.571,-0.722,-0.151,-0.151,0
1787735453.363,gripper,22.931,37.021,22.931,-14.090,-14.090,0
1787735453.413,shoulder_pan,10.449,10.857,10.449,-0.408,-0.408,0
1787735453.413,shoulder_lift,31.032,34.286,31.032,-3.254,-3.254,0
1787735453.413,elbow_flex,41.766,41.187,41.766,0.580,0.580,0
1787735453.413,wrist_flex,-43.108,-42.242,-43.108,-0.866,-0.866,0
1787735453.413,wrist_roll,-0.848,-0.571,-0.848,-0.276,-0.276,0
1787735453.413,gripper,23.354,37.021,23.354,-13.667,-13.667,0
1787735453.463,shoulder_pan,10.288,10.857,10.288,-0.569,-0.569,0
1787735453.463,shoulder_lift,32.537,33.758,32.537,-1.221,-1.221,0
1787735453.463,elbow_flex,39.418,42.066,39.418,-2.648,-2.648,0
1787735453.463,wrist_flex,-44.260,-42.593,-44.260,-1.667,-1.667,0
1787735453.463,wrist_roll,-0.964,-0.571,-0.964,-0.393,-0.393,0
1787735453.463,gripper,23.728,37.021,23.728,-13.292,-13.292,0
1787735453.514,shoulder_pan,10.229,10.769,10.229,-0.541,-0.541,0
1787735453.514,shoulder_lift,32.404,33.758,32.404,-1.354,-1.354,0
1787735453.514,elbow_flex,39.555,41.890,39.555,-2.335,-2.335,0
1787735453.514,wrist_flex,-44.832,-42.769,-44.832,-2.063,-2.063,0
1787735453.514,wrist_roll,-0.969,-0.571,-0.969,-0.398,-0.398,0
1787735453.514,gripper,23.859,37.021,23.859,-13.162,-13.162,0
1787735453.563,shoulder_pan,10.250,10.769,10.250,-0.519,-0.519,0
1787735453.563,shoulder_lift,31.555,33.846,31.555,-2.291,-2.291,0
1787735453.563,elbow_flex,40.038,41.538,40.038,-1.500,-1.500,0
1787735453.563,wrist_flex,-44.607,-43.297,-44.607,-1.310,-1.310,0
1787735453.563,wrist_roll,-0.974,-0.571,-0.974,-0.403,-0.403,0
1787735453.563,gripper,23.814,37.021,23.814,-13.207,-13.207,0
1787735453.613,shoulder_pan,10.157,10.769,10.157,-0.613,-0.613,0
1787735453.613,shoulder_lift,31.303,33.846,31.303,-2.543,-2.543,0
1787735453.613,elbow_flex,40.543,41.538,40.543,-0.996,-0.996,0
1787735453.613,wrist_flex,-44.773,-43.473,-44.773,-1.301,-1.301,0
1787735453.613,wrist_roll,-0.947,-0.571,-0.947,-0.376,-0.376,0
1787735453.613,gripper,23.677,37.021,23.677,-13.344,-13.344,0
1787735453.663,shoulder_pan,10.138,10.769,10.138,-0.631,-0.631,0
1787735453.663,shoulder_lift,31.013,33.846,31.013,-2.833,-2.833,0
1787735453.663,elbow_flex,41.045,41.538,41.045,-0.493,-0.493,0
1787735453.663,wrist_flex,-45.027,-43.473,-45.027,-1.554,-1.554,0
1787735453.663,wrist_roll,-0.926,-0.571,-0.926,-0.355,-0.355,0
1787735453.663,gripper,23.343,37.021,23.343,-13.678,-13.678,0
1787735453.713,shoulder_pan,10.108,10.681,10.108,-0.573,-0.573,0
1787735453.713,shoulder_lift,30.440,33.846,30.440,-3.406,-3.406,0
1787735453.713,elbow_flex,41.530,41.538,41.530,-0.009,-0.009,0
1787735453.713,wrist_flex,-45.668,-43.473,-45.668,-2.195,-2.195,0
1787735453.713,wrist_roll,-0.933,-0.571,-0.933,-0.362,-0.362,0
1787735453.713,gripper,23.067,37.021,23.067,-13.954,-13.954,0
1787735453.763,shoulder_pan,10.058,10.593,10.058,-0.535,-0.535,0
1787735453.763,shoulder_lift,30.773,33.846,30.773,-3.073,-3.073,0
1787735453.763,elbow_flex,41.519,41.626,41.519,-0.108,-0.108,0
1787735453.763,wrist_flex,-45.674,-43.648,-45.674,-2.026,-2.026,0
1787735453.763,wrist_roll,-0.941,-0.571,-0.941,-0.370,-0.370,0
1787735453.763,gripper,23.113,37.021,23.113,-13.908,-13.908,0
1787735453.814,shoulder_pan,10.005,10.505,10.005,-0.501,-0.501,0
1787735453.814,shoulder_lift,29.814,33.846,29.814,-4.032,-4.032,0
1787735453.814,elbow_flex,41.941,41.626,41.941,0.315,0.315,0
1787735453.814,wrist_flex,-46.019,-44.000,-46.019,-2.019,-2.019,0
1787735453.814,wrist_roll,-0.948,-0.571,-0.948,-0.377,-0.377,0
1787735453.814,gripper,22.895,37.021,22.895,-14.126,-14.126,0
1787735453.863,shoulder_pan,9.929,10.505,9.929,-0.577,-0.577,0
1787735453.863,shoulder_lift,29.715,33.846,29.715,-4.132,-4.132,0
1787735453.863,elbow_flex,42.259,41.890,42.259,0.369,0.369,0
1787735453.863,wrist_flex,-45.822,-44.352,-45.822,-1.471,-1.471,0
1787735453.863,wrist_roll,-0.960,-0.571,-0.960,-0.388,-0.388,0
1787735453.863,gripper,22.726,37.021,22.726,-14.295,-14.295,0
1787735453.914,shoulder_pan,9.993,10.505,9.993,-0.513,-0.513,0
1787735453.914,shoulder_lift,29.688,33.846,29.688,-4.158,-4.158,0
1787735453.914,elbow_flex,42.302,42.418,42.302,-0.116,-0.116,0
1787735453.914,wrist_flex,-45.767,-44.527,-45.767,-1.240,-1.240,0
1787735453.914,wrist_roll,-0.940,-0.571,-0.940,-0.369,-0.369,0
1787735453.914,gripper,22.379,37.021,22.379,-14.642,-14.642,0
1787735453.964,shoulder_pan,9.839,10.505,9.839,-0.666,-0.666,0
1787735453.964,shoulder_lift,28.758,33.846,28.758,-5.088,-5.088,0
1787735453.964,elbow_flex,42.564,42.505,42.564,0.058,0.058,0
1787735453.964,wrist_flex,-45.639,-44.527,-45.639,-1.112,-1.112,0
1787735453.964,wrist_roll,-0.954,-0.571,-0.954,-0.383,-0.383,0
1787735453.964,gripper,22.051,37.021,22.051,-14.970,-14.970,0
1787735454.014,shoulder_pan,9.816,10.505,9.816,-0.689,-0.689,0
1787735454.014,shoulder_lift,29.278,33.846,29.278,-4.568,-4.568,0
1787735454.014,elbow_flex,42.710,42.593,42.710,0.117,0.117,0
1787735454.014,wrist_flex,-45.835,-44.527,-45.835,-1.307,-1.307,0
1787735454.014,wrist_roll,-0.955,-0.571,-0.955,-0.384,-0.384,0
1787735454.014,gripper,21.977,37.021,21.977,-15.044,-15.044,0
1787735454.064,shoulder_pan,9.725,10.330,9.725,-0.605,-0.605,0
1787735454.064,shoulder_lift,28.332,33.846,28.332,-5.514,-5.514,0
1787735454.064,elbow_flex,42.971,42.593,42.971,0.377,0.377,0
1787735454.064,wrist_flex,-45.867,-44.527,-45.867,-1.340,-1.340,0
1787735454.064,wrist_roll,-0.974,-0.571,-0.974,-0.402,-0.402,0
1787735454.064,gripper,22.016,37.021,22.016,-15.005,-15.005,0
1787735454.114,shoulder_pan,9.666,10.242,9.666,-0.576,-0.576,0
1787735454.114,shoulder_lift,27.655,33.846,27.655,-6.191,-6.191,0
1787735454.114,elbow_flex,43.727,42.857,43.727,0.870,0.870,0
1787735454.114,wrist_flex,-46.039,-44.615,-46.039,-1.424,-1.424,0
1787735454.114,wrist_roll,-0.974,-0.571,-0.974,-0.402,-0.402,0
1787735454.114,gripper,22.171,37.021,22.171,-14.850,-14.850,0
1787735454.164,shoulder_pan,9.512,10.242,9.512,-0.730,-0.730,0
1787735454.164,shoulder_lift,27.838,33.407,27.838,-5.568,-5.568,0
1787735454.164,elbow_flex,44.767,43.297,44.767,1.470,1.470,0
1787735454.164,wrist_flex,-46.354,-44.879,-46.354,-1.474,-1.474,0
1787735454.164,wrist_roll,-0.926,-0.571,-0.926,-0.355,-0.355,0
1787735454.164,gripper,21.886,37.021,21.886,-15.134,-15.134,0
1787735454.214,shoulder_pan,9.446,10.242,9.446,-0.796,-0.796,0
1787735454.214,shoulder_lift,28.263,32.879,28.263,-4.616,-4.616,0
1787735454.214,elbow_flex,45.120,44.000,45.120,1.120,1.120,0
1787735454.214,wrist_flex,-46.821,-45.055,-46.821,-1.767,-1.767,0
1787735454.214,wrist_roll,-0.935,-0.571,-0.935,-0.364,-0.364,0
1787735454.214,gripper,21.824,37.021,21.824,-15.197,-15.197,0
1787735454.264,shoulder_pan,9.520,9.978,9.520,-0.458,-0.458,0
1787735454.264,shoulder_lift,28.008,32.615,28.008,-4.607,-4.607,0
1787735454.264,elbow_flex,45.372,44.791,45.372,0.580,0.580,0
1787735454.264,wrist_flex,-46.896,-45.231,-46.896,-1.665,-1.665,0
1787735454.264,wrist_roll,-0.958,-0.571,-0.958,-0.387,-0.387,0
1787735454.264,gripper,21.664,37.021,21.664,-15.357,-15.357,0
1787735454.314,shoulder_pan,9.374,9.802,9.374,-0.428,-0.428,0
1787735454.314,shoulder_lift,28.015,32.440,28.015,-4.424,-4.424,0
1787735454.314,elbow_flex,45.298,45.319,45.298,-0.020,-0.020,0
1787735454.314,wrist_flex,-46.640,-45.582,-46.640,-1.058,-1.058,0
1787735454.314,wrist_roll,-0.936,-0.571,-0.936,-0.364,-0.364,0
1787735454.314,gripper,21.747,37.021,21.747,-15.274,-15.274,0
1787735454.365,shoulder_pan,9.281,9.802,9.281,-0.521,-0.521,0
1787735454.365,shoulder_lift,31.152,32.440,31.152,-1.288,-1.288,0
1787735454.365,elbow_flex,49.513,45.407,49.513,4.106,4.106,0
1787735454.365,wrist_flex,-47.939,-45.582,-47.939,-2.356,-2.356,0
1787735454.365,wrist_roll,-0.831,-0.571,-0.831,-0.260,-0.260,0
1787735454.365,gripper,21.724,37.021,21.724,-15.297,-15.297,0
1787735454.414,shoulder_pan,9.215,9.802,9.215,-0.587,-0.587,0
1787735454.414,shoulder_lift,34.769,32.440,34.769,2.330,2.330,0
1787735454.414,elbow_flex,54.525,45.670,54.525,8.855,8.855,0
1787735454.414,wrist_flex,-49.349,-45.934,-49.349,-3.415,-3.415,0
1787735454.414,wrist_roll,-0.694,-0.571,-0.694,-0.122,-0.122,0
1787735454.414,gripper,21.945,37.021,21.945,-15.076,-15.076,0
1787735454.464,shoulder_pan,9.233,9.802,9.233,-0.569,-0.569,0
1787735454.464,shoulder_lift,35.172,32.791,35.172,2.380,2.380,0
1787735454.464,elbow_flex,54.981,47.604,54.981,7.376,7.376,0
1787735454.464,wrist_flex,-49.710,-47.341,-49.710,-2.369,-2.369,0
1787735454.464,wrist_roll,-0.639,-0.571,-0.639,-0.068,-0.068,0
1787735454.464,gripper,21.955,37.021,21.955,-15.066,-15.066,0
1787735454.515,shoulder_pan,9.182,9.802,9.182,-0.620,-0.620,0
1787735454.515,shoulder_lift,35.311,33.934,35.311,1.377,1.377,0
1787735454.515,elbow_flex,55.691,49.890,55.691,5.801,5.801,0
1787735454.515,wrist_flex,-49.515,-48.659,-49.515,-0.856,-0.856,0
1787735454.515,wrist_roll,-0.593,-0.571,-0.593,-0.021,-0.021,0
1787735454.515,gripper,22.282,37.021,22.282,-14.739,-14.739,0
1787735454.565,shoulder_pan,9.226,9.802,9.226,-0.576,-0.576,0
1787735454.565,shoulder_lift,35.927,33.934,35.927,1.993,1.993,0
1787735454.565,elbow_flex,56.242,51.648,56.242,4.594,4.594,0
1787735454.565,wrist_flex,-49.816,-49.363,-49.816,-0.453,-0.453,0
1787735454.565,wrist_roll,-0.545,-0.571,-0.545,0.027,0.027,0
1787735454.565,gripper,22.709,37.021,22.709,-14.312,-14.312,0
1787735454.615,shoulder_pan,9.213,9.802,9.213,-0.589,-0.589,0
1787735454.615,shoulder_lift,36.193,34.286,36.193,1.907,1.907,0
1787735454.615,elbow_flex,56.851,52.703,56.851,4.147,4.147,0
1787735454.615,wrist_flex,-49.998,-49.890,-49.998,-0.108,-0.108,0
1787735454.615,wrist_roll,-0.488,-0.571,-0.488,0.083,0.083,0
1787735454.615,gripper,22.820,37.021,22.820,-14.201,-14.201,0
1787735454.665,shoulder_pan,9.116,9.802,9.116,-0.686,-0.686,0
1787735454.665,shoulder_lift,36.263,34.462,36.263,1.802,1.802,0
1787735454.665,elbow_flex,57.237,53.495,57.237,3.743,3.743,0
1787735454.665,wrist_flex,-50.029,-50.330,-50.029,0.301,0.301,0
1787735454.665,wrist_roll,-0.475,-0.571,-0.475,0.096,0.096,0
1787735454.665,gripper,23.228,37.021,23.228,-13.793,-13.793,0
1787735454.715,shoulder_pan,9.167,9.802,9.167,-0.635,-0.635,0
1787735454.715,shoulder_lift,36.405,34.462,36.405,1.944,1.944,0
1787735454.715,elbow_flex,57.824,53.846,57.824,3.978,3.978,0
1787735454.715,wrist_flex,-50.199,-50.330,-50.199,0.131,0.131,0
1787735454.715,wrist_roll,-0.449,-0.571,-0.449,0.123,0.123,0
1787735454.715,gripper,23.928,37.021,23.928,-13.093,-13.093,0
1787735454.765,shoulder_pan,9.257,9.802,9.257,-0.546,-0.546,0
1787735454.765,shoulder_lift,36.837,34.462,36.837,2.375,2.375,0
1787735454.765,elbow_flex,57.769,53.934,57.769,3.835,3.835,0
1787735454.765,wrist_flex,-50.643,-50.418,-50.643,-0.225,-0.225,0
1787735454.765,wrist_roll,-0.447,-0.571,-0.447,0.125,0.125,0
1787735454.765,gripper,23.974,37.021,23.974,-13.046,-13.046,0
1787735454.815,shoulder_pan,9.214,9.802,9.214,-0.588,-0.588,0
1787735454.815,shoulder_lift,36.898,34.462,36.898,2.436,2.436,0
1787735454.815,elbow_flex,58.197,54.198,58.197,3.999,3.999,0
1787735454.815,wrist_flex,-51.150,-50.857,-51.150,-0.293,-0.293,0
1787735454.815,wrist_roll,-0.445,-0.571,-0.445,0.127,0.127,0
1787735454.815,gripper,24.639,37.021,24.639,-12.382,-12.382,0
1787735454.865,shoulder_pan,9.170,9.802,9.170,-0.633,-0.633,0
1787735454.865,shoulder_lift,37.328,34.462,37.328,2.866,2.866,0
1787735454.865,elbow_flex,58.155,54.637,58.155,3.518,3.518,0
1787735454.865,wrist_flex,-51.561,-51.385,-51.561,-0.177,-0.177,0
1787735454.865,wrist_roll,-0.463,-0.571,-0.463,0.108,0.108,0
1787735454.865,gripper,25.222,37.021,25.222,-11.799,-11.799,0
1787735454.915,shoulder_pan,9.164,9.802,9.164,-0.638,-0.638,0
1787735454.915,shoulder_lift,37.299,34.462,37.299,2.837,2.837,0
1787735454.915,elbow_flex,58.068,54.901,58.068,3.167,3.167,0
1787735454.915,wrist_flex,-51.628,-51.824,-51.628,0.196,0.196,0
1787735454.915,wrist_roll,-0.439,-0.571,-0.439,0.132,0.132,0
1787735454.915,gripper,25.035,37.021,25.035,-11.986,-11.986,0
1787735454.965,shoulder_pan,9.187,9.802,9.187,-0.615,-0.615,0
1787735454.965,shoulder_lift,37.250,34.462,37.250,2.789,2.789,0
1787735454.965,elbow_flex,58.414,54.989,58.414,3.425,3.425,0
1787735454.965,wrist_flex,-51.693,-51.912,-51.693,0.219,0.219,0
1787735454.965,wrist_roll,-0.443,-0.571,-0.443,0.128,0.128,0
1787735454.965,gripper,25.887,37.021,25.887,-11.134,-11.134,0
1787735455.015,shoulder_pan,9.094,9.802,9.094,-0.709,-0.709,0
1787735455.015,shoulder_lift,37.794,34.462,37.794,3.333,3.333,0
1787735455.015,elbow_flex,58.422,54.989,58.422,3.433,3.433,0
1787735455.015,wrist_flex,-51.925,-51.912,-51.925,-0.013,-0.013,0
1787735455.015,wrist_roll,-0.455,-0.571,-0.455,0.116,0.116,0
1787735455.015,gripper,26.437,37.021,26.437,-10.584,-10.584,0
1787735455.065,shoulder_pan,9.079,9.802,9.079,-0.723,-0.723,0
1787735455.065,shoulder_lift,38.042,34.549,38.042,3.493,3.493,0
1787735455.065,elbow_flex,58.870,55.077,58.870,3.793,3.793,0
1787735455.065,wrist_flex,-51.901,-51.912,-51.901,0.011,0.011,0
1787735455.065,wrist_roll,-0.422,-0.571,-0.422,0.150,0.150,0
1787735455.065,gripper,27.858,37.021,27.858,-9.163,-9.163,0
1787735455.116,shoulder_pan,8.982,9.802,8.982,-0.820,-0.820,0
1787735455.116,shoulder_lift,38.272,34.813,38.272,3.459,3.459,0
1787735455.116,elbow_flex,58.821,55.077,58.821,3.744,3.744,0
1787735455.116,wrist_flex,-52.015,-52.000,-52.015,-0.015,-0.015,0
1787735455.116,wrist_roll,-0.374,-0.659,-0.374,0.285,0.285,0
1787735455.116,gripper,28.523,37.021,28.523,-8.498,-8.498,0
1787735455.166,shoulder_pan,9.034,9.802,9.034,-0.768,-0.768,0
1787735455.166,shoulder_lift,38.338,34.901,38.338,3.436,3.436,0
1787735455.166,elbow_flex,58.897,55.077,58.897,3.820,3.820,0
1787735455.166,wrist_flex,-51.690,-52.000,-51.690,0.310,0.310,0
1787735455.166,wrist_roll,-0.375,-0.659,-0.375,0.284,0.284,0
1787735455.166,gripper,29.298,37.021,29.298,-7.722,-7.722,0
1787735455.216,shoulder_pan,8.881,9.802,8.881,-0.921,-0.921,0
1787735455.216,shoulder_lift,38.154,34.901,38.154,3.253,3.253,0
1787735455.216,elbow_flex,58.933,55.077,58.933,3.856,3.856,0
1787735455.216,wrist_flex,-51.579,-52.000,-51.579,0.421,0.421,0
1787735455.216,wrist_roll,-0.337,-0.659,-0.337,0.322,0.322,0
1787735455.216,gripper,30.151,37.021,30.151,-6.870,-6.870,0
1787735455.266,shoulder_pan,8.953,9.714,8.953,-0.761,-0.761,0
1787735455.266,shoulder_lift,38.455,34.901,38.455,3.554,3.554,0
1787735455.266,elbow_flex,59.189,55.077,59.189,4.112,4.112,0
1787735455.266,wrist_flex,-51.361,-52.000,-51.361,0.639,0.639,0
1787735455.266,wrist_roll,-0.323,-0.659,-0.323,0.336,0.336,0
1787735455.266,gripper,30.777,37.021,30.777,-6.244,-6.244,0
1787735455.317,shoulder_pan,9.409,9.538,9.409,-0.129,-0.129,0
1787735455.317,shoulder_lift,38.214,34.901,38.214,3.313,3.313,0
1787735455.317,elbow_flex,61.205,55.077,61.205,6.128,6.128,0
1787735455.317,wrist_flex,-52.535,-52.000,-52.535,-0.535,-0.535,0
1787735455.317,wrist_roll,-0.283,-0.659,-0.283,0.376,0.376,0
1787735455.317,gripper,29.432,37.021,29.432,-7.589,-7.589,0
1787735455.366,shoulder_pan,10.493,9.538,10.493,0.955,0.955,0
1787735455.366,shoulder_lift,38.527,34.901,38.527,3.626,3.626,0
1787735455.366,elbow_flex,63.377,55.429,63.377,7.948,7.948,0
1787735455.366,wrist_flex,-54.170,-52.264,-54.170,-1.906,-1.906,0
1787735455.366,wrist_roll,-0.223,-0.659,-0.223,0.436,0.436,0
1787735455.366,gripper,27.749,37.021,27.749,-9.272,-9.272,0
1787735455.416,shoulder_pan,10.988,9.538,10.988,1.450,1.450,0
1787735455.416,shoulder_lift,37.824,34.901,37.824,2.923,2.923,0
1787735455.416,elbow_flex,63.535,56.659,63.535,6.876,6.876,0
1787735455.416,wrist_flex,-54.366,-53.319,-54.366,-1.047,-1.047,0
1787735455.416,wrist_roll,-0.190,-0.659,-0.190,0.469,0.469,0
1787735455.416,gripper,27.737,37.021,27.737,-9.284,-9.284,0
1787735455.466,shoulder_pan,11.623,9.802,11.623,1.821,1.821,0
1787735455.466,shoulder_lift,37.503,34.901,37.503,2.602,2.602,0
1787735455.466,elbow_flex,63.431,57.890,63.431,5.541,5.541,0
1787735455.466,wrist_flex,-54.115,-54.374,-54.115,0.259,0.259,0
1787735455.466,wrist_roll,-0.171,-0.659,-0.171,0.489,0.489,0
1787735455.466,gripper,28.160,37.021,28.160,-8.861,-8.861,0
1787735455.516,shoulder_pan,12.499,10.154,12.499,2.345,2.345,0
1787735455.516,shoulder_lift,36.817,34.901,36.817,1.915,1.915,0
1787735455.516,elbow_flex,62.938,58.593,62.938,4.345,4.345,0
1787735455.516,wrist_flex,-54.456,-54.725,-54.456,0.269,0.269,0
1787735455.516,wrist_roll,-0.124,-0.659,-0.124,0.535,0.535,0
1787735455.516,gripper,28.426,37.021,28.426,-8.594,-8.594,0
1787735455.566,shoulder_pan,12.979,10.505,12.979,2.474,2.474,0
1787735455.566,shoulder_lift,36.873,34.813,36.873,2.060,2.060,0
1787735455.566,elbow_flex,62.711,58.769,62.711,3.942,3.942,0
1787735455.566,wrist_flex,-54.678,-54.813,-54.678,0.135,0.135,0
1787735455.566,wrist_roll,-0.081,-0.659,-0.081,0.579,0.579,0
1787735455.566,gripper,28.380,37.021,28.380,-8.641,-8.641,0
1787735455.617,shoulder_pan,13.678,10.945,13.678,2.733,2.733,0
1787735455.617,shoulder_lift,36.038,34.813,36.038,1.225,1.225,0
1787735455.617,elbow_flex,62.368,58.769,62.368,3.599,3.599,0
1787735455.617,wrist_flex,-54.809,-54.989,-54.809,0.180,0.180,0
1787735455.617,wrist_roll,-0.045,-0.659,-0.045,0.614,0.614,0
1787735455.617,gripper,29.006,37.021,29.006,-8.014,-8.014,0
1787735455.666,shoulder_pan,14.460,11.297,14.460,3.163,3.163,0
1787735455.666,shoulder_lift,35.245,34.813,35.245,0.432,0.432,0
1787735455.666,elbow_flex,61.420,58.769,61.420,2.651,2.651,0
1787735455.666,wrist_flex,-54.506,-55.077,-54.506,0.571,0.571,0
1787735455.666,wrist_roll,0.002,-0.659,0.002,0.662,0.662,0
1787735455.666,gripper,29.638,37.021,29.638,-7.383,-7.383,0
1787735455.717,shoulder_pan,15.025,11.912,15.025,3.113,3.113,0
1787735455.717,shoulder_lift,34.743,34.725,34.743,0.018,0.018,0
1787735455.717,elbow_flex,60.576,58.769,60.576,1.807,1.807,0
1787735455.717,wrist_flex,-54.998,-55.077,-54.998,0.078,0.078,0
1787735455.717,wrist_roll,0.080,-0.659,0.080,0.739,0.739,0
1787735455.717,gripper,30.089,37.021,30.089,-6.932,-6.932,0
1787735455.767,shoulder_pan,15.885,12.527,15.885,3.358,3.358,0
1787735455.767,shoulder_lift,33.697,34.549,33.697,-0.853,-0.853,0
1787735455.767,elbow_flex,59.119,58.857,59.119,0.262,0.262,0
1787735455.767,wrist_flex,-54.590,-55.253,-54.590,0.663,0.663,0
1787735455.767,wrist_roll,0.158,-0.659,0.158,0.817,0.817,0
1787735455.767,gripper,30.837,37.021,30.837,-6.184,-6.184,0
1787735455.817,shoulder_pan,16.668,13.319,16.668,3.350,3.350,0
1787735455.817,shoulder_lift,32.987,34.198,32.987,-1.211,-1.211,0
1787735455.817,elbow_flex,57.763,58.857,57.763,-1.094,-1.094,0
1787735455.817,wrist_flex,-54.253,-55.253,-54.253,0.999,0.999,0
1787735455.817,wrist_roll,0.251,-0.659,0.251,0.910,0.910,0
1787735455.817,gripper,31.592,37.021,31.592,-5.429,-5.429,0
1787735455.867,shoulder_pan,17.475,14.198,17.475,3.277,3.277,0
1787735455.867,shoulder_lift,32.094,33.934,32.094,-1.840,-1.840,0
1787735455.867,elbow_flex,55.951,58.418,55.951,-2.466,-2.466,0
1787735455.867,wrist_flex,-53.936,-55.165,-53.936,1.229,1.229,0
1787735455.867,wrist_roll,0.322,-0.659,0.322,0.981,0.981,0
1787735455.867,gripper,32.330,37.021,32.330,-4.691,-4.691,0
1787735455.917,shoulder_pan,18.273,15.077,18.273,3.196,3.196,0
1787735455.917,shoulder_lift,30.891,33.758,30.891,-2.867,-2.867,0
1787735455.917,elbow_flex,53.846,57.714,53.846,-3.869,-3.869,0
1787735455.917,wrist_flex,-53.400,-55.165,-53.400,1.765,1.765,0
1787735455.917,wrist_roll,0.461,-0.571,0.461,1.033,1.033,0
1787735455.917,gripper,33.489,37.021,33.489,-3.532,-3.532,0
1787735455.969,shoulder_pan,19.206,16.132,19.206,3.074,3.074,0
1787735455.969,shoulder_lift,30.569,33.143,30.569,-2.574,-2.574,0
1787735455.969,elbow_flex,51.163,56.396,51.163,-5.233,-5.233,0
1787735455.969,wrist_flex,-52.992,-54.989,-52.992,1.997,1.997,0
1787735455.969,wrist_roll,0.577,-0.220,0.577,0.797,0.797,0
1787735455.969,gripper,34.805,37.021,34.805,-2.216,-2.216,0
1787735456.017,shoulder_pan,19.933,17.011,19.933,2.922,2.922,0
1787735456.017,shoulder_lift,29.789,32.879,29.789,-3.090,-3.090,0
1787735456.017,elbow_flex,48.318,55.516,48.318,-7.198,-7.198,0
1787735456.017,wrist_flex,-52.205,-54.374,-52.205,2.169,2.169,0
1787735456.017,wrist_roll,0.714,0.044,0.714,0.670,0.670,0
1787735456.017,gripper,36.837,37.021,36.837,-0.184,-0.184,0
1787735456.067,shoulder_pan,20.963,17.978,20.963,2.985,2.985,0
1787735456.067,shoulder_lift,28.348,32.879,28.348,-4.532,-4.532,0
1787735456.067,elbow_flex,44.334,53.407,44.334,-9.072,-9.072,0
1787735456.067,wrist_flex,-50.443,-53.407,-50.443,2.963,2.963,0
1787735456.067,wrist_roll,0.972,0.308,0.972,0.664,0.664,0
1787735456.067,gripper,41.768,37.064,41.768,4.703,4.703,0
1787735456.117,shoulder_pan,21.301,18.945,21.301,2.356,2.356,0
1787735456.117,shoulder_lift,27.814,32.967,27.814,-5.153,-5.153,0
1787735456.117,elbow_flex,42.717,51.033,42.717,-8.316,-8.316,0
1787735456.117,wrist_flex,-50.358,-52.352,-50.358,1.993,1.993,0
1787735456.117,wrist_roll,1.015,0.396,1.015,0.620,0.620,0
1787735456.117,gripper,43.524,37.456,43.524,6.068,6.068,0
1787735456.167,shoulder_pan,21.659,19.824,21.659,1.835,1.835,0
1787735456.167,shoulder_lift,27.926,32.615,27.926,-4.689,-4.689,0
1787735456.167,elbow_flex,41.133,48.659,41.133,-7.526,-7.526,0
1787735456.167,wrist_flex,-50.239,-51.297,-50.239,1.058,1.058,0
1787735456.167,wrist_roll,1.052,0.747,1.052,0.304,0.304,0
1787735456.167,gripper,45.196,38.763,45.196,6.433,6.433,0
1787735456.217,shoulder_pan,21.761,20.527,21.761,1.234,1.234,0
1787735456.217,shoulder_lift,27.858,32.440,27.858,-4.582,-4.582,0
1787735456.217,elbow_flex,40.320,46.725,40.320,-6.405,-6.405,0
1787735456.217,wrist_flex,-49.815,-50.769,-49.815,0.954,0.954,0
1787735456.217,wrist_roll,1.049,0.747,1.049,0.301,0.301,0
1787735456.217,gripper,46.541,40.897,46.541,5.644,5.644,0
1787735456.267,shoulder_pan,21.578,20.967,21.578,0.611,0.611,0
1787735456.267,shoulder_lift,27.695,32.440,27.695,-4.744,-4.744,0
1787735456.267,elbow_flex,42.126,44.703,42.126,-2.577,-2.577,0
1787735456.267,wrist_flex,-48.012,-50.418,-48.012,2.406,2.406,0
1787735456.267,wrist_roll,1.048,0.747,1.048,0.300,0.300,0
1787735456.267,gripper,47.720,42.988,47.720,4.733,4.733,0
1787735456.317,shoulder_pan,19.567,20.879,19.567,-1.312,-1.312,0
1787735456.317,shoulder_lift,28.635,32.440,28.635,-3.805,-3.805,0
1787735456.317,elbow_flex,49.183,43.824,49.183,5.359,5.359,0
1787735456.317,wrist_flex,-48.264,-49.714,-48.264,1.451,1.451,0
1787735456.317,wrist_roll,0.614,0.747,0.614,-0.134,-0.134,0
1787735456.317,gripper,42.384,44.686,42.384,-2.303,-2.303,0
1787735456.367,shoulder_pan,18.545,20.527,18.545,-1.982,-1.982,0
1787735456.367,shoulder_lift,28.385,32.440,28.385,-4.055,-4.055,0
1787735456.367,elbow_flex,50.824,44.088,50.824,6.736,6.736,0
1787735456.367,wrist_flex,-48.953,-49.011,-48.953,0.058,0.058,0
1787735456.367,wrist_roll,0.267,0.747,0.267,-0.480,-0.480,0
1787735456.367,gripper,38.734,45.819,38.734,-7.085,-7.085,0
1787735456.418,shoulder_pan,17.676,20.176,17.676,-2.500,-2.500,0
1787735456.418,shoulder_lift,29.446,32.352,29.446,-2.905,-2.905,0
1787735456.418,elbow_flex,52.553,46.286,52.553,6.267,6.267,0
1787735456.418,wrist_flex,-49.612,-48.923,-49.612,-0.689,-0.689,0
1787735456.418,wrist_roll,-0.124,0.396,-0.124,-0.519,-0.519,0
1787735456.418,gripper,35.500,45.645,35.500,-10.144,-10.144,0
1787735456.468,shoulder_pan,17.519,19.473,17.519,-1.954,-1.954,0
1787735456.468,shoulder_lift,29.455,32.352,29.455,-2.897,-2.897,0
1787735456.468,elbow_flex,52.885,48.923,52.885,3.962,3.962,0
1787735456.468,wrist_flex,-49.090,-49.363,-49.090,0.273,0.273,0
1787735456.468,wrist_roll,-0.168,0.132,-0.168,-0.300,-0.300,0
1787735456.468,gripper,35.420,43.423,35.420,-8.003,-8.003,0
1787735456.518,shoulder_pan,17.213,18.681,17.213,-1.468,-1.468,0
1787735456.518,shoulder_lift,30.080,32.176,30.080,-2.095,-2.095,0
1787735456.518,elbow_flex,53.562,50.769,53.562,2.793,2.793,0
1787735456.518,wrist_flex,-49.471,-49.626,-49.471,0.156,0.156,0
1787735456.518,wrist_roll,-0.343,-0.044,-0.343,-0.299,-0.299,0
1787735456.518,gripper,34.184,40.636,34.184,-6.452,-6.452,0
1787735456.568,shoulder_pan,17.021,18.242,17.021,-1.221,-1.221,0
1787735456.568,shoulder_lift,30.466,32.088,30.466,-1.622,-1.622,0
1787735456.568,elbow_flex,53.537,51.209,53.537,2.328,2.328,0
1787735456.568,wrist_flex,-49.327,-49.714,-49.327,0.387,0.387,0
1787735456.568,wrist_roll,-0.480,-0.132,-0.480,-0.348,-0.348,0
1787735456.568,gripper,33.385,38.066,33.385,-4.682,-4.682,0
1787735456.618,shoulder_pan,16.713,17.978,16.713,-1.265,-1.265,0
1787735456.618,shoulder_lift,30.470,32.088,30.470,-1.618,-1.618,0
1787735456.618,elbow_flex,53.964,51.912,53.964,2.052,2.052,0
1787735456.618,wrist_flex,-49.535,-49.714,-49.535,0.179,0.179,0
1787735456.618,wrist_roll,-0.535,-0.132,-0.535,-0.403,-0.403,0
1787735456.618,gripper,32.798,36.977,32.798,-4.179,-4.179,0
1787735456.668,shoulder_pan,16.367,17.802,16.367,-1.436,-1.436,0
1787735456.668,shoulder_lift,31.105,32.000,31.105,-0.895,-0.895,0
1787735456.668,elbow_flex,54.243,52.264,54.243,1.979,1.979,0
1787735456.668,wrist_flex,-49.018,-49.802,-49.018,0.784,0.784,0
1787735456.668,wrist_roll,-0.649,-0.132,-0.649,-0.517,-0.517,0
1787735456.668,gripper,32.211,36.934,32.211,-4.723,-4.723,0
1787735456.718,shoulder_pan,16.251,17.451,16.251,-1.199,-1.199,0
1787735456.718,shoulder_lift,31.837,32.000,31.837,-0.163,-0.163,0
1787735456.718,elbow_flex,54.343,52.615,54.343,1.728,1.728,0
1787735456.718,wrist_flex,-49.525,-49.802,-49.525,0.277,0.277,0
1787735456.718,wrist_roll,-0.768,-0.132,-0.768,-0.636,-0.636,0
1787735456.718,gripper,31.855,36.934,31.855,-5.079,-5.079,0
1787735456.768,shoulder_pan,15.989,17.363,15.989,-1.374,-1.374,0
1787735456.768,shoulder_lift,32.252,31.912,32.252,0.340,0.340,0
1787735456.768,elbow_flex,54.565,52.791,54.565,1.774,1.774,0
1787735456.768,wrist_flex,-49.063,-49.802,-49.063,0.739,0.739,0
1787735456.768,wrist_roll,-0.810,-0.220,-0.810,-0.591,-0.591,0
1787735456.768,gripper,30.929,36.934,30.929,-6.005,-6.005,0
1787735456.818,shoulder_pan,15.910,17.275,15.910,-1.365,-1.365,0
1787735456.818,shoulder_lift,33.346,31.912,33.346,1.433,1.433,0
1787735456.818,elbow_flex,54.408,52.791,54.408,1.617,1.617,0
1787735456.818,wrist_flex,-48.681,-49.802,-48.681,1.121,1.121,0
1787735456.818,wrist_roll,-0.881,-0.571,-0.881,-0.309,-0.309,0
1787735456.818,gripper,30.703,36.934,30.703,-6.231,-6.231,0
1787735456.868,shoulder_pan,15.801,17.099,15.801,-1.298,-1.298,0
1787735456.868,shoulder_lift,33.731,32.000,33.731,1.731,1.731,0
1787735456.868,elbow_flex,54.536,52.791,54.536,1.745,1.745,0
1787735456.868,wrist_flex,-48.660,-49.802,-48.660,1.143,1.143,0
1787735456.868,wrist_roll,-0.921,-0.747,-0.921,-0.173,-0.173,0
1787735456.868,gripper,30.417,36.934,30.417,-6.517,-6.517,0
1787735456.918,shoulder_pan,15.688,17.011,15.688,-1.323,-1.323,0
1787735456.918,shoulder_lift,34.670,32.176,34.670,2.495,2.495,0
1787735456.918,elbow_flex,54.598,52.791,54.598,1.807,1.807,0
1787735456.918,wrist_flex,-48.869,-49.802,-48.869,0.933,0.933,0
1787735456.918,wrist_roll,-0.942,-0.747,-0.942,-0.195,-0.195,0
1787735456.918,gripper,30.067,36.934,30.067,-6.867,-6.867,0
1787735456.968,shoulder_pan,15.540,16.923,15.540,-1.383,-1.383,0
1787735456.968,shoulder_lift,35.934,32.703,35.934,3.231,3.231,0
1787735456.968,elbow_flex,54.315,52.791,54.315,1.524,1.524,0
1787735456.968,wrist_flex,-48.746,-49.890,-48.746,1.144,1.144,0
1787735456.968,wrist_roll,-1.089,-0.835,-1.089,-0.254,-0.254,0
1787735456.968,gripper,29.526,36.934,29.526,-7.408,-7.408,0
1787735457.019,shoulder_pan,15.294,16.835,15.294,-1.541,-1.541,0
1787735457.019,shoulder_lift,37.105,33.495,37.105,3.610,3.610,0
1787735457.019,elbow_flex,54.597,52.791,54.597,1.806,1.806,0
1787735457.019,wrist_flex,-48.658,-49.890,-48.658,1.232,1.232,0
1787735457.019,wrist_roll,-1.361,-0.835,-1.361,-0.526,-0.526,0
1787735457.019,gripper,28.854,36.934,28.854,-8.079,-8.079,0
1787735457.069,shoulder_pan,15.053,16.484,15.053,-1.430,-1.430,0
1787735457.069,shoulder_lift,38.369,34.198,38.369,4.171,4.171,0
1787735457.069,elbow_flex,54.725,52.879,54.725,1.846,1.846,0
1787735457.069,wrist_flex,-48.820,-49.890,-48.820,1.070,1.070,0
1787735457.069,wrist_roll,-1.516,-0.923,-1.516,-0.593,-0.593,0
1787735457.069,gripper,28.236,36.934,28.236,-8.698,-8.698,0
1787735457.119,shoulder_pan,15.057,16.132,15.057,-1.075,-1.075,0
1787735457.119,shoulder_lift,38.816,34.989,38.816,3.827,3.827,0
1787735457.119,elbow_flex,54.804,52.703,54.804,2.100,2.100,0
1787735457.119,wrist_flex,-48.432,-49.890,-48.432,1.458,1.458,0
1787735457.119,wrist_roll,-1.649,-1.275,-1.649,-0.374,-0.374,0
1787735457.119,gripper,28.075,36.934,28.075,-8.859,-8.859,0
1787735457.169,shoulder_pan,14.961,15.956,14.961,-0.995,-0.995,0
1787735457.169,shoulder_lift,39.804,35.516,39.804,4.287,4.287,0
1787735457.169,elbow_flex,54.850,52.703,54.850,2.147,2.147,0
1787735457.169,wrist_flex,-48.438,-49.978,-48.438,1.540,1.540,0
1787735457.169,wrist_roll,-1.790,-1.451,-1.790,-0.340,-0.340,0
1787735457.169,gripper,28.043,36.934,28.043,-8.891,-8.891,0
1787735457.219,shoulder_pan,15.436,15.956,15.436,-0.520,-0.520,0
1787735457.219,shoulder_lift,36.636,35.692,36.636,0.943,0.943,0
1787735457.219,elbow_flex,57.211,52.703,57.211,4.508,4.508,0
1787735457.219,wrist_flex,-48.522,-49.978,-48.522,1.456,1.456,0
1787735457.219,wrist_roll,-2.330,-1.714,-2.330,-0.616,-0.616,0
1787735457.219,gripper,28.782,36.934,28.782,-8.152,-8.152,0
1787735457.269,shoulder_pan,16.275,15.956,16.275,0.319,0.319,0
1787735457.269,shoulder_lift,31.273,35.868,31.273,-4.595,-4.595,0
1787735457.269,elbow_flex,60.840,52.703,60.840,8.136,8.136,0
1787735457.269,wrist_flex,-50.239,-50.066,-50.239,-0.173,-0.173,0
1787735457.269,wrist_roll,-3.065,-1.890,-3.065,-1.175,-1.175,0
1787735457.269,gripper,30.404,36.934,30.404,-6.530,-6.530,0
1787735457.319,shoulder_pan,16.376,15.956,16.376,0.420,0.420,0
1787735457.319,shoulder_lift,29.749,35.077,29.749,-5.328,-5.328,0
1787735457.319,elbow_flex,61.469,53.582,61.469,7.887,7.887,0
1787735457.319,wrist_flex,-50.758,-50.154,-50.758,-0.604,-0.604,0
1787735457.319,wrist_roll,-3.175,-2.330,-3.175,-0.845,-0.845,0
1787735457.319,gripper,30.455,36.934,30.455,-6.479,-6.479,0
1787735457.369,shoulder_pan,16.362,16.044,16.362,0.318,0.318,0
1787735457.369,shoulder_lift,28.924,33.319,28.924,-4.395,-4.395,0
1787735457.369,elbow_flex,61.780,55.780,61.780,5.999,5.999,0
1787735457.369,wrist_flex,-50.994,-50.769,-50.994,-0.224,-0.224,0
1787735457.369,wrist_roll,-3.288,-2.769,-3.288,-0.519,-0.519,0
1787735457.369,gripper,30.896,36.934,30.896,-6.038,-6.038,0
1787735457.419,shoulder_pan,16.343,16.044,16.343,0.299,0.299,0
1787735457.419,shoulder_lift,29.006,31.736,29.006,-2.730,-2.730,0
1787735457.419,elbow_flex,61.641,57.626,61.641,4.015,4.015,0
1787735457.419,wrist_flex,-50.943,-51.121,-50.943,0.178,0.178,0
1787735457.419,wrist_roll,-3.292,-3.033,-3.292,-0.259,-0.259,0
1787735457.419,gripper,31.280,36.934,31.280,-5.654,-5.654,0
1787735457.470,shoulder_pan,16.349,16.044,16.349,0.305,0.305,0
1787735457.470,shoulder_lift,29.196,30.681,29.196,-1.485,-1.485,0
1787735457.470,elbow_flex,61.502,58.945,61.502,2.557,2.557,0
1787735457.470,wrist_flex,-50.965,-51.209,-50.965,0.243,0.243,0
1787735457.470,wrist_roll,-3.268,-3.121,-3.268,-0.148,-0.148,0
1787735457.470,gripper,31.314,36.934,31.314,-5.620,-5.620,0
1787735457.519,shoulder_pan,16.279,16.044,16.279,0.235,0.235,0
1787735457.519,shoulder_lift,29.373,30.330,29.373,-0.957,-0.957,0
1787735457.519,elbow_flex,61.127,59.560,61.127,1.567,1.567,0
1787735457.519,wrist_flex,-51.025,-51.209,-51.025,0.184,0.184,0
1787735457.519,wrist_roll,-3.213,-3.121,-3.213,-0.092,-0.092,0
1787735457.519,gripper,31.539,36.934,31.539,-5.395,-5.395,0
1787735457.570,shoulder_pan,16.252,16.044,16.252,0.208,0.208,0
1787735457.570,shoulder_lift,29.669,30.242,29.669,-0.573,-0.573,0
1787735457.570,elbow_flex,61.005,59.736,61.005,1.268,1.268,0
1787735457.570,wrist_flex,-51.456,-51.209,-51.456,-0.248,-0.248,0
1787735457.570,wrist_roll,-3.212,-3.121,-3.212,-0.092,-0.092,0
1787735457.570,gripper,31.885,36.934,31.885,-5.049,-5.049,0
1787735457.619,shoulder_pan,16.181,16.044,16.181,0.137,0.137,0
1787735457.619,shoulder_lift,29.736,30.242,29.736,-0.505,-0.505,0
1787735457.619,elbow_flex,60.708,59.736,60.708,0.972,0.972,0
1787735457.619,wrist_flex,-51.565,-51.297,-51.565,-0.268,-0.268,0
1787735457.619,wrist_roll,-3.207,-3.121,-3.207,-0.086,-0.086,0
1787735457.619,gripper,31.953,36.934,31.953,-4.981,-4.981,0
1787735457.670,shoulder_pan,16.255,16.044,16.255,0.211,0.211,0
1787735457.670,shoulder_lift,30.245,30.242,30.245,0.003,0.003,0
1787735457.670,elbow_flex,60.684,59.736,60.684,0.948,0.948,0
1787735457.670,wrist_flex,-52.118,-51.560,-52.118,-0.558,-0.558,0
1787735457.670,wrist_roll,-3.192,-3.121,-3.192,-0.072,-0.072,0
1787735457.670,gripper,31.725,36.934,31.725,-5.209,-5.209,0
1787735457.720,shoulder_pan,16.252,16.044,16.252,0.208,0.208,0
1787735457.720,shoulder_lift,31.092,30.330,31.092,0.762,0.762,0
1787735457.720,elbow_flex,60.183,59.736,60.183,0.446,0.446,0
1787735457.720,wrist_flex,-52.181,-51.824,-52.181,-0.357,-0.357,0
1787735457.720,wrist_roll,-3.203,-3.121,-3.203,-0.082,-0.082,0
1787735457.720,gripper,31.480,36.934,31.480,-5.454,-5.454,0
1787735457.769,shoulder_pan,16.310,16.044,16.310,0.266,0.266,0
1787735457.769,shoulder_lift,31.730,30.418,31.730,1.312,1.312,0
1787735457.769,elbow_flex,59.583,59.736,59.583,-0.153,-0.153,0
1787735457.769,wrist_flex,-52.363,-52.088,-52.363,-0.276,-0.276,0
1787735457.769,wrist_roll,-3.202,-3.121,-3.202,-0.081,-0.081,0
1787735457.769,gripper,31.142,36.934,31.142,-5.792,-5.792,0
1787735457.819,shoulder_pan,16.275,16.044,16.275,0.231,0.231,0
1787735457.819,shoulder_lift,32.192,30.857,32.192,1.335,1.335,0
1787735457.819,elbow_flex,59.364,59.736,59.364,-0.372,-0.372,0
1787735457.819,wrist_flex,-52.417,-52.352,-52.417,-0.066,-0.066,0
1787735457.819,wrist_roll,-3.210,-3.121,-3.210,-0.089,-0.089,0
1787735457.819,gripper,30.947,36.934,30.947,-5.987,-5.987,0
1787735457.869,shoulder_pan,16.313,16.044,16.313,0.269,0.269,0
1787735457.869,shoulder_lift,33.297,31.209,33.297,2.088,2.088,0
1787735457.869,elbow_flex,58.635,59.560,58.635,-0.925,-0.925,0
1787735457.869,wrist_flex,-52.962,-52.440,-52.962,-0.523,-0.523,0
1787735457.869,wrist_roll,-3.187,-3.121,-3.187,-0.066,-0.066,0
1787735457.869,gripper,30.939,36.934,30.939,-5.995,-5.995,0
1787735457.920,shoulder_pan,16.237,16.044,16.237,0.193,0.193,0
1787735457.920,shoulder_lift,33.640,31.560,33.640,2.079,2.079,0
1787735457.920,elbow_flex,57.942,59.209,57.942,-1.267,-1.267,0
1787735457.920,wrist_flex,-52.984,-52.703,-52.984,-0.281,-0.281,0
1787735457.920,wrist_roll,-3.226,-3.121,-3.226,-0.105,-0.105,0
1787735457.920,gripper,30.855,36.934,30.855,-6.078,-6.078,0
1787735457.970,shoulder_pan,16.130,16.044,16.130,0.086,0.086,0
1787735457.970,shoulder_lift,35.085,32.264,35.085,2.821,2.821,0
1787735457.970,elbow_flex,56.434,58.681,56.434,-2.248,-2.248,0
1787735457.970,wrist_flex,-53.893,-53.055,-53.893,-0.838,-0.838,0
1787735457.970,wrist_roll,-3.352,-3.121,-3.352,-0.231,-0.231,0
1787735457.970,gripper,30.697,36.934,30.697,-6.237,-6.237,0
1787735458.020,shoulder_pan,16.122,16.044,16.122,0.078,0.078,0
1787735458.020,shoulder_lift,35.975,33.055,35.975,2.920,2.920,0
1787735458.020,elbow_flex,55.408,57.978,55.408,-2.570,-2.570,0
1787735458.020,wrist_flex,-54.567,-53.495,-54.567,-1.073,-1.073,0
1787735458.020,wrist_roll,-3.354,-3.121,-3.354,-0.233,-0.233,0
1787735458.020,gripper,30.420,36.934,30.420,-6.514,-6.514,0
1787735458.070,shoulder_pan,16.027,16.044,16.027,-0.017,-0.017,0
1787735458.070,shoulder_lift,36.771,34.198,36.771,2.573,2.573,0
1787735458.070,elbow_flex,54.572,56.835,54.572,-2.263,-2.263,0
1787735458.070,wrist_flex,-54.590,-54.110,-54.590,-0.480,-0.480,0
1787735458.070,wrist_roll,-3.362,-3.121,-3.362,-0.242,-0.242,0
1787735458.070,gripper,30.019,36.934,30.019,-6.915,-6.915,0
1787735458.120,shoulder_pan,15.940,16.044,15.940,-0.104,-0.104,0
1787735458.120,shoulder_lift,37.202,35.077,37.202,2.125,2.125,0
1787735458.120,elbow_flex,53.291,55.868,53.291,-2.578,-2.578,0
1787735458.120,wrist_flex,-54.567,-54.549,-54.567,-0.018,-0.018,0
1787735458.120,wrist_roll,-3.451,-3.121,-3.451,-0.331,-0.331,0
1787735458.120,gripper,30.043,36.934,30.043,-6.891,-6.891,0
1787735458.170,shoulder_pan,16.501,16.044,16.501,0.457,0.457,0
1787735458.170,shoulder_lift,34.928,35.780,34.928,-0.852,-0.852,0
1787735458.170,elbow_flex,55.032,54.901,55.032,0.131,0.131,0
1787735458.170,wrist_flex,-55.787,-54.725,-55.787,-1.062,-1.062,0
1787735458.170,wrist_roll,-3.461,-3.121,-3.461,-0.340,-0.340,0
1787735458.170,gripper,29.355,36.934,29.355,-7.579,-7.579,0
1787735458.220,shoulder_pan,17.388,16.044,17.388,1.344,1.344,0
1787735458.220,shoulder_lift,32.113,36.220,32.113,-4.107,-4.107,0
1787735458.220,elbow_flex,57.345,54.374,57.345,2.971,2.971,0
1787735458.220,wrist_flex,-56.740,-55.077,-56.740,-1.663,-1.663,0
1787735458.220,wrist_roll,-3.452,-3.121,-3.452,-0.331,-0.331,0
1787735458.220,gripper,28.529,36.934,28.529,-8.405,-8.405,0
1787735458.271,shoulder_pan,17.450,16.132,17.450,1.319,1.319,0
1787735458.271,shoulder_lift,32.206,35.604,32.206,-3.398,-3.398,0
1787735458.271,elbow_flex,57.595,54.637,57.595,2.958,2.958,0
1787735458.271,wrist_flex,-57.009,-55.692,-57.009,-1.316,-1.316,0
1787735458.271,wrist_roll,-3.459,-3.121,-3.459,-0.338,-0.338,0
1787735458.271,gripper,28.396,36.934,28.396,-8.538,-8.538,0
1787735458.321,shoulder_pan,17.513,16.484,17.513,1.030,1.030,0
1787735458.321,shoulder_lift,32.533,34.637,32.533,-2.105,-2.105,0
1787735458.321,elbow_flex,57.903,55.604,57.903,2.298,2.298,0
1787735458.321,wrist_flex,-56.858,-56.220,-56.858,-0.639,-0.639,0
1787735458.321,wrist_roll,-3.472,-3.121,-3.472,-0.351,-0.351,0
1787735458.321,gripper,27.995,36.934,27.995,-8.939,-8.939,0
1787735458.370,shoulder_pan,17.537,16.747,17.537,0.790,0.790,0
1787735458.370,shoulder_lift,32.557,34.374,32.557,-1.816,-1.816,0
1787735458.370,elbow_flex,58.319,56.308,58.319,2.011,2.011,0
1787735458.370,wrist_flex,-56.860,-56.571,-56.860,-0.289,-0.289,0
1787735458.370,wrist_roll,-3.491,-3.121,-3.491,-0.370,-0.370,0
1787735458.370,gripper,27.596,36.934,27.596,-9.338,-9.338,0
1787735458.420,shoulder_pan,17.619,16.835,17.619,0.784,0.784,0
1787735458.420,shoulder_lift,33.205,34.286,33.205,-1.080,-1.080,0
1787735458.420,elbow_flex,58.856,56.747,58.856,2.108,2.108,0
1787735458.420,wrist_flex,-57.284,-56.835,-57.284,-0.448,-0.448,0
1787735458.420,wrist_roll,-3.461,-3.121,-3.461,-0.340,-0.340,0
1787735458.420,gripper,27.296,36.977,27.296,-9.681,-9.681,0
1787735458.471,shoulder_pan,17.580,17.011,17.580,0.569,0.569,0
1787735458.471,shoulder_lift,33.211,34.198,33.211,-0.987,-0.987,0
1787735458.471,elbow_flex,58.819,57.275,58.819,1.544,1.544,0
1787735458.471,wrist_flex,-57.615,-57.099,-57.615,-0.516,-0.516,0
1787735458.471,wrist_roll,-3.506,-3.121,-3.506,-0.385,-0.385,0
1787735458.471,gripper,26.918,36.977,26.918,-10.059,-10.059,0
1787735458.521,shoulder_pan,17.632,17.099,17.632,0.533,0.533,0
1787735458.521,shoulder_lift,33.127,34.198,33.127,-1.071,-1.071,0
1787735458.521,elbow_flex,58.759,57.538,58.759,1.220,1.220,0
1787735458.521,wrist_flex,-57.550,-57.451,-57.550,-0.100,-0.100,0
1787735458.521,wrist_roll,-3.507,-3.121,-3.507,-0.386,-0.386,0
1787735458.521,gripper,26.800,36.977,26.800,-10.177,-10.177,0
1787735458.571,shoulder_pan,17.565,17.099,17.565,0.466,0.466,0
1787735458.571,shoulder_lift,33.227,34.198,33.227,-0.970,-0.970,0
1787735458.571,elbow_flex,58.890,57.626,58.890,1.264,1.264,0
1787735458.571,wrist_flex,-58.114,-57.538,-58.114,-0.576,-0.576,0
1787735458.571,wrist_roll,-3.524,-3.121,-3.524,-0.403,-0.403,0
1787735458.571,gripper,27.018,36.977,27.018,-9.959,-9.959,0
1787735458.621,shoulder_pan,17.728,17.099,17.728,0.629,0.629,0
1787735458.621,shoulder_lift,33.570,34.198,33.570,-0.628,-0.628,0
1787735458.621,elbow_flex,59.085,57.626,59.085,1.458,1.458,0
1787735458.621,wrist_flex,-58.617,-57.714,-58.617,-0.903,-0.903,0
1787735458.621,wrist_roll,-3.519,-3.121,-3.519,-0.398,-0.398,0
1787735458.621,gripper,26.583,36.977,26.583,-10.394,-10.394,0
1787735458.671,shoulder_pan,17.760,17.099,17.760,0.662,0.662,0
1787735458.671,shoulder_lift,33.472,34.198,33.472,-0.726,-0.726,0
1787735458.671,elbow_flex,59.023,57.802,59.023,1.221,1.221,0
1787735458.671,wrist_flex,-58.641,-58.066,-58.641,-0.575,-0.575,0
1787735458.671,wrist_roll,-3.522,-3.121,-3.522,-0.401,-0.401,0
1787735458.671,gripper,26.384,36.977,26.384,-10.594,-10.594,0
1787735458.721,shoulder_pan,17.742,17.099,17.742,0.643,0.643,0
1787735458.721,shoulder_lift,33.692,34.198,33.692,-0.506,-0.506,0
1787735458.721,elbow_flex,59.084,58.066,59.084,1.018,1.018,0
1787735458.721,wrist_flex,-58.658,-58.418,-58.658,-0.240,-0.240,0
1787735458.721,wrist_roll,-3.539,-3.121,-3.539,-0.418,-0.418,0
1787735458.721,gripper,25.980,36.977,25.980,-10.997,-10.997,0
1787735458.771,shoulder_pan,17.785,17.099,17.785,0.686,0.686,0
1787735458.771,shoulder_lift,34.180,34.198,34.180,-0.017,-0.017,0
1787735458.771,elbow_flex,58.993,58.242,58.993,0.751,0.751,0
1787735458.771,wrist_flex,-58.906,-58.505,-58.906,-0.401,-0.401,0
1787735458.771,wrist_roll,-3.542,-3.121,-3.542,-0.421,-0.421,0
1787735458.771,gripper,25.682,36.977,25.682,-11.296,-11.296,0
1787735458.821,shoulder_pan,17.718,17.099,17.718,0.619,0.619,0
1787735458.821,shoulder_lift,34.449,34.198,34.449,0.251,0.251,0
1787735458.821,elbow_flex,58.963,58.242,58.963,0.722,0.722,0
1787735458.821,wrist_flex,-58.922,-58.681,-58.922,-0.241,-0.241,0
1787735458.821,wrist_roll,-3.543,-3.121,-3.543,-0.422,-0.422,0
1787735458.821,gripper,25.775,36.977,25.775,-11.202,-11.202,0
1787735458.871,shoulder_pan,17.799,17.187,17.799,0.612,0.612,0
1787735458.871,shoulder_lift,34.620,34.286,34.620,0.334,0.334,0
1787735458.871,elbow_flex,59.148,58.242,59.148,0.906,0.906,0
1787735458.871,wrist_flex,-59.317,-58.769,-59.317,-0.548,-0.548,0
1787735458.871,wrist_roll,-3.528,-3.121,-3.528,-0.407,-0.407,0
1787735458.871,gripper,25.999,36.977,25.999,-10.978,-10.978,0
1787735458.922,shoulder_pan,17.857,17.187,17.857,0.670,0.670,0
1787735458.922,shoulder_lift,34.547,34.549,34.547,-0.003,-0.003,0
1787735458.922,elbow_flex,59.416,58.242,59.416,1.174,1.174,0
1787735458.922,wrist_flex,-59.253,-59.033,-59.253,-0.221,-0.221,0
1787735458.922,wrist_roll,-3.506,-3.121,-3.506,-0.385,-0.385,0
1787735458.922,gripper,25.930,36.977,25.930,-11.047,-11.047,0
1787735458.972,shoulder_pan,17.929,17.187,17.929,0.742,0.742,0
1787735458.972,shoulder_lift,34.867,34.637,34.867,0.229,0.229,0
1787735458.972,elbow_flex,59.170,58.242,59.170,0.928,0.928,0
1787735458.972,wrist_flex,-60.000,-59.209,-60.000,-0.791,-0.791,0
1787735458.972,wrist_roll,-3.523,-3.121,-3.523,-0.402,-0.402,0
1787735458.972,gripper,25.570,36.977,25.570,-11.407,-11.407,0
1787735459.022,shoulder_pan,18.004,17.187,18.004,0.817,0.817,0
1787735459.022,shoulder_lift,34.869,34.725,34.869,0.144,0.144,0
1787735459.022,elbow_flex,59.248,58.330,59.248,0.918,0.918,0
1787735459.022,wrist_flex,-59.684,-59.385,-59.684,-0.299,-0.299,0
1787735459.022,wrist_roll,-3.557,-3.121,-3.557,-0.436,-0.436,0
1787735459.022,gripper,25.357,36.977,25.357,-11.620,-11.620,0
1787735459.072,shoulder_pan,18.110,17.187,18.110,0.923,0.923,0
1787735459.072,shoulder_lift,35.126,34.725,35.126,0.400,0.400,0
1787735459.072,elbow_flex,59.311,58.330,59.311,0.981,0.981,0
1787735459.072,wrist_flex,-60.016,-59.560,-60.016,-0.455,-0.455,0
1787735459.072,wrist_roll,-3.555,-3.121,-3.555,-0.434,-0.434,0
1787735459.072,gripper,25.546,36.977,25.546,-11.431,-11.431,0
1787735459.121,shoulder_pan,18.060,17.363,18.060,0.697,0.697,0
1787735459.121,shoulder_lift,35.073,34.725,35.073,0.348,0.348,0
1787735459.121,elbow_flex,59.026,58.330,59.026,0.697,0.697,0
1787735459.121,wrist_flex,-59.740,-59.648,-59.740,-0.092,-0.092,0
1787735459.121,wrist_roll,-3.504,-3.121,-3.504,-0.383,-0.383,0
1787735459.121,gripper,25.519,36.977,25.519,-11.458,-11.458,0
1787735459.172,shoulder_pan,19.804,17.451,19.804,2.353,2.353,0
1787735459.172,shoulder_lift,33.769,34.725,33.769,-0.956,-0.956,0
1787735459.172,elbow_flex,58.572,58.330,58.572,0.243,0.243,0
1787735459.172,wrist_flex,-60.416,-59.736,-60.416,-0.680,-0.680,0
1787735459.172,wrist_roll,-3.411,-3.121,-3.411,-0.290,-0.290,0
1787735459.172,gripper,24.481,36.977,24.481,-12.496,-12.496,0
1787735459.222,shoulder_pan,22.044,17.714,22.044,4.329,4.329,0
1787735459.222,shoulder_lift,32.300,34.725,32.300,-2.425,-2.425,0
1787735459.222,elbow_flex,57.335,58.330,57.335,-0.994,-0.994,0
1787735459.222,wrist_flex,-59.753,-59.824,-59.753,0.071,0.071,0
1787735459.222,wrist_roll,-3.319,-3.121,-3.319,-0.199,-0.199,0
1787735459.222,gripper,23.072,36.977,23.072,-13.905,-13.905,0
1787735459.272,shoulder_pan,22.854,18.681,22.854,4.173,4.173,0
1787735459.272,shoulder_lift,32.685,34.725,32.685,-2.040,-2.040,0
1787735459.272,elbow_flex,56.049,58.418,56.049,-2.368,-2.368,0
1787735459.272,wrist_flex,-59.087,-59.912,-59.087,0.825,0.825,0
1787735459.272,wrist_roll,-3.301,-3.121,-3.301,-0.180,-0.180,0
1787735459.272,gripper,22.971,36.977,22.971,-14.007,-14.007,0
1787735459.322,shoulder_pan,23.626,20.088,23.626,3.538,3.538,0
1787735459.322,shoulder_lift,32.663,34.725,32.663,-2.062,-2.062,0
1787735459.322,elbow_flex,55.152,58.066,55.152,-2.914,-2.914,0
1787735459.322,wrist_flex,-58.391,-59.912,-58.391,1.521,1.521,0
1787735459.322,wrist_roll,-3.298,-3.121,-3.298,-0.177,-0.177,0
1787735459.322,gripper,22.730,36.977,22.730,-14.248,-14.248,0
1787735459.372,shoulder_pan,24.304,21.407,24.304,2.897,2.897,0
1787735459.372,shoulder_lift,32.491,34.725,32.491,-2.234,-2.234,0
1787735459.372,elbow_flex,53.971,57.099,53.971,-3.128,-3.128,0
1787735459.372,wrist_flex,-58.082,-59.560,-58.082,1.478,1.478,0
1787735459.372,wrist_roll,-3.282,-3.121,-3.282,-0.161,-0.161,0
1787735459.372,gripper,22.299,36.977,22.299,-14.679,-14.679,0
1787735459.422,shoulder_pan,24.727,22.374,24.727,2.354,2.354,0
1787735459.422,shoulder_lift,32.556,34.813,32.556,-2.257,-2.257,0
1787735459.422,elbow_flex,53.225,56.220,53.225,-2.994,-2.994,0
1787735459.422,wrist_flex,-57.795,-58.857,-57.795,1.062,1.062,0
1787735459.422,wrist_roll,-3.316,-3.121,-3.316,-0.195,-0.195,0
1787735459.422,gripper,22.196,36.977,22.196,-14.781,-14.781,0
1787735459.472,shoulder_pan,25.300,23.165,25.300,2.135,2.135,0
1787735459.472,shoulder_lift,32.742,34.813,32.742,-2.072,-2.072,0
1787735459.472,elbow_flex,52.356,55.341,52.356,-2.985,-2.985,0
1787735459.472,wrist_flex,-57.081,-58.418,-57.081,1.337,1.337,0
1787735459.472,wrist_roll,-3.299,-3.121,-3.299,-0.179,-0.179,0
1787735459.472,gripper,21.894,36.977,21.894,-15.083,-15.083,0
1787735459.522,shoulder_pan,25.396,23.692,25.396,1.703,1.703,0
1787735459.522,shoulder_lift,32.632,34.901,32.632,-2.269,-2.269,0
1787735459.522,elbow_flex,51.497,54.549,51.497,-3.052,-3.052,0
1787735459.522,wrist_flex,-56.723,-57.890,-56.723,1.167,1.167,0
1787735459.522,wrist_roll,-3.307,-3.121,-3.307,-0.186,-0.186,0
1787735459.522,gripper,21.929,36.977,21.929,-15.048,-15.048,0
1787735459.572,shoulder_pan,25.553,24.220,25.553,1.333,1.333,0
1787735459.572,shoulder_lift,32.486,34.901,32.486,-2.415,-2.415,0
1787735459.572,elbow_flex,50.694,53.846,50.694,-3.152,-3.152,0
1787735459.572,wrist_flex,-56.199,-57.363,-56.199,1.164,1.164,0
1787735459.572,wrist_roll,-3.317,-3.121,-3.317,-0.197,-0.197,0
1787735459.572,gripper,21.689,36.977,21.689,-15.288,-15.288,0
1787735459.623,shoulder_pan,25.463,24.659,25.463,0.804,0.804,0
1787735459.623,shoulder_lift,33.044,34.901,33.044,-1.857,-1.857,0
1787735459.623,elbow_flex,50.041,53.143,50.041,-3.102,-3.102,0
1787735459.623,wrist_flex,-56.088,-56.923,-56.088,0.835,0.835,0
1787735459.623,wrist_roll,-3.342,-3.121,-3.342,-0.221,-0.221,0
1787735459.623,gripper,21.726,36.977,21.726,-15.251,-15.251,0
1787735459.673,shoulder_pan,25.307,24.835,25.307,0.472,0.472,0
1787735459.673,shoulder_lift,33.705,34.901,33.705,-1.196,-1.196,0
1787735459.673,elbow_flex,49.423,52.527,49.423,-3.104,-3.104,0
1787735459.673,wrist_flex,-56.078,-56.484,-56.078,0.405,0.405,0
1787735459.673,wrist_roll,-3.370,-3.121,-3.370,-0.249,-0.249,0
1787735459.673,gripper,21.672,36.977,21.672,-15.305,-15.305,0
1787735459.722,shoulder_pan,25.473,24.835,25.473,0.638,0.638,0
1787735459.722,shoulder_lift,34.358,34.989,34.358,-0.631,-0.631,0
1787735459.722,elbow_flex,48.316,51.824,48.316,-3.508,-3.508,0
1787735459.722,wrist_flex,-55.799,-56.220,-55.799,0.421,0.421,0
1787735459.722,wrist_roll,-3.405,-3.121,-3.405,-0.285,-0.285,0
1787735459.722,gripper,21.621,36.977,21.621,-15.356,-15.356,0
1787735459.772,shoulder_pan,25.432,24.835,25.432,0.597,0.597,0
1787735459.772,shoulder_lift,34.334,35.077,34.334,-0.742,-0.742,0
1787735459.772,elbow_flex,47.755,51.209,47.755,-3.454,-3.454,0
1787735459.772,wrist_flex,-56.133,-56.044,-56.133,-0.089,-0.089,0
1787735459.772,wrist_roll,-3.371,-3.121,-3.371,-0.250,-0.250,0
1787735459.772,gripper,21.743,36.977,21.743,-15.234,-15.234,0
1787735459.822,shoulder_pan,25.451,24.923,25.451,0.528,0.528,0
1787735459.822,shoulder_lift,35.497,35.077,35.497,0.420,0.420,0
1787735459.822,elbow_flex,46.839,50.330,46.839,-3.490,-3.490,0
1787735459.822,wrist_flex,-55.741,-56.044,-55.741,0.303,0.303,0
1787735459.822,wrist_roll,-3.391,-3.121,-3.391,-0.270,-0.270,0
1787735459.822,gripper,21.891,36.977,21.891,-15.086,-15.086,0
1787735459.872,shoulder_pan,25.409,25.011,25.409,0.398,0.398,0
1787735459.872,shoulder_lift,35.397,35.604,35.397,-0.208,-0.208,0
1787735459.872,elbow_flex,46.212,49.626,46.212,-3.414,-3.414,0
1787735459.872,wrist_flex,-56.020,-56.044,-56.020,0.024,0.024,0
1787735459.872,wrist_roll,-3.406,-3.121,-3.406,-0.286,-0.286,0
1787735459.872,gripper,21.896,36.977,21.896,-15.082,-15.082,0
1787735459.923,shoulder_pan,25.477,25.011,25.477,0.466,0.466,0
1787735459.923,shoulder_lift,35.689,36.044,35.689,-0.355,-0.355,0
1787735459.923,elbow_flex,45.403,48.923,45.403,-3.520,-3.520,0
1787735459.923,wrist_flex,-56.400,-56.044,-56.400,-0.356,-0.356,0
1787735459.923,wrist_roll,-3.413,-3.121,-3.413,-0.292,-0.292,0
1787735459.923,gripper,22.426,36.977,22.426,-14.551,-14.551,0
1787735459.973,shoulder_pan,25.498,25.011,25.498,0.487,0.487,0
1787735459.973,shoulder_lift,36.019,36.044,36.019,-0.025,-0.025,0
1787735459.973,elbow_flex,44.583,48.396,44.583,-3.813,-3.813,0
1787735459.973,wrist_flex,-56.140,-56.044,-56.140,-0.096,-0.096,0
1787735459.973,wrist_roll,-3.456,-3.033,-3.456,-0.423,-0.423,0
1787735459.973,gripper,22.661,36.977,22.661,-14.316,-14.316,0
1787735460.023,shoulder_pan,25.546,24.923,25.546,0.623,0.623,0
1787735460.023,shoulder_lift,36.032,36.308,36.032,-0.276,-0.276,0
1787735460.023,elbow_flex,43.927,47.692,43.927,-3.765,-3.765,0
1787735460.023,wrist_flex,-55.647,-56.044,-55.647,0.397,0.397,0
1787735460.023,wrist_roll,-3.479,-3.033,-3.479,-0.446,-0.446,0
1787735460.023,gripper,22.561,36.977,22.561,-14.416,-14.416,0
1787735460.073,shoulder_pan,25.408,24.923,25.408,0.485,0.485,0
1787735460.073,shoulder_lift,36.297,36.484,36.297,-0.187,-0.187,0
1787735460.073,elbow_flex,43.529,47.165,43.529,-3.636,-3.636,0
1787735460.073,wrist_flex,-55.873,-55.956,-55.873,0.083,0.083,0
1787735460.073,wrist_roll,-3.498,-3.033,-3.498,-0.465,-0.465,0
1787735460.073,gripper,22.601,36.977,22.601,-14.377,-14.377,0
1787735460.123,shoulder_pan,25.413,24.923,25.413,0.490,0.490,0
1787735460.123,shoulder_lift,36.591,36.659,36.591,-0.069,-0.069,0
1787735460.123,elbow_flex,42.670,46.637,42.670,-3.967,-3.967,0
1787735460.123,wrist_flex,-55.540,-55.868,-55.540,0.328,0.328,0
1787735460.123,wrist_roll,-3.546,-3.033,-3.546,-0.513,-0.513,0
1787735460.123,gripper,22.932,36.977,22.932,-14.045,-14.045,0
1787735460.173,shoulder_pan,25.548,24.835,25.548,0.713,0.713,0
1787735460.173,shoulder_lift,36.797,36.923,36.797,-0.127,-0.127,0
1787735460.173,elbow_flex,43.654,46.198,43.654,-2.544,-2.544,0
1787735460.173,wrist_flex,-57.747,-55.868,-57.747,-1.879,-1.879,0
1787735460.173,wrist_roll,-3.421,-3.033,-3.421,-0.388,-0.388,0
1787735460.173,gripper,24.200,36.977,24.200,-12.777,-12.777,0
1787735460.223,shoulder_pan,25.896,24.835,25.896,1.061,1.061,0
1787735460.223,shoulder_lift,37.503,37.275,37.503,0.228,0.228,0
1787735460.223,elbow_flex,45.283,45.934,45.283,-0.651,-0.651,0
1787735460.223,wrist_flex,-60.419,-55.868,-60.419,-4.551,-4.551,0
1787735460.223,wrist_roll,-3.232,-3.033,-3.232,-0.199,-0.199,0
1787735460.223,gripper,25.336,36.977,25.336,-11.641,-11.641,0
1787735460.274,shoulder_pan,25.994,24.835,25.994,1.159,1.159,0
1787735460.274,shoulder_lift,37.672,37.890,37.672,-0.218,-0.218,0
1787735460.274,elbow_flex,44.915,45.934,44.915,-1.019,-1.019,0
1787735460.274,wrist_flex,-60.676,-56.835,-60.676,-3.841,-3.841,0
1787735460.274,wrist_roll,-3.228,-3.033,-3.228,-0.195,-0.195,0
1787735460.274,gripper,25.293,36.977,25.293,-11.684,-11.684,0
1787735460.323,shoulder_pan,26.099,24.835,26.099,1.264,1.264,0
1787735460.323,shoulder_lift,37.680,38.242,37.680,-0.562,-0.562,0
1787735460.323,elbow_flex,44.865,45.934,44.865,-1.069,-1.069,0
1787735460.323,wrist_flex,-60.923,-57.890,-60.923,-3.033,-3.033,0
1787735460.323,wrist_roll,-3.234,-3.033,-3.234,-0.201,-0.201,0
1787735460.323,gripper,25.299,36.977,25.299,-11.678,-11.678,0
1787735460.374,shoulder_pan,26.085,24.835,26.085,1.250,1.250,0
1787735460.374,shoulder_lift,37.737,38.330,37.737,-0.592,-0.592,0
1787735460.374,elbow_flex,44.807,45.934,44.807,-1.127,-1.127,0
1787735460.374,wrist_flex,-61.857,-58.593,-61.857,-3.263,-3.263,0
1787735460.374,wrist_roll,-3.179,-3.033,-3.179,-0.146,-0.146,0
1787735460.374,gripper,25.220,36.977,25.220,-11.757,-11.757,0
1787735460.424,shoulder_pan,26.043,24.835,26.043,1.208,1.208,0
1787735460.424,shoulder_lift,37.906,38.330,37.906,-0.424,-0.424,0
1787735460.424,elbow_flex,44.539,45.934,44.539,-1.395,-1.395,0
1787735460.424,wrist_flex,-62.564,-59.121,-62.564,-3.443,-3.443,0
1787735460.424,wrist_roll,-3.156,-3.033,-3.156,-0.123,-0.123,0
1787735460.424,gripper,25.354,36.977,25.354,-11.623,-11.623,0
1787735460.473,shoulder_pan,26.021,24.835,26.021,1.186,1.186,0
1787735460.473,shoulder_lift,37.734,38.418,37.734,-0.684,-0.684,0
1787735460.473,elbow_flex,44.472,46.022,44.472,-1.550,-1.550,0
1787735460.473,wrist_flex,-62.982,-59.736,-62.982,-3.246,-3.246,0
1787735460.473,wrist_roll,-3.165,-3.033,-3.165,-0.132,-0.132,0
1787735460.473,gripper,24.921,36.977,24.921,-12.056,-12.056,0
1787735460.524,shoulder_pan,26.013,24.835,26.013,1.178,1.178,0
1787735460.524,shoulder_lift,37.505,38.418,37.505,-0.913,-0.913,0
1787735460.524,elbow_flex,44.390,46.022,44.390,-1.631,-1.631,0
1787735460.524,wrist_flex,-62.968,-60.264,-62.968,-2.704,-2.704,0
1787735460.524,wrist_roll,-3.153,-3.033,-3.153,-0.120,-0.120,0
1787735460.524,gripper,24.785,36.977,24.785,-12.192,-12.192,0
1787735460.574,shoulder_pan,26.104,24.835,26.104,1.269,1.269,0
1787735460.574,shoulder_lift,37.255,38.418,37.255,-1.162,-1.162,0
1787735460.574,elbow_flex,43.998,45.934,43.998,-1.936,-1.936,0
1787735460.574,wrist_flex,-63.115,-60.703,-63.115,-2.412,-2.412,0
1787735460.574,wrist_roll,-3.175,-3.033,-3.175,-0.142,-0.142,0
1787735460.574,gripper,25.070,36.977,25.070,-11.908,-11.908,0
1787735460.624,shoulder_pan,26.222,24.835,26.222,1.387,1.387,0
1787735460.624,shoulder_lift,37.037,38.330,37.037,-1.293,-1.293,0
1787735460.624,elbow_flex,43.782,45.846,43.782,-2.064,-2.064,0
1787735460.624,wrist_flex,-63.269,-61.231,-63.269,-2.038,-2.038,0
1787735460.624,wrist_roll,-3.145,-3.033,-3.145,-0.112,-0.112,0
1787735460.624,gripper,24.862,36.977,24.862,-12.115,-12.115,0
1787735460.674,shoulder_pan,26.315,24.835,26.315,1.480,1.480,0
1787735460.674,shoulder_lift,37.090,38.330,37.090,-1.240,-1.240,0
1787735460.674,elbow_flex,43.563,45.846,43.563,-2.283,-2.283,0
1787735460.674,wrist_flex,-62.922,-61.582,-62.922,-1.339,-1.339,0
1787735460.674,wrist_roll,-3.122,-3.033,-3.122,-0.089,-0.089,0
1787735460.674,gripper,24.858,36.977,24.858,-12.119,-12.119,0
1787735460.724,shoulder_pan,26.412,24.835,26.412,1.576,1.576,0
1787735460.724,shoulder_lift,37.036,38.330,37.036,-1.293,-1.293,0
1787735460.724,elbow_flex,43.158,45.846,43.158,-2.688,-2.688,0
1787735460.724,wrist_flex,-63.156,-61.582,-63.156,-1.574,-1.574,0
1787735460.724,wrist_roll,-3.131,-3.033,-3.131,-0.098,-0.098,0
1787735460.724,gripper,25.082,36.977,25.082,-11.895,-11.895,0
1787735460.773,shoulder_pan,26.516,24.835,26.516,1.681,1.681,0
1787735460.773,shoulder_lift,36.648,38.330,36.648,-1.682,-1.682,0
1787735460.773,elbow_flex,43.098,45.846,43.098,-2.748,-2.748,0
1787735460.773,wrist_flex,-63.356,-61.582,-63.356,-1.774,-1.774,0
1787735460.773,wrist_roll,-3.143,-3.033,-3.143,-0.110,-0.110,0
1787735460.773,gripper,24.725,36.977,24.725,-12.252,-12.252,0
1787735460.824,shoulder_pan,26.613,24.835,26.613,1.778,1.778,0
1787735460.824,shoulder_lift,37.167,38.330,37.167,-1.163,-1.163,0
1787735460.824,elbow_flex,42.652,45.846,42.652,-3.194,-3.194,0
1787735460.824,wrist_flex,-63.454,-61.670,-63.454,-1.783,-1.783,0
1787735460.824,wrist_roll,-3.155,-3.033,-3.155,-0.122,-0.122,0
1787735460.824,gripper,24.855,36.977,24.855,-12.123,-12.123,0
1787735460.874,shoulder_pan,26.580,24.835,26.580,1.745,1.745,0
1787735460.874,shoulder_lift,36.930,38.330,36.930,-1.400,-1.400,0
1787735460.874,elbow_flex,42.430,45.846,42.430,-3.416,-3.416,0
1787735460.874,wrist_flex,-63.459,-61.670,-63.459,-1.789,-1.789,0
1787735460.874,wrist_roll,-3.145,-3.033,-3.145,-0.113,-0.113,0
1787735460.874,gripper,25.208,36.977,25.208,-11.770,-11.770,0
1787735460.925,shoulder_pan,26.598,24.835,26.598,1.763,1.763,0
1787735460.925,shoulder_lift,37.276,38.330,37.276,-1.053,-1.053,0
1787735460.925,elbow_flex,42.461,45.495,42.461,-3.033,-3.033,0
1787735460.925,wrist_flex,-63.601,-61.670,-63.601,-1.931,-1.931,0
1787735460.925,wrist_roll,-3.153,-3.033,-3.153,-0.120,-0.120,0
1787735460.925,gripper,25.163,36.977,25.163,-11.815,-11.815,0
1787735460.974,shoulder_pan,26.651,24.835,26.651,1.816,1.816,0
1787735460.974,shoulder_lift,37.254,38.330,37.254,-1.076,-1.076,0
1787735460.974,elbow_flex,42.346,45.231,42.346,-2.884,-2.884,0
1787735460.974,wrist_flex,-63.398,-61.670,-63.398,-1.727,-1.727,0
1787735460.974,wrist_roll,-3.117,-3.033,-3.117,-0.084,-0.084,0
1787735460.974,gripper,25.127,36.977,25.127,-11.851,-11.851,0
1787735461.024,shoulder_pan,26.633,24.835,26.633,1.798,1.798,0
1787735461.024,shoulder_lift,37.464,38.330,37.464,-0.865,-0.865,0
1787735461.024,elbow_flex,42.305,45.143,42.305,-2.838,-2.838,0
1787735461.024,wrist_flex,-63.883,-61.670,-63.883,-2.213,-2.213,0
1787735461.024,wrist_roll,-3.149,-3.033,-3.149,-0.116,-0.116,0
1787735461.024,gripper,24.793,36.977,24.793,-12.184,-12.184,0
1787735461.076,shoulder_pan,26.599,24.835,26.599,1.764,1.764,0
1787735461.076,shoulder_lift,37.190,38.330,37.190,-1.139,-1.139,0
1787735461.076,elbow_flex,42.399,45.143,42.399,-2.744,-2.744,0
1787735461.076,wrist_flex,-63.674,-61.846,-63.674,-1.828,-1.828,0
1787735461.076,wrist_roll,-3.146,-3.033,-3.146,-0.113,-0.113,0
1787735461.076,gripper,24.922,36.977,24.922,-12.055,-12.055,0
1787735461.124,shoulder_pan,25.832,24.835,25.832,0.997,0.997,0
1787735461.124,shoulder_lift,37.965,38.330,37.965,-0.365,-0.365,0
1787735461.124,elbow_flex,42.674,45.143,42.674,-2.469,-2.469,0
1787735461.124,wrist_flex,-61.351,-61.934,-61.351,0.583,0.583,0
1787735461.124,wrist_roll,-3.133,-3.033,-3.133,-0.100,-0.100,0
1787735461.124,gripper,26.189,36.977,26.189,-10.788,-10.788,0
1787735461.175,shoulder_pan,25.171,24.835,25.171,0.336,0.336,0
1787735461.175,shoulder_lift,38.395,38.418,38.395,-0.022,-0.022,0
1787735461.175,elbow_flex,43.019,45.143,43.019,-2.124,-2.124,0
1787735461.175,wrist_flex,-58.890,-61.934,-58.890,3.044,3.044,0
1787735461.175,wrist_roll,-3.108,-3.033,-3.108,-0.075,-0.075,0
1787735461.175,gripper,28.136,36.977,28.136,-8.841,-8.841,0
1787735461.225,shoulder_pan,25.167,24.747,25.167,0.420,0.420,0
1787735461.225,shoulder_lift,38.160,38.681,38.160,-0.522,-0.522,0
1787735461.225,elbow_flex,43.162,45.055,43.162,-1.893,-1.893,0
1787735461.225,wrist_flex,-58.470,-61.143,-58.470,2.673,2.673,0
1787735461.225,wrist_roll,-3.109,-3.033,-3.109,-0.076,-0.076,0
1787735461.225,gripper,28.273,36.977,28.273,-8.705,-8.705,0
1787735461.275,shoulder_pan,25.107,24.747,25.107,0.359,0.359,0
1787735461.275,shoulder_lift,38.087,38.769,38.087,-0.682,-0.682,0
1787735461.275,elbow_flex,42.982,44.967,42.982,-1.985,-1.985,0
1787735461.275,wrist_flex,-57.857,-59.912,-57.857,2.055,2.055,0
1787735461.275,wrist_roll,-3.131,-3.033,-3.131,-0.098,-0.098,0
1787735461.275,gripper,28.663,36.977,28.663,-8.314,-8.314,0
1787735461.325,shoulder_pan,25.179,24.747,25.179,0.431,0.431,0
1787735461.325,shoulder_lift,37.832,38.857,37.832,-1.025,-1.025,0
1787735461.325,elbow_flex,43.161,44.967,43.161,-1.806,-1.806,0
1787735461.325,wrist_flex,-57.772,-59.121,-57.772,1.349,1.349,0
1787735461.325,wrist_roll,-3.108,-3.033,-3.108,-0.075,-0.075,0
1787735461.325,gripper,28.653,36.977,28.653,-8.324,-8.324,0
1787735461.375,shoulder_pan,25.160,24.747,25.160,0.413,0.413,0
1787735461.375,shoulder_lift,37.681,38.857,37.681,-1.176,-1.176,0
1787735461.375,elbow_flex,43.217,44.967,43.217,-1.750,-1.750,0
1787735461.375,wrist_flex,-57.964,-58.505,-57.964,0.542,0.542,0
1787735461.375,wrist_roll,-3.102,-2.945,-3.102,-0.157,-0.157,0
1787735461.375,gripper,28.286,36.977,28.286,-8.691,-8.691,0
1787735461.424,shoulder_pan,25.165,24.747,25.165,0.418,0.418,0
1787735461.424,shoulder_lift,37.413,38.857,37.413,-1.444,-1.444,0
1787735461.424,elbow_flex,43.109,44.967,43.109,-1.858,-1.858,0
1787735461.424,wrist_flex,-57.554,-58.242,-57.554,0.687,0.687,0
1787735461.424,wrist_roll,-3.109,-2.945,-3.109,-0.164,-0.164,0
1787735461.424,gripper,28.385,36.977,28.385,-8.592,-8.592,0
1787735461.476,shoulder_pan,25.217,24.747,25.217,0.470,0.470,0
1787735461.476,shoulder_lift,37.572,38.857,37.572,-1.285,-1.285,0
1787735461.476,elbow_flex,43.210,44.967,43.210,-1.757,-1.757,0
1787735461.476,wrist_flex,-57.599,-57.890,-57.599,0.291,0.291,0
1787735461.476,wrist_roll,-3.094,-2.945,-3.094,-0.149,-0.149,0
1787735461.476,gripper,28.562,36.977,28.562,-8.415,-8.415,0
1787735461.525,shoulder_pan,25.153,24.747,25.153,0.406,0.406,0
1787735461.525,shoulder_lift,37.389,38.857,37.389,-1.468,-1.468,0
1787735461.525,elbow_flex,43.223,44.967,43.223,-1.744,-1.744,0
1787735461.525,wrist_flex,-57.645,-57.714,-57.645,0.069,0.069,0
1787735461.525,wrist_roll,-3.108,-2.945,-3.108,-0.163,-0.163,0
1787735461.525,gripper,28.486,36.977,28.486,-8.491,-8.491,0
1787735461.575,shoulder_pan,25.220,24.747,25.220,0.473,0.473,0
1787735461.575,shoulder_lift,37.215,38.857,37.215,-1.642,-1.642,0
1787735461.575,elbow_flex,43.184,44.967,43.184,-1.783,-1.783,0
1787735461.575,wrist_flex,-57.443,-57.714,-57.443,0.271,0.271,0
1787735461.575,wrist_roll,-3.119,-2.945,-3.119,-0.174,-0.174,0
1787735461.575,gripper,28.760,36.977,28.760,-8.217,-8.217,0
1787735461.625,shoulder_pan,25.270,24.747,25.270,0.523,0.523,0
1787735461.625,shoulder_lift,37.503,38.857,37.503,-1.355,-1.355,0
1787735461.625,elbow_flex,43.174,44.967,43.174,-1.793,-1.793,0
1787735461.625,wrist_flex,-57.684,-57.538,-57.684,-0.145,-0.145,0
1787735461.625,wrist_roll,-3.099,-2.945,-3.099,-0.154,-0.154,0
1787735461.625,gripper,28.502,36.977,28.502,-8.475,-8.475,0
1787735461.675,shoulder_pan,25.350,24.747,25.350,0.602,0.602,0
1787735461.675,shoulder_lift,37.782,38.857,37.782,-1.075,-1.075,0
1787735461.675,elbow_flex,43.032,44.967,43.032,-1.935,-1.935,0
1787735461.675,wrist_flex,-57.605,-57.538,-57.605,-0.066,-0.066,0
1787735461.675,wrist_roll,-3.113,-2.945,-3.113,-0.168,-0.168,0
1787735461.675,gripper,28.240,36.977,28.240,-8.737,-8.737,0
1787735461.725,shoulder_pan,25.465,24.747,25.465,0.717,0.717,0
1787735461.725,shoulder_lift,37.395,38.857,37.395,-1.463,-1.463,0
1787735461.725,elbow_flex,42.997,44.967,42.997,-1.970,-1.970,0
1787735461.725,wrist_flex,-57.759,-57.538,-57.759,-0.220,-0.220,0
1787735461.725,wrist_roll,-3.108,-2.945,-3.108,-0.163,-0.163,0
1787735461.725,gripper,28.247,36.977,28.247,-8.731,-8.731,0
1787735461.775,shoulder_pan,25.571,24.747,25.571,0.824,0.824,0
1787735461.775,shoulder_lift,37.464,38.857,37.464,-1.393,-1.393,0
1787735461.775,elbow_flex,42.988,44.967,42.988,-1.979,-1.979,0
1787735461.775,wrist_flex,-57.891,-57.538,-57.891,-0.352,-0.352,0
1787735461.775,wrist_roll,-3.111,-2.945,-3.111,-0.166,-0.166,0
1787735461.775,gripper,28.006,36.977,28.006,-8.971,-8.971,0
1787735461.825,shoulder_pan,25.734,24.747,25.734,0.987,0.987,0
1787735461.825,shoulder_lift,37.945,38.857,37.945,-0.912,-0.912,0
1787735461.825,elbow_flex,42.973,44.967,42.973,-1.994,-1.994,0
1787735461.825,wrist_flex,-57.996,-57.538,-57.996,-0.457,-0.457,0
1787735461.825,wrist_roll,-3.111,-2.945,-3.111,-0.166,-0.166,0
1787735461.825,gripper,28.063,36.977,28.063,-8.914,-8.914,0
1787735461.876,shoulder_pan,25.831,24.747,25.831,1.084,1.084,0
1787735461.876,shoulder_lift,38.475,38.857,38.475,-0.382,-0.382,0
1787735461.876,elbow_flex,42.411,44.967,42.411,-2.556,-2.556,0
1787735461.876,wrist_flex,-57.904,-57.538,-57.904,-0.365,-0.365,0
1787735461.876,wrist_roll,-3.114,-2.945,-3.114,-0.169,-0.169,0
1787735461.876,gripper,27.810,36.977,27.810,-9.167,-9.167,0
1787735461.925,shoulder_pan,25.926,24.747,25.926,1.179,1.179,0
1787735461.925,shoulder_lift,38.921,38.857,38.921,0.063,0.063,0
1787735461.925,elbow_flex,42.207,44.967,42.207,-2.760,-2.760,0
1787735461.925,wrist_flex,-57.832,-57.538,-57.832,-0.294,-0.294,0
1787735461.925,wrist_roll,-3.119,-2.945,-3.119,-0.174,-0.174,0
1787735461.925,gripper,27.469,36.977,27.469,-9.509,-9.509,0
1787735461.977,shoulder_pan,25.933,24.747,25.933,1.186,1.186,0
1787735461.977,shoulder_lift,39.100,39.209,39.100,-0.108,-0.108,0
1787735461.977,elbow_flex,42.057,44.703,42.057,-2.646,-2.646,0
1787735461.977,wrist_flex,-57.644,-57.538,-57.644,-0.106,-0.106,0
1787735461.977,wrist_roll,-3.114,-2.945,-3.114,-0.169,-0.169,0
1787735461.977,gripper,27.416,36.977,27.416,-9.561,-9.561,0
1787735462.027,shoulder_pan,25.957,24.747,25.957,1.210,1.210,0
1787735462.027,shoulder_lift,38.867,39.473,38.867,-0.606,-0.606,0
1787735462.027,elbow_flex,41.970,44.440,41.970,-2.469,-2.469,0
1787735462.027,wrist_flex,-57.595,-57.538,-57.595,-0.057,-0.057,0
1787735462.027,wrist_roll,-3.119,-2.857,-3.119,-0.262,-0.262,0
1787735462.027,gripper,27.239,36.977,27.239,-9.738,-9.738,0
1787735462.075,shoulder_pan,25.743,24.747,25.743,0.995,0.995,0
1787735462.075,shoulder_lift,37.900,39.473,37.900,-1.573,-1.573,0
1787735462.075,elbow_flex,40.915,44.264,40.915,-3.349,-3.349,0
1787735462.075,wrist_flex,-57.266,-57.538,-57.266,0.272,0.272,0
1787735462.075,wrist_roll,-3.165,-2.857,-3.165,-0.308,-0.308,0
1787735462.075,gripper,26.879,36.977,26.879,-10.099,-10.099,0
1787735462.127,shoulder_pan,25.466,24.747,25.466,0.719,0.719,0
1787735462.127,shoulder_lift,36.886,39.473,36.886,-2.586,-2.586,0
1787735462.127,elbow_flex,39.881,44.088,39.881,-4.206,-4.206,0
1787735462.127,wrist_flex,-56.795,-57.538,-56.795,0.743,0.743,0
1787735462.127,wrist_roll,-3.245,-2.857,-3.245,-0.388,-0.388,0
1787735462.127,gripper,26.439,36.977,26.439,-10.538,-10.538,0
1787735462.177,shoulder_pan,25.413,24.747,25.413,0.666,0.666,0
1787735462.177,shoulder_lift,36.209,39.560,36.209,-3.351,-3.351,0
1787735462.177,elbow_flex,39.724,43.648,39.724,-3.924,-3.924,0
1787735462.177,wrist_flex,-57.785,-57.275,-57.785,-0.511,-0.511,0
1787735462.177,wrist_roll,-3.244,-2.857,-3.244,-0.387,-0.387,0
1787735462.177,gripper,26.272,36.977,26.272,-10.705,-10.705,0
1787735462.226,shoulder_pan,25.196,24.747,25.196,0.449,0.449,0
1787735462.226,shoulder_lift,34.820,39.560,34.820,-4.740,-4.740,0
1787735462.226,elbow_flex,40.093,43.121,40.093,-3.027,-3.027,0
1787735462.226,wrist_flex,-57.988,-57.187,-57.988,-0.801,-0.801,0
1787735462.226,wrist_roll,-3.260,-2.857,-3.260,-0.403,-0.403,0
1787735462.226,gripper,26.310,36.977,26.310,-10.667,-10.667,0
1787735462.277,shoulder_pan,24.889,24.747,24.889,0.141,0.141,0
1787735462.277,shoulder_lift,33.490,39.560,33.490,-6.070,-6.070,0
1787735462.277,elbow_flex,40.674,43.033,40.674,-2.359,-2.359,0
1787735462.277,wrist_flex,-58.255,-57.187,-58.255,-1.068,-1.068,0
1787735462.277,wrist_roll,-3.251,-2.857,-3.251,-0.394,-0.394,0
1787735462.277,gripper,26.258,36.977,26.258,-10.719,-10.719,0
1787735462.327,shoulder_pan,24.627,24.659,24.627,-0.032,-0.032,0
1787735462.327,shoulder_lift,32.530,39.473,32.530,-6.942,-6.942,0
1787735462.327,elbow_flex,41.116,43.033,41.116,-1.917,-1.917,0
1787735462.327,wrist_flex,-58.585,-57.187,-58.585,-1.399,-1.399,0
1787735462.327,wrist_roll,-3.241,-2.857,-3.241,-0.384,-0.384,0
1787735462.327,gripper,25.988,36.977,25.988,-10.989,-10.989,0
1787735462.377,shoulder_pan,24.333,24.571,24.333,-0.238,-0.238,0
1787735462.377,shoulder_lift,31.635,39.121,31.635,-7.485,-7.485,0
1787735462.377,elbow_flex,41.458,43.033,41.458,-1.575,-1.575,0
1787735462.377,wrist_flex,-58.403,-57.187,-58.403,-1.217,-1.217,0
1787735462.377,wrist_roll,-3.202,-2.857,-3.202,-0.345,-0.345,0
1787735462.377,gripper,25.985,36.977,25.985,-10.992,-10.992,0
1787735462.427,shoulder_pan,24.094,24.308,24.094,-0.214,-0.214,0
1787735462.427,shoulder_lift,30.666,38.418,30.666,-7.751,-7.751,0
1787735462.427,elbow_flex,41.830,42.945,41.830,-1.115,-1.115,0
1787735462.427,wrist_flex,-57.037,-57.187,-57.037,0.150,0.150,0
1787735462.427,wrist_roll,-3.184,-2.857,-3.184,-0.327,-0.327,0
1787735462.427,gripper,26.104,36.977,26.104,-10.874,-10.874,0
1787735462.477,shoulder_pan,24.382,24.132,24.382,0.250,0.250,0
1787735462.477,shoulder_lift,30.844,37.363,30.844,-6.519,-6.519,0
1787735462.477,elbow_flex,41.080,42.945,41.080,-1.865,-1.865,0
1787735462.477,wrist_flex,-57.603,-57.187,-57.603,-0.417,-0.417,0
1787735462.477,wrist_roll,-3.209,-2.857,-3.209,-0.352,-0.352,0
1787735462.477,gripper,26.025,36.977,26.025,-10.952,-10.952,0
1787735462.526,shoulder_pan,24.463,24.132,24.463,0.331,0.331,0
1787735462.526,shoulder_lift,30.864,36.659,30.864,-5.796,-5.796,0
1787735462.526,elbow_flex,40.960,42.945,40.960,-1.986,-1.986,0
1787735462.526,wrist_flex,-56.820,-57.099,-56.820,0.279,0.279,0
1787735462.526,wrist_roll,-3.214,-2.857,-3.214,-0.357,-0.357,0
1787735462.526,gripper,25.930,36.977,25.930,-11.047,-11.047,0
1787735462.577,shoulder_pan,24.319,24.132,24.319,0.187,0.187,0
1787735462.577,shoulder_lift,29.345,36.308,29.345,-6.963,-6.963,0
1787735462.577,elbow_flex,41.118,42.945,41.118,-1.827,-1.827,0
1787735462.577,wrist_flex,-56.833,-57.011,-56.833,0.178,0.178,0
1787735462.577,wrist_roll,-3.257,-2.857,-3.257,-0.400,-0.400,0
1787735462.577,gripper,25.517,36.977,25.517,-11.461,-11.461,0
1787735462.626,shoulder_pan,24.275,24.132,24.275,0.143,0.143,0
1787735462.626,shoulder_lift,29.385,35.956,29.385,-6.571,-6.571,0
1787735462.626,elbow_flex,41.245,42.945,41.245,-1.700,-1.700,0
1787735462.626,wrist_flex,-56.719,-56.835,-56.719,0.116,0.116,0
1787735462.626,wrist_roll,-3.244,-2.945,-3.244,-0.299,-0.299,0
1787735462.626,gripper,25.212,36.977,25.212,-11.765,-11.765,0
1787735462.676,shoulder_pan,24.301,24.044,24.301,0.257,0.257,0
1787735462.676,shoulder_lift,29.155,35.516,29.155,-6.361,-6.361,0
1787735462.676,elbow_flex,41.744,42.945,41.744,-1.201,-1.201,0
1787735462.676,wrist_flex,-57.095,-56.835,-57.095,-0.260,-0.260,0
1787735462.676,wrist_roll,-3.211,-2.945,-3.211,-0.266,-0.266,0
1787735462.676,gripper,25.513,36.977,25.513,-11.464,-11.464,0
1787735462.726,shoulder_pan,24.362,24.044,24.362,0.318,0.318,0
1787735462.726,shoulder_lift,28.909,35.253,28.909,-6.344,-6.344,0
1787735462.726,elbow_flex,41.995,42.857,41.995,-0.862,-0.862,0
1787735462.726,wrist_flex,-56.280,-56.835,-56.280,0.555,0.555,0
1787735462.726,wrist_roll,-3.210,-2.945,-3.210,-0.265,-0.265,0
1787735462.726,gripper,25.935,36.977,25.935,-11.042,-11.042,0
1787735462.776,shoulder_pan,24.310,24.044,24.310,0.266,0.266,0
1787735462.776,shoulder_lift,28.695,34.725,28.695,-6.030,-6.030,0
1787735462.776,elbow_flex,42.013,42.857,42.013,-0.844,-0.844,0
1787735462.776,wrist_flex,-57.245,-56.747,-57.245,-0.498,-0.498,0
1787735462.776,wrist_roll,-3.186,-3.033,-3.186,-0.153,-0.153,0
1787735462.776,gripper,26.020,36.977,26.020,-10.957,-10.957,0
1787735462.828,shoulder_pan,24.290,24.044,24.290,0.246,0.246,0
1787735462.828,shoulder_lift,28.430,34.374,28.430,-5.944,-5.944,0
1787735462.828,elbow_flex,42.026,42.857,42.026,-0.831,-0.831,0
1787735462.828,wrist_flex,-56.436,-56.659,-56.436,0.223,0.223,0
1787735462.828,wrist_roll,-3.183,-3.033,-3.183,-0.150,-0.150,0
1787735462.828,gripper,26.350,36.977,26.350,-10.628,-10.628,0
1787735462.877,shoulder_pan,24.336,24.044,24.336,0.292,0.292,0
1787735462.877,shoulder_lift,28.375,34.286,28.375,-5.911,-5.911,0
1787735462.877,elbow_flex,42.133,42.857,42.133,-0.724,-0.724,0
1787735462.877,wrist_flex,-56.628,-56.659,-56.628,0.032,0.032,0
1787735462.877,wrist_roll,-3.188,-3.033,-3.188,-0.155,-0.155,0
1787735462.877,gripper,26.721,36.977,26.721,-10.257,-10.257,0
1787735462.927,shoulder_pan,24.357,24.044,24.357,0.313,0.313,0
1787735462.927,shoulder_lift,28.328,34.286,28.328,-5.958,-5.958,0
1787735462.927,elbow_flex,41.994,42.857,41.994,-0.863,-0.863,0
1787735462.927,wrist_flex,-56.643,-56.484,-56.643,-0.160,-0.160,0
1787735462.927,wrist_roll,-3.221,-3.033,-3.221,-0.188,-0.188,0
1787735462.927,gripper,26.695,36.977,26.695,-10.282,-10.282,0
1787735462.977,shoulder_pan,24.386,24.044,24.386,0.342,0.342,0
1787735462.977,shoulder_lift,28.267,34.286,28.267,-6.018,-6.018,0
1787735462.977,elbow_flex,42.123,42.857,42.123,-0.734,-0.734,0
1787735462.977,wrist_flex,-56.248,-56.484,-56.248,0.236,0.236,0
1787735462.977,wrist_roll,-3.203,-3.033,-3.203,-0.170,-0.170,0
1787735462.977,gripper,27.008,36.977,27.008,-9.969,-9.969,0
1787735463.028,shoulder_pan,24.428,24.044,24.428,0.384,0.384,0
1787735463.028,shoulder_lift,28.099,34.286,28.099,-6.187,-6.187,0
1787735463.028,elbow_flex,41.530,42.857,41.530,-1.327,-1.327,0
1787735463.028,wrist_flex,-56.253,-56.484,-56.253,0.231,0.231,0
1787735463.028,wrist_roll,-3.215,-3.033,-3.215,-0.182,-0.182,0
1787735463.028,gripper,27.165,36.977,27.165,-9.812,-9.812,0
1787735463.078,shoulder_pan,25.114,24.044,25.114,1.070,1.070,0
1787735463.078,shoulder_lift,30.986,34.110,30.986,-3.124,-3.124,0
1787735463.078,elbow_flex,40.281,42.857,40.281,-2.576,-2.576,0
1787735463.078,wrist_flex,-55.395,-56.484,-55.395,1.089,1.089,0
1787735463.078,wrist_roll,-3.129,-3.033,-3.129,-0.096,-0.096,0
1787735463.078,gripper,26.916,36.977,26.916,-10.061,-10.061,0
1787735463.128,shoulder_pan,26.058,24.044,26.058,2.014,2.014,0
1787735463.128,shoulder_lift,34.740,33.934,34.740,0.806,0.806,0
1787735463.128,elbow_flex,38.753,42.857,38.753,-4.104,-4.104,0
1787735463.128,wrist_flex,-55.098,-56.220,-55.098,1.122,1.122,0
1787735463.128,wrist_roll,-2.995,-3.033,-2.995,0.037,0.037,0
1787735463.128,gripper,26.710,36.977,26.710,-10.268,-10.268,0
1787735463.177,shoulder_pan,26.095,24.044,26.095,2.051,2.051,0
1787735463.177,shoulder_lift,35.661,34.198,35.661,1.464,1.464,0
1787735463.177,elbow_flex,38.147,42.681,38.147,-4.534,-4.534,0
1787735463.177,wrist_flex,-55.010,-55.780,-55.010,0.770,0.770,0
1787735463.177,wrist_roll,-3.006,-3.033,-3.006,0.027,0.027,0
1787735463.177,gripper,26.499,36.977,26.499,-10.478,-10.478,0
1787735463.229,shoulder_pan,26.185,24.044,26.185,2.141,2.141,0
1787735463.229,shoulder_lift,36.445,35.516,36.445,0.929,0.929,0
1787735463.229,elbow_flex,37.790,41.714,37.790,-3.924,-3.924,0
1787735463.229,wrist_flex,-54.645,-55.429,-54.645,0.784,0.784,0
1787735463.229,wrist_roll,-2.978,-3.033,-2.978,0.055,0.055,0
1787735463.229,gripper,26.509,36.977,26.509,-10.469,-10.469,0
1787735463.278,shoulder_pan,26.347,24.044,26.347,2.303,2.303,0
1787735463.278,shoulder_lift,37.227,36.747,37.227,0.480,0.480,0
1787735463.278,elbow_flex,37.599,41.011,37.599,-3.412,-3.412,0
1787735463.278,wrist_flex,-54.426,-55.165,-54.426,0.739,0.739,0
1787735463.278,wrist_roll,-2.982,-3.033,-2.982,0.051,0.051,0
1787735463.278,gripper,26.262,36.977,26.262,-10.715,-10.715,0
1787735463.328,shoulder_pan,26.559,24.044,26.559,2.515,2.515,0
1787735463.328,shoulder_lift,38.079,37.451,38.079,0.628,0.628,0
1787735463.328,elbow_flex,37.106,40.571,37.106,-3.465,-3.465,0
1787735463.328,wrist_flex,-54.391,-54.813,-54.391,0.423,0.423,0
1787735463.328,wrist_roll,-2.973,-2.857,-2.973,-0.116,-0.116,0
1787735463.328,gripper,26.122,36.977,26.122,-10.855,-10.855,0
1787735463.378,shoulder_pan,26.669,24.044,26.669,2.625,2.625,0
1787735463.378,shoulder_lift,38.775,38.330,38.775,0.446,0.446,0
1787735463.378,elbow_flex,36.963,40.044,36.963,-3.081,-3.081,0
1787735463.378,wrist_flex,-54.629,-54.637,-54.629,0.008,0.008,0
1787735463.378,wrist_roll,-2.987,-2.857,-2.987,-0.129,-0.129,0
1787735463.378,gripper,26.275,36.977,26.275,-10.702,-10.702,0
1787735463.429,shoulder_pan,26.806,24.044,26.806,2.762,2.762,0
1787735463.429,shoulder_lift,39.296,39.121,39.296,0.175,0.175,0
1787735463.429,elbow_flex,36.570,39.516,36.570,-2.947,-2.947,0
1787735463.429,wrist_flex,-54.535,-54.637,-54.535,0.103,0.103,0
1787735463.429,wrist_roll,-3.000,-2.857,-3.000,-0.143,-0.143,0
1787735463.429,gripper,26.239,36.977,26.239,-10.738,-10.738,0
1787735463.478,shoulder_pan,27.004,24.044,27.004,2.960,2.960,0
1787735463.478,shoulder_lift,39.604,39.648,39.604,-0.045,-0.045,0
1787735463.478,elbow_flex,36.294,39.165,36.294,-2.871,-2.871,0
1787735463.478,wrist_flex,-54.194,-54.637,-54.194,0.444,0.444,0
1787735463.478,wrist_roll,-2.992,-2.857,-2.992,-0.135,-0.135,0
1787735463.478,gripper,26.129,36.977,26.129,-10.849,-10.849,0
1787735463.528,shoulder_pan,27.158,24.044,27.158,3.114,3.114,0
1787735463.528,shoulder_lift,39.908,40.000,39.908,-0.092,-0.092,0
1787735463.528,elbow_flex,36.244,38.901,36.244,-2.657,-2.657,0
1787735463.528,wrist_flex,-54.215,-54.549,-54.215,0.335,0.335,0
1787735463.528,wrist_roll,-3.014,-2.857,-3.014,-0.157,-0.157,0
1787735463.528,gripper,26.037,36.977,26.037,-10.940,-10.940,0
1787735463.579,shoulder_pan,27.186,24.132,27.186,3.054,3.054,0
1787735463.579,shoulder_lift,40.380,40.352,40.380,0.028,0.028,0
1787735463.579,elbow_flex,36.098,38.725,36.098,-2.628,-2.628,0
1787735463.579,wrist_flex,-54.151,-54.549,-54.151,0.398,0.398,0
1787735463.579,wrist_roll,-3.020,-2.769,-3.020,-0.251,-0.251,0
1787735463.579,gripper,25.995,36.977,25.995,-10.982,-10.982,0
1787735463.628,shoulder_pan,27.307,24.132,27.307,3.175,3.175,0
1787735463.628,shoulder_lift,40.668,40.615,40.668,0.053,0.053,0
1787735463.628,elbow_flex,36.196,38.637,36.196,-2.442,-2.442,0
1787735463.628,wrist_flex,-54.026,-54.549,-54.026,0.523,0.523,0
1787735463.628,wrist_roll,-3.007,-2.769,-3.007,-0.238,-0.238,0
1787735463.628,gripper,25.868,36.977,25.868,-11.110,-11.110,0
1787735463.678,shoulder_pan,27.406,24.220,27.406,3.186,3.186,0
1787735463.678,shoulder_lift,40.692,41.055,40.692,-0.363,-0.363,0
1787735463.678,elbow_flex,36.145,38.637,36.145,-2.492,-2.492,0
1787735463.678,wrist_flex,-53.965,-54.549,-53.965,0.585,0.585,0
1787735463.678,wrist_roll,-3.011,-2.769,-3.011,-0.241,-0.241,0
1787735463.678,gripper,25.915,36.977,25.915,-11.062,-11.062,0
1787735463.728,shoulder_pan,27.452,24.308,27.452,3.145,3.145,0
1787735463.728,shoulder_lift,40.664,41.143,40.664,-0.479,-0.479,0
1787735463.728,elbow_flex,36.319,38.725,36.319,-2.406,-2.406,0
1787735463.728,wrist_flex,-54.210,-54.374,-54.210,0.164,0.164,0
1787735463.728,wrist_roll,-3.009,-2.769,-3.009,-0.240,-0.240,0
1787735463.728,gripper,25.883,36.977,25.883,-11.095,-11.095,0
1787735463.778,shoulder_pan,27.557,24.396,27.557,3.161,3.161,0
1787735463.778,shoulder_lift,40.868,41.143,40.868,-0.274,-0.274,0
1787735463.778,elbow_flex,36.329,38.725,36.329,-2.397,-2.397,0
1787735463.778,wrist_flex,-54.199,-54.198,-54.199,-0.001,-0.001,0
1787735463.778,wrist_roll,-3.013,-2.769,-3.013,-0.244,-0.244,0
1787735463.778,gripper,25.950,36.977,25.950,-11.027,-11.027,0
1787735463.829,shoulder_pan,27.710,24.396,27.710,3.314,3.314,0
1787735463.829,shoulder_lift,41.470,41.231,41.470,0.239,0.239,0
1787735463.829,elbow_flex,35.850,38.725,35.850,-2.876,-2.876,0
1787735463.829,wrist_flex,-54.909,-54.198,-54.909,-0.711,-0.711,0
1787735463.829,wrist_roll,-2.993,-2.769,-2.993,-0.224,-0.224,0
1787735463.829,gripper,25.764,36.977,25.764,-11.213,-11.213,0
1787735463.879,shoulder_pan,27.760,24.396,27.760,3.364,3.364,0
1787735463.879,shoulder_lift,41.473,41.582,41.473,-0.110,-0.110,0
1787735463.879,elbow_flex,35.858,38.725,35.858,-2.867,-2.867,0
1787735463.879,wrist_flex,-54.901,-54.198,-54.901,-0.703,-0.703,0
1787735463.879,wrist_roll,-3.002,-2.681,-3.002,-0.320,-0.320,0
1787735463.879,gripper,25.625,36.977,25.625,-11.353,-11.353,0
1787735463.929,shoulder_pan,27.839,24.484,27.839,3.356,3.356,0
1787735463.929,shoulder_lift,41.666,41.846,41.666,-0.180,-0.180,0
1787735463.929,elbow_flex,35.791,38.637,35.791,-2.846,-2.846,0
1787735463.929,wrist_flex,-54.839,-54.286,-54.839,-0.554,-0.554,0
1787735463.929,wrist_roll,-2.987,-2.681,-2.987,-0.305,-0.305,0
1787735463.929,gripper,25.585,36.977,25.585,-11.392,-11.392,0
1787735463.979,shoulder_pan,27.971,24.484,27.971,3.487,3.487,0
1787735463.979,shoulder_lift,41.738,41.846,41.738,-0.108,-0.108,0
1787735463.979,elbow_flex,35.570,38.549,35.570,-2.979,-2.979,0
1787735463.979,wrist_flex,-54.636,-54.286,-54.636,-0.350,-0.350,0
1787735463.979,wrist_roll,-3.001,-2.681,-3.001,-0.319,-0.319,0
1787735463.979,gripper,25.569,36.977,25.569,-11.408,-11.408,0
1787735464.029,shoulder_pan,27.953,24.484,27.953,3.470,3.470,0
1787735464.029,shoulder_lift,42.948,41.934,42.948,1.014,1.014,0
1787735464.029,elbow_flex,34.110,38.286,34.110,-4.175,-4.175,0
1787735464.029,wrist_flex,-56.309,-54.286,-56.309,-2.023,-2.023,0
1787735464.029,wrist_roll,-2.994,-2.681,-2.994,-0.313,-0.313,0
1787735464.029,gripper,25.711,36.977,25.711,-11.266,-11.266,0
1787735464.079,shoulder_pan,27.751,24.484,27.751,3.267,3.267,0
1787735464.079,shoulder_lift,44.770,42.549,44.770,2.220,2.220,0
1787735464.079,elbow_flex,31.963,37.846,31.963,-5.883,-5.883,0
1787735464.079,wrist_flex,-58.226,-54.462,-58.226,-3.765,-3.765,0
1787735464.079,wrist_roll,-2.999,-2.769,-2.999,-0.230,-0.230,0
1787735464.079,gripper,26.050,36.977,26.050,-10.928,-10.928,0
1787735464.129,shoulder_pan,27.660,24.484,27.660,3.177,3.177,0
1787735464.129,shoulder_lift,45.222,43.692,45.222,1.530,1.530,0
1787735464.129,elbow_flex,31.239,36.703,31.239,-5.465,-5.465,0
1787735464.129,wrist_flex,-58.582,-55.429,-58.582,-3.153,-3.153,0
1787735464.129,wrist_roll,-3.035,-2.769,-3.035,-0.266,-0.266,0
1787735464.129,gripper,25.916,36.977,25.916,-11.061,-11.061,0
1787735464.180,shoulder_pan,27.529,24.484,27.529,3.045,3.045,0
1787735464.180,shoulder_lift,45.508,45.099,45.508,0.409,0.409,0
1787735464.180,elbow_flex,31.081,35.385,31.081,-4.304,-4.304,0
1787735464.180,wrist_flex,-58.464,-56.571,-58.464,-1.893,-1.893,0
1787735464.180,wrist_roll,-3.049,-2.769,-3.049,-0.280,-0.280,0
1787735464.180,gripper,25.917,36.977,25.917,-11.060,-11.060,0
1787735464.229,shoulder_pan,27.592,24.484,27.592,3.109,3.109,0
1787735464.229,shoulder_lift,45.560,46.066,45.560,-0.506,-0.506,0
1787735464.229,elbow_flex,30.965,34.418,30.965,-3.453,-3.453,0
1787735464.229,wrist_flex,-59.088,-57.099,-59.088,-1.989,-1.989,0
1787735464.229,wrist_roll,-3.067,-2.769,-3.067,-0.297,-0.297,0
1787735464.229,gripper,25.868,36.977,25.868,-11.109,-11.109,0
1787735464.279,shoulder_pan,27.413,24.484,27.413,2.929,2.929,0
1787735464.279,shoulder_lift,45.181,46.154,45.181,-0.973,-0.973,0
1787735464.279,elbow_flex,30.856,34.154,30.856,-3.298,-3.298,0
1787735464.279,wrist_flex,-58.753,-57.538,-58.753,-1.215,-1.215,0
1787735464.279,wrist_roll,-3.055,-2.769,-3.055,-0.285,-0.285,0
1787735464.279,gripper,25.996,36.977,25.996,-10.982,-10.982,0
1787735464.330,shoulder_pan,27.308,24.484,27.308,2.825,2.825,0
1787735464.330,shoulder_lift,45.609,46.154,45.609,-0.545,-0.545,0
1787735464.330,elbow_flex,30.582,34.154,30.582,-3.572,-3.572,0
1787735464.330,wrist_flex,-58.867,-57.714,-58.867,-1.152,-1.152,0
1787735464.330,wrist_roll,-3.044,-2.769,-3.044,-0.275,-0.275,0
1787735464.330,gripper,25.825,36.977,25.825,-11.153,-11.153,0
1787735464.379,shoulder_pan,27.134,24.484,27.134,2.650,2.650,0
1787735464.379,shoulder_lift,46.036,46.154,46.036,-0.118,-0.118,0
1787735464.379,elbow_flex,29.994,34.154,29.994,-4.160,-4.160,0
1787735464.379,wrist_flex,-59.243,-57.714,-59.243,-1.528,-1.528,0
1787735464.379,wrist_roll,-3.069,-2.769,-3.069,-0.300,-0.300,0
1787735464.379,gripper,26.214,36.977,26.214,-10.763,-10.763,0
1787735464.430,shoulder_pan,27.041,24.484,27.041,2.558,2.558,0
1787735464.430,shoulder_lift,45.976,46.418,45.976,-0.442,-0.442,0
1787735464.430,elbow_flex,29.577,34.066,29.577,-4.489,-4.489,0
1787735464.430,wrist_flex,-59.487,-57.714,-59.487,-1.773,-1.773,0
1787735464.430,wrist_roll,-3.032,-2.769,-3.032,-0.263,-0.263,0
1787735464.430,gripper,26.116,36.977,26.116,-10.861,-10.861,0
1787735464.480,shoulder_pan,26.922,24.396,26.922,2.526,2.526,0
1787735464.480,shoulder_lift,45.645,46.505,45.645,-0.861,-0.861,0
1787735464.480,elbow_flex,29.277,33.802,29.277,-4.525,-4.525,0
1787735464.480,wrist_flex,-59.276,-57.802,-59.276,-1.474,-1.474,0
1787735464.480,wrist_roll,-3.034,-2.769,-3.034,-0.264,-0.264,0
1787735464.480,gripper,26.376,36.977,26.376,-10.601,-10.601,0
1787735464.530,shoulder_pan,26.779,24.396,26.779,2.383,2.383,0
1787735464.530,shoulder_lift,45.708,46.593,45.708,-0.885,-0.885,0
1787735464.530,elbow_flex,28.930,33.363,28.930,-4.433,-4.433,0
1787735464.530,wrist_flex,-59.282,-57.890,-59.282,-1.392,-1.392,0
1787735464.530,wrist_roll,-3.011,-2.769,-3.011,-0.242,-0.242,0
1787735464.530,gripper,26.345,36.977,26.345,-10.632,-10.632,0
1787735464.579,shoulder_pan,26.855,24.396,26.855,2.459,2.459,0
1787735464.579,shoulder_lift,46.579,46.593,46.579,-0.015,-0.015,0
1787735464.579,elbow_flex,28.304,33.275,28.304,-4.971,-4.971,0
1787735464.579,wrist_flex,-59.692,-57.890,-59.692,-1.802,-1.802,0
1787735464.579,wrist_roll,-3.051,-2.857,-3.051,-0.193,-0.193,0
1787735464.579,gripper,26.259,36.977,26.259,-10.718,-10.718,0
