timestamp,joint,goal_pos,present_pos,sent_pos,goal_present_diff,sent_present_diff,clamped
1787734729.005,shoulder_pan,-2.826,1.495,-2.826,-4.321,-4.321,0
1787734729.005,shoulder_lift,-101.865,-103.736,-101.865,1.872,1.872,0
1787734729.005,elbow_flex,40.102,96.659,56.659,-56.557,-40.000,1
1787734729.005,wrist_flex,64.393,-78.813,-38.813,143.206,40.000,1
1787734729.005,wrist_roll,-6.434,-3.033,-6.434,-3.401,-3.401,0
1787734729.005,gripper,8.635,2.187,8.635,6.448,6.448,0
1787734729.052,shoulder_pan,-2.827,1.319,-2.827,-4.145,-4.145,0
1787734729.052,shoulder_lift,-102.019,-103.736,-102.019,1.717,1.717,0
1787734729.052,elbow_flex,39.770,96.659,56.659,-56.890,-40.000,1
1787734729.052,wrist_flex,64.791,-78.637,-38.637,143.428,40.000,1
1787734729.052,wrist_roll,-6.433,-3.209,-6.433,-3.224,-3.224,0
1787734729.052,gripper,8.630,2.253,8.630,6.377,6.377,0
1787734729.103,shoulder_pan,-2.841,-0.967,-2.841,-1.874,-1.874,0
1787734729.103,shoulder_lift,-101.955,-102.857,-101.955,0.902,0.902,0
1787734729.103,elbow_flex,39.918,94.549,54.549,-54.632,-40.000,1
1787734729.103,wrist_flex,65.019,-75.385,-35.385,140.403,40.000,1
1787734729.103,wrist_roll,-6.436,-5.143,-6.436,-1.293,-1.293,0
1787734729.103,gripper,8.613,4.440,8.613,4.173,4.173,0
1787734729.153,shoulder_pan,-2.816,-1.934,-2.816,-0.882,-0.882,0
1787734729.153,shoulder_lift,-102.058,-102.505,-102.058,0.447,0.447,0
1787734729.153,elbow_flex,40.056,88.132,48.132,-48.076,-40.000,1
1787734729.153,wrist_flex,64.774,-68.088,-28.088,132.862,40.000,1
1787734729.153,wrist_roll,-6.442,-5.670,-6.442,-0.771,-0.771,0
1787734729.153,gripper,8.628,6.627,8.628,2.001,2.001,0
1787734729.203,shoulder_pan,-2.953,-2.286,-2.953,-0.667,-0.667,0
1787734729.203,shoulder_lift,-102.087,-102.857,-102.087,0.770,0.770,0
1787734729.203,elbow_flex,39.985,77.319,39.985,-37.333,-37.333,0
1787734729.203,wrist_flex,64.899,-57.451,-17.451,122.349,40.000,1
1787734729.203,wrist_roll,-6.431,-6.022,-6.431,-0.409,-0.409,0
1787734729.203,gripper,8.604,7.422,8.604,1.182,1.182,0
1787734729.253,shoulder_pan,-3.053,-2.549,-3.053,-0.503,-0.503,0
1787734729.253,shoulder_lift,-102.085,-102.857,-102.085,0.772,0.772,0
1787734729.253,elbow_flex,40.105,65.626,40.105,-25.522,-25.522,0
1787734729.253,wrist_flex,65.441,-45.407,-5.407,110.847,40.000,1
1787734729.253,wrist_roll,-6.409,-6.198,-6.409,-0.211,-0.211,0
1787734729.253,gripper,8.576,7.886,8.576,0.690,0.690,0
1787734729.303,shoulder_pan,-3.128,-2.637,-3.128,-0.491,-0.491,0
1787734729.303,shoulder_lift,-102.068,-102.769,-102.068,0.701,0.701,0
1787734729.303,elbow_flex,40.427,54.462,40.427,-14.035,-14.035,0
1787734729.303,wrist_flex,64.580,-33.187,6.813,97.766,40.000,1
1787734729.303,wrist_roll,-6.408,-6.198,-6.408,-0.210,-0.210,0
1787734729.303,gripper,8.549,8.151,8.549,0.398,0.398,0
1787734729.354,shoulder_pan,-3.182,-2.637,-3.182,-0.544,-0.544,0
1787734729.354,shoulder_lift,-102.031,-103.033,-102.031,1.002,1.002,0
1787734729.354,elbow_flex,40.356,46.110,40.356,-5.754,-5.754,0
1787734729.354,wrist_flex,65.371,-20.791,19.209,86.162,40.000,1
1787734729.354,wrist_roll,-6.426,-6.110,-6.426,-0.316,-0.316,0
1787734729.354,gripper,8.554,8.151,8.554,0.403,0.403,0
1787734729.403,shoulder_pan,-3.071,-2.725,-3.071,-0.346,-0.346,0
1787734729.403,shoulder_lift,-102.085,-103.209,-102.085,1.124,1.124,0
1787734729.403,elbow_flex,40.508,43.121,40.508,-2.613,-2.613,0
1787734729.403,wrist_flex,65.576,-9.099,30.901,74.675,40.000,1
1787734729.403,wrist_roll,-6.435,-6.022,-6.435,-0.413,-0.413,0
1787734729.403,gripper,8.530,8.151,8.530,0.378,0.378,0
1787734729.454,shoulder_pan,-3.144,-2.813,-3.144,-0.331,-0.331,0
1787734729.454,shoulder_lift,-102.159,-102.945,-102.159,0.786,0.786,0
1787734729.454,elbow_flex,40.498,43.033,40.498,-2.535,-2.535,0
1787734729.454,wrist_flex,65.720,3.912,43.912,61.807,40.000,1
1787734729.454,wrist_roll,-6.417,-6.022,-6.417,-0.395,-0.395,0
1787734729.454,gripper,8.521,8.151,8.521,0.370,0.370,0
1787734729.503,shoulder_pan,-2.977,-2.901,-2.977,-0.076,-0.076,0
1787734729.503,shoulder_lift,-101.939,-102.769,-101.939,0.830,0.830,0
1787734729.503,elbow_flex,40.730,42.593,40.730,-1.863,-1.863,0
1787734729.503,wrist_flex,66.531,16.044,56.044,50.487,40.000,1
1787734729.503,wrist_roll,-6.411,-6.110,-6.411,-0.301,-0.301,0
1787734729.503,gripper,8.492,8.217,8.492,0.274,0.274,0
1787734729.553,shoulder_pan,-2.702,-2.901,-2.702,0.199,0.199,0
1787734729.553,shoulder_lift,-101.940,-102.945,-101.940,1.005,1.005,0
1787734729.553,elbow_flex,40.923,41.802,40.923,-0.879,-0.879,0
1787734729.553,wrist_flex,66.402,28.176,66.402,38.226,38.226,0
1787734729.553,wrist_roll,-6.376,-6.198,-6.376,-0.178,-0.178,0
1787734729.553,gripper,8.473,8.151,8.473,0.321,0.321,0
1787734729.603,shoulder_pan,-2.330,-2.901,-2.330,0.571,0.571,0
1787734729.603,shoulder_lift,-101.996,-102.857,-101.996,0.861,0.861,0
1787734729.603,elbow_flex,40.966,41.802,40.966,-0.836,-0.836,0
1787734729.603,wrist_flex,66.657,40.396,66.657,26.262,26.262,0
1787734729.603,wrist_roll,-6.376,-6.198,-6.376,-0.179,-0.179,0
1787734729.603,gripper,8.453,8.151,8.453,0.302,0.302,0
1787734729.654,shoulder_pan,-1.736,-2.901,-1.736,1.165,1.165,0
1787734729.654,shoulder_lift,-101.974,-102.769,-101.974,0.795,0.795,0
1787734729.654,elbow_flex,41.360,41.978,41.360,-0.618,-0.618,0
1787734729.654,wrist_flex,66.344,51.912,66.344,14.432,14.432,0
1787734729.654,wrist_roll,-6.377,-6.198,-6.377,-0.180,-0.180,0
1787734729.654,gripper,8.418,8.284,8.418,0.134,0.134,0
1787734729.703,shoulder_pan,-1.183,-2.549,-1.183,1.366,1.366,0
1787734729.703,shoulder_lift,-102.124,-102.857,-102.124,0.733,0.733,0
1787734729.703,elbow_flex,41.882,41.890,41.882,-0.008,-0.008,0
1787734729.703,wrist_flex,66.365,59.824,66.365,6.541,6.541,0
1787734729.703,wrist_roll,-6.336,-6.198,-6.336,-0.138,-0.138,0
1787734729.703,gripper,8.352,8.284,8.352,0.068,0.068,0
1787734729.753,shoulder_pan,-0.390,-1.934,-0.390,1.544,1.544,0
1787734729.753,shoulder_lift,-102.266,-102.857,-102.266,0.591,0.591,0
1787734729.753,elbow_flex,41.923,42.066,41.923,-0.142,-0.142,0
1787734729.753,wrist_flex,68.331,62.989,68.331,5.342,5.342,0
1787734729.753,wrist_roll,-6.405,-6.198,-6.405,-0.207,-0.207,0
1787734729.753,gripper,8.326,8.284,8.326,0.042,0.042,0
1787734729.803,shoulder_pan,0.092,-1.495,0.092,1.587,1.587,0
1787734729.803,shoulder_lift,-101.920,-102.857,-101.920,0.937,0.937,0
1787734729.803,elbow_flex,42.590,42.066,42.590,0.525,0.525,0
1787734729.803,wrist_flex,68.491,64.923,68.491,3.568,3.568,0
1787734729.803,wrist_roll,-6.388,-6.198,-6.388,-0.190,-0.190,0
1787734729.803,gripper,8.275,8.284,8.275,-0.009,-0.009,0
1787734729.855,shoulder_pan,0.767,-0.615,0.767,1.383,1.383,0
1787734729.855,shoulder_lift,-101.858,-102.857,-101.858,0.999,0.999,0
1787734729.855,elbow_flex,42.508,42.154,42.508,0.354,0.354,0
1787734729.855,wrist_flex,68.554,66.945,68.554,1.609,1.609,0
1787734729.855,wrist_roll,-6.312,-6.198,-6.312,-0.115,-0.115,0
1787734729.855,gripper,8.236,8.284,8.236,-0.047,-0.047,0
1787734729.904,shoulder_pan,1.768,-0.264,1.768,2.032,2.032,0
1787734729.904,shoulder_lift,-101.811,-102.857,-101.811,1.046,1.046,0
1787734729.904,elbow_flex,42.895,42.505,42.895,0.390,0.390,0
1787734729.904,wrist_flex,68.389,67.736,68.389,0.652,0.652,0
1787734729.904,wrist_roll,-6.295,-6.198,-6.295,-0.097,-0.097,0
1787734729.904,gripper,8.192,8.284,8.192,-0.091,-0.091,0
1787734729.955,shoulder_pan,-1.721,0.352,-1.721,-2.073,-2.073,0
1787734729.955,shoulder_lift,-97.736,-102.857,-97.736,5.121,5.121,0
1787734729.955,elbow_flex,40.346,42.593,40.346,-2.248,-2.248,0
1787734729.955,wrist_flex,60.044,68.000,60.044,-7.956,-7.956,0
1787734729.955,wrist_roll,-6.317,-6.198,-6.317,-0.119,-0.119,0
1787734729.955,gripper,8.413,8.284,8.413,0.129,0.129,0
1787734730.004,shoulder_pan,-1.833,1.143,-1.833,-2.976,-2.976,0
1787734730.004,shoulder_lift,-95.406,-102.681,-95.406,7.276,7.276,0
1787734730.004,elbow_flex,41.183,42.769,41.183,-1.586,-1.586,0
1787734730.004,wrist_flex,49.333,68.088,49.333,-18.755,-18.755,0
1787734730.004,wrist_roll,-5.856,-6.198,-5.856,0.341,0.341,0
1787734730.004,gripper,8.259,8.284,8.259,-0.025,-0.025,0
1787734730.054,shoulder_pan,-2.199,-0.967,-2.199,-1.232,-1.232,0
1787734730.054,shoulder_lift,-92.896,-100.220,-92.896,7.323,7.323,0
1787734730.054,elbow_flex,42.051,41.978,42.051,0.073,0.073,0
1787734730.054,wrist_flex,37.002,65.187,37.002,-28.185,-28.185,0
1787734730.054,wrist_roll,-5.395,-6.198,-5.395,0.802,0.802,0
1787734730.054,gripper,8.093,8.284,8.093,-0.191,-0.191,0
1787734730.103,shoulder_pan,-2.335,-0.967,-2.335,-1.368,-1.368,0
1787734730.103,shoulder_lift,-90.159,-97.758,-90.159,7.599,7.599,0
1787734730.103,elbow_flex,43.296,42.330,43.296,0.966,0.966,0
1787734730.103,wrist_flex,25.906,58.593,25.906,-32.687,-32.687,0
1787734730.103,wrist_roll,-4.931,-6.022,-4.931,1.091,1.091,0
1787734730.103,gripper,7.924,8.284,7.924,-0.360,-0.360,0
1787734730.155,shoulder_pan,-2.408,-1.934,-2.408,-0.474,-0.474,0
1787734730.155,shoulder_lift,-88.908,-95.033,-88.908,6.125,6.125,0
1787734730.155,elbow_flex,43.962,42.681,43.962,1.280,1.280,0
1787734730.155,wrist_flex,21.713,49.011,21.713,-27.298,-27.298,0
1787734730.155,wrist_roll,-4.713,-5.495,-4.713,0.782,0.782,0
1787734730.155,gripper,7.863,8.284,7.863,-0.421,-0.421,0
1787734730.204,shoulder_pan,-2.481,-1.758,-2.481,-0.723,-0.723,0
1787734730.204,shoulder_lift,-87.526,-92.571,-87.526,5.046,5.046,0
1787734730.204,elbow_flex,44.806,43.473,44.806,1.333,1.333,0
1787734730.204,wrist_flex,16.168,38.989,16.168,-22.821,-22.821,0
1787734730.204,wrist_roll,-4.428,-5.231,-4.428,0.802,0.802,0
1787734730.204,gripper,7.750,8.085,7.750,-0.335,-0.335,0
1787734730.255,shoulder_pan,-2.536,-2.110,-2.536,-0.426,-0.426,0
1787734730.255,shoulder_lift,-86.760,-90.725,-86.760,3.965,3.965,0
1787734730.255,elbow_flex,45.679,44.352,45.679,1.328,1.328,0
1787734730.255,wrist_flex,11.599,30.022,11.599,-18.423,-18.423,0
1787734730.255,wrist_roll,-4.270,-4.967,-4.270,0.697,0.697,0
1787734730.255,gripper,7.705,8.085,7.705,-0.380,-0.380,0
1787734730.304,shoulder_pan,-2.547,-2.286,-2.547,-0.262,-0.262,0
1787734730.304,shoulder_lift,-85.780,-89.231,-85.780,3.451,3.451,0
1787734730.304,elbow_flex,46.612,45.055,46.612,1.557,1.557,0
1787734730.304,wrist_flex,7.838,22.637,7.838,-14.800,-14.800,0
1787734730.304,wrist_roll,-4.075,-4.703,-4.075,0.628,0.628,0
1787734730.304,gripper,7.636,8.019,7.636,-0.383,-0.383,0
1787734730.354,shoulder_pan,-2.547,-2.286,-2.547,-0.262,-0.262,0
1787734730.354,shoulder_lift,-85.393,-88.176,-85.393,2.783,2.783,0
1787734730.354,elbow_flex,47.305,46.022,47.305,1.283,1.283,0
1787734730.354,wrist_flex,4.609,16.484,4.609,-11.874,-11.874,0
1787734730.354,wrist_roll,-3.992,-4.440,-3.992,0.447,0.447,0
1787734730.354,gripper,7.598,7.886,7.598,-0.288,-0.288,0
1787734730.405,shoulder_pan,-2.462,-2.286,-2.462,-0.177,-0.177,0
1787734730.405,shoulder_lift,-85.030,-87.033,-85.030,2.003,2.003,0
1787734730.405,elbow_flex,48.001,46.901,48.001,1.100,1.100,0
1787734730.405,wrist_flex,1.797,11.385,1.797,-9.587,-9.587,0
1787734730.405,wrist_roll,-3.908,-4.352,-3.908,0.443,0.443,0
1787734730.405,gripper,7.588,7.820,7.588,-0.231,-0.231,0
1787734730.454,shoulder_pan,-2.412,-2.286,-2.412,-0.126,-0.126,0
1787734730.454,shoulder_lift,-85.029,-86.418,-85.029,1.388,1.388,0
1787734730.454,elbow_flex,48.553,47.516,48.553,1.037,1.037,0
1787734730.454,wrist_flex,-0.496,7.429,-0.496,-7.924,-7.924,0
1787734730.454,wrist_roll,-3.902,-4.352,-3.902,0.449,0.449,0
1787734730.454,gripper,7.587,7.820,7.587,-0.233,-0.233,0
1787734730.504,shoulder_pan,-2.321,-2.198,-2.321,-0.123,-0.123,0
1787734730.504,shoulder_lift,-84.507,-86.066,-84.507,1.559,1.559,0
1787734730.504,elbow_flex,49.678,48.220,49.678,1.458,1.458,0
1787734730.504,wrist_flex,-3.650,4.000,-3.650,-7.650,-7.650,0
1787734730.504,wrist_roll,-3.918,-4.264,-3.918,0.346,0.346,0
1787734730.504,gripper,7.567,7.820,7.567,-0.252,-0.252,0
1787734730.554,shoulder_pan,-2.180,-2.198,-2.180,0.018,0.018,0
1787734730.554,shoulder_lift,-84.629,-85.714,-84.629,1.085,1.085,0
1787734730.554,elbow_flex,50.439,48.747,50.439,1.691,1.691,0
1787734730.554,wrist_flex,-4.754,1.363,-4.754,-6.117,-6.117,0
1787734730.554,wrist_roll,-3.888,-4.264,-3.888,0.375,0.375,0
1787734730.554,gripper,7.590,7.820,7.590,-0.230,-0.230,0
1787734730.605,shoulder_pan,-2.195,-2.198,-2.195,0.003,0.003,0
1787734730.605,shoulder_lift,-83.946,-85.538,-83.946,1.592,1.592,0
1787734730.605,elbow_flex,51.736,49.802,51.736,1.934,1.934,0
1787734730.605,wrist_flex,-7.830,-1.626,-7.830,-6.203,-6.203,0
1787734730.605,wrist_roll,-3.836,-4.176,-3.836,0.340,0.340,0
1787734730.605,gripper,7.548,7.820,7.548,-0.272,-0.272,0
1787734730.655,shoulder_pan,-2.186,-2.198,-2.186,0.012,0.012,0
1787734730.655,shoulder_lift,-83.175,-85.187,-83.175,2.012,2.012,0
1787734730.655,elbow_flex,53.837,50.769,53.837,3.068,3.068,0
1787734730.655,wrist_flex,-11.164,-3.385,-11.164,-7.780,-7.780,0
1787734730.655,wrist_roll,-3.644,-4.088,-3.644,0.444,0.444,0
1787734730.655,gripper,7.545,7.820,7.545,-0.275,-0.275,0
1787734730.706,shoulder_pan,-2.184,-2.198,-2.184,0.013,0.013,0
1787734730.706,shoulder_lift,-82.638,-84.659,-82.638,2.021,2.021,0
1787734730.706,elbow_flex,55.371,52.000,55.371,3.371,3.371,0
1787734730.706,wrist_flex,-12.915,-6.374,-12.915,-6.542,-6.542,0
1787734730.706,wrist_roll,-3.491,-4.088,-3.491,0.597,0.597,0
1787734730.706,gripper,7.541,7.820,7.541,-0.278,-0.278,0
1787734730.755,shoulder_pan,-2.162,-2.198,-2.162,0.036,0.036,0
1787734730.755,shoulder_lift,-82.321,-84.132,-82.321,1.811,1.811,0
1787734730.755,elbow_flex,56.253,53.846,56.253,2.407,2.407,0
1787734730.755,wrist_flex,-13.339,-9.363,-13.339,-3.977,-3.977,0
1787734730.755,wrist_roll,-3.380,-3.912,-3.380,0.532,0.532,0
1787734730.755,gripper,7.527,7.820,7.527,-0.293,-0.293,0
1787734730.806,shoulder_pan,-2.242,-2.198,-2.242,-0.044,-0.044,0
1787734730.806,shoulder_lift,-81.986,-83.429,-81.986,1.442,1.442,0
1787734730.806,elbow_flex,57.684,55.429,57.684,2.256,2.256,0
1787734730.806,wrist_flex,-14.736,-11.209,-14.736,-3.527,-3.527,0
1787734730.806,wrist_roll,-3.222,-3.912,-3.222,0.690,0.690,0
1787734730.806,gripper,7.485,7.820,7.485,-0.335,-0.335,0
1787734730.855,shoulder_pan,-2.252,-2.198,-2.252,-0.055,-0.055,0
1787734730.855,shoulder_lift,-81.704,-82.901,-81.704,1.197,1.197,0
1787734730.855,elbow_flex,58.563,56.484,58.563,2.080,2.080,0
1787734730.855,wrist_flex,-14.811,-12.352,-14.811,-2.459,-2.459,0
1787734730.855,wrist_roll,-3.123,-3.648,-3.123,0.526,0.526,0
1787734730.855,gripper,7.492,7.820,7.492,-0.328,-0.328,0
1787734730.907,shoulder_pan,-1.818,-2.198,-1.818,0.380,0.380,0
1787734730.907,shoulder_lift,-77.462,-82.637,-77.462,5.175,5.175,0
1787734730.907,elbow_flex,54.775,57.802,54.775,-3.027,-3.027,0
1787734730.907,wrist_flex,-0.046,-13.495,-0.046,13.448,13.448,0
1787734730.907,wrist_roll,-3.830,-3.560,-3.830,-0.270,-0.270,0
1787734730.907,gripper,7.776,7.820,7.776,-0.044,-0.044,0
1787734730.955,shoulder_pan,-1.782,-2.198,-1.782,0.416,0.416,0
1787734730.955,shoulder_lift,-76.825,-82.022,-76.825,5.197,5.197,0
1787734730.955,elbow_flex,54.768,58.418,54.768,-3.650,-3.650,0
1787734730.955,wrist_flex,0.888,-13.670,0.888,14.558,14.558,0
1787734730.955,wrist_roll,-3.818,-3.560,-3.818,-0.257,-0.257,0
1787734730.955,gripper,7.791,7.820,7.791,-0.029,-0.029,0
1787734731.006,shoulder_pan,-1.833,-2.110,-1.833,0.277,0.277,0
1787734731.006,shoulder_lift,-76.178,-79.736,-76.178,3.559,3.559,0
1787734731.006,elbow_flex,54.673,57.099,54.673,-2.426,-2.426,0
1787734731.006,wrist_flex,2.591,-10.945,2.591,13.536,13.536,0
1787734731.006,wrist_roll,-3.892,-3.560,-3.892,-0.331,-0.331,0
1787734731.006,gripper,7.768,7.820,7.768,-0.052,-0.052,0
1787734731.055,shoulder_pan,-1.781,-2.110,-1.781,0.328,0.328,0
1787734731.055,shoulder_lift,-75.815,-78.418,-75.815,2.603,2.603,0
1787734731.055,elbow_flex,54.867,56.659,54.867,-1.792,-1.792,0
1787734731.055,wrist_flex,3.332,-5.055,3.332,8.387,8.387,0
1787734731.055,wrist_roll,-3.850,-3.560,-3.850,-0.289,-0.289,0
1787734731.055,gripper,7.778,7.820,7.778,-0.042,-0.042,0
1787734731.106,shoulder_pan,-1.769,-2.022,-1.769,0.253,0.253,0
1787734731.106,shoulder_lift,-75.706,-76.923,-75.706,1.217,1.217,0
1787734731.106,elbow_flex,54.800,56.747,54.800,-1.947,-1.947,0
1787734731.106,wrist_flex,4.269,-0.396,4.269,4.665,4.665,0
1787734731.106,wrist_roll,-3.866,-3.736,-3.866,-0.130,-0.130,0
1787734731.106,gripper,7.768,7.820,7.768,-0.052,-0.052,0
1787734731.156,shoulder_pan,-1.742,-2.022,-1.742,0.280,0.280,0
1787734731.156,shoulder_lift,-75.301,-76.308,-75.301,1.006,1.006,0
1787734731.156,elbow_flex,54.853,56.747,54.853,-1.895,-1.895,0
1787734731.156,wrist_flex,5.044,1.802,5.044,3.242,3.242,0
1787734731.156,wrist_roll,-3.885,-3.736,-3.885,-0.149,-0.149,0
1787734731.156,gripper,7.766,7.820,7.766,-0.053,-0.053,0
1787734731.206,shoulder_pan,-1.783,-2.022,-1.783,0.239,0.239,0
1787734731.206,shoulder_lift,-75.229,-76.308,-75.229,1.079,1.079,0
1787734731.206,elbow_flex,54.896,56.659,54.896,-1.763,-1.763,0
1787734731.206,wrist_flex,5.555,3.297,5.555,2.258,2.258,0
1787734731.206,wrist_roll,-3.876,-3.736,-3.876,-0.140,-0.140,0
1787734731.206,gripper,7.757,7.820,7.757,-0.062,-0.062,0
1787734731.257,shoulder_pan,-1.720,-2.022,-1.720,0.302,0.302,0
1787734731.257,shoulder_lift,-75.193,-75.868,-75.193,0.675,0.675,0
1787734731.257,elbow_flex,55.045,56.659,55.045,-1.615,-1.615,0
1787734731.257,wrist_flex,6.220,4.440,6.220,1.780,1.780,0
1787734731.257,wrist_roll,-3.872,-3.736,-3.872,-0.136,-0.136,0
1787734731.257,gripper,7.723,7.820,7.723,-0.096,-0.096,0
1787734731.306,shoulder_pan,-1.710,-2.022,-1.710,0.312,0.312,0
1787734731.306,shoulder_lift,-75.006,-75.429,-75.006,0.423,0.423,0
1787734731.306,elbow_flex,55.069,56.747,55.069,-1.679,-1.679,0
1787734731.306,wrist_flex,6.585,5.319,6.585,1.267,1.267,0
1787734731.306,wrist_roll,-3.871,-3.736,-3.871,-0.134,-0.134,0
1787734731.306,gripper,7.775,7.820,7.775,-0.045,-0.045,0
1787734731.357,shoulder_pan,-1.697,-2.022,-1.697,0.325,0.325,0
1787734731.357,shoulder_lift,-74.769,-75.516,-74.769,0.748,0.748,0
1787734731.357,elbow_flex,55.132,56.659,55.132,-1.528,-1.528,0
1787734731.357,wrist_flex,7.064,6.022,7.064,1.042,1.042,0
1787734731.357,wrist_roll,-3.875,-3.736,-3.875,-0.139,-0.139,0
1787734731.357,gripper,7.749,7.820,7.749,-0.071,-0.071,0
1787734731.406,shoulder_pan,-1.676,-2.022,-1.676,0.346,0.346,0
1787734731.406,shoulder_lift,-74.749,-75.604,-74.749,0.855,0.855,0
1787734731.406,elbow_flex,55.124,56.659,55.124,-1.536,-1.536,0
1787734731.406,wrist_flex,7.369,6.462,7.369,0.907,0.907,0
1787734731.406,wrist_roll,-3.875,-3.736,-3.875,-0.139,-0.139,0
1787734731.406,gripper,7.756,7.820,7.756,-0.064,-0.064,0
1787734731.456,shoulder_pan,-1.628,-2.022,-1.628,0.394,0.394,0
1787734731.456,shoulder_lift,-74.618,-75.077,-74.618,0.459,0.459,0
1787734731.456,elbow_flex,55.269,56.659,55.269,-1.390,-1.390,0
1787734731.456,wrist_flex,7.331,6.989,7.331,0.342,0.342,0
1787734731.456,wrist_roll,-3.883,-3.736,-3.883,-0.147,-0.147,0
1787734731.456,gripper,7.749,7.820,7.749,-0.071,-0.071,0
1787734731.506,shoulder_pan,-1.629,-2.022,-1.629,0.393,0.393,0
1787734731.506,shoulder_lift,-74.714,-74.901,-74.714,0.187,0.187,0
1787734731.506,elbow_flex,55.361,56.747,55.361,-1.386,-1.386,0
1787734731.506,wrist_flex,7.799,7.077,7.799,0.722,0.722,0
1787734731.506,wrist_roll,-3.877,-3.736,-3.877,-0.141,-0.141,0
1787734731.506,gripper,7.764,7.820,7.764,-0.055,-0.055,0
1787734731.556,shoulder_pan,-1.585,-2.022,-1.585,0.437,0.437,0
1787734731.556,shoulder_lift,-74.657,-75.077,-74.657,0.420,0.420,0
1787734731.556,elbow_flex,55.486,56.747,55.486,-1.261,-1.261,0
1787734731.556,wrist_flex,7.730,7.341,7.730,0.389,0.389,0
1787734731.556,wrist_roll,-3.876,-3.736,-3.876,-0.140,-0.140,0
1787734731.556,gripper,7.753,7.820,7.753,-0.067,-0.067,0
1787734731.606,shoulder_pan,-1.574,-2.022,-1.574,0.448,0.448,0
1787734731.606,shoulder_lift,-74.646,-75.077,-74.646,0.431,0.431,0
1787734731.606,elbow_flex,55.624,56.659,55.624,-1.036,-1.036,0
1787734731.606,wrist_flex,8.424,7.516,8.424,0.908,0.908,0
1787734731.606,wrist_roll,-3.941,-3.736,-3.941,-0.205,-0.205,0
1787734731.606,gripper,7.824,7.820,7.824,0.004,0.004,0
1787734731.656,shoulder_pan,-1.555,-2.022,-1.555,0.467,0.467,0
1787734731.656,shoulder_lift,-74.805,-74.813,-74.805,0.008,0.008,0
1787734731.656,elbow_flex,55.777,56.659,55.777,-0.882,-0.882,0
1787734731.656,wrist_flex,8.464,7.956,8.464,0.508,0.508,0
1787734731.656,wrist_roll,-3.912,-3.736,-3.912,-0.176,-0.176,0
1787734731.656,gripper,7.795,7.820,7.795,-0.024,-0.024,0
1787734731.708,shoulder_pan,-1.534,-2.022,-1.534,0.488,0.488,0
1787734731.708,shoulder_lift,-74.736,-74.813,-74.736,0.077,0.077,0
1787734731.708,elbow_flex,56.138,56.747,56.138,-0.609,-0.609,0
1787734731.708,wrist_flex,8.906,8.220,8.906,0.686,0.686,0
1787734731.708,wrist_roll,-3.913,-3.736,-3.913,-0.177,-0.177,0
1787734731.708,gripper,7.793,7.820,7.793,-0.027,-0.027,0
1787734731.757,shoulder_pan,-1.563,-2.022,-1.563,0.459,0.459,0
1787734731.757,shoulder_lift,-74.773,-74.813,-74.773,0.040,0.040,0
1787734731.757,elbow_flex,56.259,56.747,56.259,-0.488,-0.488,0
1787734731.757,wrist_flex,8.717,8.571,8.717,0.145,0.145,0
1787734731.757,wrist_roll,-3.903,-3.736,-3.903,-0.166,-0.166,0
1787734731.757,gripper,7.792,7.820,7.792,-0.028,-0.028,0
1787734731.807,shoulder_pan,-1.593,-2.022,-1.593,0.429,0.429,0
1787734731.807,shoulder_lift,-74.929,-74.813,-74.929,-0.116,-0.116,0
1787734731.807,elbow_flex,56.430,56.747,56.430,-0.317,-0.317,0
1787734731.807,wrist_flex,8.357,8.659,8.357,-0.302,-0.302,0
1787734731.807,wrist_roll,-3.894,-3.736,-3.894,-0.158,-0.158,0
1787734731.807,gripper,7.751,7.820,7.751,-0.069,-0.069,0
1787734731.857,shoulder_pan,-3.233,-2.022,-3.233,-1.211,-1.211,0
1787734731.857,shoulder_lift,-73.678,-74.813,-73.678,1.135,1.135,0
1787734731.857,elbow_flex,56.003,56.747,56.003,-0.744,-0.744,0
1787734731.857,wrist_flex,3.446,8.659,3.446,-5.213,-5.213,0
1787734731.857,wrist_roll,-4.263,-3.736,-4.263,-0.527,-0.527,0
1787734731.857,gripper,7.649,7.820,7.649,-0.171,-0.171,0
1787734731.907,shoulder_pan,-3.688,-2.110,-3.688,-1.578,-1.578,0
1787734731.907,shoulder_lift,-72.817,-74.813,-72.817,1.997,1.997,0
1787734731.907,elbow_flex,56.403,56.747,56.403,-0.344,-0.344,0
1787734731.907,wrist_flex,1.163,8.484,1.163,-7.321,-7.321,0
1787734731.907,wrist_roll,-4.222,-3.824,-4.222,-0.398,-0.398,0
1787734731.907,gripper,7.303,7.820,7.303,-0.517,-0.517,0
1787734731.956,shoulder_pan,-3.890,-2.901,-3.890,-0.989,-0.989,0
1787734731.956,shoulder_lift,-72.110,-73.846,-72.110,1.736,1.736,0
1787734731.956,elbow_flex,56.742,56.747,56.742,-0.005,-0.005,0
1787734731.956,wrist_flex,-0.065,5.670,-0.065,-5.735,-5.735,0
1787734731.956,wrist_roll,-4.186,-4.000,-4.186,-0.186,-0.186,0
1787734731.956,gripper,7.124,7.753,7.124,-0.630,-0.630,0
1787734732.009,shoulder_pan,-4.097,-3.516,-4.097,-0.580,-0.580,0
1787734732.009,shoulder_lift,-71.422,-73.055,-71.422,1.633,1.633,0
1787734732.009,elbow_flex,57.286,56.923,57.286,0.363,0.363,0
1787734732.009,wrist_flex,-1.804,2.945,-1.804,-4.749,-4.749,0
1787734732.009,wrist_roll,-4.170,-4.000,-4.170,-0.170,-0.170,0
1787734732.009,gripper,6.924,7.422,6.924,-0.498,-0.498,0
1787734732.057,shoulder_pan,-4.163,-3.604,-4.163,-0.558,-0.558,0
1787734732.057,shoulder_lift,-70.852,-72.440,-70.852,1.587,1.587,0
1787734732.057,elbow_flex,57.713,57.099,57.713,0.614,0.614,0
1787734732.057,wrist_flex,-3.777,1.363,-3.777,-5.140,-5.140,0
1787734732.057,wrist_roll,-4.156,-4.088,-4.156,-0.068,-0.068,0
1787734732.057,gripper,6.734,7.290,6.734,-0.555,-0.555,0
1787734732.107,shoulder_pan,-4.071,-3.868,-4.071,-0.203,-0.203,0
1787734732.107,shoulder_lift,-70.715,-71.736,-70.715,1.022,1.022,0
1787734732.107,elbow_flex,57.918,57.538,57.918,0.379,0.379,0
1787734732.107,wrist_flex,-5.618,-0.484,-5.618,-5.134,-5.134,0
1787734732.107,wrist_roll,-4.132,-4.088,-4.132,-0.044,-0.044,0
1787734732.107,gripper,6.603,7.025,6.603,-0.422,-0.422,0
1787734732.157,shoulder_pan,-3.862,-3.956,-3.862,0.094,0.094,0
1787734732.157,shoulder_lift,-70.315,-71.121,-70.315,0.806,0.806,0
1787734732.157,elbow_flex,58.520,58.154,58.520,0.366,0.366,0
1787734732.157,wrist_flex,-7.497,-2.505,-7.497,-4.991,-4.991,0
1787734732.157,wrist_roll,-4.085,-4.088,-4.085,0.002,0.002,0
1787734732.157,gripper,6.453,6.958,6.453,-0.506,-0.506,0
1787734732.207,shoulder_pan,-3.522,-3.956,-3.522,0.434,0.434,0
1787734732.207,shoulder_lift,-70.150,-70.857,-70.150,0.707,0.707,0
1787734732.207,elbow_flex,58.971,58.330,58.971,0.641,0.641,0
1787734732.207,wrist_flex,-9.394,-4.264,-9.394,-5.130,-5.130,0
1787734732.207,wrist_roll,-4.026,-4.088,-4.026,0.062,0.062,0
1787734732.207,gripper,6.307,6.892,6.307,-0.585,-0.585,0
1787734732.257,shoulder_pan,-3.316,-3.956,-3.316,0.640,0.640,0
1787734732.257,shoulder_lift,-70.173,-70.593,-70.173,0.420,0.420,0
1787734732.257,elbow_flex,59.362,59.033,59.362,0.329,0.329,0
1787734732.257,wrist_flex,-10.908,-6.286,-10.908,-4.623,-4.623,0
1787734732.257,wrist_roll,-3.998,-4.000,-3.998,0.002,0.002,0
1787734732.257,gripper,6.215,6.627,6.215,-0.412,-0.412,0
1787734732.307,shoulder_pan,-3.252,-3.868,-3.252,0.616,0.616,0
1787734732.307,shoulder_lift,-70.202,-70.330,-70.202,0.127,0.127,0
1787734732.307,elbow_flex,59.912,59.736,59.912,0.175,0.175,0
1787734732.307,wrist_flex,-12.463,-7.956,-12.463,-4.507,-4.507,0
1787734732.307,wrist_roll,-3.847,-3.912,-3.847,0.065,0.065,0
1787734732.307,gripper,6.068,6.561,6.068,-0.493,-0.493,0
1787734732.357,shoulder_pan,-3.380,-3.692,-3.380,0.312,0.312,0
1787734732.357,shoulder_lift,-70.120,-70.330,-70.120,0.210,0.210,0
1787734732.357,elbow_flex,60.587,60.000,60.587,0.587,0.587,0
1787734732.357,wrist_flex,-13.579,-9.626,-13.579,-3.953,-3.953,0
1787734732.357,wrist_roll,-3.800,-4.000,-3.800,0.200,0.200,0
1787734732.357,gripper,5.941,6.362,5.941,-0.420,-0.420,0
1787734732.407,shoulder_pan,-3.593,-3.516,-3.593,-0.077,-0.077,0
1787734732.407,shoulder_lift,-70.005,-70.593,-70.005,0.588,0.588,0
1787734732.407,elbow_flex,61.075,60.615,61.075,0.460,0.460,0
1787734732.407,wrist_flex,-15.614,-11.297,-15.614,-4.317,-4.317,0
1787734732.407,wrist_roll,-3.571,-3.824,-3.571,0.253,0.253,0
1787734732.407,gripper,5.766,6.163,5.766,-0.397,-0.397,0
1787734732.457,shoulder_pan,-3.952,-3.516,-3.952,-0.435,-0.435,0
1787734732.457,shoulder_lift,-70.021,-70.330,-70.021,0.309,0.309,0
1787734732.457,elbow_flex,61.614,61.055,61.614,0.559,0.559,0
1787734732.457,wrist_flex,-16.553,-12.527,-16.553,-4.025,-4.025,0
1787734732.457,wrist_roll,-3.400,-3.824,-3.400,0.425,0.425,0
1787734732.457,gripper,5.633,6.097,5.633,-0.464,-0.464,0
1787734732.507,shoulder_pan,-4.406,-3.516,-4.406,-0.890,-0.890,0
1787734732.507,shoulder_lift,-69.835,-70.242,-69.835,0.406,0.406,0
1787734732.507,elbow_flex,62.217,61.582,62.217,0.634,0.634,0
1787734732.507,wrist_flex,-18.504,-14.286,-18.504,-4.218,-4.218,0
1787734732.507,wrist_roll,-3.132,-3.824,-3.132,0.692,0.692,0
1787734732.507,gripper,5.433,5.898,5.433,-0.465,-0.465,0
1787734732.557,shoulder_pan,-5.299,-3.868,-5.299,-1.431,-1.431,0
1787734732.557,shoulder_lift,-69.670,-70.242,-69.670,0.572,0.572,0
1787734732.557,elbow_flex,63.246,62.110,63.246,1.136,1.136,0
1787734732.557,wrist_flex,-20.929,-15.516,-20.929,-5.413,-5.413,0
1787734732.557,wrist_roll,-2.525,-3.648,-2.525,1.123,1.123,0
1787734732.557,gripper,5.079,5.699,5.079,-0.621,-0.621,0
1787734732.607,shoulder_pan,-5.617,-4.396,-5.617,-1.221,-1.221,0
1787734732.607,shoulder_lift,-69.710,-69.890,-69.710,0.180,0.180,0
1787734732.607,elbow_flex,63.549,62.725,63.549,0.824,0.824,0
1787734732.607,wrist_flex,-22.700,-17.538,-22.700,-5.161,-5.161,0
1787734732.607,wrist_roll,-2.180,-3.297,-2.180,1.116,1.116,0
1787734732.607,gripper,4.980,5.567,4.980,-0.587,-0.587,0
1787734732.657,shoulder_pan,-5.957,-5.011,-5.957,-0.946,-0.946,0
1787734732.657,shoulder_lift,-69.668,-69.802,-69.668,0.135,0.135,0
1787734732.657,elbow_flex,64.039,63.253,64.039,0.786,0.786,0
1787734732.657,wrist_flex,-23.677,-19.560,-23.677,-4.116,-4.116,0
1787734732.657,wrist_roll,-1.993,-2.857,-1.993,0.864,0.864,0
1787734732.657,gripper,4.897,5.302,4.897,-0.404,-0.404,0
1787734732.708,shoulder_pan,-6.157,-5.363,-6.157,-0.795,-0.795,0
1787734732.708,shoulder_lift,-69.624,-70.154,-69.624,0.530,0.530,0
1787734732.708,elbow_flex,64.361,63.692,64.361,0.669,0.669,0
1787734732.708,wrist_flex,-24.839,-21.319,-24.839,-3.520,-3.520,0
1787734732.708,wrist_roll,-1.783,-2.505,-1.783,0.722,0.722,0
1787734732.708,gripper,4.843,5.235,4.843,-0.392,-0.392,0
1787734732.757,shoulder_pan,-6.431,-5.802,-6.431,-0.629,-0.629,0
1787734732.757,shoulder_lift,-69.613,-69.978,-69.613,0.365,0.365,0
1787734732.757,elbow_flex,64.567,64.044,64.567,0.523,0.523,0
1787734732.757,wrist_flex,-25.813,-22.637,-25.813,-3.176,-3.176,0
1787734732.757,wrist_roll,-1.711,-2.242,-1.711,0.531,0.531,0
1787734732.757,gripper,4.808,5.103,4.808,-0.295,-0.295,0
1787734732.808,shoulder_pan,-5.027,-5.978,-5.027,0.951,0.951,0
1787734732.808,shoulder_lift,-67.410,-69.802,-67.410,2.392,2.392,0
1787734732.808,elbow_flex,64.155,64.396,64.155,-0.241,-0.241,0
1787734732.808,wrist_flex,-20.471,-23.780,-20.471,3.309,3.309,0
1787734732.808,wrist_roll,-1.629,-2.066,-1.629,0.437,0.437,0
1787734732.808,gripper,4.710,5.103,4.710,-0.393,-0.393,0
1787734732.858,shoulder_pan,-4.915,-6.154,-4.915,1.239,1.239,0
1787734732.858,shoulder_lift,-66.330,-69.802,-66.330,3.472,3.472,0
1787734732.858,elbow_flex,64.069,64.396,64.069,-0.326,-0.326,0
1787734732.858,wrist_flex,-19.313,-24.308,-19.313,4.995,4.995,0
1787734732.858,wrist_roll,-1.914,-2.066,-1.914,0.152,0.152,0
1787734732.858,gripper,4.930,5.103,4.930,-0.173,-0.173,0
1787734732.908,shoulder_pan,-4.641,-5.538,-4.641,0.898,0.898,0
1787734732.908,shoulder_lift,-65.268,-68.484,-65.268,3.216,3.216,0
1787734732.908,elbow_flex,64.178,64.220,64.178,-0.042,-0.042,0
1787734732.908,wrist_flex,-17.827,-22.374,-17.827,4.547,4.547,0
1787734732.908,wrist_roll,-2.270,-2.066,-2.270,-0.204,-0.204,0
1787734732.908,gripper,5.265,5.036,5.265,0.229,0.229,0
1787734732.958,shoulder_pan,-4.473,-5.011,-4.473,0.538,0.538,0
1787734732.958,shoulder_lift,-64.439,-66.725,-64.439,2.286,2.286,0
1787734732.958,elbow_flex,64.245,64.484,64.245,-0.239,-0.239,0
1787734732.958,wrist_flex,-16.791,-20.088,-16.791,3.297,3.297,0
1787734732.958,wrist_roll,-2.574,-2.242,-2.574,-0.332,-0.332,0
1787734732.958,gripper,5.616,5.036,5.616,0.579,0.579,0
1787734733.008,shoulder_pan,-4.134,-4.923,-4.134,0.789,0.789,0
1787734733.008,shoulder_lift,-64.209,-65.670,-64.209,1.461,1.461,0
1787734733.008,elbow_flex,64.171,64.484,64.171,-0.313,-0.313,0
1787734733.008,wrist_flex,-15.533,-18.505,-15.533,2.973,2.973,0
1787734733.008,wrist_roll,-2.945,-2.330,-2.945,-0.615,-0.615,0
1787734733.008,gripper,6.067,5.036,6.067,1.031,1.031,0
1787734733.058,shoulder_pan,-3.923,-4.835,-3.923,0.912,0.912,0
1787734733.058,shoulder_lift,-63.962,-65.143,-63.962,1.181,1.181,0
1787734733.058,elbow_flex,64.314,64.396,64.314,-0.082,-0.082,0
1787734733.058,wrist_flex,-14.233,-17.275,-14.233,3.042,3.042,0
1787734733.058,wrist_roll,-3.329,-2.418,-3.329,-0.911,-0.911,0
1787734733.058,gripper,6.578,5.368,6.578,1.211,1.211,0
1787734733.108,shoulder_pan,-3.765,-4.571,-3.765,0.806,0.806,0
1787734733.108,shoulder_lift,-63.933,-64.352,-63.933,0.418,0.418,0
1787734733.108,elbow_flex,64.388,64.484,64.388,-0.096,-0.096,0
1787734733.108,wrist_flex,-13.372,-15.956,-13.372,2.584,2.584,0
1787734733.108,wrist_roll,-3.623,-2.945,-3.623,-0.678,-0.678,0
1787734733.108,gripper,7.089,5.832,7.089,1.257,1.257,0
1787734733.158,shoulder_pan,-3.474,-4.132,-3.474,0.657,0.657,0
1787734733.158,shoulder_lift,-63.844,-64.176,-63.844,0.331,0.331,0
1787734733.158,elbow_flex,64.376,64.571,64.376,-0.196,-0.196,0
1787734733.158,wrist_flex,-13.040,-14.637,-13.040,1.597,1.597,0
1787734733.158,wrist_roll,-3.877,-3.121,-3.877,-0.756,-0.756,0
1787734733.158,gripper,7.356,6.296,7.356,1.061,1.061,0
1787734733.208,shoulder_pan,-3.108,-4.132,-3.108,1.023,1.023,0
1787734733.208,shoulder_lift,-63.760,-64.264,-63.760,0.504,0.504,0
1787734733.208,elbow_flex,64.718,64.484,64.718,0.235,0.235,0
1787734733.208,wrist_flex,-12.859,-13.846,-12.859,0.987,0.987,0
1787734733.208,wrist_roll,-4.075,-3.473,-4.075,-0.603,-0.603,0
1787734733.208,gripper,7.720,6.693,7.720,1.027,1.027,0
1787734733.258,shoulder_pan,-2.807,-3.780,-2.807,0.973,0.973,0
1787734733.258,shoulder_lift,-63.463,-64.000,-63.463,0.537,0.537,0
1787734733.258,elbow_flex,64.903,64.659,64.903,0.244,0.244,0
1787734733.258,wrist_flex,-12.808,-13.231,-12.808,0.423,0.423,0
1787734733.258,wrist_roll,-4.276,-3.736,-4.276,-0.540,-0.540,0
1787734733.258,gripper,8.022,7.091,8.022,0.931,0.931,0
1787734733.309,shoulder_pan,-2.511,-3.253,-2.511,0.741,0.741,0
1787734733.309,shoulder_lift,-62.694,-63.736,-62.694,1.042,1.042,0
1787734733.309,elbow_flex,64.997,64.923,64.997,0.074,0.074,0
1787734733.309,wrist_flex,-12.799,-13.055,-12.799,0.256,0.256,0
1787734733.309,wrist_roll,-4.383,-3.912,-4.383,-0.471,-0.471,0
1787734733.309,gripper,8.296,7.488,8.296,0.807,0.807,0
1787734733.361,shoulder_pan,-2.381,-3.165,-2.381,0.784,0.784,0
1787734733.361,shoulder_lift,-61.363,-63.385,-61.363,2.022,2.022,0
1787734733.361,elbow_flex,64.701,65.099,64.701,-0.398,-0.398,0
1787734733.361,wrist_flex,-12.602,-13.055,-12.602,0.453,0.453,0
1787734733.361,wrist_roll,-4.502,-3.912,-4.502,-0.590,-0.590,0
1787734733.361,gripper,8.569,7.753,8.569,0.816,0.816,0
1787734733.408,shoulder_pan,-2.269,-3.165,-2.269,0.896,0.896,0
1787734733.408,shoulder_lift,-60.084,-62.769,-60.084,2.685,2.685,0
1787734733.408,elbow_flex,64.526,65.187,64.526,-0.660,-0.660,0
1787734733.408,wrist_flex,-12.858,-13.055,-12.858,0.197,0.197,0
1787734733.408,wrist_roll,-4.546,-3.912,-4.546,-0.634,-0.634,0
1787734733.408,gripper,8.664,8.085,8.664,0.579,0.579,0
1787734733.459,shoulder_pan,-2.167,-2.813,-2.167,0.646,0.646,0
1787734733.459,shoulder_lift,-58.292,-61.626,-58.292,3.334,3.334,0
1787734733.459,elbow_flex,64.292,65.187,64.292,-0.895,-0.895,0
1787734733.459,wrist_flex,-13.111,-12.967,-13.111,-0.144,-0.144,0
1787734733.459,wrist_roll,-4.622,-4.264,-4.622,-0.359,-0.359,0
1787734733.459,gripper,8.728,8.284,8.728,0.445,0.445,0
1787734733.509,shoulder_pan,-2.133,-2.549,-2.133,0.416,0.416,0
1787734733.509,shoulder_lift,-56.446,-60.308,-56.446,3.862,3.862,0
1787734733.509,elbow_flex,64.138,65.187,64.138,-1.048,-1.048,0
1787734733.509,wrist_flex,-13.486,-12.967,-13.486,-0.519,-0.519,0
1787734733.509,wrist_roll,-4.691,-4.352,-4.691,-0.340,-0.340,0
1787734733.509,gripper,8.743,8.350,8.743,0.393,0.393,0
1787734733.561,shoulder_pan,-2.105,-2.549,-2.105,0.444,0.444,0
1787734733.561,shoulder_lift,-50.606,-58.725,-50.606,8.119,8.119,0
1787734733.561,elbow_flex,63.828,65.187,63.828,-1.359,-1.359,0
1787734733.561,wrist_flex,-14.599,-12.967,-14.599,-1.632,-1.632,0
1787734733.561,wrist_roll,-4.588,-4.352,-4.588,-0.237,-0.237,0
1787734733.561,gripper,8.497,8.350,8.497,0.147,0.147,0
1787734733.609,shoulder_pan,-2.111,-2.549,-2.111,0.438,0.438,0
1787734733.609,shoulder_lift,-47.924,-57.143,-47.924,9.218,9.218,0
1787734733.609,elbow_flex,63.722,65.187,63.722,-1.465,-1.465,0
1787734733.609,wrist_flex,-15.283,-13.055,-15.283,-2.228,-2.228,0
1787734733.609,wrist_roll,-4.565,-4.352,-4.565,-0.214,-0.214,0
1787734733.609,gripper,8.415,8.350,8.415,0.065,0.065,0
1787734733.659,shoulder_pan,-2.091,-2.549,-2.091,0.458,0.458,0
1787734733.659,shoulder_lift,-45.434,-54.066,-45.434,8.632,8.632,0
1787734733.659,elbow_flex,63.667,65.099,63.667,-1.432,-1.432,0
1787734733.659,wrist_flex,-15.705,-13.934,-15.705,-1.771,-1.771,0
1787734733.659,wrist_roll,-4.557,-4.352,-4.557,-0.206,-0.206,0
1787734733.659,gripper,8.243,8.416,8.243,-0.173,-0.173,0
1787734733.709,shoulder_pan,-2.090,-2.198,-2.090,0.108,0.108,0
1787734733.709,shoulder_lift,-43.898,-50.374,-43.898,6.475,6.475,0
1787734733.709,elbow_flex,63.611,65.187,63.611,-1.576,-1.576,0
1787734733.709,wrist_flex,-16.339,-14.549,-16.339,-1.790,-1.790,0
1787734733.709,wrist_roll,-4.514,-4.440,-4.514,-0.074,-0.074,0
1787734733.709,gripper,8.114,8.482,8.114,-0.369,-0.369,0
1787734733.759,shoulder_pan,-3.913,-2.198,-3.913,-1.715,-1.715,0
1787734733.759,shoulder_lift,-45.367,-46.945,-45.367,1.578,1.578,0
1787734733.759,elbow_flex,61.163,65.187,61.163,-4.024,-4.024,0
1787734733.759,wrist_flex,-7.889,-14.989,-7.889,7.100,7.100,0
1787734733.759,wrist_roll,-4.014,-4.527,-4.014,0.513,0.513,0
1787734733.759,gripper,8.330,8.549,8.330,-0.219,-0.219,0
1787734733.809,shoulder_pan,-4.017,-2.813,-4.017,-1.203,-1.203,0
1787734733.809,shoulder_lift,-45.400,-45.451,-45.400,0.051,0.051,0
1787734733.809,elbow_flex,61.294,65.187,61.294,-3.893,-3.893,0
1787734733.809,wrist_flex,-7.613,-14.989,-7.613,7.376,7.376,0
1787734733.809,wrist_roll,-3.885,-4.264,-3.885,0.378,0.378,0
1787734733.809,gripper,8.257,8.217,8.257,0.040,0.040,0
1787734733.859,shoulder_pan,-4.152,-3.165,-4.152,-0.987,-0.987,0
1787734733.859,shoulder_lift,-46.281,-45.538,-46.281,-0.743,-0.743,0
1787734733.859,elbow_flex,61.577,64.220,61.577,-2.643,-2.643,0
1787734733.859,wrist_flex,-6.600,-12.440,-6.600,5.840,5.840,0
1787734733.859,wrist_roll,-3.752,-4.440,-3.752,0.687,0.687,0
1787734733.859,gripper,8.205,8.416,8.205,-0.211,-0.211,0
1787734733.909,shoulder_pan,-4.401,-3.868,-4.401,-0.533,-0.533,0
1787734733.909,shoulder_lift,-46.327,-45.538,-46.327,-0.789,-0.789,0
1787734733.909,elbow_flex,61.545,63.956,61.545,-2.411,-2.411,0
1787734733.909,wrist_flex,-5.722,-9.187,-5.722,3.465,3.465,0
1787734733.909,wrist_roll,-3.715,-4.000,-3.715,0.285,0.285,0
1787734733.909,gripper,8.203,8.416,8.203,-0.214,-0.214,0
1787734733.959,shoulder_pan,-4.403,-3.956,-4.403,-0.447,-0.447,0
1787734733.959,shoulder_lift,-46.083,-45.538,-46.083,-0.545,-0.545,0
1787734733.959,elbow_flex,61.525,63.956,61.525,-2.431,-2.431,0
1787734733.959,wrist_flex,-5.003,-7.516,-5.003,2.513,2.513,0
1787734733.959,wrist_roll,-3.592,-4.000,-3.592,0.408,0.408,0
1787734733.959,gripper,8.185,8.416,8.185,-0.231,-0.231,0
1787734734.011,shoulder_pan,-4.416,-3.868,-4.416,-0.548,-0.548,0
1787734734.011,shoulder_lift,-45.919,-45.538,-45.919,-0.380,-0.380,0
1787734734.011,elbow_flex,61.759,63.868,61.759,-2.109,-2.109,0
1787734734.011,wrist_flex,-4.453,-6.286,-4.453,1.833,1.833,0
1787734734.011,wrist_roll,-3.528,-4.176,-3.528,0.648,0.648,0
1787734734.011,gripper,8.116,8.416,8.116,-0.301,-0.301,0
1787734734.061,shoulder_pan,-4.430,-4.220,-4.430,-0.210,-0.210,0
1787734734.061,shoulder_lift,-45.731,-45.538,-45.731,-0.193,-0.193,0
1787734734.061,elbow_flex,61.877,63.868,61.877,-1.991,-1.991,0
1787734734.061,wrist_flex,-4.432,-5.319,-4.432,0.887,0.887,0
1787734734.061,wrist_roll,-3.476,-3.648,-3.476,0.173,0.173,0
1787734734.061,gripper,8.090,8.217,8.090,-0.128,-0.128,0
1787734734.111,shoulder_pan,-4.460,-4.044,-4.460,-0.416,-0.416,0
1787734734.111,shoulder_lift,-45.609,-45.538,-45.609,-0.070,-0.070,0
1787734734.111,elbow_flex,61.887,63.868,61.887,-1.981,-1.981,0
1787734734.111,wrist_flex,-3.998,-4.791,-3.998,0.793,0.793,0
1787734734.111,wrist_roll,-3.437,-3.912,-3.437,0.475,0.475,0
1787734734.111,gripper,8.041,8.416,8.041,-0.375,-0.375,0
1787734734.161,shoulder_pan,-4.447,-3.956,-4.447,-0.491,-0.491,0
1787734734.161,shoulder_lift,-45.558,-45.538,-45.558,-0.020,-0.020,0
1787734734.161,elbow_flex,61.953,63.868,61.953,-1.915,-1.915,0
1787734734.161,wrist_flex,-3.858,-4.527,-3.858,0.669,0.669,0
1787734734.161,wrist_roll,-3.401,-3.824,-3.401,0.423,0.423,0
1787734734.161,gripper,8.013,8.284,8.013,-0.270,-0.270,0
1787734734.211,shoulder_pan,-4.439,-4.132,-4.439,-0.307,-0.307,0
1787734734.211,shoulder_lift,-45.642,-45.451,-45.642,-0.191,-0.191,0
1787734734.211,elbow_flex,61.989,63.868,61.989,-1.880,-1.880,0
1787734734.211,wrist_flex,-3.657,-4.176,-3.657,0.519,0.519,0
1787734734.211,wrist_roll,-3.329,-3.648,-3.329,0.319,0.319,0
1787734734.211,gripper,8.025,8.217,8.025,-0.192,-0.192,0
1787734734.261,shoulder_pan,-4.345,-4.220,-4.345,-0.125,-0.125,0
1787734734.261,shoulder_lift,-45.935,-45.451,-45.935,-0.485,-0.485,0
1787734734.261,elbow_flex,62.205,63.868,62.205,-1.663,-1.663,0
1787734734.261,wrist_flex,-3.805,-4.000,-3.805,0.195,0.195,0
1787734734.261,wrist_roll,-3.283,-3.824,-3.283,0.541,0.541,0
1787734734.261,gripper,7.955,8.151,7.955,-0.196,-0.196,0
1787734734.311,shoulder_pan,-4.366,-4.220,-4.366,-0.146,-0.146,0
1787734734.311,shoulder_lift,-45.892,-45.451,-45.892,-0.441,-0.441,0
1787734734.311,elbow_flex,62.084,63.868,62.084,-1.785,-1.785,0
1787734734.311,wrist_flex,-3.284,-3.912,-3.284,0.628,0.628,0
1787734734.311,wrist_roll,-3.277,-3.736,-3.277,0.460,0.460,0
1787734734.311,gripper,7.943,8.151,7.943,-0.208,-0.208,0
1787734734.361,shoulder_pan,-4.459,-4.220,-4.459,-0.240,-0.240,0
1787734734.361,shoulder_lift,-45.930,-45.451,-45.930,-0.479,-0.479,0
1787734734.361,elbow_flex,62.282,63.868,62.282,-1.586,-1.586,0
1787734734.361,wrist_flex,-3.445,-3.648,-3.445,0.203,0.203,0
1787734734.361,wrist_roll,-3.251,-3.824,-3.251,0.574,0.574,0
1787734734.361,gripper,7.892,8.151,7.892,-0.259,-0.259,0
1787734734.411,shoulder_pan,-4.453,-4.220,-4.453,-0.233,-0.233,0
1787734734.411,shoulder_lift,-46.125,-45.451,-46.125,-0.674,-0.674,0
1787734734.411,elbow_flex,62.260,63.868,62.260,-1.608,-1.608,0
1787734734.411,wrist_flex,-3.242,-3.560,-3.242,0.318,0.318,0
1787734734.411,wrist_roll,-3.275,-3.824,-3.275,0.549,0.549,0
1787734734.411,gripper,7.868,8.151,7.868,-0.283,-0.283,0
1787734734.461,shoulder_pan,-4.415,-4.220,-4.415,-0.195,-0.195,0
1787734734.461,shoulder_lift,-46.459,-45.451,-46.459,-1.009,-1.009,0
1787734734.461,elbow_flex,62.131,63.868,62.131,-1.737,-1.737,0
1787734734.461,wrist_flex,-2.971,-3.473,-2.971,0.502,0.502,0
1787734734.461,wrist_roll,-3.248,-3.824,-3.248,0.576,0.576,0
1787734734.461,gripper,7.878,8.151,7.878,-0.274,-0.274,0
1787734734.511,shoulder_pan,-4.517,-4.220,-4.517,-0.297,-0.297,0
1787734734.511,shoulder_lift,-46.564,-45.451,-46.564,-1.113,-1.113,0
1787734734.511,elbow_flex,62.159,63.868,62.159,-1.709,-1.709,0
1787734734.511,wrist_flex,-2.697,-3.209,-2.697,0.511,0.511,0
1787734734.511,wrist_roll,-3.304,-3.824,-3.304,0.520,0.520,0
1787734734.511,gripper,7.868,8.151,7.868,-0.283,-0.283,0
1787734734.561,shoulder_pan,-4.512,-4.220,-4.512,-0.292,-0.292,0
1787734734.561,shoulder_lift,-47.005,-45.451,-47.005,-1.555,-1.555,0
1787734734.561,elbow_flex,62.180,63.868,62.180,-1.689,-1.689,0
1787734734.561,wrist_flex,-2.428,-3.033,-2.428,0.605,0.605,0
1787734734.561,wrist_roll,-3.294,-3.824,-3.294,0.530,0.530,0
1787734734.561,gripper,7.827,8.151,7.827,-0.324,-0.324,0
1787734734.611,shoulder_pan,-4.444,-4.220,-4.444,-0.224,-0.224,0
1787734734.611,shoulder_lift,-47.350,-45.538,-47.350,-1.811,-1.811,0
1787734734.611,elbow_flex,62.129,63.868,62.129,-1.739,-1.739,0
1787734734.611,wrist_flex,-2.234,-2.769,-2.234,0.535,0.535,0
1787734734.611,wrist_roll,-3.322,-3.824,-3.322,0.502,0.502,0
1787734734.611,gripper,7.838,8.151,7.838,-0.313,-0.313,0
1787734734.662,shoulder_pan,-4.458,-4.220,-4.458,-0.238,-0.238,0
1787734734.662,shoulder_lift,-47.360,-45.626,-47.360,-1.733,-1.733,0
1787734734.662,elbow_flex,62.244,63.868,62.244,-1.625,-1.625,0
1787734734.662,wrist_flex,-1.864,-2.505,-1.864,0.642,0.642,0
1787734734.662,wrist_roll,-3.304,-3.824,-3.304,0.520,0.520,0
1787734734.662,gripper,7.832,8.151,7.832,-0.319,-0.319,0
1787735101.220,shoulder_pan,-3.164,-4.220,-3.164,1.056,1.056,0
1787735101.220,shoulder_lift,-97.579,-103.736,-97.579,6.157,6.157,0
1787735101.220,elbow_flex,45.508,96.923,56.923,-51.415,-40.000,1
1787735101.220,wrist_flex,72.964,-84.176,-44.176,157.140,40.000,1
1787735101.220,wrist_roll,-9.296,-3.473,-9.296,-5.824,-5.824,0
1787735101.220,gripper,6.349,1.856,6.349,4.493,4.493,0
1787735101.270,shoulder_pan,-3.134,-4.220,-3.134,1.086,1.086,0
1787735101.270,shoulder_lift,-97.488,-103.824,-97.488,6.336,6.336,0
1787735101.270,elbow_flex,45.416,96.835,56.835,-51.419,-40.000,1
1787735101.270,wrist_flex,73.467,-84.000,-44.000,157.467,40.000,1
1787735101.270,wrist_roll,-9.263,-3.648,-9.263,-5.615,-5.615,0
1787735101.270,gripper,6.334,1.988,6.334,4.346,4.346,0
1787735101.320,shoulder_pan,-3.121,-3.516,-3.121,0.396,0.396,0
1787735101.320,shoulder_lift,-97.727,-101.451,-97.727,3.723,3.723,0
1787735101.320,elbow_flex,45.509,94.462,54.462,-48.952,-40.000,1
1787735101.320,wrist_flex,73.176,-80.835,-40.835,154.012,40.000,1
1787735101.320,wrist_roll,-9.270,-6.286,-9.270,-2.984,-2.984,0
1787735101.320,gripper,6.332,3.910,6.332,2.422,2.422,0
1787735101.372,shoulder_pan,-3.122,-3.516,-3.122,0.395,0.395,0
1787735101.372,shoulder_lift,-97.738,-99.253,-97.738,1.515,1.515,0
1787735101.372,elbow_flex,45.478,87.516,47.516,-42.039,-40.000,1
1787735101.372,wrist_flex,73.733,-72.747,-32.747,146.480,40.000,1
1787735101.372,wrist_roll,-9.268,-7.780,-9.268,-1.488,-1.488,0
1787735101.372,gripper,6.305,5.103,6.305,1.203,1.203,0
1787735101.420,shoulder_pan,-3.172,-3.429,-3.172,0.256,0.256,0
1787735101.420,shoulder_lift,-97.719,-98.901,-97.719,1.182,1.182,0
1787735101.420,elbow_flex,45.220,77.495,45.220,-32.275,-32.275,0
1787735101.420,wrist_flex,74.289,-62.022,-22.022,136.311,40.000,1
1787735101.420,wrist_roll,-9.312,-8.396,-9.312,-0.916,-0.916,0
1787735101.420,gripper,6.320,5.567,6.320,0.754,0.754,0
1787735101.471,shoulder_pan,-3.129,-3.429,-3.129,0.300,0.300,0
1787735101.471,shoulder_lift,-97.591,-98.813,-97.591,1.222,1.222,0
1787735101.471,elbow_flex,45.330,65.451,45.330,-20.121,-20.121,0
1787735101.471,wrist_flex,74.118,-50.066,-10.066,124.184,40.000,1
1787735101.471,wrist_roll,-9.316,-8.835,-9.316,-0.481,-0.481,0
1787735101.471,gripper,6.309,5.765,6.309,0.544,0.544,0
1787735101.520,shoulder_pan,-3.137,-3.604,-3.137,0.468,0.468,0
1787735101.520,shoulder_lift,-97.698,-98.813,-97.698,1.115,1.115,0
1787735101.520,elbow_flex,45.298,55.692,45.298,-10.394,-10.394,0
1787735101.520,wrist_flex,74.441,-38.110,1.890,112.551,40.000,1
1787735101.520,wrist_roll,-9.314,-9.011,-9.314,-0.303,-0.303,0
1787735101.520,gripper,6.297,5.964,6.297,0.333,0.333,0
1787735101.571,shoulder_pan,-3.158,-3.429,-3.158,0.271,0.271,0
1787735101.571,shoulder_lift,-97.601,-98.901,-97.601,1.300,1.300,0
1787735101.571,elbow_flex,45.256,49.802,45.256,-4.547,-4.547,0
1787735101.571,wrist_flex,73.733,-25.802,14.198,99.535,40.000,1
1787735101.571,wrist_roll,-9.287,-9.099,-9.287,-0.188,-0.188,0
1787735101.571,gripper,6.303,5.964,6.303,0.338,0.338,0
1787735101.621,shoulder_pan,-3.112,-3.429,-3.112,0.316,0.316,0
1787735101.621,shoulder_lift,-97.844,-98.901,-97.844,1.057,1.057,0
1787735101.621,elbow_flex,45.113,47.956,45.113,-2.843,-2.843,0
1787735101.621,wrist_flex,73.807,-13.670,26.330,87.477,40.000,1
1787735101.621,wrist_roll,-9.337,-9.099,-9.337,-0.238,-0.238,0
1787735101.621,gripper,6.303,5.964,6.303,0.339,0.339,0
1787735101.671,shoulder_pan,-3.141,-3.341,-3.141,0.200,0.200,0
1787735101.671,shoulder_lift,-97.527,-98.462,-97.527,0.935,0.935,0
1787735101.671,elbow_flex,45.283,47.692,45.283,-2.410,-2.410,0
1787735101.671,wrist_flex,74.184,-1.099,38.901,75.283,40.000,1
1787735101.671,wrist_roll,-9.287,-9.099,-9.287,-0.188,-0.188,0
1787735101.671,gripper,6.281,5.964,6.281,0.316,0.316,0
1787735101.721,shoulder_pan,-3.152,-3.341,-3.152,0.188,0.188,0
1787735101.721,shoulder_lift,-97.634,-98.637,-97.634,1.003,1.003,0
1787735101.721,elbow_flex,44.934,47.341,44.934,-2.406,-2.406,0
1787735101.721,wrist_flex,74.648,11.385,51.385,63.264,40.000,1
1787735101.721,wrist_roll,-9.295,-9.187,-9.295,-0.108,-0.108,0
1787735101.721,gripper,6.288,5.964,6.288,0.324,0.324,0
1787735101.771,shoulder_pan,-3.178,-3.341,-3.178,0.163,0.163,0
1787735101.771,shoulder_lift,-97.715,-98.637,-97.715,0.922,0.922,0
1787735101.771,elbow_flex,44.966,46.549,44.966,-1.583,-1.583,0
1787735101.771,wrist_flex,75.611,23.604,63.604,52.007,40.000,1
1787735101.771,wrist_roll,-9.308,-9.099,-9.308,-0.209,-0.209,0
1787735101.771,gripper,6.257,5.964,6.257,0.293,0.293,0
1787735101.821,shoulder_pan,-3.300,-3.253,-3.300,-0.048,-0.048,0
1787735101.821,shoulder_lift,-97.657,-98.549,-97.657,0.892,0.892,0
1787735101.821,elbow_flex,44.694,46.462,44.694,-1.767,-1.767,0
1787735101.821,wrist_flex,75.073,35.912,75.073,39.161,39.161,0
1787735101.821,wrist_roll,-9.303,-9.099,-9.303,-0.204,-0.204,0
1787735101.821,gripper,6.281,5.964,6.281,0.317,0.317,0
1787735101.871,shoulder_pan,-3.333,-3.253,-3.333,-0.080,-0.080,0
1787735101.871,shoulder_lift,-97.589,-98.549,-97.589,0.960,0.960,0
1787735101.871,elbow_flex,44.623,46.462,44.623,-1.838,-1.838,0
1787735101.871,wrist_flex,75.272,47.956,75.272,27.316,27.316,0
1787735101.871,wrist_roll,-9.319,-9.187,-9.319,-0.132,-0.132,0
1787735101.871,gripper,6.256,6.030,6.256,0.225,0.225,0
1787735101.921,shoulder_pan,-3.362,-3.253,-3.362,-0.109,-0.109,0
1787735101.921,shoulder_lift,-97.717,-98.549,-97.717,0.833,0.833,0
1787735101.921,elbow_flex,44.570,46.462,44.570,-1.892,-1.892,0
1787735101.921,wrist_flex,75.896,59.912,75.896,15.984,15.984,0
1787735101.921,wrist_roll,-9.324,-9.099,-9.324,-0.225,-0.225,0
1787735101.921,gripper,6.268,6.030,6.268,0.237,0.237,0
1787735101.972,shoulder_pan,-3.450,-3.253,-3.450,-0.198,-0.198,0
1787735101.972,shoulder_lift,-97.603,-98.462,-97.603,0.858,0.858,0
1787735101.972,elbow_flex,44.107,46.549,44.107,-2.442,-2.442,0
1787735101.972,wrist_flex,78.656,68.088,78.656,10.568,10.568,0
1787735101.972,wrist_roll,-9.416,-9.187,-9.416,-0.229,-0.229,0
1787735101.972,gripper,6.259,6.163,6.259,0.096,0.096,0
1787735102.021,shoulder_pan,-3.394,-3.253,-3.394,-0.141,-0.141,0
1787735102.021,shoulder_lift,-97.617,-98.549,-97.617,0.932,0.932,0
1787735102.021,elbow_flex,44.057,46.286,44.057,-2.228,-2.228,0
1787735102.021,wrist_flex,78.120,72.220,78.120,5.900,5.900,0
1787735102.021,wrist_roll,-9.420,-9.187,-9.420,-0.233,-0.233,0
1787735102.021,gripper,6.270,6.163,6.270,0.107,0.107,0
1787735102.072,shoulder_pan,-3.429,-3.253,-3.429,-0.177,-0.177,0
1787735102.072,shoulder_lift,-97.545,-98.549,-97.545,1.004,1.004,0
1787735102.072,elbow_flex,44.004,45.934,44.004,-1.930,-1.930,0
1787735102.072,wrist_flex,78.572,75.824,78.572,2.748,2.748,0
1787735102.072,wrist_roll,-9.417,-9.187,-9.417,-0.230,-0.230,0
1787735102.072,gripper,6.273,6.163,6.273,0.110,0.110,0
1787735102.121,shoulder_pan,-3.484,-3.253,-3.484,-0.231,-0.231,0
1787735102.121,shoulder_lift,-97.574,-98.549,-97.574,0.975,0.975,0
1787735102.121,elbow_flex,44.219,45.934,44.219,-1.715,-1.715,0
1787735102.121,wrist_flex,78.572,76.967,78.572,1.605,1.605,0
1787735102.121,wrist_roll,-9.399,-9.187,-9.399,-0.212,-0.212,0
1787735102.121,gripper,6.310,6.163,6.310,0.147,0.147,0
1787735102.171,shoulder_pan,-3.538,-3.253,-3.538,-0.286,-0.286,0
1787735102.171,shoulder_lift,-96.321,-98.549,-96.321,2.229,2.229,0
1787735102.171,elbow_flex,45.377,45.934,45.377,-0.557,-0.557,0
1787735102.171,wrist_flex,78.571,77.846,78.571,0.725,0.725,0
1787735102.171,wrist_roll,-9.432,-9.275,-9.432,-0.157,-0.157,0
1787735102.171,gripper,6.802,6.163,6.802,0.639,0.639,0
1787735102.222,shoulder_pan,-3.472,-3.253,-3.472,-0.220,-0.220,0
1787735102.222,shoulder_lift,-93.519,-98.286,-93.519,4.766,4.766,0
1787735102.222,elbow_flex,50.731,45.934,50.731,4.797,4.797,0
1787735102.222,wrist_flex,63.885,78.198,63.885,-14.313,-14.313,0
1787735102.222,wrist_roll,-8.874,-9.275,-8.874,0.401,0.401,0
1787735102.222,gripper,7.833,6.229,7.833,1.604,1.604,0
1787735102.272,shoulder_pan,-3.396,-3.253,-3.396,-0.144,-0.144,0
1787735102.272,shoulder_lift,-92.070,-97.407,-92.070,5.337,5.337,0
1787735102.272,elbow_flex,53.987,46.286,53.987,7.702,7.702,0
1787735102.272,wrist_flex,52.303,78.198,52.303,-25.895,-25.895,0
1787735102.272,wrist_roll,-8.464,-9.187,-8.464,0.723,0.723,0
1787735102.272,gripper,8.157,6.627,8.157,1.530,1.530,0
1787735102.322,shoulder_pan,-3.414,-3.253,-3.414,-0.161,-0.161,0
1787735102.322,shoulder_lift,-90.491,-95.473,-90.491,4.982,4.982,0
1787735102.322,elbow_flex,57.128,49.011,57.128,8.117,8.117,0
1787735102.322,wrist_flex,41.797,75.209,41.797,-33.412,-33.412,0
1787735102.322,wrist_roll,-8.132,-9.099,-8.132,0.967,0.967,0
1787735102.322,gripper,8.444,7.356,8.444,1.088,1.088,0
1787735102.372,shoulder_pan,-3.477,-3.253,-3.477,-0.224,-0.224,0
1787735102.372,shoulder_lift,-89.368,-93.363,-89.368,3.995,3.995,0
1787735102.372,elbow_flex,59.442,53.143,59.442,6.299,6.299,0
1787735102.372,wrist_flex,34.126,67.648,34.126,-33.523,-33.523,0
1787735102.372,wrist_roll,-7.886,-8.747,-7.886,0.861,0.861,0
1787735102.372,gripper,8.688,8.019,8.688,0.670,0.670,0
1787735102.422,shoulder_pan,-3.531,-3.253,-3.531,-0.278,-0.278,0
1787735102.422,shoulder_lift,-87.724,-92.044,-87.724,4.320,4.320,0
1787735102.422,elbow_flex,62.444,56.396,62.444,6.049,6.049,0
1787735102.422,wrist_flex,26.261,57.714,26.261,-31.454,-31.454,0
1787735102.422,wrist_roll,-7.673,-8.396,-7.673,0.723,0.723,0
1787735102.422,gripper,8.922,8.151,8.922,0.771,0.771,0
1787735102.472,shoulder_pan,-3.557,-3.253,-3.557,-0.304,-0.304,0
1787735102.472,shoulder_lift,-86.953,-90.549,-86.953,3.596,3.596,0
1787735102.472,elbow_flex,63.433,58.857,63.433,4.576,4.576,0
1787735102.472,wrist_flex,21.880,46.989,21.880,-25.109,-25.109,0
1787735102.472,wrist_roll,-7.598,-8.132,-7.598,0.534,0.534,0
1787735102.472,gripper,9.158,8.350,9.158,0.808,0.808,0
1787735102.522,shoulder_pan,-3.454,-3.253,-3.454,-0.201,-0.201,0
1787735102.522,shoulder_lift,-86.107,-88.967,-86.107,2.860,2.860,0
1787735102.522,elbow_flex,64.514,61.934,64.514,2.580,2.580,0
1787735102.522,wrist_flex,18.595,37.319,18.595,-18.724,-18.724,0
1787735102.522,wrist_roll,-7.501,-7.868,-7.501,0.367,0.367,0
1787735102.522,gripper,9.343,8.681,9.343,0.662,0.662,0
1787735102.572,shoulder_pan,-3.529,-3.253,-3.529,-0.276,-0.276,0
1787735102.572,shoulder_lift,-85.005,-87.385,-85.005,2.380,2.380,0
1787735102.572,elbow_flex,65.743,63.341,65.743,2.402,2.402,0
1787735102.572,wrist_flex,14.355,29.319,14.355,-14.964,-14.964,0
1787735102.572,wrist_roll,-7.361,-7.868,-7.361,0.507,0.507,0
1787735102.572,gripper,9.535,8.946,9.535,0.588,0.588,0
1787735102.622,shoulder_pan,-3.572,-3.253,-3.572,-0.320,-0.320,0
1787735102.622,shoulder_lift,-83.667,-87.033,-83.667,3.366,3.366,0
1787735102.622,elbow_flex,66.720,64.220,66.720,2.501,2.501,0
1787735102.622,wrist_flex,10.949,23.429,10.949,-12.479,-12.479,0
1787735102.622,wrist_roll,-7.285,-7.868,-7.285,0.583,0.583,0
1787735102.622,gripper,9.654,9.013,9.654,0.641,0.641,0
1787735102.672,shoulder_pan,-3.574,-3.429,-3.574,-0.146,-0.146,0
1787735102.672,shoulder_lift,-82.524,-85.802,-82.524,3.278,3.278,0
1787735102.672,elbow_flex,67.394,65.626,67.394,1.768,1.768,0
1787735102.672,wrist_flex,8.496,18.242,8.496,-9.746,-9.746,0
1787735102.672,wrist_roll,-7.200,-7.692,-7.200,0.492,0.492,0
1787735102.672,gripper,9.796,9.211,9.796,0.584,0.584,0
1787735102.723,shoulder_pan,-3.545,-3.429,-3.545,-0.117,-0.117,0
1787735102.723,shoulder_lift,-81.402,-84.132,-81.402,2.730,2.730,0
1787735102.723,elbow_flex,67.977,66.945,67.977,1.032,1.032,0
1787735102.723,wrist_flex,5.775,14.198,5.775,-8.423,-8.423,0
1787735102.723,wrist_roll,-7.097,-7.780,-7.097,0.683,0.683,0
1787735102.723,gripper,9.900,9.410,9.900,0.490,0.490,0
1787735102.773,shoulder_pan,-3.522,-3.429,-3.522,-0.093,-0.093,0
1787735102.773,shoulder_lift,-79.830,-82.989,-79.830,3.159,3.159,0
1787735102.773,elbow_flex,68.866,67.736,68.866,1.130,1.130,0
1787735102.773,wrist_flex,1.828,11.209,1.828,-9.381,-9.381,0
1787735102.773,wrist_roll,-6.998,-7.692,-6.998,0.694,0.694,0
1787735102.773,gripper,10.023,9.543,10.023,0.481,0.481,0
1787735102.822,shoulder_pan,-3.567,-3.429,-3.567,-0.138,-0.138,0
1787735102.822,shoulder_lift,-78.444,-82.110,-78.444,3.666,3.666,0
1787735102.822,elbow_flex,69.315,68.440,69.315,0.876,0.876,0
1787735102.822,wrist_flex,-1.401,8.044,-1.401,-9.445,-9.445,0
1787735102.822,wrist_roll,-6.792,-7.429,-6.792,0.636,0.636,0
1787735102.822,gripper,10.120,9.675,10.120,0.444,0.444,0
1787735102.873,shoulder_pan,-3.532,-3.429,-3.532,-0.104,-0.104,0
1787735102.873,shoulder_lift,-77.351,-80.352,-77.351,3.001,3.001,0
1787735102.873,elbow_flex,69.466,69.231,69.466,0.235,0.235,0
1787735102.873,wrist_flex,-4.718,4.264,-4.718,-8.982,-8.982,0
1787735102.873,wrist_roll,-6.596,-7.341,-6.596,0.745,0.745,0
1787735102.873,gripper,10.270,9.808,10.270,0.462,0.462,0
1787735102.922,shoulder_pan,-3.676,-3.429,-3.676,-0.247,-0.247,0
1787735102.922,shoulder_lift,-76.536,-79.033,-76.536,2.496,2.496,0
1787735102.922,elbow_flex,69.762,69.670,69.762,0.091,0.091,0
1787735102.922,wrist_flex,-10.049,0.923,-10.049,-10.973,-10.973,0
1787735102.922,wrist_roll,-6.253,-6.989,-6.253,0.736,0.736,0
1787735102.922,gripper,10.440,9.874,10.440,0.566,0.566,0
1787735102.973,shoulder_pan,-3.491,-3.429,-3.491,-0.062,-0.062,0
1787735102.973,shoulder_lift,-76.203,-77.890,-76.203,1.687,1.687,0
1787735102.973,elbow_flex,70.350,69.758,70.350,0.592,0.592,0
1787735102.973,wrist_flex,-19.903,-2.681,-19.903,-17.221,-17.221,0
1787735102.973,wrist_roll,-5.518,-6.813,-5.518,1.295,1.295,0
1787735102.973,gripper,10.876,9.940,10.876,0.936,0.936,0
1787735103.023,shoulder_pan,-3.510,-3.429,-3.510,-0.082,-0.082,0
1787735103.023,shoulder_lift,-76.360,-77.011,-76.360,0.651,0.651,0
1787735103.023,elbow_flex,70.407,70.286,70.407,0.121,0.121,0
1787735103.023,wrist_flex,-24.199,-6.989,-24.199,-17.210,-17.210,0
1787735103.023,wrist_roll,-5.142,-6.374,-5.142,1.232,1.232,0
1787735103.023,gripper,10.953,10.272,10.953,0.682,0.682,0
1787735103.073,shoulder_pan,-3.482,-3.429,-3.482,-0.053,-0.053,0
1787735103.073,shoulder_lift,-76.102,-76.659,-76.102,0.557,0.557,0
1787735103.073,elbow_flex,70.604,70.813,70.604,-0.209,-0.209,0
1787735103.073,wrist_flex,-26.951,-13.055,-26.951,-13.896,-13.896,0
1787735103.073,wrist_roll,-4.782,-5.846,-4.782,1.065,1.065,0
1787735103.073,gripper,10.938,10.537,10.938,0.401,0.401,0
1787735103.123,shoulder_pan,-3.012,-3.429,-3.012,0.417,0.417,0
1787735103.123,shoulder_lift,-78.018,-76.747,-78.018,-1.270,-1.270,0
1787735103.123,elbow_flex,71.776,70.725,71.776,1.051,1.051,0
1787735103.123,wrist_flex,-26.534,-19.297,-26.534,-7.238,-7.238,0
1787735103.123,wrist_roll,-5.288,-5.407,-5.288,0.119,0.119,0
1787735103.123,gripper,10.924,10.669,10.924,0.255,0.255,0
1787735103.173,shoulder_pan,-2.644,-3.429,-2.644,0.784,0.784,0
1787735103.173,shoulder_lift,-81.120,-76.835,-81.120,-4.285,-4.285,0
1787735103.173,elbow_flex,73.109,70.989,73.109,2.120,2.120,0
1787735103.173,wrist_flex,-16.600,-23.253,-16.600,6.652,6.652,0
1787735103.173,wrist_roll,-6.059,-5.231,-6.059,-0.828,-0.828,0
1787735103.173,gripper,10.191,10.669,10.191,-0.479,-0.479,0
1787735103.223,shoulder_pan,-2.707,-3.253,-2.707,0.546,0.546,0
1787735103.223,shoulder_lift,-81.715,-77.802,-81.715,-3.913,-3.913,0
1787735103.223,elbow_flex,73.224,72.220,73.224,1.004,1.004,0
1787735103.223,wrist_flex,-11.964,-24.044,-11.964,12.080,12.080,0
1787735103.223,wrist_roll,-6.092,-5.407,-6.092,-0.685,-0.685,0
1787735103.223,gripper,9.516,10.669,9.516,-1.153,-1.153,0
1787735103.273,shoulder_pan,-2.756,-2.989,-2.756,0.233,0.233,0
1787735103.273,shoulder_lift,-82.074,-80.000,-82.074,-2.074,-2.074,0
1787735103.273,elbow_flex,73.271,73.187,73.271,0.084,0.084,0
1787735103.273,wrist_flex,-8.000,-21.758,-8.000,13.758,13.758,0
1787735103.273,wrist_roll,-6.063,-5.934,-6.063,-0.128,-0.128,0
1787735103.273,gripper,8.698,10.272,8.698,-1.574,-1.574,0
1787735103.323,shoulder_pan,-2.849,-2.813,-2.849,-0.035,-0.035,0
1787735103.323,shoulder_lift,-82.131,-81.143,-82.131,-0.988,-0.988,0
1787735103.323,elbow_flex,73.353,73.099,73.353,0.254,0.254,0
1787735103.323,wrist_flex,-5.420,-16.484,-5.420,11.063,11.063,0
1787735103.323,wrist_roll,-6.055,-5.758,-6.055,-0.297,-0.297,0
1787735103.323,gripper,8.038,9.675,8.038,-1.637,-1.637,0
1787735103.373,shoulder_pan,-2.916,-2.989,-2.916,0.073,0.073,0
1787735103.373,shoulder_lift,-81.978,-81.231,-81.978,-0.747,-0.747,0
1787735103.373,elbow_flex,73.353,73.363,73.353,-0.010,-0.010,0
1787735103.373,wrist_flex,-3.884,-11.297,-3.884,7.413,7.413,0
1787735103.373,wrist_roll,-6.077,-5.758,-6.077,-0.319,-0.319,0
1787735103.373,gripper,7.525,8.946,7.525,-1.421,-1.421,0
1787735103.424,shoulder_pan,-2.886,-2.989,-2.886,0.103,0.103,0
1787735103.424,shoulder_lift,-81.663,-81.319,-81.663,-0.345,-0.345,0
1787735103.424,elbow_flex,73.271,73.714,73.271,-0.443,-0.443,0
1787735103.424,wrist_flex,-2.793,-7.604,-2.793,4.812,4.812,0
1787735103.424,wrist_roll,-6.140,-5.934,-6.140,-0.206,-0.206,0
1787735103.424,gripper,7.060,8.350,7.060,-1.290,-1.290,0
1787735103.474,shoulder_pan,-2.929,-2.989,-2.929,0.060,0.060,0
1787735103.474,shoulder_lift,-81.492,-81.582,-81.492,0.090,0.090,0
1787735103.474,elbow_flex,73.139,73.626,73.139,-0.488,-0.488,0
1787735103.474,wrist_flex,-2.319,-5.407,-2.319,3.088,3.088,0
1787735103.474,wrist_roll,-6.106,-6.022,-6.106,-0.084,-0.084,0
1787735103.474,gripper,6.609,7.753,6.609,-1.144,-1.144,0
1787735103.524,shoulder_pan,-2.988,-2.989,-2.988,0.001,0.001,0
1787735103.524,shoulder_lift,-81.153,-81.495,-81.153,0.342,0.342,0
1787735103.524,elbow_flex,72.781,73.626,72.781,-0.845,-0.845,0
1787735103.524,wrist_flex,-2.083,-3.824,-2.083,1.741,1.741,0
1787735103.524,wrist_roll,-6.066,-5.758,-6.066,-0.307,-0.307,0
1787735103.524,gripper,6.282,7.223,6.282,-0.941,-0.941,0
1787735103.574,shoulder_pan,-3.053,-2.989,-3.053,-0.064,-0.064,0
1787735103.574,shoulder_lift,-80.931,-81.407,-80.931,0.476,0.476,0
1787735103.574,elbow_flex,72.424,73.626,72.424,-1.202,-1.202,0
1787735103.574,wrist_flex,-1.008,-2.857,-1.008,1.849,1.849,0
1787735103.574,wrist_roll,-6.034,-5.758,-6.034,-0.275,-0.275,0
1787735103.574,gripper,5.936,6.826,5.936,-0.890,-0.890,0
1787735103.624,shoulder_pan,-2.944,-2.989,-2.944,0.045,0.045,0
1787735103.624,shoulder_lift,-80.887,-81.319,-80.887,0.432,0.432,0
1787735103.624,elbow_flex,72.773,73.626,72.773,-0.854,-0.854,0
1787735103.624,wrist_flex,-0.859,-2.154,-0.859,1.295,1.295,0
1787735103.624,wrist_roll,-6.041,-5.758,-6.041,-0.283,-0.283,0
1787735103.624,gripper,5.587,6.428,5.587,-0.841,-0.841,0
1787735103.673,shoulder_pan,-2.930,-2.989,-2.930,0.059,0.059,0
1787735103.673,shoulder_lift,-80.712,-81.143,-80.712,0.431,0.431,0
1787735103.673,elbow_flex,72.833,73.626,72.833,-0.793,-0.793,0
1787735103.673,wrist_flex,-0.376,-1.363,-0.376,0.987,0.987,0
1787735103.673,wrist_roll,-6.028,-5.758,-6.028,-0.270,-0.270,0
1787735103.673,gripper,5.366,6.030,5.366,-0.665,-0.665,0
1787735103.724,shoulder_pan,-2.829,-2.989,-2.829,0.160,0.160,0
1787735103.724,shoulder_lift,-80.881,-81.143,-80.881,0.261,0.261,0
1787735103.724,elbow_flex,73.350,73.626,73.350,-0.276,-0.276,0
1787735103.724,wrist_flex,-1.503,-0.923,-1.503,-0.580,-0.580,0
1787735103.724,wrist_roll,-6.032,-5.758,-6.032,-0.273,-0.273,0
1787735103.724,gripper,4.942,5.765,4.942,-0.823,-0.823,0
1787735103.774,shoulder_pan,-2.674,-2.989,-2.674,0.315,0.315,0
1787735103.774,shoulder_lift,-80.504,-81.143,-80.504,0.639,0.639,0
1787735103.774,elbow_flex,73.874,73.626,73.874,0.247,0.247,0
1787735103.774,wrist_flex,-4.956,-0.747,-4.956,-4.209,-4.209,0
1787735103.774,wrist_roll,-5.968,-5.758,-5.968,-0.210,-0.210,0
1787735103.774,gripper,4.763,5.434,4.763,-0.671,-0.671,0
1787735103.824,shoulder_pan,-2.603,-2.989,-2.603,0.386,0.386,0
1787735103.824,shoulder_lift,-80.502,-81.055,-80.502,0.553,0.553,0
1787735103.824,elbow_flex,74.733,73.714,74.733,1.019,1.019,0
1787735103.824,wrist_flex,-9.529,-1.275,-9.529,-8.254,-8.254,0
1787735103.824,wrist_roll,-5.923,-5.758,-5.923,-0.164,-0.164,0
1787735103.824,gripper,4.513,5.103,4.513,-0.590,-0.590,0
1787735103.875,shoulder_pan,-2.618,-2.989,-2.618,0.371,0.371,0
1787735103.875,shoulder_lift,-80.452,-80.791,-80.452,0.339,0.339,0
1787735103.875,elbow_flex,75.256,74.505,75.256,0.751,0.751,0
1787735103.875,wrist_flex,-13.208,-3.912,-13.208,-9.296,-9.296,0
1787735103.875,wrist_roll,-6.064,-5.934,-6.064,-0.129,-0.129,0
1787735103.875,gripper,4.388,4.904,4.388,-0.516,-0.516,0
1787735103.924,shoulder_pan,-2.605,-2.989,-2.605,0.384,0.384,0
1787735103.924,shoulder_lift,-80.858,-80.791,-80.858,-0.067,-0.067,0
1787735103.924,elbow_flex,75.528,75.209,75.528,0.319,0.319,0
1787735103.924,wrist_flex,-15.629,-7.341,-15.629,-8.289,-8.289,0
1787735103.924,wrist_roll,-6.059,-5.934,-6.059,-0.125,-0.125,0
1787735103.924,gripper,4.198,4.771,4.198,-0.573,-0.573,0
1787735103.974,shoulder_pan,-2.607,-2.989,-2.607,0.382,0.382,0
1787735103.974,shoulder_lift,-80.761,-80.791,-80.761,0.031,0.031,0
1787735103.974,elbow_flex,75.775,75.560,75.775,0.214,0.214,0
1787735103.974,wrist_flex,-18.386,-10.857,-18.386,-7.529,-7.529,0
1787735103.974,wrist_roll,-6.038,-5.934,-6.038,-0.104,-0.104,0
1787735103.974,gripper,4.120,4.639,4.120,-0.519,-0.519,0
1787735104.024,shoulder_pan,-2.711,-2.989,-2.711,0.278,0.278,0
1787735104.024,shoulder_lift,-80.838,-80.879,-80.838,0.041,0.041,0
1787735104.024,elbow_flex,75.966,75.824,75.966,0.142,0.142,0
1787735104.024,wrist_flex,-20.322,-13.495,-20.322,-6.827,-6.827,0
1787735104.024,wrist_roll,-5.998,-5.846,-5.998,-0.152,-0.152,0
1787735104.024,gripper,3.987,4.506,3.987,-0.519,-0.519,0
1787735104.074,shoulder_pan,-2.705,-2.989,-2.705,0.284,0.284,0
1787735104.074,shoulder_lift,-81.084,-80.791,-81.084,-0.293,-0.293,0
1787735104.074,elbow_flex,76.218,76.000,76.218,0.218,0.218,0
1787735104.074,wrist_flex,-21.940,-16.308,-21.940,-5.633,-5.633,0
1787735104.074,wrist_roll,-5.987,-5.758,-5.987,-0.228,-0.228,0
1787735104.074,gripper,3.880,4.374,3.880,-0.494,-0.494,0
1787735104.125,shoulder_pan,-2.816,-2.989,-2.816,0.173,0.173,0
1787735104.125,shoulder_lift,-80.783,-81.055,-80.783,0.272,0.272,0
1787735104.125,elbow_flex,74.499,76.264,74.499,-1.765,-1.765,0
1787735104.125,wrist_flex,-23.000,-18.505,-23.000,-4.495,-4.495,0
1787735104.125,wrist_roll,-5.847,-5.758,-5.847,-0.089,-0.089,0
1787735104.125,gripper,3.826,4.241,3.826,-0.415,-0.415,0
1787735104.174,shoulder_pan,-3.040,-2.989,-3.040,-0.051,-0.051,0
1787735104.174,shoulder_lift,-80.689,-80.879,-80.689,0.190,0.190,0
1787735104.174,elbow_flex,71.226,76.352,71.226,-5.126,-5.126,0
1787735104.174,wrist_flex,-18.903,-20.440,-18.903,1.536,1.536,0
1787735104.174,wrist_roll,-4.906,-5.758,-4.906,0.852,0.852,0
1787735104.174,gripper,4.204,4.241,4.204,-0.037,-0.037,0
1787735104.224,shoulder_pan,-3.017,-2.989,-3.017,-0.028,-0.028,0
1787735104.224,shoulder_lift,-80.770,-80.791,-80.770,0.021,0.021,0
1787735104.224,elbow_flex,70.225,76.088,70.225,-5.863,-5.863,0
1787735104.224,wrist_flex,-16.570,-21.231,-16.570,4.660,4.660,0
1787735104.224,wrist_roll,-4.101,-5.758,-4.101,1.657,1.657,0
1787735104.224,gripper,4.458,4.241,4.458,0.217,0.217,0
1787735104.274,shoulder_pan,-3.113,-2.989,-3.113,-0.124,-0.124,0
1787735104.274,shoulder_lift,-80.555,-80.791,-80.555,0.236,0.236,0
1787735104.274,elbow_flex,69.352,74.418,69.352,-5.065,-5.065,0
1787735104.274,wrist_flex,-13.064,-19.209,-13.064,6.145,6.145,0
1787735104.274,wrist_roll,-3.301,-5.055,-3.301,1.754,1.754,0
1787735104.274,gripper,4.667,4.241,4.667,0.426,0.426,0
1787735104.326,shoulder_pan,-3.184,-2.989,-3.184,-0.195,-0.195,0
1787735104.326,shoulder_lift,-80.309,-81.143,-80.309,0.833,0.833,0
1787735104.326,elbow_flex,68.549,73.187,68.549,-4.637,-4.637,0
1787735104.326,wrist_flex,-11.718,-17.011,-11.718,5.293,5.293,0
1787735104.326,wrist_roll,-2.857,-4.527,-2.857,1.671,1.671,0
1787735104.326,gripper,4.690,4.241,4.690,0.449,0.449,0
1787735104.375,shoulder_pan,-3.258,-2.989,-3.258,-0.269,-0.269,0
1787735104.375,shoulder_lift,-80.277,-80.967,-80.277,0.690,0.690,0
1787735104.375,elbow_flex,67.860,72.044,67.860,-4.184,-4.184,0
1787735104.375,wrist_flex,-10.751,-14.374,-10.751,3.622,3.622,0
1787735104.375,wrist_roll,-2.567,-3.560,-2.567,0.993,0.993,0
1787735104.375,gripper,4.743,4.374,4.743,0.369,0.369,0
1787735104.425,shoulder_pan,-3.268,-2.989,-3.268,-0.279,-0.279,0
1787735104.425,shoulder_lift,-80.006,-80.440,-80.006,0.434,0.434,0
1787735104.425,elbow_flex,67.263,71.253,67.263,-3.990,-3.990,0
1787735104.425,wrist_flex,-9.778,-12.615,-9.778,2.837,2.837,0
1787735104.425,wrist_roll,-2.427,-3.297,-2.427,0.869,0.869,0
1787735104.425,gripper,4.736,4.374,4.736,0.362,0.362,0
1787735104.475,shoulder_pan,-3.317,-2.989,-3.317,-0.328,-0.328,0
1787735104.475,shoulder_lift,-80.129,-80.440,-80.129,0.311,0.311,0
1787735104.475,elbow_flex,66.636,70.725,66.636,-4.090,-4.090,0
1787735104.475,wrist_flex,-9.251,-11.297,-9.251,2.046,2.046,0
1787735104.475,wrist_roll,-2.322,-3.033,-2.322,0.711,0.711,0
1787735104.475,gripper,4.744,4.374,4.744,0.370,0.370,0
1787735104.525,shoulder_pan,-3.368,-2.989,-3.368,-0.379,-0.379,0
1787735104.525,shoulder_lift,-79.864,-80.352,-79.864,0.487,0.487,0
1787735104.525,elbow_flex,66.049,69.846,66.049,-3.797,-3.797,0
1787735104.525,wrist_flex,-8.295,-10.242,-8.295,1.947,1.947,0
1787735104.525,wrist_roll,-2.419,-2.681,-2.419,0.262,0.262,0
1787735104.525,gripper,4.754,4.374,4.754,0.380,0.380,0
1787735104.575,shoulder_pan,-3.325,-2.989,-3.325,-0.336,-0.336,0
1787735104.575,shoulder_lift,-79.728,-80.264,-79.728,0.536,0.536,0
1787735104.575,elbow_flex,65.426,69.231,65.426,-3.805,-3.805,0
1787735104.575,wrist_flex,-7.926,-9.451,-7.926,1.524,1.524,0
1787735104.575,wrist_roll,-2.253,-2.593,-2.253,0.341,0.341,0
1787735104.575,gripper,4.766,4.374,4.766,0.392,0.392,0
1787735104.626,shoulder_pan,-3.325,-2.989,-3.325,-0.336,-0.336,0
1787735104.626,shoulder_lift,-79.691,-80.088,-79.691,0.397,0.397,0
1787735104.626,elbow_flex,64.814,68.615,64.814,-3.802,-3.802,0
1787735104.626,wrist_flex,-6.915,-8.484,-6.915,1.568,1.568,0
1787735104.626,wrist_roll,-2.205,-2.505,-2.205,0.301,0.301,0
1787735104.626,gripper,4.822,4.374,4.822,0.448,0.448,0
1787735104.675,shoulder_pan,-3.372,-2.989,-3.372,-0.383,-0.383,0
1787735104.675,shoulder_lift,-79.674,-79.912,-79.674,0.238,0.238,0
1787735104.675,elbow_flex,64.483,68.000,64.483,-3.517,-3.517,0
1787735104.675,wrist_flex,-6.073,-7.956,-6.073,1.883,1.883,0
1787735104.675,wrist_roll,-2.219,-2.418,-2.219,0.198,0.198,0
1787735104.675,gripper,4.843,4.374,4.843,0.469,0.469,0
1787735104.725,shoulder_pan,-3.364,-2.901,-3.364,-0.463,-0.463,0
1787735104.725,shoulder_lift,-79.486,-79.912,-79.486,0.427,0.427,0
1787735104.725,elbow_flex,63.888,67.560,63.888,-3.672,-3.672,0
1787735104.725,wrist_flex,-5.006,-7.077,-5.006,2.071,2.071,0
1787735104.725,wrist_roll,-2.266,-2.418,-2.266,0.152,0.152,0
1787735104.725,gripper,4.867,4.374,4.867,0.494,0.494,0
1787735104.775,shoulder_pan,-3.258,-2.901,-3.258,-0.357,-0.357,0
1787735104.775,shoulder_lift,-79.368,-79.912,-79.368,0.545,0.545,0
1787735104.775,elbow_flex,63.655,67.033,63.655,-3.377,-3.377,0
1787735104.775,wrist_flex,-4.551,-6.198,-4.551,1.647,1.647,0
1787735104.775,wrist_roll,-2.243,-2.418,-2.243,0.175,0.175,0
1787735104.775,gripper,4.775,4.374,4.775,0.401,0.401,0
1787735104.825,shoulder_pan,-3.341,-3.077,-3.341,-0.264,-0.264,0
1787735104.825,shoulder_lift,-79.429,-79.736,-79.429,0.307,0.307,0
1787735104.825,elbow_flex,63.184,66.769,63.184,-3.585,-3.585,0
1787735104.825,wrist_flex,-3.618,-5.319,-3.618,1.701,1.701,0
1787735104.825,wrist_roll,-2.316,-2.505,-2.316,0.190,0.190,0
1787735104.825,gripper,4.752,4.374,4.752,0.378,0.378,0
1787735104.876,shoulder_pan,-3.181,-3.077,-3.181,-0.104,-0.104,0
1787735104.876,shoulder_lift,-79.496,-79.648,-79.496,0.152,0.152,0
1787735104.876,elbow_flex,62.211,66.418,62.211,-4.207,-4.207,0
1787735104.876,wrist_flex,-1.126,-4.615,-1.126,3.490,3.490,0
1787735104.876,wrist_roll,-2.525,-2.505,-2.525,-0.019,-0.019,0
1787735104.876,gripper,4.794,4.374,4.794,0.421,0.421,0
1787735104.926,shoulder_pan,-3.165,-3.077,-3.165,-0.088,-0.088,0
1787735104.926,shoulder_lift,-78.912,-79.648,-78.912,0.736,0.736,0
1787735104.926,elbow_flex,61.887,65.890,61.887,-4.003,-4.003,0
1787735104.926,wrist_flex,-0.598,-3.648,-0.598,3.051,3.051,0
1787735104.926,wrist_roll,-2.549,-2.505,-2.549,-0.043,-0.043,0
1787735104.926,gripper,4.835,4.374,4.835,0.461,0.461,0
1787735104.977,shoulder_pan,-3.173,-3.077,-3.173,-0.096,-0.096,0
1787735104.977,shoulder_lift,-78.691,-79.648,-78.691,0.958,0.958,0
1787735104.977,elbow_flex,61.566,65.099,61.566,-3.533,-3.533,0
1787735104.977,wrist_flex,0.949,-1.802,0.949,2.751,2.751,0
1787735104.977,wrist_roll,-2.615,-2.505,-2.615,-0.109,-0.109,0
1787735104.977,gripper,4.857,4.374,4.857,0.483,0.483,0
1787735105.026,shoulder_pan,-3.029,-3.077,-3.029,0.048,0.048,0
1787735105.026,shoulder_lift,-78.585,-79.209,-78.585,0.624,0.624,0
1787735105.026,elbow_flex,61.142,64.571,61.142,-3.429,-3.429,0
1787735105.026,wrist_flex,1.704,-0.923,1.704,2.627,2.627,0
1787735105.026,wrist_roll,-2.726,-2.505,-2.726,-0.220,-0.220,0
1787735105.026,gripper,4.970,4.374,4.970,0.596,0.596,0
1787735105.077,shoulder_pan,-2.755,-3.077,-2.755,0.322,0.322,0
1787735105.077,shoulder_lift,-77.479,-78.857,-77.479,1.379,1.379,0
1787735105.077,elbow_flex,61.314,64.044,61.314,-2.730,-2.730,0
1787735105.077,wrist_flex,-2.131,0.571,-2.131,-2.703,-2.703,0
1787735105.077,wrist_roll,-3.079,-2.505,-3.079,-0.574,-0.574,0
1787735105.077,gripper,5.002,4.440,5.002,0.562,0.562,0
1787735105.126,shoulder_pan,-2.468,-3.077,-2.468,0.609,0.609,0
1787735105.126,shoulder_lift,-76.624,-78.593,-76.624,1.969,1.969,0
1787735105.126,elbow_flex,61.239,63.868,61.239,-2.629,-2.629,0
1787735105.126,wrist_flex,-6.679,0.923,-6.679,-7.602,-7.602,0
1787735105.126,wrist_roll,-3.612,-2.593,-3.612,-1.018,-1.018,0
1787735105.126,gripper,5.009,4.573,5.009,0.437,0.437,0
1787735105.176,shoulder_pan,-2.487,-3.077,-2.487,0.590,0.590,0
1787735105.176,shoulder_lift,-76.218,-77.714,-76.218,1.497,1.497,0
1787735105.176,elbow_flex,61.283,63.868,61.283,-2.585,-2.585,0
1787735105.176,wrist_flex,-6.768,-1.363,-6.768,-5.405,-5.405,0
1787735105.176,wrist_roll,-3.652,-3.033,-3.652,-0.619,-0.619,0
1787735105.176,gripper,4.973,4.771,4.973,0.201,0.201,0
1787735105.226,shoulder_pan,-2.596,-3.077,-2.596,0.481,0.481,0
1787735105.226,shoulder_lift,-75.985,-76.835,-75.985,0.850,0.850,0
1787735105.226,elbow_flex,61.272,63.868,61.272,-2.596,-2.596,0
1787735105.226,wrist_flex,-6.894,-4.176,-6.894,-2.718,-2.718,0
1787735105.226,wrist_roll,-3.707,-3.385,-3.707,-0.323,-0.323,0
1787735105.226,gripper,4.998,4.771,4.998,0.227,0.227,0
1787735105.277,shoulder_pan,-2.768,-3.077,-2.768,0.308,0.308,0
1787735105.277,shoulder_lift,-75.823,-76.571,-75.823,0.748,0.748,0
1787735105.277,elbow_flex,61.267,63.780,61.267,-2.513,-2.513,0
1787735105.277,wrist_flex,-6.787,-5.143,-6.787,-1.645,-1.645,0
1787735105.277,wrist_roll,-3.736,-3.385,-3.736,-0.351,-0.351,0
1787735105.277,gripper,5.061,4.771,5.061,0.289,0.289,0
1787735105.326,shoulder_pan,-2.996,-3.077,-2.996,0.081,0.081,0
1787735105.326,shoulder_lift,-75.742,-76.308,-75.742,0.565,0.565,0
1787735105.326,elbow_flex,61.254,63.780,61.254,-2.526,-2.526,0
1787735105.326,wrist_flex,-6.833,-5.670,-6.833,-1.162,-1.162,0
1787735105.326,wrist_roll,-3.723,-3.560,-3.723,-0.163,-0.163,0
1787735105.326,gripper,5.029,4.771,5.029,0.257,0.257,0
1787735105.377,shoulder_pan,-3.125,-3.077,-3.125,-0.048,-0.048,0
1787735105.377,shoulder_lift,-75.469,-75.956,-75.469,0.487,0.487,0
1787735105.377,elbow_flex,61.207,63.780,61.207,-2.573,-2.573,0
1787735105.377,wrist_flex,-6.539,-5.934,-6.539,-0.605,-0.605,0
1787735105.377,wrist_roll,-3.751,-3.560,-3.751,-0.191,-0.191,0
1787735105.377,gripper,5.029,4.771,5.029,0.258,0.258,0
1787735105.427,shoulder_pan,-3.275,-3.077,-3.275,-0.198,-0.198,0
1787735105.427,shoulder_lift,-75.646,-75.956,-75.646,0.310,0.310,0
1787735105.427,elbow_flex,61.143,63.780,61.143,-2.637,-2.637,0
1787735105.427,wrist_flex,-6.639,-5.934,-6.639,-0.705,-0.705,0
1787735105.427,wrist_roll,-3.695,-3.560,-3.695,-0.134,-0.134,0
1787735105.427,gripper,4.997,4.771,4.997,0.226,0.226,0
1787735105.477,shoulder_pan,-3.375,-3.077,-3.375,-0.298,-0.298,0
1787735105.477,shoulder_lift,-75.593,-75.868,-75.593,0.275,0.275,0
1787735105.477,elbow_flex,61.145,63.692,61.145,-2.548,-2.548,0
1787735105.477,wrist_flex,-6.389,-6.022,-6.389,-0.367,-0.367,0
1787735105.477,wrist_roll,-3.718,-3.560,-3.718,-0.158,-0.158,0
1787735105.477,gripper,5.024,4.771,5.024,0.253,0.253,0
1787735105.526,shoulder_pan,-3.465,-3.077,-3.465,-0.388,-0.388,0
1787735105.526,shoulder_lift,-75.599,-75.868,-75.599,0.269,0.269,0
1787735105.526,elbow_flex,61.070,63.516,61.070,-2.446,-2.446,0
1787735105.526,wrist_flex,-6.298,-6.022,-6.298,-0.276,-0.276,0
1787735105.526,wrist_roll,-3.686,-3.560,-3.686,-0.126,-0.126,0
1787735105.526,gripper,4.978,4.771,4.978,0.206,0.206,0
1787735105.578,shoulder_pan,-3.601,-3.077,-3.601,-0.524,-0.524,0
1787735105.578,shoulder_lift,-75.533,-75.868,-75.533,0.335,0.335,0
1787735105.578,elbow_flex,61.065,63.516,61.065,-2.451,-2.451,0
1787735105.578,wrist_flex,-6.357,-6.022,-6.357,-0.335,-0.335,0
1787735105.578,wrist_roll,-3.694,-3.560,-3.694,-0.134,-0.134,0
1787735105.578,gripper,4.996,4.771,4.996,0.224,0.224,0
1787735105.627,shoulder_pan,-3.731,-3.077,-3.731,-0.654,-0.654,0
1787735105.627,shoulder_lift,-75.442,-75.868,-75.442,0.426,0.426,0
1787735105.627,elbow_flex,61.058,63.516,61.058,-2.459,-2.459,0
1787735105.627,wrist_flex,-6.551,-6.022,-6.551,-0.529,-0.529,0
1787735105.627,wrist_roll,-3.686,-3.560,-3.686,-0.125,-0.125,0
1787735105.627,gripper,4.981,4.771,4.981,0.210,0.210,0
1787735105.677,shoulder_pan,-3.885,-3.165,-3.885,-0.720,-0.720,0
1787735105.677,shoulder_lift,-75.407,-75.868,-75.407,0.461,0.461,0
1787735105.677,elbow_flex,61.119,63.516,61.119,-2.397,-2.397,0
1787735105.677,wrist_flex,-6.149,-6.022,-6.149,-0.127,-0.127,0
1787735105.677,wrist_roll,-3.703,-3.560,-3.703,-0.143,-0.143,0
1787735105.677,gripper,5.002,4.771,5.002,0.230,0.230,0
1787735105.727,shoulder_pan,-3.968,-3.429,-3.968,-0.539,-0.539,0
1787735105.727,shoulder_lift,-75.464,-75.692,-75.464,0.229,0.229,0
1787735105.727,elbow_flex,61.107,63.516,61.107,-2.409,-2.409,0
1787735105.727,wrist_flex,-6.277,-6.022,-6.277,-0.255,-0.255,0
1787735105.727,wrist_roll,-3.678,-3.560,-3.678,-0.118,-0.118,0
1787735105.727,gripper,5.007,4.771,5.007,0.235,0.235,0
1787735105.777,shoulder_pan,-4.149,-3.692,-4.149,-0.457,-0.457,0
1787735105.777,shoulder_lift,-75.432,-75.692,-75.432,0.261,0.261,0
1787735105.777,elbow_flex,61.174,63.516,61.174,-2.343,-2.343,0
1787735105.777,wrist_flex,-6.063,-6.022,-6.063,-0.041,-0.041,0
1787735105.777,wrist_roll,-3.693,-3.560,-3.693,-0.133,-0.133,0
1787735105.777,gripper,5.014,4.771,5.014,0.243,0.243,0
1787735105.827,shoulder_pan,-4.246,-3.780,-4.246,-0.466,-0.466,0
1787735105.827,shoulder_lift,-75.389,-75.692,-75.389,0.303,0.303,0
1787735105.827,elbow_flex,61.089,63.516,61.089,-2.427,-2.427,0
1787735105.827,wrist_flex,-5.619,-5.934,-5.619,0.315,0.315,0
1787735105.827,wrist_roll,-3.677,-3.560,-3.677,-0.117,-0.117,0
1787735105.827,gripper,5.005,4.771,5.005,0.233,0.233,0
1787735105.878,shoulder_pan,-4.423,-3.868,-4.423,-0.555,-0.555,0
1787735105.878,shoulder_lift,-75.233,-75.692,-75.233,0.459,0.459,0
1787735105.878,elbow_flex,61.260,63.516,61.260,-2.257,-2.257,0
1787735105.878,wrist_flex,-5.514,-5.934,-5.514,0.420,0.420,0
1787735105.878,wrist_roll,-3.696,-3.560,-3.696,-0.136,-0.136,0
1787735105.878,gripper,5.012,4.771,5.012,0.241,0.241,0
1787735105.927,shoulder_pan,-4.408,-4.044,-4.408,-0.364,-0.364,0
1787735105.927,shoulder_lift,-75.210,-75.692,-75.210,0.482,0.482,0
1787735105.927,elbow_flex,61.090,63.516,61.090,-2.426,-2.426,0
1787735105.927,wrist_flex,-5.304,-5.758,-5.304,0.454,0.454,0
1787735105.927,wrist_roll,-3.689,-3.560,-3.689,-0.129,-0.129,0
1787735105.927,gripper,5.000,4.771,5.000,0.228,0.228,0
1787735105.978,shoulder_pan,-4.452,-4.220,-4.452,-0.232,-0.232,0
1787735105.978,shoulder_lift,-75.113,-75.516,-75.113,0.404,0.404,0
1787735105.978,elbow_flex,61.170,63.516,61.170,-2.346,-2.346,0
1787735105.978,wrist_flex,-5.152,-5.670,-5.152,0.518,0.518,0
1787735105.978,wrist_roll,-3.717,-3.560,-3.717,-0.156,-0.156,0
1787735105.978,gripper,5.036,4.771,5.036,0.265,0.265,0
1787735106.027,shoulder_pan,-4.367,-4.220,-4.367,-0.147,-0.147,0
1787735106.027,shoulder_lift,-74.944,-75.516,-74.944,0.573,0.573,0
1787735106.027,elbow_flex,61.185,63.516,61.185,-2.332,-2.332,0
1787735106.027,wrist_flex,-4.858,-5.407,-4.858,0.549,0.549,0
1787735106.027,wrist_roll,-3.729,-3.560,-3.729,-0.168,-0.168,0
1787735106.027,gripper,5.048,4.771,5.048,0.276,0.276,0
1787735106.078,shoulder_pan,-4.393,-4.220,-4.393,-0.173,-0.173,0
1787735106.078,shoulder_lift,-73.939,-75.429,-73.939,1.489,1.489,0
1787735106.078,elbow_flex,61.813,63.516,61.813,-1.704,-1.704,0
1787735106.078,wrist_flex,-5.486,-5.231,-5.486,-0.255,-0.255,0
1787735106.078,wrist_roll,-3.655,-3.560,-3.655,-0.094,-0.094,0
1787735106.078,gripper,5.107,4.771,5.107,0.335,0.335,0
1787735106.127,shoulder_pan,-4.334,-4.220,-4.334,-0.114,-0.114,0
1787735106.127,shoulder_lift,-72.472,-75.077,-72.472,2.605,2.605,0
1787735106.127,elbow_flex,62.479,63.516,62.479,-1.037,-1.037,0
1787735106.127,wrist_flex,-5.881,-5.143,-5.881,-0.738,-0.738,0
1787735106.127,wrist_roll,-3.593,-3.560,-3.593,-0.032,-0.032,0
1787735106.127,gripper,5.271,4.771,5.271,0.500,0.500,0
1787735106.179,shoulder_pan,-4.288,-4.220,-4.288,-0.068,-0.068,0
1787735106.179,shoulder_lift,-71.756,-74.110,-71.756,2.354,2.354,0
1787735106.179,elbow_flex,62.376,63.516,62.376,-1.140,-1.140,0
1787735106.179,wrist_flex,-5.892,-5.143,-5.892,-0.749,-0.749,0
1787735106.179,wrist_roll,-3.622,-3.560,-3.622,-0.062,-0.062,0
1787735106.179,gripper,5.381,4.771,5.381,0.609,0.609,0
1787735106.228,shoulder_pan,-4.311,-4.220,-4.311,-0.091,-0.091,0
1787735106.228,shoulder_lift,-71.202,-72.967,-71.202,1.765,1.765,0
1787735106.228,elbow_flex,62.496,63.516,62.496,-1.020,-1.020,0
1787735106.228,wrist_flex,-5.312,-5.143,-5.312,-0.169,-0.169,0
1787735106.228,wrist_roll,-3.616,-3.560,-3.616,-0.056,-0.056,0
1787735106.228,gripper,5.482,4.838,5.482,0.644,0.644,0
1787735106.278,shoulder_pan,-4.301,-4.220,-4.301,-0.081,-0.081,0
1787735106.278,shoulder_lift,-70.521,-72.088,-70.521,1.567,1.567,0
1787735106.278,elbow_flex,62.416,63.516,62.416,-1.100,-1.100,0
1787735106.278,wrist_flex,-5.403,-5.055,-5.403,-0.348,-0.348,0
1787735106.278,wrist_roll,-3.637,-3.560,-3.637,-0.077,-0.077,0
1787735106.278,gripper,5.583,5.036,5.583,0.546,0.546,0
1787735106.328,shoulder_pan,-4.285,-4.220,-4.285,-0.065,-0.065,0
1787735106.328,shoulder_lift,-69.965,-71.473,-69.965,1.507,1.507,0
1787735106.328,elbow_flex,62.282,63.516,62.282,-1.235,-1.235,0
1787735106.328,wrist_flex,-5.167,-4.967,-5.167,-0.200,-0.200,0
1787735106.328,wrist_roll,-3.646,-3.560,-3.646,-0.086,-0.086,0
1787735106.328,gripper,5.645,5.169,5.645,0.476,0.476,0
1787735106.379,shoulder_pan,-4.297,-4.220,-4.297,-0.077,-0.077,0
1787735106.379,shoulder_lift,-69.502,-70.769,-69.502,1.268,1.268,0
1787735106.379,elbow_flex,62.147,63.516,62.147,-1.370,-1.370,0
1787735106.379,wrist_flex,-4.868,-4.967,-4.868,0.099,0.099,0
1787735106.379,wrist_roll,-3.635,-3.560,-3.635,-0.075,-0.075,0
1787735106.379,gripper,5.689,5.302,5.689,0.388,0.388,0
1787735106.428,shoulder_pan,-4.388,-4.220,-4.388,-0.168,-0.168,0
1787735106.428,shoulder_lift,-68.830,-70.154,-68.830,1.324,1.324,0
1787735106.428,elbow_flex,62.061,63.516,62.061,-1.455,-1.455,0
1787735106.428,wrist_flex,-4.643,-4.967,-4.643,0.324,0.324,0
1787735106.428,wrist_roll,-3.632,-3.560,-3.632,-0.072,-0.072,0
1787735106.428,gripper,5.726,5.368,5.726,0.358,0.358,0
1787735106.478,shoulder_pan,-4.445,-4.220,-4.445,-0.225,-0.225,0
1787735106.478,shoulder_lift,-68.152,-69.626,-68.152,1.474,1.474,0
1787735106.478,elbow_flex,61.925,63.516,61.925,-1.592,-1.592,0
1787735106.478,wrist_flex,-4.350,-4.791,-4.350,0.441,0.441,0
1787735106.478,wrist_roll,-3.615,-3.560,-3.615,-0.055,-0.055,0
1787735106.478,gripper,5.760,5.368,5.760,0.392,0.392,0
1787735106.528,shoulder_pan,-4.622,-4.220,-4.622,-0.402,-0.402,0
1787735106.528,shoulder_lift,-67.514,-69.011,-67.514,1.497,1.497,0
1787735106.528,elbow_flex,61.760,63.516,61.760,-1.756,-1.756,0
1787735106.528,wrist_flex,-3.926,-4.615,-3.926,0.689,0.689,0
1787735106.528,wrist_roll,-3.626,-3.560,-3.626,-0.065,-0.065,0
1787735106.528,gripper,5.807,5.368,5.807,0.439,0.439,0
1787735106.580,shoulder_pan,-4.767,-4.220,-4.767,-0.547,-0.547,0
1787735106.580,shoulder_lift,-67.195,-68.220,-67.195,1.024,1.024,0
1787735106.580,elbow_flex,61.593,63.516,61.593,-1.923,-1.923,0
1787735106.580,wrist_flex,-3.593,-4.176,-3.593,0.583,0.583,0
1787735106.580,wrist_roll,-3.596,-3.560,-3.596,-0.036,-0.036,0
1787735106.580,gripper,5.831,5.434,5.831,0.397,0.397,0
1787735106.628,shoulder_pan,-4.822,-4.220,-4.822,-0.602,-0.602,0
1787735106.628,shoulder_lift,-66.931,-67.692,-66.931,0.762,0.762,0
1787735106.628,elbow_flex,61.385,63.516,61.385,-2.131,-2.131,0
1787735106.628,wrist_flex,-3.393,-4.088,-3.393,0.695,0.695,0
1787735106.628,wrist_roll,-3.595,-3.560,-3.595,-0.034,-0.034,0
1787735106.628,gripper,5.817,5.434,5.817,0.383,0.383,0
1787735106.678,shoulder_pan,-4.917,-4.396,-4.917,-0.522,-0.522,0
1787735106.678,shoulder_lift,-66.554,-67.341,-66.554,0.787,0.787,0
1787735106.678,elbow_flex,61.233,63.516,61.233,-2.283,-2.283,0
1787735106.678,wrist_flex,-2.922,-3.736,-2.922,0.815,0.815,0
1787735106.678,wrist_roll,-3.545,-3.560,-3.545,0.016,0.016,0
1787735106.678,gripper,5.844,5.434,5.844,0.410,0.410,0
1787735106.728,shoulder_pan,-4.980,-4.571,-4.980,-0.409,-0.409,0
1787735106.728,shoulder_lift,-66.590,-66.989,-66.590,0.399,0.399,0
1787735106.728,elbow_flex,61.016,63.516,61.016,-2.501,-2.501,0
1787735106.728,wrist_flex,-2.650,-3.473,-2.650,0.823,0.823,0
1787735106.728,wrist_roll,-3.503,-3.560,-3.503,0.058,0.058,0
1787735106.728,gripper,5.880,5.434,5.880,0.446,0.446,0
1787735106.778,shoulder_pan,-5.037,-4.659,-5.037,-0.378,-0.378,0
1787735106.778,shoulder_lift,-66.656,-66.725,-66.656,0.069,0.069,0
1787735106.778,elbow_flex,60.827,63.516,60.827,-2.690,-2.690,0
1787735106.778,wrist_flex,-1.882,-2.945,-1.882,1.063,1.063,0
1787735106.778,wrist_roll,-3.451,-3.560,-3.451,0.109,0.109,0
1787735106.778,gripper,5.899,5.434,5.899,0.465,0.465,0
1787735106.828,shoulder_pan,-5.059,-4.659,-5.059,-0.400,-0.400,0
1787735106.828,shoulder_lift,-66.720,-66.725,-66.720,0.006,0.006,0
1787735106.828,elbow_flex,60.668,63.516,60.668,-2.849,-2.849,0
1787735106.828,wrist_flex,-1.779,-2.505,-1.779,0.726,0.726,0
1787735106.828,wrist_roll,-3.391,-3.560,-3.391,0.169,0.169,0
1787735106.828,gripper,5.920,5.434,5.920,0.485,0.485,0
1787735106.880,shoulder_pan,-5.243,-4.659,-5.243,-0.584,-0.584,0
1787735106.880,shoulder_lift,-66.523,-66.725,-66.523,0.202,0.202,0
1787735106.880,elbow_flex,60.130,63.516,60.130,-3.386,-3.386,0
1787735106.880,wrist_flex,-0.665,-2.066,-0.665,1.401,1.401,0
1787735106.880,wrist_roll,-3.363,-3.560,-3.363,0.198,0.198,0
1787735106.880,gripper,5.950,5.434,5.950,0.516,0.516,0
1787735106.928,shoulder_pan,-5.381,-4.659,-5.381,-0.722,-0.722,0
1787735106.928,shoulder_lift,-66.657,-66.725,-66.657,0.068,0.068,0
1787735106.928,elbow_flex,59.943,63.253,59.943,-3.310,-3.310,0
1787735106.928,wrist_flex,-0.699,-1.714,-0.699,1.015,1.015,0
1787735106.928,wrist_roll,-3.356,-3.560,-3.356,0.205,0.205,0
1787735106.928,gripper,5.955,5.434,5.955,0.521,0.521,0
1787735106.980,shoulder_pan,-5.505,-4.923,-5.505,-0.582,-0.582,0
1787735106.980,shoulder_lift,-66.501,-66.725,-66.501,0.224,0.224,0
1787735106.980,elbow_flex,59.885,62.813,59.885,-2.928,-2.928,0
1787735106.980,wrist_flex,-0.402,-1.099,-0.402,0.697,0.697,0
1787735106.980,wrist_roll,-3.322,-3.560,-3.322,0.239,0.239,0
1787735106.980,gripper,5.941,5.434,5.941,0.507,0.507,0
1787735107.029,shoulder_pan,-5.305,-5.187,-5.305,-0.119,-0.119,0
1787735107.029,shoulder_lift,-65.120,-66.725,-65.120,1.605,1.605,0
1787735107.029,elbow_flex,58.632,62.725,58.632,-4.093,-4.093,0
1787735107.029,wrist_flex,0.212,-0.835,0.212,1.047,1.047,0
1787735107.029,wrist_roll,-3.452,-3.560,-3.452,0.109,0.109,0
1787735107.029,gripper,5.649,5.434,5.649,0.215,0.215,0
1787735107.079,shoulder_pan,-5.090,-5.275,-5.090,0.185,0.185,0
1787735107.079,shoulder_lift,-62.654,-66.462,-62.654,3.807,3.807,0
1787735107.079,elbow_flex,57.209,62.462,57.209,-5.253,-5.253,0
1787735107.079,wrist_flex,1.660,-0.396,1.660,2.055,2.055,0
1787735107.079,wrist_roll,-3.560,-3.560,-3.560,0.001,0.001,0
1787735107.079,gripper,5.266,5.434,5.266,-0.168,-0.168,0
1787735107.130,shoulder_pan,-5.042,-5.275,-5.042,0.233,0.233,0
1787735107.130,shoulder_lift,-61.961,-65.231,-61.961,3.269,3.269,0
1787735107.130,elbow_flex,57.103,61.319,57.103,-4.215,-4.215,0
1787735107.130,wrist_flex,1.747,0.308,1.747,1.439,1.439,0
1787735107.130,wrist_roll,-3.483,-3.560,-3.483,0.077,0.077,0
1787735107.130,gripper,5.123,5.434,5.123,-0.311,-0.311,0
1787735107.179,shoulder_pan,-5.103,-5.275,-5.103,0.171,0.171,0
1787735107.179,shoulder_lift,-61.240,-63.473,-61.240,2.233,2.233,0
1787735107.179,elbow_flex,57.027,60.352,57.027,-3.324,-3.324,0
1787735107.179,wrist_flex,2.643,1.187,2.643,1.457,1.457,0
1787735107.179,wrist_roll,-3.404,-3.560,-3.404,0.156,0.156,0
1787735107.179,gripper,5.101,5.434,5.101,-0.333,-0.333,0
1787735107.229,shoulder_pan,-5.124,-5.275,-5.124,0.151,0.151,0
1787735107.229,shoulder_lift,-61.018,-62.330,-61.018,1.312,1.312,0
1787735107.229,elbow_flex,57.080,60.264,57.080,-3.184,-3.184,0
1787735107.229,wrist_flex,3.401,1.802,3.401,1.598,1.598,0
1787735107.229,wrist_roll,-3.266,-3.560,-3.266,0.295,0.295,0
1787735107.229,gripper,5.036,5.368,5.036,-0.332,-0.332,0
1787735107.280,shoulder_pan,-5.153,-5.275,-5.153,0.121,0.121,0
1787735107.280,shoulder_lift,-60.549,-61.626,-60.549,1.078,1.078,0
1787735107.280,elbow_flex,56.951,60.264,56.951,-3.313,-3.313,0
1787735107.280,wrist_flex,4.100,2.593,4.100,1.507,1.507,0
1787735107.280,wrist_roll,-3.144,-3.560,-3.144,0.417,0.417,0
1787735107.280,gripper,4.968,5.235,4.968,-0.267,-0.267,0
1787735107.330,shoulder_pan,-5.087,-5.275,-5.087,0.188,0.188,0
1787735107.330,shoulder_lift,-60.323,-61.099,-60.323,0.776,0.776,0
1787735107.330,elbow_flex,56.800,60.264,56.800,-3.464,-3.464,0
1787735107.330,wrist_flex,5.008,3.385,5.008,1.624,1.624,0
1787735107.330,wrist_roll,-2.997,-3.560,-2.997,0.563,0.563,0
1787735107.330,gripper,4.898,5.235,4.898,-0.337,-0.337,0
1787735107.379,shoulder_pan,-5.003,-5.275,-5.003,0.272,0.272,0
1787735107.379,shoulder_lift,-60.116,-60.747,-60.116,0.631,0.631,0
1787735107.379,elbow_flex,56.762,60.264,56.762,-3.502,-3.502,0
1787735107.379,wrist_flex,5.629,4.088,5.629,1.541,1.541,0
1787735107.379,wrist_roll,-2.872,-3.560,-2.872,0.688,0.688,0
1787735107.379,gripper,4.789,5.169,4.789,-0.380,-0.380,0
1787735107.431,shoulder_pan,-4.997,-5.275,-4.997,0.278,0.278,0
1787735107.431,shoulder_lift,-60.132,-60.396,-60.132,0.263,0.263,0
1787735107.431,elbow_flex,56.660,60.176,56.660,-3.516,-3.516,0
1787735107.431,wrist_flex,6.692,4.879,6.692,1.813,1.813,0
1787735107.431,wrist_roll,-2.604,-3.385,-2.604,0.780,0.780,0
1787735107.431,gripper,4.707,5.036,4.707,-0.329,-0.329,0
1787735107.479,shoulder_pan,-5.034,-5.363,-5.034,0.329,0.329,0
1787735107.479,shoulder_lift,-60.278,-60.220,-60.278,-0.058,-0.058,0
1787735107.479,elbow_flex,56.586,60.176,56.586,-3.590,-3.590,0
1787735107.479,wrist_flex,7.260,5.670,7.260,1.590,1.590,0
1787735107.479,wrist_roll,-2.502,-3.033,-2.502,0.531,0.531,0
1787735107.479,gripper,4.606,5.036,4.606,-0.430,-0.430,0
1787735107.531,shoulder_pan,-5.176,-5.363,-5.176,0.186,0.186,0
1787735107.531,shoulder_lift,-60.265,-60.220,-60.265,-0.045,-0.045,0
1787735107.531,elbow_flex,56.405,60.176,56.405,-3.771,-3.771,0
1787735107.531,wrist_flex,8.458,6.549,8.458,1.908,1.908,0
1787735107.531,wrist_roll,-2.294,-2.945,-2.294,0.651,0.651,0
1787735107.531,gripper,4.524,4.970,4.524,-0.446,-0.446,0
1787735107.581,shoulder_pan,-5.196,-5.363,-5.196,0.167,0.167,0
1787735107.581,shoulder_lift,-60.190,-60.220,-60.190,0.030,0.030,0
1787735107.581,elbow_flex,56.299,60.176,56.299,-3.876,-3.876,0
1787735107.581,wrist_flex,9.338,7.341,9.338,1.998,1.998,0
1787735107.581,wrist_roll,-2.138,-2.769,-2.138,0.631,0.631,0
1787735107.581,gripper,4.435,4.904,4.435,-0.468,-0.468,0
1787735107.630,shoulder_pan,-5.114,-5.363,-5.114,0.249,0.249,0
1787735107.630,shoulder_lift,-60.330,-60.220,-60.330,-0.110,-0.110,0
1787735107.630,elbow_flex,56.238,60.176,56.238,-3.937,-3.937,0
1787735107.630,wrist_flex,9.726,8.308,9.726,1.419,1.419,0
1787735107.630,wrist_roll,-1.929,-2.593,-1.929,0.665,0.665,0
1787735107.630,gripper,4.376,4.838,4.376,-0.461,-0.461,0
1787735107.680,shoulder_pan,-5.125,-5.363,-5.125,0.237,0.237,0
1787735107.680,shoulder_lift,-60.160,-60.220,-60.160,0.060,0.060,0
1787735107.680,elbow_flex,55.887,60.176,55.887,-4.289,-4.289,0
1787735107.680,wrist_flex,10.554,9.099,10.554,1.455,1.455,0
1787735107.680,wrist_roll,-1.797,-2.418,-1.797,0.620,0.620,0
1787735107.680,gripper,4.316,4.639,4.316,-0.323,-0.323,0
1787735107.730,shoulder_pan,-5.141,-5.363,-5.141,0.222,0.222,0
1787735107.730,shoulder_lift,-60.449,-60.220,-60.449,-0.229,-0.229,0
1787735107.730,elbow_flex,55.710,60.088,55.710,-4.378,-4.378,0
1787735107.730,wrist_flex,11.942,9.802,11.942,2.140,2.140,0
1787735107.730,wrist_roll,-1.543,-2.330,-1.543,0.787,0.787,0
1787735107.730,gripper,4.232,4.639,4.232,-0.407,-0.407,0
1787735107.781,shoulder_pan,-5.099,-5.363,-5.099,0.264,0.264,0
1787735107.781,shoulder_lift,-60.999,-60.220,-60.999,-0.780,-0.780,0
1787735107.781,elbow_flex,55.071,59.648,55.071,-4.577,-4.577,0
1787735107.781,wrist_flex,12.055,10.593,12.055,1.462,1.462,0
1787735107.781,wrist_roll,-1.228,-1.978,-1.228,0.750,0.750,0
1787735107.781,gripper,4.075,4.639,4.075,-0.564,-0.564,0
1787735107.831,shoulder_pan,-5.120,-5.363,-5.120,0.243,0.243,0
1787735107.831,shoulder_lift,-61.103,-60.220,-61.103,-0.883,-0.883,0
1787735107.831,elbow_flex,54.822,59.209,54.822,-4.387,-4.387,0
1787735107.831,wrist_flex,12.778,11.560,12.778,1.217,1.217,0
1787735107.831,wrist_roll,-0.966,-1.802,-0.966,0.836,0.836,0
1787735107.831,gripper,4.027,4.573,4.027,-0.545,-0.545,0
1787735107.881,shoulder_pan,-5.210,-5.363,-5.210,0.152,0.152,0
1787735107.881,shoulder_lift,-61.040,-60.220,-61.040,-0.820,-0.820,0
1787735107.881,elbow_flex,54.248,58.769,54.248,-4.521,-4.521,0
1787735107.881,wrist_flex,14.226,11.912,14.226,2.314,2.314,0
1787735107.881,wrist_roll,-0.723,-1.626,-0.723,0.904,0.904,0
1787735107.881,gripper,3.952,4.374,3.952,-0.422,-0.422,0
1787735107.930,shoulder_pan,-5.153,-5.363,-5.153,0.210,0.210,0
1787735107.930,shoulder_lift,-61.403,-60.308,-61.403,-1.095,-1.095,0
1787735107.930,elbow_flex,54.049,57.978,54.049,-3.929,-3.929,0
1787735107.930,wrist_flex,14.108,12.791,14.108,1.317,1.317,0
1787735107.930,wrist_roll,-0.467,-1.099,-0.467,0.632,0.632,0
1787735107.930,gripper,3.893,4.374,3.893,-0.480,-0.480,0
1787735107.981,shoulder_pan,-5.190,-5.363,-5.190,0.173,0.173,0
1787735107.981,shoulder_lift,-61.500,-60.308,-61.500,-1.192,-1.192,0
1787735107.981,elbow_flex,53.796,57.363,53.796,-3.566,-3.566,0
1787735107.981,wrist_flex,14.347,13.582,14.347,0.765,0.765,0
1787735107.981,wrist_roll,-0.387,-1.011,-0.387,0.624,0.624,0
1787735107.981,gripper,3.881,4.307,3.881,-0.426,-0.426,0
1787735108.031,shoulder_pan,-5.013,-5.363,-5.013,0.350,0.350,0
1787735108.031,shoulder_lift,-59.437,-60.484,-59.437,1.046,1.046,0
1787735108.031,elbow_flex,53.731,57.011,53.731,-3.280,-3.280,0
1787735108.031,wrist_flex,11.986,13.846,11.986,-1.860,-1.860,0
1787735108.031,wrist_roll,-0.659,-0.835,-0.659,0.176,0.176,0
1787735108.031,gripper,4.182,4.241,4.182,-0.059,-0.059,0
1787735108.081,shoulder_pan,-5.036,-5.363,-5.036,0.326,0.326,0
1787735108.081,shoulder_lift,-54.767,-60.484,-54.767,5.717,5.717,0
1787735108.081,elbow_flex,54.475,56.659,54.475,-2.184,-2.184,0
1787735108.081,wrist_flex,7.521,13.934,7.521,-6.413,-6.413,0
1787735108.081,wrist_roll,-1.539,-0.571,-1.539,-0.967,-0.967,0
1787735108.081,gripper,5.260,4.241,5.260,1.019,1.019,0
1787735108.131,shoulder_pan,-5.069,-5.363,-5.069,0.294,0.294,0
1787735108.131,shoulder_lift,-53.264,-59.429,-53.264,6.164,6.164,0
1787735108.131,elbow_flex,54.821,56.571,54.821,-1.751,-1.751,0
1787735108.131,wrist_flex,6.795,12.352,6.795,-5.557,-5.557,0
1787735108.131,wrist_roll,-1.640,-0.835,-1.640,-0.805,-0.805,0
1787735108.131,gripper,5.689,4.307,5.689,1.382,1.382,0
1787735108.181,shoulder_pan,-5.070,-5.363,-5.070,0.292,0.292,0
1787735108.181,shoulder_lift,-52.291,-56.703,-52.291,4.412,4.412,0
1787735108.181,elbow_flex,55.184,56.571,55.184,-1.388,-1.388,0
1787735108.181,wrist_flex,6.283,9.626,6.283,-3.344,-3.344,0
1787735108.181,wrist_roll,-1.744,-1.451,-1.744,-0.294,-0.294,0
1787735108.181,gripper,6.075,4.904,6.075,1.171,1.171,0
1787735108.231,shoulder_pan,-4.924,-5.363,-4.924,0.439,0.439,0
1787735108.231,shoulder_lift,-51.712,-54.330,-51.712,2.618,2.618,0
1787735108.231,elbow_flex,55.654,56.659,55.654,-1.005,-1.005,0
1787735108.231,wrist_flex,5.802,8.308,5.802,-2.505,-2.505,0
1787735108.231,wrist_roll,-1.777,-1.538,-1.777,-0.239,-0.239,0
1787735108.231,gripper,6.163,5.368,6.163,0.795,0.795,0
1787735108.281,shoulder_pan,-4.944,-5.363,-4.944,0.419,0.419,0
1787735108.281,shoulder_lift,-51.012,-52.835,-51.012,1.823,1.823,0
1787735108.281,elbow_flex,55.794,56.659,55.794,-0.865,-0.865,0
1787735108.281,wrist_flex,6.033,7.516,6.033,-1.484,-1.484,0
1787735108.281,wrist_roll,-1.792,-1.538,-1.792,-0.254,-0.254,0
1787735108.281,gripper,6.310,5.633,6.310,0.677,0.677,0
1787735108.331,shoulder_pan,-4.882,-5.363,-4.882,0.481,0.481,0
1787735108.331,shoulder_lift,-50.640,-52.044,-50.640,1.404,1.404,0
1787735108.331,elbow_flex,56.116,56.659,56.116,-0.543,-0.543,0
1787735108.331,wrist_flex,5.735,7.077,5.735,-1.342,-1.342,0
1787735108.331,wrist_roll,-1.903,-1.538,-1.903,-0.365,-0.365,0
1787735108.331,gripper,6.320,5.898,6.320,0.423,0.423,0
1787735108.381,shoulder_pan,-4.903,-5.363,-4.903,0.460,0.460,0
1787735108.381,shoulder_lift,-50.383,-51.165,-50.383,0.782,0.782,0
1787735108.381,elbow_flex,56.275,56.659,56.275,-0.384,-0.384,0
1787735108.381,wrist_flex,6.205,6.901,6.205,-0.696,-0.696,0
1787735108.381,wrist_roll,-1.905,-1.538,-1.905,-0.367,-0.367,0
1787735108.381,gripper,6.439,6.030,6.439,0.409,0.409,0
1787735108.431,shoulder_pan,-4.825,-5.275,-4.825,0.449,0.449,0
1787735108.431,shoulder_lift,-50.416,-50.813,-50.416,0.397,0.397,0
1787735108.431,elbow_flex,56.368,56.659,56.368,-0.291,-0.291,0
1787735108.431,wrist_flex,6.739,6.725,6.739,0.013,0.013,0
1787735108.431,wrist_roll,-1.954,-1.538,-1.954,-0.416,-0.416,0
1787735108.431,gripper,6.534,6.030,6.534,0.503,0.503,0
1787735108.482,shoulder_pan,-4.699,-5.275,-4.699,0.576,0.576,0
1787735108.482,shoulder_lift,-50.168,-50.637,-50.168,0.469,0.469,0
1787735108.482,elbow_flex,56.495,56.659,56.495,-0.164,-0.164,0
1787735108.482,wrist_flex,7.368,6.813,7.368,0.555,0.555,0
1787735108.482,wrist_roll,-2.038,-1.538,-2.038,-0.499,-0.499,0
1787735108.482,gripper,6.558,6.163,6.558,0.395,0.395,0
1787735108.531,shoulder_pan,-4.524,-5.275,-4.524,0.751,0.751,0
1787735108.531,shoulder_lift,-50.283,-50.374,-50.283,0.090,0.090,0
1787735108.531,elbow_flex,56.614,56.747,56.614,-0.133,-0.133,0
1787735108.531,wrist_flex,7.836,6.989,7.836,0.847,0.847,0
1787735108.531,wrist_roll,-2.075,-1.538,-2.075,-0.537,-0.537,0
1787735108.531,gripper,6.496,6.163,6.496,0.333,0.333,0
1787735108.581,shoulder_pan,-4.518,-5.275,-4.518,0.756,0.756,0
1787735108.581,shoulder_lift,-50.145,-50.286,-50.145,0.140,0.140,0
1787735108.581,elbow_flex,56.606,56.835,56.606,-0.229,-0.229,0
1787735108.581,wrist_flex,8.114,7.429,8.114,0.686,0.686,0
1787735108.581,wrist_roll,-2.141,-1.626,-2.141,-0.515,-0.515,0
1787735108.581,gripper,6.501,6.163,6.501,0.338,0.338,0
1787735108.631,shoulder_pan,-4.367,-5.099,-4.367,0.732,0.732,0
1787735108.631,shoulder_lift,-50.215,-50.286,-50.215,0.071,0.071,0
1787735108.631,elbow_flex,56.787,56.835,56.787,-0.048,-0.048,0
1787735108.631,wrist_flex,8.480,7.780,8.480,0.700,0.700,0
1787735108.631,wrist_roll,-2.166,-1.626,-2.166,-0.539,-0.539,0
1787735108.631,gripper,6.502,6.163,6.502,0.339,0.339,0
1787735108.681,shoulder_pan,-4.412,-4.923,-4.412,0.511,0.511,0
1787735108.681,shoulder_lift,-49.996,-50.286,-49.996,0.290,0.290,0
1787735108.681,elbow_flex,56.602,57.011,56.602,-0.409,-0.409,0
1787735108.681,wrist_flex,9.277,8.044,9.277,1.233,1.233,0
1787735108.681,wrist_roll,-2.214,-1.978,-2.214,-0.236,-0.236,0
1787735108.681,gripper,6.510,6.163,6.510,0.347,0.347,0
1787735108.731,shoulder_pan,-4.349,-4.835,-4.349,0.486,0.486,0
1787735108.731,shoulder_lift,-50.161,-50.198,-50.161,0.037,0.037,0
1787735108.731,elbow_flex,56.859,57.187,56.859,-0.327,-0.327,0
1787735108.731,wrist_flex,9.119,8.571,9.119,0.548,0.548,0
1787735108.731,wrist_roll,-2.266,-1.978,-2.266,-0.288,-0.288,0
1787735108.731,gripper,6.486,6.163,6.486,0.323,0.323,0
1787735108.783,shoulder_pan,-4.533,-4.835,-4.533,0.302,0.302,0
1787735108.783,shoulder_lift,-49.963,-50.110,-49.963,0.147,0.147,0
1787735108.783,elbow_flex,56.613,57.187,56.613,-0.574,-0.574,0
1787735108.783,wrist_flex,10.037,8.923,10.037,1.114,1.114,0
1787735108.783,wrist_roll,-2.299,-1.978,-2.299,-0.321,-0.321,0
1787735108.783,gripper,6.389,6.163,6.389,0.226,0.226,0
1787735108.832,shoulder_pan,-4.504,-4.835,-4.504,0.331,0.331,0
1787735108.832,shoulder_lift,-49.931,-50.110,-49.931,0.179,0.179,0
1787735108.832,elbow_flex,56.786,57.187,56.786,-0.400,-0.400,0
1787735108.832,wrist_flex,9.739,9.187,9.739,0.552,0.552,0
1787735108.832,wrist_roll,-2.292,-2.066,-2.292,-0.226,-0.226,0
1787735108.832,gripper,6.339,6.163,6.339,0.176,0.176,0
1787735108.882,shoulder_pan,-4.542,-4.835,-4.542,0.293,0.293,0
1787735108.882,shoulder_lift,-49.944,-50.022,-49.944,0.078,0.078,0
1787735108.882,elbow_flex,56.881,57.187,56.881,-0.306,-0.306,0
1787735108.882,wrist_flex,9.886,9.538,9.886,0.347,0.347,0
1787735108.882,wrist_roll,-2.279,-2.066,-2.279,-0.213,-0.213,0
1787735108.882,gripper,6.327,6.163,6.327,0.164,0.164,0
1787735108.932,shoulder_pan,-4.554,-4.835,-4.554,0.282,0.282,0
1787735108.932,shoulder_lift,-49.774,-49.934,-49.774,0.160,0.160,0
1787735108.932,elbow_flex,56.929,57.187,56.929,-0.258,-0.258,0
1787735108.932,wrist_flex,10.137,9.538,10.137,0.599,0.599,0
1787735108.932,wrist_roll,-2.282,-2.066,-2.282,-0.216,-0.216,0
1787735108.932,gripper,6.313,6.163,6.313,0.150,0.150,0
1787735108.983,shoulder_pan,-5.113,-4.835,-5.113,-0.278,-0.278,0
1787735108.983,shoulder_lift,-52.728,-49.934,-52.728,-2.794,-2.794,0
1787735108.983,elbow_flex,57.082,57.187,57.082,-0.105,-0.105,0
1787735108.983,wrist_flex,7.817,9.626,7.817,-1.810,-1.810,0
1787735108.983,wrist_roll,-2.111,-2.066,-2.111,-0.045,-0.045,0
1787735108.983,gripper,6.092,6.163,6.092,-0.071,-0.071,0
1787735109.032,shoulder_pan,-5.658,-4.835,-5.658,-0.823,-0.823,0
1787735109.032,shoulder_lift,-57.177,-49.934,-57.177,-7.243,-7.243,0
1787735109.032,elbow_flex,58.206,57.187,58.206,1.019,1.019,0
1787735109.032,wrist_flex,4.919,9.714,4.919,-4.795,-4.795,0
1787735109.032,wrist_roll,-1.864,-2.066,-1.864,0.202,0.202,0
1787735109.032,gripper,6.076,6.163,6.076,-0.087,-0.087,0
1787735109.082,shoulder_pan,-5.650,-4.923,-5.650,-0.727,-0.727,0
1787735109.082,shoulder_lift,-58.604,-51.516,-58.604,-7.088,-7.088,0
1787735109.082,elbow_flex,59.213,57.802,59.213,1.410,1.410,0
1787735109.082,wrist_flex,4.372,8.308,4.372,-3.936,-3.936,0
1787735109.082,wrist_roll,-1.724,-2.242,-1.724,0.517,0.517,0
1787735109.082,gripper,6.219,6.229,6.219,-0.010,-0.010,0
1787735109.133,shoulder_pan,-5.669,-5.363,-5.669,-0.306,-0.306,0
1787735109.133,shoulder_lift,-59.858,-54.681,-59.858,-5.177,-5.177,0
1787735109.133,elbow_flex,59.904,58.857,59.904,1.047,1.047,0
1787735109.133,wrist_flex,4.392,6.374,4.392,-1.982,-1.982,0
1787735109.133,wrist_roll,-1.578,-2.154,-1.578,0.576,0.576,0
1787735109.133,gripper,6.353,6.229,6.353,0.124,0.124,0
1787735109.183,shoulder_pan,-5.729,-5.538,-5.729,-0.190,-0.190,0
1787735109.183,shoulder_lift,-60.455,-56.791,-60.455,-3.664,-3.664,0
1787735109.183,elbow_flex,60.256,59.736,60.256,0.519,0.519,0
1787735109.183,wrist_flex,4.517,5.670,4.517,-1.154,-1.154,0
1787735109.183,wrist_roll,-1.509,-1.890,-1.509,0.381,0.381,0
1787735109.183,gripper,6.452,6.163,6.452,0.289,0.289,0
1787735109.232,shoulder_pan,-5.653,-5.451,-5.653,-0.203,-0.203,0
1787735109.232,shoulder_lift,-60.413,-58.022,-60.413,-2.391,-2.391,0
1787735109.232,elbow_flex,60.343,60.527,60.343,-0.184,-0.184,0
1787735109.232,wrist_flex,4.727,5.495,4.727,-0.767,-0.767,0
1787735109.232,wrist_roll,-1.514,-2.154,-1.514,0.640,0.640,0
1787735109.232,gripper,6.542,6.229,6.542,0.312,0.312,0
1787735109.283,shoulder_pan,-5.646,-5.363,-5.646,-0.283,-0.283,0
1787735109.283,shoulder_lift,-60.353,-58.813,-60.353,-1.540,-1.540,0
1787735109.283,elbow_flex,60.443,60.703,60.443,-0.260,-0.260,0
1787735109.283,wrist_flex,4.958,5.495,4.958,-0.537,-0.537,0
1787735109.283,wrist_roll,-1.571,-1.978,-1.571,0.407,0.407,0
1787735109.283,gripper,6.600,6.229,6.600,0.370,0.370,0
1787735109.333,shoulder_pan,-5.708,-5.363,-5.708,-0.345,-0.345,0
1787735109.333,shoulder_lift,-60.559,-59.165,-60.559,-1.394,-1.394,0
1787735109.333,elbow_flex,60.751,60.703,60.751,0.048,0.048,0
1787735109.333,wrist_flex,5.302,5.495,5.302,-0.193,-0.193,0
1787735109.333,wrist_roll,-1.529,-1.890,-1.529,0.361,0.361,0
1787735109.333,gripper,6.724,6.229,6.724,0.495,0.495,0
1787735109.384,shoulder_pan,-5.742,-5.363,-5.742,-0.380,-0.380,0
1787735109.384,shoulder_lift,-60.562,-59.516,-60.562,-1.045,-1.045,0
1787735109.384,elbow_flex,60.734,60.791,60.734,-0.057,-0.057,0
1787735109.384,wrist_flex,5.338,5.495,5.338,-0.156,-0.156,0
1787735109.384,wrist_roll,-1.587,-1.890,-1.587,0.304,0.304,0
1787735109.384,gripper,6.779,6.229,6.779,0.550,0.550,0
1787735109.433,shoulder_pan,-5.760,-5.363,-5.760,-0.397,-0.397,0
1787735109.433,shoulder_lift,-60.632,-59.516,-60.632,-1.115,-1.115,0
1787735109.433,elbow_flex,60.735,60.967,60.735,-0.232,-0.232,0
1787735109.433,wrist_flex,5.446,5.495,5.446,-0.049,-0.049,0
1787735109.433,wrist_roll,-1.634,-1.890,-1.634,0.256,0.256,0
1787735109.433,gripper,6.880,6.296,6.880,0.584,0.584,0
1787735109.486,shoulder_pan,-5.778,-5.363,-5.778,-0.416,-0.416,0
1787735109.486,shoulder_lift,-60.567,-59.516,-60.567,-1.051,-1.051,0
1787735109.486,elbow_flex,60.753,61.055,60.753,-0.302,-0.302,0
1787735109.486,wrist_flex,5.773,5.495,5.773,0.278,0.278,0
1787735109.486,wrist_roll,-1.702,-1.890,-1.702,0.188,0.188,0
1787735109.486,gripper,6.908,6.494,6.908,0.414,0.414,0
1787735109.533,shoulder_pan,-5.806,-5.363,-5.806,-0.444,-0.444,0
1787735109.533,shoulder_lift,-60.804,-59.516,-60.804,-1.287,-1.287,0
1787735109.533,elbow_flex,60.826,61.055,60.826,-0.229,-0.229,0
1787735109.533,wrist_flex,5.828,5.582,5.828,0.246,0.246,0
1787735109.533,wrist_roll,-1.723,-1.890,-1.723,0.167,0.167,0
1787735109.533,gripper,6.924,6.561,6.924,0.363,0.363,0
1787735109.583,shoulder_pan,-5.781,-5.363,-5.781,-0.419,-0.419,0
1787735109.583,shoulder_lift,-60.659,-59.516,-60.659,-1.143,-1.143,0
1787735109.583,elbow_flex,60.797,61.055,60.797,-0.257,-0.257,0
1787735109.583,wrist_flex,6.152,5.670,6.152,0.482,0.482,0
1787735109.583,wrist_roll,-1.743,-1.890,-1.743,0.147,0.147,0
1787735109.583,gripper,6.925,6.561,6.925,0.364,0.364,0
1787735109.633,shoulder_pan,-5.786,-5.363,-5.786,-0.423,-0.423,0
1787735109.633,shoulder_lift,-60.850,-59.516,-60.850,-1.333,-1.333,0
1787735109.633,elbow_flex,60.908,61.055,60.908,-0.147,-0.147,0
1787735109.633,wrist_flex,6.288,5.846,6.288,0.442,0.442,0
1787735109.633,wrist_roll,-1.780,-1.890,-1.780,0.110,0.110,0
1787735109.633,gripper,6.918,6.561,6.918,0.358,0.358,0
1787735109.683,shoulder_pan,-5.729,-5.363,-5.729,-0.366,-0.366,0
1787735109.683,shoulder_lift,-61.019,-59.604,-61.019,-1.414,-1.414,0
1787735109.683,elbow_flex,60.896,61.055,60.896,-0.159,-0.159,0
1787735109.683,wrist_flex,6.393,6.022,6.393,0.371,0.371,0
1787735109.683,wrist_roll,-1.818,-1.802,-1.818,-0.015,-0.015,0
1787735109.683,gripper,6.907,6.561,6.907,0.347,0.347,0
1787735109.733,shoulder_pan,-5.923,-5.363,-5.923,-0.561,-0.561,0
1787735109.733,shoulder_lift,-61.218,-59.956,-61.218,-1.262,-1.262,0
1787735109.733,elbow_flex,61.155,61.143,61.155,0.013,0.013,0
1787735109.733,wrist_flex,6.402,6.198,6.402,0.204,0.204,0
1787735109.733,wrist_roll,-1.780,-1.890,-1.780,0.110,0.110,0
1787735109.733,gripper,6.819,6.561,6.819,0.258,0.258,0
1787735109.783,shoulder_pan,-5.982,-5.363,-5.982,-0.619,-0.619,0
1787735109.783,shoulder_lift,-61.373,-60.132,-61.373,-1.241,-1.241,0
1787735109.783,elbow_flex,61.384,61.143,61.384,0.241,0.241,0
1787735109.783,wrist_flex,6.178,6.286,6.178,-0.108,-0.108,0
1787735109.783,wrist_roll,-1.752,-1.890,-1.752,0.138,0.138,0
1787735109.783,gripper,6.783,6.561,6.783,0.222,0.222,0
1787735109.834,shoulder_pan,-6.057,-5.626,-6.057,-0.430,-0.430,0
1787735109.834,shoulder_lift,-61.673,-60.308,-61.673,-1.365,-1.365,0
1787735109.834,elbow_flex,61.832,61.582,61.832,0.249,0.249,0
1787735109.834,wrist_flex,5.422,6.286,5.422,-0.864,-0.864,0
1787735109.834,wrist_roll,-1.728,-1.890,-1.728,0.162,0.162,0
1787735109.834,gripper,6.741,6.561,6.741,0.180,0.180,0
1787735109.884,shoulder_pan,-6.141,-5.802,-6.141,-0.339,-0.339,0
1787735109.884,shoulder_lift,-62.045,-60.396,-62.045,-1.649,-1.649,0
1787735109.884,elbow_flex,62.316,61.846,62.316,0.470,0.470,0
1787735109.884,wrist_flex,5.045,6.198,5.045,-1.153,-1.153,0
1787735109.884,wrist_roll,-1.698,-1.714,-1.698,0.017,0.017,0
1787735109.884,gripper,6.685,6.561,6.685,0.125,0.125,0
1787735109.934,shoulder_pan,-6.421,-5.802,-6.421,-0.619,-0.619,0
1787735109.934,shoulder_lift,-61.944,-60.835,-61.944,-1.109,-1.109,0
1787735109.934,elbow_flex,60.068,62.374,60.068,-2.306,-2.306,0
1787735109.934,wrist_flex,3.153,6.022,3.153,-2.869,-2.869,0
1787735109.934,wrist_roll,-1.716,-1.890,-1.716,0.174,0.174,0
1787735109.934,gripper,6.941,6.561,6.941,0.380,0.380,0
1787735109.984,shoulder_pan,-6.619,-5.802,-6.619,-0.817,-0.817,0
1787735109.984,shoulder_lift,-60.642,-61.011,-60.642,0.369,0.369,0
1787735109.984,elbow_flex,54.371,62.725,54.371,-8.354,-8.354,0
1787735109.984,wrist_flex,3.790,5.582,3.790,-1.793,-1.793,0
1787735109.984,wrist_roll,-2.102,-1.890,-2.102,-0.212,-0.212,0
1787735109.984,gripper,7.718,6.561,7.718,1.157,1.157,0
1787735110.035,shoulder_pan,-6.712,-6.154,-6.712,-0.558,-0.558,0
1787735110.035,shoulder_lift,-59.406,-61.011,-59.406,1.605,1.605,0
1787735110.035,elbow_flex,51.232,62.022,51.232,-10.790,-10.790,0
1787735110.035,wrist_flex,5.767,4.791,5.767,0.976,0.976,0
1787735110.035,wrist_roll,-2.425,-1.890,-2.425,-0.535,-0.535,0
1787735110.035,gripper,8.114,6.759,8.114,1.355,1.355,0
1787735110.084,shoulder_pan,-6.770,-6.593,-6.770,-0.177,-0.177,0
1787735110.084,shoulder_lift,-58.877,-60.220,-58.877,1.343,1.343,0
1787735110.084,elbow_flex,49.526,58.945,49.526,-9.419,-9.419,0
1787735110.084,wrist_flex,7.360,4.967,7.360,2.393,2.393,0
1787735110.084,wrist_roll,-2.554,-1.714,-2.554,-0.840,-0.840,0
1787735110.084,gripper,8.299,7.555,8.299,0.744,0.744,0
1787735110.134,shoulder_pan,-6.762,-6.681,-6.762,-0.080,-0.080,0
1787735110.134,shoulder_lift,-58.968,-59.429,-58.968,0.461,0.461,0
1787735110.134,elbow_flex,49.191,55.956,49.191,-6.765,-6.765,0
1787735110.134,wrist_flex,8.404,6.110,8.404,2.294,2.294,0
1787735110.134,wrist_roll,-2.642,-1.978,-2.642,-0.664,-0.664,0
1787735110.134,gripper,8.367,7.820,8.367,0.547,0.547,0
1787735110.185,shoulder_pan,-6.837,-6.330,-6.837,-0.507,-0.507,0
1787735110.185,shoulder_lift,-59.402,-59.341,-59.402,-0.061,-0.061,0
1787735110.185,elbow_flex,48.854,53.582,48.854,-4.728,-4.728,0
1787735110.185,wrist_flex,9.642,7.165,9.642,2.477,2.477,0
1787735110.185,wrist_roll,-2.616,-2.418,-2.616,-0.198,-0.198,0
1787735110.185,gripper,8.396,8.151,8.396,0.245,0.245,0
1787735110.235,shoulder_pan,-6.799,-6.418,-6.799,-0.382,-0.382,0
1787735110.235,shoulder_lift,-59.826,-59.341,-59.826,-0.485,-0.485,0
1787735110.235,elbow_flex,48.755,52.527,48.755,-3.773,-3.773,0
1787735110.235,wrist_flex,10.220,8.220,10.220,2.001,2.001,0
1787735110.235,wrist_roll,-2.611,-2.505,-2.611,-0.105,-0.105,0
1787735110.235,gripper,8.406,8.217,8.406,0.188,0.188,0
1787735110.285,shoulder_pan,-6.806,-6.593,-6.806,-0.213,-0.213,0
1787735110.285,shoulder_lift,-60.155,-59.341,-60.155,-0.814,-0.814,0
1787735110.285,elbow_flex,48.945,52.000,48.945,-3.055,-3.055,0
1787735110.285,wrist_flex,11.807,9.275,11.807,2.532,2.532,0
1787735110.285,wrist_roll,-2.523,-2.330,-2.523,-0.194,-0.194,0
1787735110.285,gripper,8.343,8.019,8.343,0.324,0.324,0
1787735110.335,shoulder_pan,-6.811,-6.330,-6.811,-0.481,-0.481,0
1787735110.335,shoulder_lift,-60.470,-59.341,-60.470,-1.129,-1.129,0
1787735110.335,elbow_flex,49.206,51.912,49.206,-2.706,-2.706,0
1787735110.335,wrist_flex,12.522,10.154,12.522,2.368,2.368,0
1787735110.335,wrist_roll,-2.459,-2.330,-2.459,-0.129,-0.129,0
1787735110.335,gripper,8.301,8.085,8.301,0.216,0.216,0
1787735110.385,shoulder_pan,-6.847,-6.418,-6.847,-0.429,-0.429,0
1787735110.385,shoulder_lift,-60.696,-59.429,-60.696,-1.267,-1.267,0
1787735110.385,elbow_flex,49.210,51.912,49.210,-2.702,-2.702,0
1787735110.385,wrist_flex,13.672,11.385,13.672,2.287,2.287,0
1787735110.385,wrist_roll,-2.406,-2.418,-2.406,0.012,0.012,0
1787735110.385,gripper,8.319,8.217,8.319,0.102,0.102,0
1787735110.434,shoulder_pan,-6.825,-6.418,-6.825,-0.407,-0.407,0
1787735110.434,shoulder_lift,-61.100,-59.516,-61.100,-1.583,-1.583,0
1787735110.434,elbow_flex,49.629,51.912,49.629,-2.283,-2.283,0
1787735110.434,wrist_flex,14.261,12.264,14.261,1.997,1.997,0
1787735110.434,wrist_roll,-2.358,-2.242,-2.358,-0.116,-0.116,0
1787735110.434,gripper,8.239,8.217,8.239,0.022,0.022,0
1787735110.485,shoulder_pan,-6.896,-6.418,-6.896,-0.479,-0.479,0
1787735110.485,shoulder_lift,-61.236,-59.780,-61.236,-1.456,-1.456,0
1787735110.485,elbow_flex,49.697,51.824,49.697,-2.127,-2.127,0
1787735110.485,wrist_flex,15.031,13.407,15.031,1.625,1.625,0
1787735110.485,wrist_roll,-2.267,-2.242,-2.267,-0.025,-0.025,0
1787735110.485,gripper,8.199,8.217,8.199,-0.018,-0.018,0
1787735110.534,shoulder_pan,-6.872,-6.418,-6.872,-0.454,-0.454,0
1787735110.534,shoulder_lift,-61.428,-60.044,-61.428,-1.384,-1.384,0
1787735110.534,elbow_flex,49.923,51.824,49.923,-1.902,-1.902,0
1787735110.534,wrist_flex,15.935,14.198,15.935,1.737,1.737,0
1787735110.534,wrist_roll,-2.233,-2.242,-2.233,0.009,0.009,0
1787735110.534,gripper,8.166,8.217,8.166,-0.052,-0.052,0
1787735110.584,shoulder_pan,-6.952,-6.418,-6.952,-0.534,-0.534,0
1787735110.584,shoulder_lift,-61.484,-60.308,-61.484,-1.176,-1.176,0
1787735110.584,elbow_flex,49.984,51.824,49.984,-1.841,-1.841,0
1787735110.584,wrist_flex,16.992,14.989,16.992,2.003,2.003,0
1787735110.584,wrist_roll,-2.116,-2.242,-2.116,0.126,0.126,0
1787735110.584,gripper,8.107,8.217,8.107,-0.111,-0.111,0
1787735110.635,shoulder_pan,-6.973,-6.418,-6.973,-0.555,-0.555,0
1787735110.635,shoulder_lift,-61.810,-60.484,-61.810,-1.327,-1.327,0
1787735110.635,elbow_flex,50.289,51.824,50.289,-1.535,-1.535,0
1787735110.635,wrist_flex,17.754,15.868,17.754,1.886,1.886,0
1787735110.635,wrist_roll,-1.973,-2.242,-1.973,0.269,0.269,0
1787735110.635,gripper,8.036,8.217,8.036,-0.181,-0.181,0
1787735110.684,shoulder_pan,-6.961,-6.681,-6.961,-0.280,-0.280,0
1787735110.684,shoulder_lift,-61.958,-60.747,-61.958,-1.210,-1.210,0
1787735110.684,elbow_flex,50.260,51.824,50.260,-1.564,-1.564,0
1787735110.684,wrist_flex,19.053,16.747,19.053,2.305,2.305,0
1787735110.684,wrist_roll,-1.793,-2.242,-1.793,0.448,0.448,0
1787735110.684,gripper,7.905,8.217,7.905,-0.313,-0.313,0
1787735110.735,shoulder_pan,-7.033,-6.857,-7.033,-0.176,-0.176,0
1787735110.735,shoulder_lift,-62.133,-61.011,-62.133,-1.122,-1.122,0
1787735110.735,elbow_flex,50.684,51.824,50.684,-1.140,-1.140,0
1787735110.735,wrist_flex,19.252,17.714,19.252,1.538,1.538,0
1787735110.735,wrist_roll,-1.708,-2.242,-1.708,0.534,0.534,0
1787735110.735,gripper,7.843,8.217,7.843,-0.374,-0.374,0
1787735110.785,shoulder_pan,-7.114,-6.857,-7.114,-0.257,-0.257,0
1787735110.785,shoulder_lift,-62.170,-61.187,-62.170,-0.983,-0.983,0
1787735110.785,elbow_flex,50.750,51.824,50.750,-1.075,-1.075,0
1787735110.785,wrist_flex,19.901,18.681,19.901,1.220,1.220,0
1787735110.785,wrist_roll,-1.567,-2.154,-1.567,0.587,0.587,0
1787735110.785,gripper,7.804,8.151,7.804,-0.347,-0.347,0
1787735110.835,shoulder_pan,-7.249,-6.857,-7.249,-0.392,-0.392,0
1787735110.835,shoulder_lift,-62.283,-61.275,-62.283,-1.008,-1.008,0
1787735110.835,elbow_flex,50.899,51.824,50.899,-0.926,-0.926,0
1787735110.835,wrist_flex,20.558,19.209,20.558,1.349,1.349,0
1787735110.835,wrist_roll,-1.431,-1.978,-1.431,0.547,0.547,0
1787735110.835,gripper,7.778,8.151,7.778,-0.374,-0.374,0
1787735110.886,shoulder_pan,-6.506,-6.857,-6.506,0.351,0.351,0
1787735110.886,shoulder_lift,-61.444,-61.363,-61.444,-0.082,-0.082,0
1787735110.886,elbow_flex,48.667,51.824,48.667,-3.157,-3.157,0
1787735110.886,wrist_flex,17.600,19.824,17.600,-2.224,-2.224,0
1787735110.886,wrist_roll,-1.588,-1.802,-1.588,0.214,0.214,0
1787735110.886,gripper,7.778,8.151,7.778,-0.373,-0.373,0
1787735110.936,shoulder_pan,-5.469,-6.857,-5.469,1.388,1.388,0
1787735110.936,shoulder_lift,-59.503,-61.363,-59.503,1.860,1.860,0
1787735110.936,elbow_flex,45.989,51.824,45.989,-5.835,-5.835,0
1787735110.936,wrist_flex,12.714,20.176,12.714,-7.461,-7.461,0
1787735110.936,wrist_roll,-1.871,-1.714,-1.871,-0.156,-0.156,0
1787735110.936,gripper,7.834,8.151,7.834,-0.317,-0.317,0
1787735110.986,shoulder_pan,-5.347,-6.769,-5.347,1.422,1.422,0
1787735110.986,shoulder_lift,-58.790,-60.835,-58.790,2.045,2.045,0
1787735110.986,elbow_flex,45.969,50.945,45.969,-4.976,-4.976,0
1787735110.986,wrist_flex,10.080,18.330,10.080,-8.250,-8.250,0
1787735110.986,wrist_roll,-1.906,-1.890,-1.906,-0.016,-0.016,0
1787735110.986,gripper,7.791,8.151,7.791,-0.360,-0.360,0
1787735111.036,shoulder_pan,-5.370,-6.066,-5.370,0.696,0.696,0
1787735111.036,shoulder_lift,-57.874,-59.692,-57.874,1.818,1.818,0
1787735111.036,elbow_flex,45.855,49.363,45.855,-3.508,-3.508,0
1787735111.036,wrist_flex,9.283,14.901,9.283,-5.618,-5.618,0
1787735111.036,wrist_roll,-1.899,-1.890,-1.899,-0.008,-0.008,0
1787735111.036,gripper,7.814,8.151,7.814,-0.337,-0.337,0
1787735111.086,shoulder_pan,-5.362,-5.626,-5.362,0.264,0.264,0
1787735111.086,shoulder_lift,-57.216,-58.989,-57.216,1.773,1.773,0
1787735111.086,elbow_flex,45.487,48.747,45.487,-3.260,-3.260,0
1787735111.086,wrist_flex,7.498,12.264,7.498,-4.765,-4.765,0
1787735111.086,wrist_roll,-1.878,-1.890,-1.878,0.012,0.012,0
1787735111.086,gripper,7.832,8.085,7.832,-0.253,-0.253,0
1787735111.136,shoulder_pan,-5.423,-5.714,-5.423,0.291,0.291,0
1787735111.136,shoulder_lift,-56.366,-58.110,-56.366,1.744,1.744,0
1787735111.136,elbow_flex,45.205,48.484,45.205,-3.279,-3.279,0
1787735111.136,wrist_flex,5.772,10.857,5.772,-5.085,-5.085,0
1787735111.136,wrist_roll,-1.949,-1.890,-1.949,-0.058,-0.058,0
1787735111.136,gripper,7.771,8.085,7.771,-0.314,-0.314,0
1787735111.186,shoulder_pan,-5.440,-5.802,-5.440,0.363,0.363,0
1787735111.186,shoulder_lift,-56.073,-57.319,-56.073,1.246,1.246,0
1787735111.186,elbow_flex,45.349,48.396,45.349,-3.046,-3.046,0
1787735111.186,wrist_flex,4.051,8.835,4.051,-4.784,-4.784,0
1787735111.186,wrist_roll,-1.972,-1.890,-1.972,-0.082,-0.082,0
1787735111.186,gripper,7.759,8.085,7.759,-0.326,-0.326,0
1787735111.236,shoulder_pan,-5.363,-5.802,-5.363,0.439,0.439,0
1787735111.236,shoulder_lift,-55.558,-56.703,-55.558,1.145,1.145,0
1787735111.236,elbow_flex,45.075,48.220,45.075,-3.145,-3.145,0
1787735111.236,wrist_flex,3.596,7.165,3.596,-3.569,-3.569,0
1787735111.236,wrist_roll,-2.029,-1.890,-2.029,-0.138,-0.138,0
1787735111.236,gripper,7.698,8.085,7.698,-0.387,-0.387,0
1787735111.287,shoulder_pan,-5.550,-5.802,-5.550,0.252,0.252,0
1787735111.287,shoulder_lift,-55.174,-56.088,-55.174,0.914,0.914,0
1787735111.287,elbow_flex,44.773,48.220,44.773,-3.447,-3.447,0
1787735111.287,wrist_flex,2.595,5.582,2.595,-2.988,-2.988,0
1787735111.287,wrist_roll,-2.059,-1.890,-2.059,-0.169,-0.169,0
1787735111.287,gripper,7.652,7.952,7.652,-0.300,-0.300,0
1787735111.336,shoulder_pan,-5.308,-5.802,-5.308,0.494,0.494,0
1787735111.336,shoulder_lift,-54.983,-55.560,-54.983,0.577,0.577,0
1787735111.336,elbow_flex,44.599,48.132,44.599,-3.533,-3.533,0
1787735111.336,wrist_flex,1.048,4.703,1.048,-3.655,-3.655,0
1787735111.336,wrist_roll,-2.015,-1.890,-2.015,-0.125,-0.125,0
1787735111.336,gripper,7.630,7.952,7.630,-0.322,-0.322,0
1787735111.387,shoulder_pan,-5.435,-5.802,-5.435,0.367,0.367,0
1787735111.387,shoulder_lift,-54.253,-55.297,-54.253,1.044,1.044,0
1787735111.387,elbow_flex,44.876,47.868,44.876,-2.992,-2.992,0
1787735111.387,wrist_flex,-0.279,3.648,-0.279,-3.928,-3.928,0
1787735111.387,wrist_roll,-2.071,-1.802,-2.071,-0.269,-0.269,0
1787735111.387,gripper,7.472,7.820,7.472,-0.348,-0.348,0
1787735111.436,shoulder_pan,-5.445,-5.802,-5.445,0.357,0.357,0
1787735111.436,shoulder_lift,-53.931,-54.945,-53.931,1.014,1.014,0
1787735111.436,elbow_flex,45.042,47.868,45.042,-2.826,-2.826,0
1787735111.436,wrist_flex,-1.516,2.154,-1.516,-3.670,-3.670,0
1787735111.436,wrist_roll,-2.104,-1.802,-2.104,-0.302,-0.302,0
1787735111.436,gripper,7.353,7.820,7.353,-0.467,-0.467,0
1787735111.486,shoulder_pan,-5.479,-5.802,-5.479,0.323,0.323,0
1787735111.486,shoulder_lift,-52.992,-54.330,-52.992,1.338,1.338,0
1787735111.486,elbow_flex,45.352,47.868,45.352,-2.516,-2.516,0
1787735111.486,wrist_flex,-3.006,0.835,-3.006,-3.841,-3.841,0
1787735111.486,wrist_roll,-2.285,-1.714,-2.285,-0.570,-0.570,0
1787735111.486,gripper,7.135,7.621,7.135,-0.486,-0.486,0
1787735111.536,shoulder_pan,-5.440,-5.802,-5.440,0.362,0.362,0
1787735111.536,shoulder_lift,-52.201,-53.802,-52.201,1.601,1.601,0
1787735111.536,elbow_flex,45.641,47.868,45.641,-2.227,-2.227,0
1787735111.536,wrist_flex,-4.319,-0.396,-4.319,-3.923,-3.923,0
1787735111.536,wrist_roll,-2.326,-1.714,-2.326,-0.612,-0.612,0
1787735111.536,gripper,6.922,7.422,6.922,-0.501,-0.501,0
1787735111.586,shoulder_pan,-5.509,-5.802,-5.509,0.293,0.293,0
1787735111.586,shoulder_lift,-51.266,-53.011,-51.266,1.745,1.745,0
1787735111.586,elbow_flex,46.072,47.868,46.072,-1.796,-1.796,0
1787735111.586,wrist_flex,-5.363,-1.890,-5.363,-3.473,-3.473,0
1787735111.586,wrist_roll,-2.442,-1.978,-2.442,-0.464,-0.464,0
1787735111.586,gripper,6.710,7.223,6.710,-0.513,-0.513,0
1787735111.637,shoulder_pan,-5.451,-5.802,-5.451,0.351,0.351,0
1787735111.637,shoulder_lift,-49.283,-52.132,-49.283,2.849,2.849,0
1787735111.637,elbow_flex,46.222,47.868,46.222,-1.646,-1.646,0
1787735111.637,wrist_flex,-6.690,-3.209,-6.690,-3.481,-3.481,0
1787735111.637,wrist_roll,-2.581,-2.154,-2.581,-0.428,-0.428,0
1787735111.637,gripper,6.295,6.958,6.295,-0.663,-0.663,0
1787735111.687,shoulder_pan,-5.371,-5.802,-5.371,0.431,0.431,0
1787735111.687,shoulder_lift,-48.650,-51.253,-48.650,2.602,2.602,0
1787735111.687,elbow_flex,46.554,47.868,46.554,-1.314,-1.314,0
1787735111.687,wrist_flex,-7.544,-4.264,-7.544,-3.280,-3.280,0
1787735111.687,wrist_roll,-2.618,-2.242,-2.618,-0.376,-0.376,0
1787735111.687,gripper,6.181,6.826,6.181,-0.645,-0.645,0
1787735111.738,shoulder_pan,-5.447,-5.802,-5.447,0.355,0.355,0
1787735111.738,shoulder_lift,-47.770,-49.758,-47.770,1.988,1.988,0
1787735111.738,elbow_flex,46.644,47.780,46.644,-1.137,-1.137,0
1787735111.738,wrist_flex,-7.965,-5.670,-7.965,-2.295,-2.295,0
1787735111.738,wrist_roll,-2.700,-2.242,-2.700,-0.458,-0.458,0
1787735111.738,gripper,6.085,6.494,6.085,-0.409,-0.409,0
1787735111.787,shoulder_pan,-5.343,-5.802,-5.343,0.459,0.459,0
1787735111.787,shoulder_lift,-47.371,-48.703,-47.371,1.332,1.332,0
1787735111.787,elbow_flex,47.286,47.868,47.286,-0.583,-0.583,0
1787735111.787,wrist_flex,-8.758,-6.374,-8.758,-2.384,-2.384,0
1787735111.787,wrist_roll,-2.808,-2.330,-2.808,-0.478,-0.478,0
1787735111.787,gripper,5.932,6.428,5.932,-0.496,-0.496,0
1787735111.837,shoulder_pan,-4.413,-5.802,-4.413,1.390,1.390,0
1787735111.837,shoulder_lift,-45.478,-47.912,-45.478,2.434,2.434,0
1787735111.837,elbow_flex,45.155,47.868,45.155,-2.713,-2.713,0
1787735111.837,wrist_flex,-8.287,-7.165,-8.287,-1.122,-1.122,0
1787735111.837,wrist_roll,-2.625,-2.593,-2.625,-0.032,-0.032,0
1787735111.837,gripper,6.016,6.229,6.016,-0.213,-0.213,0
1787735111.888,shoulder_pan,-2.014,-5.714,-2.014,3.700,3.700,0
1787735111.888,shoulder_lift,-47.542,-47.209,-47.542,-0.333,-0.333,0
1787735111.888,elbow_flex,43.909,47.868,43.909,-3.960,-3.960,0
1787735111.888,wrist_flex,-7.126,-7.604,-7.126,0.478,0.478,0
1787735111.888,wrist_roll,-2.209,-2.593,-2.209,0.384,0.384,0
1787735111.888,gripper,6.504,6.163,6.504,0.341,0.341,0
1787735111.938,shoulder_pan,-0.447,-4.835,-0.447,4.388,4.388,0
1787735111.938,shoulder_lift,-50.043,-46.242,-50.043,-3.801,-3.801,0
1787735111.938,elbow_flex,44.943,47.253,44.943,-2.310,-2.310,0
1787735111.938,wrist_flex,-7.088,-7.516,-7.088,0.428,0.428,0
1787735111.938,wrist_roll,-2.034,-2.857,-2.034,0.824,0.824,0
1787735111.938,gripper,6.677,6.163,6.677,0.514,0.514,0
1787735111.988,shoulder_pan,1.105,-2.989,1.105,4.094,4.094,0
1787735111.988,shoulder_lift,-53.025,-46.945,-53.025,-6.080,-6.080,0
1787735111.988,elbow_flex,46.320,46.901,46.320,-0.581,-0.581,0
1787735111.988,wrist_flex,-7.393,-7.253,-7.393,-0.140,-0.140,0
1787735111.988,wrist_roll,-1.910,-2.418,-1.910,0.507,0.507,0
1787735111.988,gripper,6.895,6.163,6.895,0.732,0.732,0
1787735112.037,shoulder_pan,2.097,-1.231,2.097,3.328,3.328,0
1787735112.037,shoulder_lift,-55.312,-48.440,-55.312,-6.872,-6.872,0
1787735112.037,elbow_flex,47.178,46.901,47.178,0.277,0.277,0
1787735112.037,wrist_flex,-7.301,-7.253,-7.301,-0.048,-0.048,0
1787735112.037,wrist_roll,-1.877,-2.418,-1.877,0.541,0.541,0
1787735112.037,gripper,7.042,6.494,7.042,0.547,0.547,0
1787735112.088,shoulder_pan,2.689,0.088,2.689,2.601,2.601,0
1787735112.088,shoulder_lift,-57.695,-50.901,-57.695,-6.794,-6.794,0
1787735112.088,elbow_flex,48.134,47.341,48.134,0.794,0.794,0
1787735112.088,wrist_flex,-7.154,-7.165,-7.154,0.011,0.011,0
1787735112.088,wrist_roll,-1.894,-2.330,-1.894,0.436,0.436,0
1787735112.088,gripper,7.176,6.561,7.176,0.615,0.615,0
1787735112.138,shoulder_pan,2.931,1.231,2.931,1.700,1.700,0
1787735112.138,shoulder_lift,-59.078,-53.187,-59.078,-5.892,-5.892,0
1787735112.138,elbow_flex,48.728,47.692,48.728,1.036,1.036,0
1787735112.138,wrist_flex,-7.436,-7.077,-7.436,-0.359,-0.359,0
1787735112.138,wrist_roll,-1.981,-2.242,-1.981,0.261,0.261,0
1787735112.138,gripper,7.264,6.826,7.264,0.438,0.438,0
1787735112.187,shoulder_pan,3.039,2.198,3.039,0.841,0.841,0
1787735112.187,shoulder_lift,-60.280,-55.736,-60.280,-4.544,-4.544,0
1787735112.187,elbow_flex,49.241,48.571,49.241,0.670,0.670,0
1787735112.187,wrist_flex,-7.744,-7.077,-7.744,-0.667,-0.667,0
1787735112.187,wrist_roll,-1.995,-2.505,-1.995,0.510,0.510,0
1787735112.187,gripper,7.405,6.958,7.405,0.447,0.447,0
1787735112.238,shoulder_pan,2.982,2.549,2.982,0.433,0.433,0
1787735112.238,shoulder_lift,-61.159,-57.407,-61.159,-3.753,-3.753,0
1787735112.238,elbow_flex,49.533,49.011,49.533,0.522,0.522,0
1787735112.238,wrist_flex,-8.156,-7.077,-8.156,-1.079,-1.079,0
1787735112.238,wrist_roll,-2.041,-2.330,-2.041,0.289,0.289,0
1787735112.238,gripper,7.514,6.958,7.514,0.556,0.556,0
1787735112.288,shoulder_pan,3.040,2.462,3.040,0.578,0.578,0
1787735112.288,shoulder_lift,-62.378,-58.813,-62.378,-3.565,-3.565,0
1787735112.288,elbow_flex,49.972,49.451,49.972,0.521,0.521,0
1787735112.288,wrist_flex,-8.912,-7.253,-8.912,-1.660,-1.660,0
1787735112.288,wrist_roll,-2.060,-2.154,-2.060,0.094,0.094,0
1787735112.288,gripper,7.679,6.958,7.679,0.721,0.721,0
1787735112.338,shoulder_pan,2.738,2.462,2.738,0.276,0.276,0
1787735112.338,shoulder_lift,-64.234,-60.044,-64.234,-4.190,-4.190,0
1787735112.338,elbow_flex,50.395,49.978,50.395,0.417,0.417,0
1787735112.338,wrist_flex,-8.893,-7.692,-8.893,-1.200,-1.200,0
1787735112.338,wrist_roll,-2.063,-2.154,-2.063,0.091,0.091,0
1787735112.338,gripper,7.944,7.223,7.944,0.721,0.721,0
1787735112.387,shoulder_pan,2.456,2.462,2.456,-0.006,-0.006,0
1787735112.387,shoulder_lift,-66.196,-61.275,-66.196,-4.922,-4.922,0
1787735112.387,elbow_flex,51.027,50.330,51.027,0.697,0.697,0
1787735112.387,wrist_flex,-8.961,-7.956,-8.961,-1.005,-1.005,0
1787735112.387,wrist_roll,-2.235,-2.242,-2.235,0.006,0.006,0
1787735112.387,gripper,8.132,7.422,8.132,0.710,0.710,0
1787735112.438,shoulder_pan,1.237,2.462,1.237,-1.224,-1.224,0
1787735112.438,shoulder_lift,-67.590,-63.033,-67.590,-4.557,-4.557,0
1787735112.438,elbow_flex,51.308,50.857,51.308,0.451,0.451,0
1787735112.438,wrist_flex,-8.412,-8.044,-8.412,-0.368,-0.368,0
1787735112.438,wrist_roll,-2.137,-2.330,-2.137,0.193,0.193,0
1787735112.438,gripper,8.351,7.687,8.351,0.664,0.664,0
1787735112.487,shoulder_pan,-0.003,2.462,-0.003,-2.465,-2.465,0
1787735112.487,shoulder_lift,-68.861,-64.879,-68.861,-3.982,-3.982,0
1787735112.487,elbow_flex,51.351,51.297,51.351,0.054,0.054,0
1787735112.487,wrist_flex,-7.915,-8.132,-7.915,0.217,0.217,0
1787735112.487,wrist_roll,-2.075,-2.242,-2.075,0.166,0.166,0
1787735112.487,gripper,8.530,7.886,8.530,0.644,0.644,0
1787735112.538,shoulder_pan,-1.150,1.495,-1.150,-2.645,-2.645,0
1787735112.538,shoulder_lift,-69.632,-66.462,-69.632,-3.171,-3.171,0
1787735112.538,elbow_flex,51.489,51.473,51.489,0.017,0.017,0
1787735112.538,wrist_flex,-7.190,-8.132,-7.190,0.942,0.942,0
1787735112.538,wrist_roll,-1.988,-2.418,-1.988,0.429,0.429,0
1787735112.538,gripper,8.737,8.151,8.737,0.586,0.586,0
1787735112.588,shoulder_pan,-2.694,0.176,-2.694,-2.870,-2.870,0
1787735112.588,shoulder_lift,-72.791,-67.868,-72.791,-4.923,-4.923,0
1787735112.588,elbow_flex,51.719,51.560,51.719,0.158,0.158,0
1787735112.588,wrist_flex,-6.133,-7.780,-6.133,1.647,1.647,0
1787735112.588,wrist_roll,-1.777,-2.154,-1.777,0.377,0.377,0
1787735112.588,gripper,9.159,8.217,9.159,0.942,0.942,0
1787735112.639,shoulder_pan,-3.273,-0.791,-3.273,-2.482,-2.482,0
1787735112.639,shoulder_lift,-74.328,-69.099,-74.328,-5.229,-5.229,0
1787735112.639,elbow_flex,51.848,51.736,51.848,0.111,0.111,0
1787735112.639,wrist_flex,-5.604,-7.165,-5.604,1.561,1.561,0
1787735112.639,wrist_roll,-1.638,-2.066,-1.638,0.428,0.428,0
1787735112.639,gripper,9.314,8.482,9.314,0.831,0.831,0
1787735112.688,shoulder_pan,-3.632,-1.934,-3.632,-1.698,-1.698,0
1787735112.688,shoulder_lift,-75.624,-71.297,-75.624,-4.328,-4.328,0
1787735112.688,elbow_flex,52.244,52.000,52.244,0.244,0.244,0
1787735112.688,wrist_flex,-5.195,-6.286,-5.195,1.091,1.091,0
1787735112.688,wrist_roll,-1.523,-2.154,-1.523,0.631,0.631,0
1787735112.688,gripper,9.355,8.880,9.355,0.474,0.474,0
1787735112.739,shoulder_pan,-3.985,-2.725,-3.985,-1.260,-1.260,0
1787735112.739,shoulder_lift,-77.306,-73.319,-77.306,-3.987,-3.987,0
1787735112.739,elbow_flex,52.532,52.176,52.532,0.356,0.356,0
1787735112.739,wrist_flex,-4.556,-5.846,-4.556,1.290,1.290,0
1787735112.739,wrist_roll,-1.433,-1.802,-1.433,0.369,0.369,0
1787735112.739,gripper,9.387,8.946,9.387,0.440,0.440,0
1787735112.788,shoulder_pan,-3.458,-3.516,-3.458,0.058,0.058,0
1787735112.788,shoulder_lift,-81.190,-74.989,-81.190,-6.201,-6.201,0
1787735112.788,elbow_flex,53.929,52.527,53.929,1.401,1.401,0
1787735112.788,wrist_flex,-4.490,-5.319,-4.490,0.829,0.829,0
1787735112.788,wrist_roll,-1.418,-1.626,-1.418,0.208,0.208,0
1787735112.788,gripper,9.354,8.946,9.354,0.408,0.408,0
1787735112.839,shoulder_pan,-2.067,-3.341,-2.067,1.274,1.274,0
1787735112.839,shoulder_lift,-83.435,-76.308,-83.435,-7.127,-7.127,0
1787735112.839,elbow_flex,56.128,53.143,56.128,2.985,2.985,0
1787735112.839,wrist_flex,-2.729,-4.791,-2.729,2.062,2.062,0
1787735112.839,wrist_roll,-1.536,-1.802,-1.536,0.266,0.266,0
1787735112.839,gripper,9.065,8.946,9.065,0.119,0.119,0
1787735112.889,shoulder_pan,-1.745,-3.341,-1.745,1.596,1.596,0
1787735112.889,shoulder_lift,-81.912,-79.209,-81.912,-2.703,-2.703,0
1787735112.889,elbow_flex,57.472,54.549,57.472,2.922,2.922,0
1787735112.889,wrist_flex,-0.916,-4.264,-0.916,3.348,3.348,0
1787735112.889,wrist_roll,-1.657,-1.802,-1.657,0.145,0.145,0
1787735112.889,gripper,8.741,8.946,8.741,-0.205,-0.205,0
1787735112.938,shoulder_pan,-1.468,-2.462,-1.468,0.994,0.994,0
1787735112.938,shoulder_lift,-80.727,-81.670,-80.727,0.944,0.944,0
1787735112.938,elbow_flex,57.920,56.044,57.920,1.876,1.876,0
1787735112.938,wrist_flex,-0.008,-3.121,-0.008,3.113,3.113,0
1787735112.938,wrist_roll,-1.612,-1.626,-1.612,0.014,0.014,0
1787735112.938,gripper,8.619,8.880,8.619,-0.261,-0.261,0
1787735112.988,shoulder_pan,-1.415,-2.022,-1.415,0.607,0.607,0
1787735112.988,shoulder_lift,-79.348,-81.495,-79.348,2.146,2.146,0
1787735112.988,elbow_flex,58.344,57.275,58.344,1.069,1.069,0
1787735112.988,wrist_flex,0.495,-1.451,0.495,1.945,1.945,0
1787735112.988,wrist_roll,-1.585,-1.802,-1.585,0.217,0.217,0
1787735112.988,gripper,8.527,8.880,8.527,-0.353,-0.353,0
1787735113.040,shoulder_pan,-1.334,-1.934,-1.334,0.600,0.600,0
1787735113.040,shoulder_lift,-78.613,-80.176,-78.613,1.562,1.562,0
1787735113.040,elbow_flex,58.414,58.154,58.414,0.261,0.261,0
1787735113.040,wrist_flex,1.191,-0.396,1.191,1.587,1.587,0
1787735113.040,wrist_roll,-1.464,-1.538,-1.464,0.075,0.075,0
1787735113.040,gripper,8.481,8.946,8.481,-0.465,-0.465,0
1787735113.089,shoulder_pan,-1.272,-1.670,-1.272,0.399,0.399,0
1787735113.089,shoulder_lift,-76.739,-79.824,-76.739,3.085,3.085,0
1787735113.089,elbow_flex,58.651,58.593,58.651,0.057,0.057,0
1787735113.089,wrist_flex,1.221,0.308,1.221,0.913,0.913,0
1787735113.089,wrist_roll,-1.368,-1.714,-1.368,0.346,0.346,0
1787735113.089,gripper,8.420,8.814,8.420,-0.394,-0.394,0
1787735113.140,shoulder_pan,-1.233,-1.846,-1.233,0.613,0.613,0
1787735113.140,shoulder_lift,-74.718,-79.209,-74.718,4.491,4.491,0
1787735113.140,elbow_flex,58.714,58.681,58.714,0.032,0.032,0
1787735113.140,wrist_flex,1.282,0.835,1.282,0.447,0.447,0
1787735113.140,wrist_roll,-1.210,-1.538,-1.210,0.329,0.329,0
1787735113.140,gripper,8.323,8.681,8.323,-0.358,-0.358,0
1787735113.189,shoulder_pan,-1.263,-1.758,-1.263,0.495,0.495,0
1787735113.189,shoulder_lift,-72.290,-77.363,-72.290,5.073,5.073,0
1787735113.189,elbow_flex,58.718,59.033,58.718,-0.315,-0.315,0
1787735113.189,wrist_flex,0.459,1.099,0.459,-0.640,-0.640,0
1787735113.189,wrist_roll,-1.081,-1.538,-1.081,0.458,0.458,0
1787735113.189,gripper,8.232,8.549,8.232,-0.317,-0.317,0
1787735113.240,shoulder_pan,-1.296,-1.495,-1.296,0.198,0.198,0
1787735113.240,shoulder_lift,-69.538,-75.253,-69.538,5.715,5.715,0
1787735113.240,elbow_flex,58.515,59.121,58.515,-0.606,-0.606,0
1787735113.240,wrist_flex,0.078,1.099,0.078,-1.021,-1.021,0
1787735113.240,wrist_roll,-0.901,-1.714,-0.901,0.813,0.813,0
1787735113.240,gripper,8.175,8.482,8.175,-0.307,-0.307,0
1787735113.289,shoulder_pan,-1.347,-1.495,-1.347,0.147,0.147,0
1787735113.289,shoulder_lift,-66.632,-73.407,-66.632,6.774,6.774,0
1787735113.289,elbow_flex,58.574,59.121,58.574,-0.547,-0.547,0
1787735113.289,wrist_flex,-0.830,1.011,-0.830,-1.841,-1.841,0
1787735113.289,wrist_roll,-0.810,-1.451,-0.810,0.641,0.641,0
1787735113.289,gripper,8.112,8.416,8.112,-0.304,-0.304,0
1787735113.339,shoulder_pan,-1.456,-1.670,-1.456,0.214,0.214,0
1787735113.339,shoulder_lift,-64.312,-70.857,-64.312,6.546,6.546,0
1787735113.339,elbow_flex,58.473,59.121,58.473,-0.648,-0.648,0
1787735113.339,wrist_flex,-1.196,0.571,-1.196,-1.767,-1.767,0
1787735113.339,wrist_roll,-0.786,-1.099,-0.786,0.312,0.312,0
1787735113.339,gripper,8.066,8.416,8.066,-0.350,-0.350,0
1787735113.389,shoulder_pan,-1.601,-1.670,-1.601,0.070,0.070,0
1787735113.389,shoulder_lift,-62.449,-67.868,-62.449,5.419,5.419,0
1787735113.389,elbow_flex,58.316,59.121,58.316,-0.804,-0.804,0
1787735113.389,wrist_flex,-2.122,-0.044,-2.122,-2.078,-2.078,0
1787735113.389,wrist_roll,-0.766,-1.011,-0.766,0.245,0.245,0
1787735113.389,gripper,8.064,8.350,8.064,-0.286,-0.286,0
1787735113.439,shoulder_pan,-1.665,-1.670,-1.665,0.005,0.005,0
1787735113.439,shoulder_lift,-60.973,-65.495,-60.973,4.522,4.522,0
1787735113.439,elbow_flex,58.027,59.121,58.027,-1.094,-1.094,0
1787735113.439,wrist_flex,-2.369,-0.484,-2.369,-1.886,-1.886,0
1787735113.439,wrist_roll,-0.664,-1.011,-0.664,0.347,0.347,0
1787735113.439,gripper,8.167,8.284,8.167,-0.116,-0.116,0
1787735113.489,shoulder_pan,-2.533,-1.670,-2.533,-0.863,-0.863,0
1787735113.489,shoulder_lift,-57.613,-63.473,-57.613,5.860,5.860,0
1787735113.489,elbow_flex,57.431,59.121,57.431,-1.690,-1.690,0
1787735113.489,wrist_flex,-3.525,-1.187,-3.525,-2.338,-2.338,0
1787735113.489,wrist_roll,-0.462,-1.011,-0.462,0.549,0.549,0
1787735113.489,gripper,8.153,8.217,8.153,-0.065,-0.065,0
1787735113.540,shoulder_pan,-3.211,-1.670,-3.211,-1.540,-1.540,0
1787735113.540,shoulder_lift,-56.383,-61.626,-56.383,5.243,5.243,0
1787735113.540,elbow_flex,57.460,59.121,57.460,-1.661,-1.661,0
1787735113.540,wrist_flex,-4.102,-1.802,-4.102,-2.300,-2.300,0
1787735113.540,wrist_roll,-0.376,-1.011,-0.376,0.635,0.635,0
1787735113.540,gripper,8.162,8.217,8.162,-0.056,-0.056,0
1787735113.589,shoulder_pan,-3.931,-2.286,-3.931,-1.645,-1.645,0
1787735113.589,shoulder_lift,-55.369,-59.077,-55.369,3.708,3.708,0
1787735113.589,elbow_flex,57.576,59.121,57.576,-1.545,-1.545,0
1787735113.589,wrist_flex,-4.983,-2.681,-4.983,-2.302,-2.302,0
1787735113.589,wrist_roll,-0.313,-0.835,-0.313,0.522,0.522,0
1787735113.589,gripper,8.126,8.217,8.126,-0.092,-0.092,0
1787735113.640,shoulder_pan,-4.575,-2.989,-4.575,-1.586,-1.586,0
1787735113.640,shoulder_lift,-54.720,-57.231,-54.720,2.510,2.510,0
1787735113.640,elbow_flex,57.706,59.209,57.706,-1.503,-1.503,0
1787735113.640,wrist_flex,-5.393,-3.385,-5.393,-2.008,-2.008,0
1787735113.640,wrist_roll,-0.260,-0.747,-0.260,0.487,0.487,0
1787735113.640,gripper,8.142,7.952,8.142,0.190,0.190,0
1787735113.690,shoulder_pan,-5.110,-3.253,-5.110,-1.857,-1.857,0
1787735113.690,shoulder_lift,-54.210,-56.176,-54.210,1.966,1.966,0
1787735113.690,elbow_flex,57.936,59.121,57.936,-1.185,-1.185,0
1787735113.690,wrist_flex,-5.767,-4.176,-5.767,-1.592,-1.592,0
1787735113.690,wrist_roll,-0.213,-0.659,-0.213,0.447,0.447,0
1787735113.690,gripper,8.162,8.151,8.162,0.011,0.011,0
1787735113.740,shoulder_pan,-4.693,-3.692,-4.693,-1.000,-1.000,0
1787735113.740,shoulder_lift,-57.252,-55.473,-57.252,-1.779,-1.779,0
1787735113.740,elbow_flex,58.821,59.033,58.821,-0.212,-0.212,0
1787735113.740,wrist_flex,-4.007,-4.879,-4.007,0.872,0.872,0
1787735113.740,wrist_roll,0.020,-0.659,0.020,0.679,0.679,0
1787735113.740,gripper,8.295,8.151,8.295,0.144,0.144,0
1787735113.791,shoulder_pan,-3.594,-3.780,-3.594,0.186,0.186,0
1787735113.791,shoulder_lift,-61.593,-55.385,-61.593,-6.209,-6.209,0
1787735113.791,elbow_flex,60.482,58.945,60.482,1.537,1.537,0
1787735113.791,wrist_flex,-1.741,-5.231,-1.741,3.489,3.489,0
1787735113.791,wrist_roll,0.038,-0.659,0.038,0.697,0.697,0
1787735113.791,gripper,8.502,8.151,8.502,0.351,0.351,0
1787735113.840,shoulder_pan,-3.577,-3.868,-3.577,0.291,0.291,0
1787735113.840,shoulder_lift,-62.489,-57.055,-62.489,-5.434,-5.434,0
1787735113.840,elbow_flex,61.426,59.560,61.426,1.866,1.866,0
1787735113.840,wrist_flex,-2.034,-4.000,-2.034,1.966,1.966,0
1787735113.840,wrist_roll,-0.238,-0.396,-0.238,0.158,0.158,0
1787735113.840,gripper,8.558,8.217,8.558,0.341,0.341,0
1787735113.891,shoulder_pan,-3.585,-3.692,-3.585,0.107,0.107,0
1787735113.891,shoulder_lift,-63.095,-59.780,-63.095,-3.315,-3.315,0
1787735113.891,elbow_flex,62.029,61.231,62.029,0.798,0.798,0
1787735113.891,wrist_flex,-1.931,-2.593,-1.931,0.663,0.663,0
1787735113.891,wrist_roll,-0.487,-0.396,-0.487,-0.091,-0.091,0
1787735113.891,gripper,8.600,8.217,8.600,0.383,0.383,0
1787735113.941,shoulder_pan,-3.581,-3.780,-3.581,0.199,0.199,0
1787735113.941,shoulder_lift,-63.472,-60.835,-63.472,-2.636,-2.636,0
1787735113.941,elbow_flex,62.735,61.846,62.735,0.888,0.888,0
1787735113.941,wrist_flex,-2.257,-2.418,-2.257,0.161,0.161,0
1787735113.941,wrist_roll,-0.701,-0.396,-0.701,-0.306,-0.306,0
1787735113.941,gripper,8.663,8.217,8.663,0.445,0.445,0
1787735113.991,shoulder_pan,-3.584,-3.780,-3.584,0.196,0.196,0
1787735113.991,shoulder_lift,-63.617,-61.802,-63.617,-1.815,-1.815,0
1787735113.991,elbow_flex,63.271,62.374,63.271,0.897,0.897,0
1787735113.991,wrist_flex,-2.670,-2.330,-2.670,-0.341,-0.341,0
1787735113.991,wrist_roll,-0.946,-0.396,-0.946,-0.550,-0.550,0
1787735113.991,gripper,8.715,8.217,8.715,0.498,0.498,0
1787735114.040,shoulder_pan,-3.610,-3.780,-3.610,0.170,0.170,0
1787735114.040,shoulder_lift,-63.488,-62.330,-63.488,-1.159,-1.159,0
1787735114.040,elbow_flex,63.405,63.077,63.405,0.328,0.328,0
1787735114.040,wrist_flex,-2.792,-2.330,-2.792,-0.463,-0.463,0
1787735114.040,wrist_roll,-1.132,-0.308,-1.132,-0.825,-0.825,0
1787735114.040,gripper,8.749,8.217,8.749,0.531,0.531,0
1787735114.091,shoulder_pan,-3.682,-3.780,-3.682,0.099,0.099,0
1787735114.091,shoulder_lift,-63.018,-62.505,-63.018,-0.512,-0.512,0
1787735114.091,elbow_flex,63.260,63.253,63.260,0.008,0.008,0
1787735114.091,wrist_flex,-2.795,-2.330,-2.795,-0.465,-0.465,0
1787735114.091,wrist_roll,-1.327,-0.747,-1.327,-0.579,-0.579,0
1787735114.091,gripper,8.806,8.350,8.806,0.456,0.456,0
1787735114.141,shoulder_pan,-3.737,-3.780,-3.737,0.044,0.044,0
1787735114.141,shoulder_lift,-62.792,-62.593,-62.792,-0.199,-0.199,0
1787735114.141,elbow_flex,63.179,63.253,63.179,-0.073,-0.073,0
1787735114.141,wrist_flex,-3.214,-2.330,-3.214,-0.885,-0.885,0
1787735114.141,wrist_roll,-1.365,-0.923,-1.365,-0.442,-0.442,0
1787735114.141,gripper,8.806,8.482,8.806,0.323,0.323,0
1787735114.191,shoulder_pan,-3.668,-3.780,-3.668,0.112,0.112,0
1787735114.191,shoulder_lift,-62.734,-62.505,-62.734,-0.229,-0.229,0
1787735114.191,elbow_flex,63.210,63.253,63.210,-0.043,-0.043,0
1787735114.191,wrist_flex,-3.318,-2.330,-3.318,-0.989,-0.989,0
1787735114.191,wrist_roll,-1.400,-1.099,-1.400,-0.302,-0.302,0
1787735114.191,gripper,8.828,8.482,8.828,0.346,0.346,0
1787735114.242,shoulder_pan,-3.738,-3.780,-3.738,0.042,0.042,0
1787735114.242,shoulder_lift,-62.522,-62.505,-62.522,-0.016,-0.016,0
1787735114.242,elbow_flex,63.241,63.253,63.241,-0.011,-0.011,0
1787735114.242,wrist_flex,-3.282,-2.418,-3.282,-0.864,-0.864,0
1787735114.242,wrist_roll,-1.381,-1.099,-1.381,-0.282,-0.282,0
1787735114.242,gripper,8.874,8.482,8.874,0.392,0.392,0
1787735114.291,shoulder_pan,-3.743,-3.780,-3.743,0.037,0.037,0
1787735114.291,shoulder_lift,-62.714,-62.505,-62.714,-0.208,-0.208,0
1787735114.291,elbow_flex,63.051,63.253,63.051,-0.202,-0.202,0
1787735114.291,wrist_flex,-2.967,-2.418,-2.967,-0.550,-0.550,0
1787735114.291,wrist_roll,-1.375,-1.099,-1.375,-0.276,-0.276,0
1787735114.291,gripper,8.909,8.482,8.909,0.426,0.426,0
1787735114.341,shoulder_pan,-3.739,-3.780,-3.739,0.041,0.041,0
1787735114.341,shoulder_lift,-62.654,-62.505,-62.654,-0.148,-0.148,0
1787735114.341,elbow_flex,62.998,63.253,62.998,-0.254,-0.254,0
1787735114.341,wrist_flex,-2.757,-2.418,-2.757,-0.339,-0.339,0
1787735114.341,wrist_roll,-1.324,-1.099,-1.324,-0.225,-0.225,0
1787735114.341,gripper,8.936,8.482,8.936,0.453,0.453,0
1787735114.391,shoulder_pan,-3.750,-3.780,-3.750,0.030,0.030,0
1787735114.391,shoulder_lift,-62.788,-62.505,-62.788,-0.282,-0.282,0
1787735114.391,elbow_flex,63.311,63.253,63.311,0.058,0.058,0
1787735114.391,wrist_flex,-2.525,-2.418,-2.525,-0.107,-0.107,0
1787735114.391,wrist_roll,-1.332,-1.099,-1.332,-0.233,-0.233,0
1787735114.391,gripper,8.967,8.482,8.967,0.485,0.485,0
1787735114.441,shoulder_pan,-3.870,-3.780,-3.870,-0.089,-0.089,0
1787735114.441,shoulder_lift,-62.819,-62.505,-62.819,-0.313,-0.313,0
1787735114.441,elbow_flex,63.022,63.253,63.022,-0.231,-0.231,0
1787735114.441,wrist_flex,-2.357,-2.418,-2.357,0.060,0.060,0
1787735114.441,wrist_roll,-1.295,-1.099,-1.295,-0.196,-0.196,0
1787735114.441,gripper,9.022,8.549,9.022,0.474,0.474,0
1787735114.492,shoulder_pan,-3.776,-3.780,-3.776,0.004,0.004,0
1787735114.492,shoulder_lift,-62.862,-62.505,-62.862,-0.357,-0.357,0
1787735114.492,elbow_flex,63.189,63.253,63.189,-0.063,-0.063,0
1787735114.492,wrist_flex,-1.753,-2.330,-1.753,0.576,0.576,0
1787735114.492,wrist_roll,-1.232,-1.099,-1.232,-0.133,-0.133,0
1787735114.492,gripper,8.981,8.615,8.981,0.366,0.366,0
1787735114.542,shoulder_pan,-3.807,-3.780,-3.807,-0.027,-0.027,0
1787735114.542,shoulder_lift,-62.684,-62.505,-62.684,-0.179,-0.179,0
1787735114.542,elbow_flex,63.245,63.341,63.245,-0.095,-0.095,0
1787735114.542,wrist_flex,-1.772,-2.242,-1.772,0.469,0.469,0
1787735114.542,wrist_roll,-1.183,-1.099,-1.183,-0.084,-0.084,0
1787735114.542,gripper,8.982,8.615,8.982,0.368,0.368,0
1787735114.592,shoulder_pan,-3.785,-3.780,-3.785,-0.005,-0.005,0
1787735114.592,shoulder_lift,-62.466,-62.505,-62.466,0.039,0.039,0
1787735114.592,elbow_flex,63.307,63.429,63.307,-0.121,-0.121,0
1787735114.592,wrist_flex,-1.479,-1.978,-1.479,0.499,0.499,0
1787735114.592,wrist_roll,-1.100,-1.099,-1.100,-0.001,-0.001,0
1787735114.592,gripper,8.969,8.615,8.969,0.354,0.354,0
1787735114.641,shoulder_pan,-3.760,-3.780,-3.760,0.021,0.021,0
1787735114.641,shoulder_lift,-62.313,-62.505,-62.313,0.193,0.193,0
1787735114.641,elbow_flex,63.373,63.429,63.373,-0.055,-0.055,0
1787735114.641,wrist_flex,-0.654,-1.626,-0.654,0.972,0.972,0
1787735114.641,wrist_roll,-1.064,-1.099,-1.064,0.035,0.035,0
1787735114.641,gripper,8.977,8.615,8.977,0.362,0.362,0
1787735114.692,shoulder_pan,-3.771,-3.780,-3.771,0.010,0.010,0
1787735114.692,shoulder_lift,-61.566,-62.505,-61.566,0.940,0.940,0
1787735114.692,elbow_flex,63.197,63.516,63.197,-0.319,-0.319,0
1787735114.692,wrist_flex,-3.026,-1.363,-3.026,-1.663,-1.663,0
1787735114.692,wrist_roll,-0.516,-1.099,-0.516,0.583,0.583,0
1787735114.692,gripper,9.409,8.615,9.409,0.794,0.794,0
1787735114.742,shoulder_pan,-3.784,-3.780,-3.784,-0.004,-0.004,0
1787735114.742,shoulder_lift,-60.707,-62.242,-60.707,1.535,1.535,0
1787735114.742,elbow_flex,63.179,63.604,63.179,-0.426,-0.426,0
1787735114.742,wrist_flex,-6.324,-1.099,-6.324,-5.225,-5.225,0
1787735114.742,wrist_roll,0.322,-1.011,0.322,1.333,1.333,0
1787735114.742,gripper,10.082,8.748,10.082,1.335,1.335,0
1787735114.791,shoulder_pan,-3.706,-3.780,-3.706,0.074,0.074,0
1787735114.791,shoulder_lift,-60.219,-61.538,-60.219,1.319,1.319,0
1787735114.791,elbow_flex,63.967,63.604,63.967,0.362,0.362,0
1787735114.791,wrist_flex,-7.221,-2.593,-7.221,-4.628,-4.628,0
1787735114.791,wrist_roll,0.620,-0.923,0.620,1.544,1.544,0
1787735114.791,gripper,10.266,9.145,10.266,1.121,1.121,0
1787735114.842,shoulder_pan,-3.707,-3.780,-3.707,0.074,0.074,0
1787735114.842,shoulder_lift,-60.117,-60.835,-60.117,0.719,0.719,0
1787735114.842,elbow_flex,64.716,63.692,64.716,1.023,1.023,0
1787735114.842,wrist_flex,-7.939,-4.791,-7.939,-3.148,-3.148,0
1787735114.842,wrist_roll,0.835,-0.132,0.835,0.967,0.967,0
1787735114.842,gripper,10.367,9.675,10.367,0.692,0.692,0
1787735114.892,shoulder_pan,-3.717,-3.780,-3.717,0.063,0.063,0
1787735114.892,shoulder_lift,-59.899,-60.396,-59.899,0.497,0.497,0
1787735114.892,elbow_flex,65.362,64.220,65.362,1.142,1.142,0
1787735114.892,wrist_flex,-8.050,-5.934,-8.050,-2.116,-2.116,0
1787735114.892,wrist_roll,0.928,0.220,0.928,0.709,0.709,0
1787735114.892,gripper,10.426,9.940,10.426,0.485,0.485,0
1787735114.943,shoulder_pan,-3.694,-3.780,-3.694,0.086,0.086,0
1787735114.943,shoulder_lift,-59.856,-60.308,-59.856,0.452,0.452,0
1787735114.943,elbow_flex,66.072,65.011,66.072,1.061,1.061,0
1787735114.943,wrist_flex,-8.373,-6.725,-8.373,-1.648,-1.648,0
1787735114.943,wrist_roll,0.998,0.571,0.998,0.427,0.427,0
1787735114.943,gripper,10.491,10.073,10.491,0.418,0.418,0
1787735114.992,shoulder_pan,-3.695,-3.692,-3.695,-0.003,-0.003,0
1787735114.992,shoulder_lift,-59.934,-59.956,-59.934,0.022,0.022,0
1787735114.992,elbow_flex,66.888,65.714,66.888,1.173,1.173,0
1787735114.992,wrist_flex,-8.495,-7.165,-8.495,-1.330,-1.330,0
1787735114.992,wrist_roll,0.942,0.747,0.942,0.194,0.194,0
1787735114.992,gripper,10.504,10.073,10.504,0.431,0.431,0
1787735115.043,shoulder_pan,-3.677,-3.692,-3.677,0.016,0.016,0
1787735115.043,shoulder_lift,-60.009,-59.956,-60.009,-0.053,-0.053,0
1787735115.043,elbow_flex,67.777,66.681,67.777,1.095,1.095,0
1787735115.043,wrist_flex,-8.644,-7.516,-8.644,-1.128,-1.128,0
1787735115.043,wrist_roll,1.005,0.747,1.005,0.258,0.258,0
1787735115.043,gripper,10.583,10.139,10.583,0.444,0.444,0
1787735115.093,shoulder_pan,-3.630,-3.692,-3.630,0.063,0.063,0
1787735115.093,shoulder_lift,-60.111,-59.956,-60.111,-0.155,-0.155,0
1787735115.093,elbow_flex,68.642,67.297,68.642,1.346,1.346,0
1787735115.093,wrist_flex,-8.771,-7.692,-8.771,-1.079,-1.079,0
1787735115.093,wrist_roll,0.912,0.747,0.912,0.165,0.165,0
1787735115.093,gripper,10.596,10.139,10.596,0.457,0.457,0
1787735115.143,shoulder_pan,-3.638,-3.692,-3.638,0.055,0.055,0
1787735115.143,shoulder_lift,-60.476,-59.956,-60.476,-0.520,-0.520,0
1787735115.143,elbow_flex,68.978,68.352,68.978,0.626,0.626,0
1787735115.143,wrist_flex,-8.656,-7.868,-8.656,-0.788,-0.788,0
1787735115.143,wrist_roll,0.819,0.747,0.819,0.072,0.072,0
1787735115.143,gripper,10.609,10.139,10.609,0.470,0.470,0
1787735115.192,shoulder_pan,-3.585,-3.692,-3.585,0.107,0.107,0
1787735115.192,shoulder_lift,-60.508,-59.956,-60.508,-0.552,-0.552,0
1787735115.192,elbow_flex,69.972,69.055,69.972,0.917,0.917,0
1787735115.192,wrist_flex,-8.998,-7.956,-8.998,-1.042,-1.042,0
1787735115.192,wrist_roll,0.873,0.747,0.873,0.126,0.126,0
1787735115.192,gripper,10.658,10.139,10.658,0.518,0.518,0
1787735115.242,shoulder_pan,-3.676,-3.692,-3.676,0.017,0.017,0
1787735115.242,shoulder_lift,-60.584,-60.044,-60.584,-0.540,-0.540,0
1787735115.242,elbow_flex,70.182,69.495,70.182,0.688,0.688,0
1787735115.242,wrist_flex,-8.646,-8.044,-8.646,-0.602,-0.602,0
1787735115.242,wrist_roll,0.850,0.747,0.850,0.103,0.103,0
1787735115.242,gripper,10.658,10.272,10.658,0.386,0.386,0
1787735115.292,shoulder_pan,-3.651,-3.692,-3.651,0.041,0.041,0
1787735115.292,shoulder_lift,-60.676,-60.044,-60.676,-0.632,-0.632,0
1787735115.292,elbow_flex,70.490,70.198,70.490,0.293,0.293,0
1787735115.292,wrist_flex,-8.297,-8.132,-8.297,-0.166,-0.166,0
1787735115.292,wrist_roll,0.796,0.747,0.796,0.049,0.049,0
1787735115.292,gripper,10.642,10.272,10.642,0.370,0.370,0
1787735115.342,shoulder_pan,-3.665,-3.780,-3.665,0.115,0.115,0
1787735115.342,shoulder_lift,-60.777,-59.956,-60.777,-0.821,-0.821,0
1787735115.342,elbow_flex,70.851,70.549,70.851,0.302,0.302,0
1787735115.342,wrist_flex,-8.212,-8.132,-8.212,-0.080,-0.080,0
1787735115.342,wrist_roll,0.814,0.747,0.814,0.067,0.067,0
1787735115.342,gripper,10.669,10.272,10.669,0.398,0.398,0
1787735115.392,shoulder_pan,-3.676,-3.780,-3.676,0.104,0.104,0
1787735115.392,shoulder_lift,-60.917,-60.044,-60.917,-0.873,-0.873,0
1787735115.392,elbow_flex,71.084,70.813,71.084,0.271,0.271,0
1787735115.392,wrist_flex,-8.054,-8.044,-8.054,-0.010,-0.010,0
1787735115.392,wrist_roll,0.805,0.747,0.805,0.058,0.058,0
1787735115.392,gripper,10.669,10.338,10.669,0.331,0.331,0
1787735115.446,shoulder_pan,-3.662,-3.780,-3.662,0.118,0.118,0
1787735115.446,shoulder_lift,-61.208,-60.044,-61.208,-1.164,-1.164,0
1787735115.446,elbow_flex,71.385,71.165,71.385,0.220,0.220,0
1787735115.446,wrist_flex,-7.224,-7.956,-7.224,0.732,0.732,0
1787735115.446,wrist_roll,0.917,0.747,0.917,0.170,0.170,0
1787735115.446,gripper,10.707,10.404,10.707,0.303,0.303,0
1787735115.492,shoulder_pan,-3.571,-3.780,-3.571,0.210,0.210,0
1787735115.492,shoulder_lift,-61.555,-60.044,-61.555,-1.511,-1.511,0
1787735115.492,elbow_flex,71.700,71.341,71.700,0.359,0.359,0
1787735115.492,wrist_flex,-6.652,-7.868,-6.652,1.216,1.216,0
1787735115.492,wrist_roll,0.827,0.747,0.827,0.080,0.080,0
1787735115.492,gripper,10.666,10.404,10.666,0.262,0.262,0
1787735115.543,shoulder_pan,-3.577,-3.780,-3.577,0.203,0.203,0
1787735115.543,shoulder_lift,-61.814,-60.308,-61.814,-1.506,-1.506,0
1787735115.543,elbow_flex,71.944,71.868,71.944,0.076,0.076,0
1787735115.543,wrist_flex,-6.610,-7.165,-6.610,0.555,0.555,0
1787735115.543,wrist_roll,0.775,0.835,0.775,-0.060,-0.060,0
1787735115.543,gripper,10.635,10.404,10.635,0.230,0.230,0
1787735115.593,shoulder_pan,-3.556,-3.780,-3.556,0.224,0.224,0
1787735115.593,shoulder_lift,-62.084,-60.571,-62.084,-1.513,-1.513,0
1787735115.593,elbow_flex,72.064,72.044,72.064,0.020,0.020,0
1787735115.593,wrist_flex,-6.293,-6.901,-6.293,0.608,0.608,0
1787735115.593,wrist_roll,0.753,0.747,0.753,0.006,0.006,0
1787735115.593,gripper,10.634,10.404,10.634,0.230,0.230,0
1787735115.644,shoulder_pan,-3.639,-3.780,-3.639,0.141,0.141,0
1787735115.644,shoulder_lift,-64.651,-60.835,-64.651,-3.816,-3.816,0
1787735115.644,elbow_flex,72.893,72.220,72.893,0.673,0.673,0
1787735115.644,wrist_flex,-4.109,-6.637,-4.109,2.528,2.528,0
1787735115.644,wrist_roll,0.765,0.747,0.765,0.018,0.018,0
1787735115.644,gripper,10.427,10.404,10.427,0.023,0.023,0
1787735115.693,shoulder_pan,-3.926,-3.780,-3.926,-0.146,-0.146,0
1787735115.693,shoulder_lift,-68.136,-61.363,-68.136,-6.774,-6.774,0
1787735115.693,elbow_flex,74.498,72.396,74.498,2.102,2.102,0
1787735115.693,wrist_flex,-3.051,-6.198,-3.051,3.147,3.147,0
1787735115.693,wrist_roll,-0.131,0.835,-0.131,-0.966,-0.966,0
1787735115.693,gripper,9.740,10.404,9.740,-0.664,-0.664,0
1787735115.743,shoulder_pan,-3.918,-3.780,-3.918,-0.138,-0.138,0
1787735115.743,shoulder_lift,-68.761,-63.473,-68.761,-5.289,-5.289,0
1787735115.743,elbow_flex,75.396,73.451,75.396,1.945,1.945,0
1787735115.743,wrist_flex,-2.951,-4.527,-2.951,1.576,1.576,0
1787735115.743,wrist_roll,-0.653,0.659,-0.653,-1.313,-1.313,0
1787735115.743,gripper,9.614,10.404,9.614,-0.790,-0.790,0
1787735115.793,shoulder_pan,-3.958,-3.780,-3.958,-0.177,-0.177,0
1787735115.793,shoulder_lift,-69.152,-66.022,-69.152,-3.130,-3.130,0
1787735115.793,elbow_flex,76.116,74.857,76.116,1.259,1.259,0
1787735115.793,wrist_flex,-3.565,-3.560,-3.565,-0.005,-0.005,0
1787735115.793,wrist_roll,-1.411,0.044,-1.411,-1.455,-1.455,0
1787735115.793,gripper,9.415,10.073,9.415,-0.658,-0.658,0
1787735115.845,shoulder_pan,-4.033,-3.780,-4.033,-0.252,-0.252,0
1787735115.845,shoulder_lift,-69.337,-67.253,-69.337,-2.084,-2.084,0
1787735115.845,elbow_flex,76.832,75.824,76.832,1.008,1.008,0
1787735115.845,wrist_flex,-3.360,-3.473,-3.360,0.112,0.112,0
1787735115.845,wrist_roll,-2.105,-0.484,-2.105,-1.622,-1.622,0
1787735115.845,gripper,9.348,9.808,9.348,-0.460,-0.460,0
1787735115.893,shoulder_pan,-4.113,-3.780,-4.113,-0.332,-0.332,0
1787735115.893,shoulder_lift,-69.532,-67.868,-69.532,-1.664,-1.664,0
1787735115.893,elbow_flex,77.240,76.527,77.240,0.712,0.712,0
1787735115.893,wrist_flex,-3.708,-3.385,-3.708,-0.324,-0.324,0
1787735115.893,wrist_roll,-2.927,-1.187,-2.927,-1.740,-1.740,0
1787735115.893,gripper,9.231,9.675,9.231,-0.444,-0.444,0
1787735115.945,shoulder_pan,-4.184,-3.780,-4.184,-0.404,-0.404,0
1787735115.945,shoulder_lift,-69.583,-68.484,-69.583,-1.099,-1.099,0
1787735115.945,elbow_flex,77.757,77.231,77.757,0.526,0.526,0
1787735115.945,wrist_flex,-3.419,-3.385,-3.419,-0.035,-0.035,0
1787735115.945,wrist_roll,-3.764,-1.890,-3.764,-1.874,-1.874,0
1787735115.945,gripper,9.151,9.543,9.151,-0.392,-0.392,0
1787735115.994,shoulder_pan,-4.101,-3.780,-4.101,-0.321,-0.321,0
1787735115.994,shoulder_lift,-69.794,-68.659,-69.794,-1.135,-1.135,0
1787735115.994,elbow_flex,77.833,77.670,77.833,0.163,0.163,0
1787735115.994,wrist_flex,-2.711,-3.385,-2.711,0.674,0.674,0
1787735115.994,wrist_roll,-4.260,-2.681,-4.260,-1.579,-1.579,0
1787735115.994,gripper,9.101,9.410,9.101,-0.310,-0.310,0
1787735116.044,shoulder_pan,-4.155,-3.780,-4.155,-0.374,-0.374,0
1787735116.044,shoulder_lift,-70.077,-68.835,-70.077,-1.242,-1.242,0
1787735116.044,elbow_flex,77.946,78.022,77.946,-0.076,-0.076,0
1787735116.044,wrist_flex,-2.034,-3.121,-2.034,1.087,1.087,0
1787735116.044,wrist_roll,-4.514,-3.385,-4.514,-1.129,-1.129,0
1787735116.044,gripper,9.115,9.410,9.115,-0.295,-0.295,0
1787735116.094,shoulder_pan,-4.110,-3.780,-4.110,-0.330,-0.330,0
1787735116.094,shoulder_lift,-70.369,-69.099,-70.369,-1.270,-1.270,0
1787735116.094,elbow_flex,77.453,78.110,77.453,-0.657,-0.657,0
1787735116.094,wrist_flex,-1.224,-2.593,-1.224,1.370,1.370,0
1787735116.094,wrist_roll,-4.660,-3.912,-4.660,-0.748,-0.748,0
1787735116.094,gripper,9.084,9.410,9.084,-0.326,-0.326,0
1787735116.144,shoulder_pan,-4.122,-3.780,-4.122,-0.342,-0.342,0
1787735116.144,shoulder_lift,-70.931,-69.451,-70.931,-1.480,-1.480,0
1787735116.144,elbow_flex,77.688,78.286,77.688,-0.597,-0.597,0
1787735116.144,wrist_flex,-0.099,-1.890,-0.099,1.791,1.791,0
1787735116.144,wrist_roll,-4.694,-4.264,-4.694,-0.430,-0.430,0
1787735116.144,gripper,9.071,9.410,9.071,-0.339,-0.339,0
1787735116.194,shoulder_pan,-4.123,-3.780,-4.123,-0.343,-0.343,0
1787735116.194,shoulder_lift,-71.420,-69.714,-71.420,-1.705,-1.705,0
1787735116.194,elbow_flex,77.706,78.286,77.706,-0.580,-0.580,0
1787735116.194,wrist_flex,1.132,-1.187,1.132,2.319,2.319,0
1787735116.194,wrist_roll,-4.710,-4.352,-4.710,-0.359,-0.359,0
1787735116.194,gripper,9.053,9.410,9.053,-0.357,-0.357,0
1787735116.244,shoulder_pan,-4.084,-3.780,-4.084,-0.303,-0.303,0
1787735116.244,shoulder_lift,-71.918,-70.242,-71.918,-1.676,-1.676,0
1787735116.244,elbow_flex,77.987,78.286,77.987,-0.298,-0.298,0
1787735116.244,wrist_flex,2.304,-0.132,2.304,2.436,2.436,0
1787735116.244,wrist_roll,-4.540,-4.352,-4.540,-0.188,-0.188,0
1787735116.244,gripper,9.045,9.410,9.045,-0.366,-0.366,0
1787735116.294,shoulder_pan,-4.102,-3.780,-4.102,-0.322,-0.322,0
1787735116.294,shoulder_lift,-72.429,-70.769,-72.429,-1.660,-1.660,0
1787735116.294,elbow_flex,78.008,78.286,78.008,-0.278,-0.278,0
1787735116.294,wrist_flex,3.618,0.923,3.618,2.694,2.694,0
1787735116.294,wrist_roll,-4.437,-4.352,-4.437,-0.086,-0.086,0
1787735116.294,gripper,9.006,9.410,9.006,-0.404,-0.404,0
1787735116.344,shoulder_pan,-4.058,-3.780,-4.058,-0.278,-0.278,0
1787735116.344,shoulder_lift,-72.774,-71.297,-72.774,-1.478,-1.478,0
1787735116.344,elbow_flex,78.350,78.286,78.350,0.064,0.064,0
1787735116.344,wrist_flex,4.805,2.066,4.805,2.740,2.740,0
1787735116.344,wrist_roll,-4.192,-4.352,-4.192,0.160,0.160,0
1787735116.344,gripper,9.000,9.410,9.000,-0.410,-0.410,0
1787735116.395,shoulder_pan,-3.900,-3.780,-3.900,-0.120,-0.120,0
1787735116.395,shoulder_lift,-73.571,-71.824,-73.571,-1.747,-1.747,0
1787735116.395,elbow_flex,78.933,78.374,78.933,0.560,0.560,0
1787735116.395,wrist_flex,7.399,3.297,7.399,4.102,4.102,0
1787735116.395,wrist_roll,-4.094,-4.352,-4.094,0.258,0.258,0
1787735116.395,gripper,9.039,9.211,9.039,-0.172,-0.172,0
1787735116.444,shoulder_pan,-3.926,-3.780,-3.926,-0.145,-0.145,0
1787735116.444,shoulder_lift,-73.988,-72.176,-73.988,-1.812,-1.812,0
1787735116.444,elbow_flex,79.027,78.725,79.027,0.302,0.302,0
1787735116.444,wrist_flex,8.660,4.527,8.660,4.133,4.133,0
1787735116.444,wrist_roll,-4.090,-4.352,-4.090,0.261,0.261,0
1787735116.444,gripper,9.028,9.211,9.028,-0.184,-0.184,0
1787735116.495,shoulder_pan,-3.837,-3.780,-3.837,-0.057,-0.057,0
1787735116.495,shoulder_lift,-74.344,-72.879,-74.344,-1.465,-1.465,0
1787735116.495,elbow_flex,79.075,79.253,79.075,-0.178,-0.178,0
1787735116.495,wrist_flex,9.319,6.725,9.319,2.594,2.594,0
1787735116.495,wrist_roll,-4.048,-4.352,-4.048,0.303,0.303,0
1787735116.495,gripper,9.013,9.211,9.013,-0.198,-0.198,0
1787735116.545,shoulder_pan,-3.787,-3.780,-3.787,-0.007,-0.007,0
1787735116.545,shoulder_lift,-74.551,-73.231,-74.551,-1.320,-1.320,0
1787735116.545,elbow_flex,79.154,79.341,79.154,-0.186,-0.186,0
1787735116.545,wrist_flex,9.981,8.132,9.981,1.850,1.850,0
1787735116.545,wrist_roll,-4.115,-4.352,-4.115,0.236,0.236,0
1787735116.545,gripper,8.983,9.211,8.983,-0.228,-0.228,0
1787735116.595,shoulder_pan,-3.170,-3.780,-3.170,0.610,0.610,0
1787735116.595,shoulder_lift,-78.583,-73.670,-78.583,-4.913,-4.913,0
1787735116.595,elbow_flex,81.061,79.341,81.061,1.721,1.721,0
1787735116.595,wrist_flex,13.148,9.011,13.148,4.137,4.137,0
1787735116.595,wrist_roll,-4.269,-4.352,-4.269,0.083,0.083,0
1787735116.595,gripper,8.923,9.211,8.923,-0.288,-0.288,0
1787735116.644,shoulder_pan,-2.556,-3.780,-2.556,1.224,1.224,0
1787735116.644,shoulder_lift,-85.073,-74.286,-85.073,-10.788,-10.788,0
1787735116.644,elbow_flex,83.491,79.516,83.491,3.975,3.975,0
1787735116.644,wrist_flex,16.999,9.890,16.999,7.109,7.109,0
1787735116.644,wrist_roll,-4.590,-4.352,-4.590,-0.238,-0.238,0
1787735116.644,gripper,8.722,9.145,8.722,-0.423,-0.423,0
1787735116.694,shoulder_pan,-2.517,-3.516,-2.517,1.000,1.000,0
1787735116.694,shoulder_lift,-87.560,-77.011,-87.560,-10.549,-10.549,0
1787735116.694,elbow_flex,84.083,81.363,84.083,2.721,2.721,0
1787735116.694,wrist_flex,17.966,12.527,17.966,5.438,5.438,0
1787735116.694,wrist_roll,-4.708,-4.352,-4.708,-0.357,-0.357,0
1787735116.694,gripper,8.548,8.946,8.548,-0.398,-0.398,0
1787735116.745,shoulder_pan,-2.496,-2.813,-2.496,0.318,0.318,0
1787735116.745,shoulder_lift,-89.553,-81.582,-89.553,-7.971,-7.971,0
1787735116.745,elbow_flex,84.332,83.473,84.332,0.859,0.859,0
1787735116.745,wrist_flex,18.674,15.604,18.674,3.070,3.070,0
1787735116.745,wrist_roll,-4.819,-4.615,-4.819,-0.203,-0.203,0
1787735116.745,gripper,8.372,8.814,8.372,-0.442,-0.442,0
1787735116.795,shoulder_pan,-2.404,-2.901,-2.404,0.497,0.497,0
1787735116.795,shoulder_lift,-90.128,-85.011,-90.128,-5.117,-5.117,0
1787735116.795,elbow_flex,85.000,84.088,85.000,0.912,0.912,0
1787735116.795,wrist_flex,19.610,17.099,19.610,2.511,2.511,0
1787735116.795,wrist_roll,-4.910,-4.615,-4.910,-0.295,-0.295,0
1787735116.795,gripper,8.258,8.615,8.258,-0.357,-0.357,0
1787735116.845,shoulder_pan,-2.117,-2.989,-2.117,0.872,0.872,0
1787735116.845,shoulder_lift,-90.223,-87.736,-90.223,-2.487,-2.487,0
1787735116.845,elbow_flex,85.085,84.615,85.085,0.470,0.470,0
1787735116.845,wrist_flex,20.056,18.154,20.056,1.902,1.902,0
1787735116.845,wrist_roll,-5.009,-4.440,-5.009,-0.569,-0.569,0
1787735116.845,gripper,8.113,8.549,8.113,-0.436,-0.436,0
1787735116.896,shoulder_pan,-1.756,-2.637,-1.756,0.882,0.882,0
1787735116.896,shoulder_lift,-90.043,-88.527,-90.043,-1.515,-1.515,0
1787735116.896,elbow_flex,85.063,85.055,85.063,0.008,0.008,0
1787735116.896,wrist_flex,20.800,19.209,20.800,1.592,1.592,0
1787735116.896,wrist_roll,-5.086,-4.703,-5.086,-0.383,-0.383,0
1787735116.896,gripper,7.953,8.482,7.953,-0.529,-0.529,0
1787735116.945,shoulder_pan,-1.417,-2.462,-1.417,1.045,1.045,0
1787735116.945,shoulder_lift,-90.134,-89.055,-90.134,-1.079,-1.079,0
1787735116.945,elbow_flex,85.355,85.231,85.355,0.124,0.124,0
1787735116.945,wrist_flex,20.900,19.912,20.900,0.988,0.988,0
1787735116.945,wrist_roll,-5.174,-4.879,-5.174,-0.295,-0.295,0
1787735116.945,gripper,7.833,8.284,7.833,-0.451,-0.451,0
1787735116.996,shoulder_pan,-1.426,-2.022,-1.426,0.596,0.596,0
1787735116.996,shoulder_lift,-90.230,-89.670,-90.230,-0.560,-0.560,0
1787735116.996,elbow_flex,85.457,85.407,85.457,0.050,0.050,0
1787735116.996,wrist_flex,21.433,20.527,21.433,0.905,0.905,0
1787735116.996,wrist_roll,-5.206,-4.791,-5.206,-0.415,-0.415,0
1787735116.996,gripper,7.818,8.085,7.818,-0.267,-0.267,0
1787735117.045,shoulder_pan,-1.351,-1.758,-1.351,0.407,0.407,0
1787735117.045,shoulder_lift,-90.951,-89.670,-90.951,-1.280,-1.280,0
1787735117.045,elbow_flex,85.834,85.670,85.834,0.164,0.164,0
1787735117.045,wrist_flex,22.212,20.967,22.212,1.245,1.245,0
1787735117.045,wrist_roll,-5.275,-4.791,-5.275,-0.484,-0.484,0
1787735117.045,gripper,7.791,8.085,7.791,-0.293,-0.293,0
1787735117.096,shoulder_pan,-1.487,-1.670,-1.487,0.184,0.184,0
1787735117.096,shoulder_lift,-91.729,-90.022,-91.729,-1.707,-1.707,0
1787735117.096,elbow_flex,86.144,85.846,86.144,0.297,0.297,0
1787735117.096,wrist_flex,23.076,21.495,23.076,1.581,1.581,0
1787735117.096,wrist_roll,-5.314,-4.791,-5.314,-0.522,-0.522,0
1787735117.096,gripper,7.826,8.085,7.826,-0.259,-0.259,0
1787735117.145,shoulder_pan,-1.677,-1.758,-1.677,0.081,0.081,0
1787735117.145,shoulder_lift,-92.211,-90.637,-92.211,-1.574,-1.574,0
1787735117.145,elbow_flex,86.310,86.110,86.310,0.200,0.200,0
1787735117.145,wrist_flex,23.857,22.198,23.857,1.659,1.659,0
1787735117.145,wrist_roll,-5.377,-4.879,-5.377,-0.498,-0.498,0
1787735117.145,gripper,7.816,8.085,7.816,-0.269,-0.269,0
1787735117.195,shoulder_pan,-1.893,-1.758,-1.893,-0.135,-0.135,0
1787735117.195,shoulder_lift,-92.496,-91.253,-92.496,-1.243,-1.243,0
1787735117.195,elbow_flex,86.315,86.462,86.315,-0.146,-0.146,0
1787735117.195,wrist_flex,24.291,22.989,24.291,1.302,1.302,0
1787735117.195,wrist_roll,-5.425,-5.143,-5.425,-0.282,-0.282,0
1787735117.195,gripper,7.841,8.085,7.841,-0.244,-0.244,0
1787735117.245,shoulder_pan,-2.129,-1.758,-2.129,-0.371,-0.371,0
1787735117.245,shoulder_lift,-92.269,-91.780,-92.269,-0.488,-0.488,0
1787735117.245,elbow_flex,86.455,86.549,86.455,-0.094,-0.094,0
1787735117.245,wrist_flex,25.311,23.692,25.311,1.618,1.618,0
1787735117.245,wrist_roll,-5.440,-5.143,-5.440,-0.297,-0.297,0
1787735117.245,gripper,7.865,8.085,7.865,-0.220,-0.220,0
1787735117.295,shoulder_pan,-2.257,-1.758,-2.257,-0.499,-0.499,0
1787735117.295,shoulder_lift,-91.886,-91.956,-91.886,0.070,0.070,0
1787735117.295,elbow_flex,86.418,86.549,86.418,-0.132,-0.132,0
1787735117.295,wrist_flex,25.676,24.308,25.676,1.368,1.368,0
1787735117.295,wrist_roll,-5.417,-5.143,-5.417,-0.274,-0.274,0
1787735117.295,gripper,7.912,8.085,7.912,-0.173,-0.173,0
1787735117.347,shoulder_pan,-2.391,-1.758,-2.391,-0.633,-0.633,0
1787735117.347,shoulder_lift,-91.359,-91.956,-91.359,0.597,0.597,0
1787735117.347,elbow_flex,86.422,86.549,86.422,-0.128,-0.128,0
1787735117.347,wrist_flex,26.033,25.187,26.033,0.847,0.847,0
1787735117.347,wrist_roll,-5.363,-5.143,-5.363,-0.220,-0.220,0
1787735117.347,gripper,7.974,8.085,7.974,-0.111,-0.111,0
1787735117.396,shoulder_pan,-2.446,-2.022,-2.446,-0.424,-0.424,0
1787735117.396,shoulder_lift,-90.956,-91.956,-90.956,1.000,1.000,0
1787735117.396,elbow_flex,86.583,86.549,86.583,0.034,0.034,0
1787735117.396,wrist_flex,26.487,25.451,26.487,1.036,1.036,0
1787735117.396,wrist_roll,-5.360,-5.143,-5.360,-0.217,-0.217,0
1787735117.396,gripper,8.043,8.085,8.043,-0.042,-0.042,0
1787735117.447,shoulder_pan,-2.472,-2.374,-2.472,-0.098,-0.098,0
1787735117.447,shoulder_lift,-90.271,-91.516,-90.271,1.246,1.246,0
1787735117.447,elbow_flex,86.390,86.549,86.390,-0.159,-0.159,0
1787735117.447,wrist_flex,26.754,25.978,26.754,0.776,0.776,0
1787735117.447,wrist_roll,-5.316,-5.143,-5.316,-0.173,-0.173,0
1787735117.447,gripper,8.100,8.085,8.100,0.015,0.015,0
1787735117.496,shoulder_pan,-2.578,-2.374,-2.578,-0.204,-0.204,0
1787735117.496,shoulder_lift,-90.149,-90.989,-90.149,0.840,0.840,0
1787735117.496,elbow_flex,86.341,86.813,86.341,-0.472,-0.472,0
1787735117.496,wrist_flex,27.278,26.418,27.278,0.861,0.861,0
1787735117.496,wrist_roll,-5.277,-5.143,-5.277,-0.135,-0.135,0
1787735117.496,gripper,8.168,8.085,8.168,0.083,0.083,0
1787735117.546,shoulder_pan,-2.598,-2.374,-2.598,-0.225,-0.225,0
1787735117.546,shoulder_lift,-89.651,-90.637,-89.651,0.986,0.986,0
1787735117.546,elbow_flex,86.252,86.725,86.252,-0.474,-0.474,0
1787735117.546,wrist_flex,27.154,26.769,27.154,0.385,0.385,0
1787735117.546,wrist_roll,-5.266,-5.143,-5.266,-0.123,-0.123,0
1787735117.546,gripper,8.239,8.085,8.239,0.154,0.154,0
1787735117.596,shoulder_pan,-2.437,-2.374,-2.437,-0.064,-0.064,0
1787735117.596,shoulder_lift,-89.319,-90.198,-89.319,0.878,0.878,0
1787735117.596,elbow_flex,87.023,86.725,87.023,0.298,0.298,0
1787735117.596,wrist_flex,24.918,26.945,24.918,-2.027,-2.027,0
1787735117.596,wrist_roll,-5.047,-5.143,-5.047,0.096,0.096,0
1787735117.596,gripper,8.653,8.085,8.653,0.568,0.568,0
1787735117.646,shoulder_pan,-2.221,-2.374,-2.221,0.153,0.153,0
1787735117.646,shoulder_lift,-89.025,-89.846,-89.025,0.821,0.821,0
1787735117.646,elbow_flex,87.693,86.989,87.693,0.704,0.704,0
1787735117.646,wrist_flex,23.589,26.945,23.589,-3.356,-3.356,0
1787735117.646,wrist_roll,-4.905,-5.055,-4.905,0.150,0.150,0
1787735117.646,gripper,9.284,8.151,9.284,1.133,1.133,0
1787735117.697,shoulder_pan,-2.195,-2.374,-2.195,0.178,0.178,0
1787735117.697,shoulder_lift,-88.823,-89.495,-88.823,0.672,0.672,0
1787735117.697,elbow_flex,87.860,87.692,87.860,0.168,0.168,0
1787735117.697,wrist_flex,23.539,25.538,23.539,-1.999,-1.999,0
1787735117.697,wrist_roll,-4.891,-5.055,-4.891,0.164,0.164,0
1787735117.697,gripper,9.396,8.416,9.396,0.980,0.980,0
1787735117.747,shoulder_pan,-2.296,-2.374,-2.296,0.078,0.078,0
1787735117.747,shoulder_lift,-88.286,-89.143,-88.286,0.857,0.857,0
1787735117.747,elbow_flex,87.967,88.044,87.967,-0.077,-0.077,0
1787735117.747,wrist_flex,23.881,24.835,23.881,-0.954,-0.954,0
1787735117.747,wrist_roll,-4.841,-5.231,-4.841,0.390,0.390,0
1787735117.747,gripper,9.489,8.880,9.489,0.609,0.609,0
1787735117.797,shoulder_pan,-2.301,-2.374,-2.301,0.073,0.073,0
1787735117.797,shoulder_lift,-88.207,-88.967,-88.207,0.760,0.760,0
1787735117.797,elbow_flex,88.188,88.132,88.188,0.056,0.056,0
1787735117.797,wrist_flex,24.326,24.747,24.326,-0.421,-0.421,0
1787735117.797,wrist_roll,-4.802,-5.231,-4.802,0.429,0.429,0
1787735117.797,gripper,9.556,9.079,9.556,0.477,0.477,0
1787735117.847,shoulder_pan,-2.343,-2.374,-2.343,0.031,0.031,0
1787735117.847,shoulder_lift,-87.898,-88.527,-87.898,0.629,0.629,0
1787735117.847,elbow_flex,88.244,88.396,88.244,-0.151,-0.151,0
1787735117.847,wrist_flex,24.013,24.747,24.013,-0.734,-0.734,0
1787735117.847,wrist_roll,-4.780,-5.319,-4.780,0.538,0.538,0
1787735117.847,gripper,9.626,9.278,9.626,0.348,0.348,0
1787735117.897,shoulder_pan,-2.292,-2.374,-2.292,0.081,0.081,0
1787735117.897,shoulder_lift,-87.649,-88.352,-87.649,0.702,0.702,0
1787735117.897,elbow_flex,88.460,88.484,88.460,-0.023,-0.023,0
1787735117.897,wrist_flex,23.786,24.747,23.786,-0.961,-0.961,0
1787735117.897,wrist_roll,-4.752,-5.319,-4.752,0.566,0.566,0
1787735117.897,gripper,9.683,9.278,9.683,0.405,0.405,0
1787735117.948,shoulder_pan,-2.250,-2.374,-2.250,0.124,0.124,0
1787735117.948,shoulder_lift,-87.501,-88.088,-87.501,0.587,0.587,0
1787735117.948,elbow_flex,88.715,88.571,88.715,0.144,0.144,0
1787735117.948,wrist_flex,23.932,24.747,23.932,-0.816,-0.816,0
1787735117.948,wrist_roll,-4.725,-5.143,-4.725,0.418,0.418,0
1787735117.948,gripper,9.720,9.344,9.720,0.376,0.376,0
1787735117.996,shoulder_pan,-2.285,-2.374,-2.285,0.088,0.088,0
1787735117.996,shoulder_lift,-87.245,-87.912,-87.245,0.667,0.667,0
1787735117.996,elbow_flex,89.056,88.835,89.056,0.221,0.221,0
1787735117.996,wrist_flex,23.667,24.747,23.667,-1.081,-1.081,0
1787735117.996,wrist_roll,-4.694,-5.143,-4.694,0.449,0.449,0
1787735117.996,gripper,9.798,9.410,9.798,0.388,0.388,0
1787735118.048,shoulder_pan,-2.258,-2.286,-2.258,0.028,0.028,0
1787735118.048,shoulder_lift,-86.959,-87.648,-86.959,0.690,0.690,0
1787735118.048,elbow_flex,89.319,89.187,89.319,0.132,0.132,0
1787735118.048,wrist_flex,23.412,24.659,23.412,-1.247,-1.247,0
1787735118.048,wrist_roll,-4.678,-5.143,-4.678,0.464,0.464,0
1787735118.048,gripper,9.865,9.410,9.865,0.454,0.454,0
1787735118.097,shoulder_pan,-2.368,-2.286,-2.368,-0.082,-0.082,0
1787735118.097,shoulder_lift,-87.000,-87.385,-87.000,0.384,0.384,0
1787735118.097,elbow_flex,90.094,89.363,90.094,0.731,0.731,0
1787735118.097,wrist_flex,23.059,24.396,23.059,-1.336,-1.336,0
1787735118.097,wrist_roll,-4.656,-4.967,-4.656,0.311,0.311,0
1787735118.097,gripper,9.961,9.410,9.961,0.551,0.551,0
1787735118.147,shoulder_pan,-2.307,-2.286,-2.307,-0.022,-0.022,0
1787735118.147,shoulder_lift,-86.658,-87.209,-86.658,0.551,0.551,0
1787735118.147,elbow_flex,90.326,89.802,90.326,0.524,0.524,0
1787735118.147,wrist_flex,23.273,24.132,23.273,-0.859,-0.859,0
1787735118.147,wrist_roll,-4.620,-4.967,-4.620,0.347,0.347,0
1787735118.147,gripper,10.042,9.410,10.042,0.632,0.632,0
1787735118.197,shoulder_pan,-2.350,-2.286,-2.350,-0.064,-0.064,0
1787735118.197,shoulder_lift,-86.460,-87.033,-86.460,0.572,0.572,0
1787735118.197,elbow_flex,90.688,90.418,90.688,0.270,0.270,0
1787735118.197,wrist_flex,23.182,23.956,23.182,-0.774,-0.774,0
1787735118.197,wrist_roll,-4.649,-4.967,-4.649,0.318,0.318,0
1787735118.197,gripper,10.074,9.675,10.074,0.398,0.398,0
1787735118.247,shoulder_pan,-2.275,-2.286,-2.275,0.010,0.010,0
1787735118.247,shoulder_lift,-86.268,-86.769,-86.268,0.501,0.501,0
1787735118.247,elbow_flex,90.677,90.593,90.677,0.083,0.083,0
1787735118.247,wrist_flex,22.878,23.956,22.878,-1.078,-1.078,0
1787735118.247,wrist_roll,-4.686,-4.967,-4.686,0.281,0.281,0
1787735118.247,gripper,10.122,9.808,10.122,0.314,0.314,0
1787735118.297,shoulder_pan,-2.361,-2.286,-2.361,-0.075,-0.075,0
1787735118.297,shoulder_lift,-85.917,-86.505,-85.917,0.589,0.589,0
1787735118.297,elbow_flex,91.677,91.033,91.677,0.644,0.644,0
1787735118.297,wrist_flex,22.661,23.780,22.661,-1.119,-1.119,0
1787735118.297,wrist_roll,-4.773,-4.967,-4.773,0.194,0.194,0
1787735118.297,gripper,10.281,9.808,10.281,0.473,0.473,0
1787735118.348,shoulder_pan,-2.394,-2.286,-2.394,-0.108,-0.108,0
1787735118.348,shoulder_lift,-85.675,-86.418,-85.675,0.742,0.742,0
1787735118.348,elbow_flex,91.778,91.121,91.778,0.657,0.657,0
1787735118.348,wrist_flex,22.468,23.692,22.468,-1.224,-1.224,0
1787735118.348,wrist_roll,-4.796,-4.967,-4.796,0.171,0.171,0
1787735118.348,gripper,10.295,9.874,10.295,0.421,0.421,0
1787735118.397,shoulder_pan,-2.359,-2.286,-2.359,-0.073,-0.073,0
1787735118.397,shoulder_lift,-85.610,-85.978,-85.610,0.368,0.368,0
1787735118.397,elbow_flex,91.532,91.912,91.532,-0.381,-0.381,0
1787735118.397,wrist_flex,22.416,23.429,22.416,-1.012,-1.012,0
1787735118.397,wrist_roll,-4.829,-4.967,-4.829,0.138,0.138,0
1787735118.397,gripper,10.290,9.874,10.290,0.415,0.415,0
1787735118.448,shoulder_pan,-2.403,-2.374,-2.403,-0.029,-0.029,0
1787735118.448,shoulder_lift,-85.358,-85.714,-85.358,0.356,0.356,0
1787735118.448,elbow_flex,91.571,92.088,91.571,-0.517,-0.517,0
1787735118.448,wrist_flex,21.969,23.429,21.969,-1.460,-1.460,0
1787735118.448,wrist_roll,-4.847,-4.967,-4.847,0.120,0.120,0
1787735118.448,gripper,10.267,9.874,10.267,0.393,0.393,0
1787735118.498,shoulder_pan,-2.481,-2.286,-2.481,-0.195,-0.195,0
1787735118.498,shoulder_lift,-85.329,-86.066,-85.329,0.737,0.737,0
1787735118.498,elbow_flex,91.770,92.000,91.770,-0.230,-0.230,0
1787735118.498,wrist_flex,21.436,23.165,21.436,-1.729,-1.729,0
1787735118.498,wrist_roll,-4.911,-4.967,-4.911,0.056,0.056,0
1787735118.498,gripper,10.221,9.874,10.221,0.347,0.347,0
1787735118.548,shoulder_pan,-2.741,-2.374,-2.741,-0.367,-0.367,0
1787735118.548,shoulder_lift,-87.171,-85.451,-87.171,-1.720,-1.720,0
1787735118.548,elbow_flex,95.052,92.088,95.052,2.964,2.964,0
1787735118.548,wrist_flex,13.138,22.725,13.138,-9.587,-9.587,0
1787735118.548,wrist_roll,-5.169,-4.967,-5.169,-0.202,-0.202,0
1787735118.548,gripper,10.618,9.874,10.618,0.744,0.744,0
1787735118.597,shoulder_pan,-4.444,-2.374,-4.444,-2.071,-2.071,0
1787735118.597,shoulder_lift,-88.832,-85.626,-88.832,-3.205,-3.205,0
1787735118.597,elbow_flex,98.078,92.176,98.078,5.903,5.903,0
1787735118.597,wrist_flex,-10.828,22.110,-10.828,-32.937,-32.937,0
1787735118.597,wrist_roll,-5.585,-4.967,-5.585,-0.618,-0.618,0
1787735118.597,gripper,10.568,9.940,10.568,0.628,0.628,0
1787735118.649,shoulder_pan,-4.986,-2.549,-4.986,-2.437,-2.437,0
1787735118.649,shoulder_lift,-87.617,-87.209,-87.617,-0.408,-0.408,0
1787735118.649,elbow_flex,96.787,95.165,96.787,1.622,1.622,0
1787735118.649,wrist_flex,-24.234,18.505,-21.495,-42.739,-40.000,1
1787735118.649,wrist_roll,-5.675,-5.143,-5.675,-0.532,-0.532,0
1787735118.649,gripper,9.723,10.205,9.723,-0.482,-0.482,0
1787735118.698,shoulder_pan,-5.023,-3.956,-5.023,-1.067,-1.067,0
1787735118.698,shoulder_lift,-86.404,-87.209,-86.404,0.805,0.805,0
1787735118.698,elbow_flex,95.891,96.659,95.891,-0.768,-0.768,0
1787735118.698,wrist_flex,-35.127,11.209,-28.791,-46.336,-40.000,1
1787735118.698,wrist_roll,-5.689,-5.319,-5.689,-0.371,-0.371,0
1787735118.698,gripper,8.707,10.205,8.707,-1.498,-1.498,0
1787735118.750,shoulder_pan,-4.683,-4.396,-4.683,-0.288,-0.288,0
1787735118.750,shoulder_lift,-84.887,-87.297,-84.887,2.410,2.410,0
1787735118.750,elbow_flex,94.386,96.484,94.386,-2.097,-2.097,0
1787735118.750,wrist_flex,-41.620,-0.396,-40.396,-41.224,-40.000,1
1787735118.750,wrist_roll,-5.804,-5.231,-5.804,-0.574,-0.574,0
1787735118.750,gripper,7.913,9.675,7.913,-1.762,-1.762,0
1787735118.798,shoulder_pan,-4.345,-4.308,-4.345,-0.037,-0.037,0
1787735118.798,shoulder_lift,-83.938,-86.154,-83.938,2.216,2.216,0
1787735118.798,elbow_flex,93.717,96.484,93.717,-2.767,-2.767,0
1787735118.798,wrist_flex,-43.077,-12.264,-43.077,-30.813,-30.813,0
1787735118.798,wrist_roll,-5.946,-5.582,-5.946,-0.363,-0.363,0
1787735118.798,gripper,7.581,8.880,7.581,-1.299,-1.299,0
1787735118.849,shoulder_pan,-4.227,-4.396,-4.227,0.168,0.168,0
1787735118.849,shoulder_lift,-83.520,-85.187,-83.520,1.666,1.666,0
1787735118.849,elbow_flex,93.421,96.484,93.421,-3.063,-3.063,0
1787735118.849,wrist_flex,-42.546,-24.044,-42.546,-18.502,-18.502,0
1787735118.849,wrist_roll,-6.120,-5.670,-6.120,-0.450,-0.450,0
1787735118.849,gripper,7.348,8.284,7.348,-0.936,-0.936,0
1787735118.898,shoulder_pan,-4.324,-4.396,-4.324,0.072,0.072,0
1787735118.898,shoulder_lift,-83.074,-84.659,-83.074,1.585,1.585,0
1787735118.898,elbow_flex,93.602,96.044,93.602,-2.442,-2.442,0
1787735118.898,wrist_flex,-41.690,-33.099,-41.690,-8.591,-8.591,0
1787735118.898,wrist_roll,-6.247,-5.846,-6.247,-0.400,-0.400,0
1787735118.898,gripper,7.308,7.820,7.308,-0.511,-0.511,0
1787735118.950,shoulder_pan,-4.382,-4.396,-4.382,0.013,0.013,0
1787735118.950,shoulder_lift,-82.629,-84.044,-82.629,1.415,1.415,0
1787735118.950,elbow_flex,92.898,95.868,92.898,-2.970,-2.970,0
1787735118.950,wrist_flex,-40.014,-37.846,-40.014,-2.168,-2.168,0
1787735118.950,wrist_roll,-6.259,-5.934,-6.259,-0.325,-0.325,0
1787735118.950,gripper,7.566,7.687,7.566,-0.122,-0.122,0
1787735118.998,shoulder_pan,-4.695,-4.396,-4.695,-0.299,-0.299,0
1787735118.998,shoulder_lift,-82.766,-83.165,-82.766,0.399,0.399,0
1787735118.998,elbow_flex,92.287,95.780,92.287,-3.493,-3.493,0
1787735118.998,wrist_flex,-39.890,-38.813,-39.890,-1.077,-1.077,0
1787735118.998,wrist_roll,-6.088,-5.934,-6.088,-0.154,-0.154,0
1787735118.998,gripper,8.044,7.687,8.044,0.357,0.357,0
1787735119.048,shoulder_pan,-4.758,-4.396,-4.758,-0.363,-0.363,0
1787735119.048,shoulder_lift,-83.097,-82.989,-83.097,-0.108,-0.108,0
1787735119.048,elbow_flex,91.595,95.780,91.595,-4.186,-4.186,0
1787735119.048,wrist_flex,-37.603,-38.901,-37.603,1.298,1.298,0
1787735119.048,wrist_roll,-5.809,-5.934,-5.809,0.125,0.125,0
1787735119.048,gripper,9.035,7.687,9.035,1.348,1.348,0
1787735119.098,shoulder_pan,-4.833,-4.396,-4.833,-0.438,-0.438,0
1787735119.098,shoulder_lift,-83.640,-82.989,-83.640,-0.651,-0.651,0
1787735119.098,elbow_flex,90.872,95.077,90.872,-4.205,-4.205,0
1787735119.098,wrist_flex,-34.901,-38.901,-34.901,4.001,4.001,0
1787735119.098,wrist_roll,-5.611,-5.934,-5.611,0.323,0.323,0
1787735119.098,gripper,10.040,7.886,10.040,2.154,2.154,0
1787735119.148,shoulder_pan,-4.826,-4.571,-4.826,-0.254,-0.254,0
1787735119.148,shoulder_lift,-84.096,-83.341,-84.096,-0.756,-0.756,0
1787735119.148,elbow_flex,90.137,94.374,90.137,-4.236,-4.236,0
1787735119.148,wrist_flex,-29.926,-37.407,-29.926,7.480,7.480,0
1787735119.148,wrist_roll,-5.558,-5.934,-5.558,0.376,0.376,0
1787735119.148,gripper,10.754,8.748,10.754,2.007,2.007,0
1787735119.198,shoulder_pan,-4.738,-4.659,-4.738,-0.078,-0.078,0
1787735119.198,shoulder_lift,-84.664,-83.429,-84.664,-1.236,-1.236,0
1787735119.198,elbow_flex,89.310,93.846,89.310,-4.536,-4.536,0
1787735119.198,wrist_flex,-24.853,-35.473,-24.853,10.620,10.620,0
1787735119.198,wrist_roll,-5.527,-5.934,-5.527,0.407,0.407,0
1787735119.198,gripper,11.217,9.543,11.217,1.674,1.674,0
1787735119.248,shoulder_pan,-4.398,-4.659,-4.398,0.261,0.261,0
1787735119.248,shoulder_lift,-85.037,-83.868,-85.037,-1.169,-1.169,0
1787735119.248,elbow_flex,87.989,93.231,87.989,-5.242,-5.242,0
1787735119.248,wrist_flex,-14.922,-32.132,-14.922,17.210,17.210,0
1787735119.248,wrist_roll,-5.374,-5.934,-5.374,0.560,0.560,0
1787735119.248,gripper,11.479,10.272,11.479,1.207,1.207,0
1787735119.300,shoulder_pan,-4.218,-4.659,-4.218,0.441,0.441,0
1787735119.300,shoulder_lift,-85.209,-84.396,-85.209,-0.814,-0.814,0
1787735119.300,elbow_flex,87.101,92.176,87.101,-5.075,-5.075,0
1787735119.300,wrist_flex,-10.860,-27.209,-10.860,16.349,16.349,0
1787735119.300,wrist_roll,-5.357,-5.934,-5.357,0.577,0.577,0
1787735119.300,gripper,11.444,10.802,11.444,0.642,0.642,0
1787735119.349,shoulder_pan,-4.335,-4.659,-4.335,0.325,0.325,0
1787735119.349,shoulder_lift,-85.085,-84.659,-85.085,-0.426,-0.426,0
1787735119.349,elbow_flex,86.273,90.945,86.273,-4.673,-4.673,0
1787735119.349,wrist_flex,-8.991,-21.055,-8.991,12.064,12.064,0
1787735119.349,wrist_roll,-5.339,-5.670,-5.339,0.332,0.332,0
1787735119.349,gripper,11.418,11.001,11.418,0.417,0.417,0
1787735119.399,shoulder_pan,-4.557,-4.659,-4.557,0.103,0.103,0
1787735119.399,shoulder_lift,-85.234,-84.747,-85.234,-0.487,-0.487,0
1787735119.399,elbow_flex,86.122,89.978,86.122,-3.856,-3.856,0
1787735119.399,wrist_flex,-7.713,-15.165,-7.713,7.452,7.452,0
1787735119.399,wrist_roll,-5.281,-5.670,-5.281,0.390,0.390,0
1787735119.399,gripper,11.448,11.067,11.448,0.381,0.381,0
1787735119.449,shoulder_pan,-4.688,-4.659,-4.688,-0.029,-0.029,0
1787735119.449,shoulder_lift,-85.357,-84.747,-85.357,-0.609,-0.609,0
1787735119.449,elbow_flex,85.698,89.451,85.698,-3.753,-3.753,0
1787735119.449,wrist_flex,-7.015,-11.473,-7.015,4.457,4.457,0
1787735119.449,wrist_roll,-5.220,-5.582,-5.220,0.362,0.362,0
1787735119.449,gripper,11.451,11.067,11.451,0.384,0.384,0
1787735119.500,shoulder_pan,-5.364,-4.659,-5.364,-0.705,-0.705,0
1787735119.500,shoulder_lift,-85.460,-84.747,-85.460,-0.713,-0.713,0
1787735119.500,elbow_flex,88.913,89.011,88.913,-0.098,-0.098,0
1787735119.500,wrist_flex,-4.310,-9.275,-4.310,4.964,4.964,0
1787735119.500,wrist_roll,-4.220,-5.582,-4.220,1.363,1.363,0
1787735119.500,gripper,11.792,11.067,11.792,0.725,0.725,0
1787735119.550,shoulder_pan,-5.874,-4.747,-5.874,-1.127,-1.127,0
1787735119.550,shoulder_lift,-85.317,-84.923,-85.317,-0.394,-0.394,0
1787735119.550,elbow_flex,93.722,88.747,93.722,4.974,4.974,0
1787735119.550,wrist_flex,-0.065,-7.780,-0.065,7.715,7.715,0
1787735119.550,wrist_roll,-2.507,-5.407,-2.507,2.899,2.899,0
1787735119.550,gripper,11.906,11.199,11.906,0.706,0.706,0
1787735119.600,shoulder_pan,-5.885,-5.275,-5.885,-0.610,-0.610,0
1787735119.600,shoulder_lift,-85.119,-85.451,-85.119,0.332,0.332,0
1787735119.600,elbow_flex,94.116,89.890,94.116,4.226,4.226,0
1787735119.600,wrist_flex,1.918,-5.231,1.918,7.149,7.149,0
1787735119.600,wrist_roll,-1.884,-4.615,-1.884,2.732,2.732,0
1787735119.600,gripper,11.755,11.465,11.755,0.290,0.290,0
1787735119.650,shoulder_pan,-6.004,-5.714,-6.004,-0.290,-0.290,0
1787735119.650,shoulder_lift,-84.849,-85.099,-84.849,0.250,0.250,0
1787735119.650,elbow_flex,93.969,92.879,93.969,1.090,1.090,0
1787735119.650,wrist_flex,3.154,-1.626,3.154,4.781,4.781,0
1787735119.650,wrist_roll,-1.540,-3.033,-1.540,1.493,1.493,0
1787735119.650,gripper,11.624,11.597,11.624,0.027,0.027,0
1787735119.700,shoulder_pan,-6.079,-5.626,-6.079,-0.453,-0.453,0
1787735119.700,shoulder_lift,-84.713,-84.835,-84.713,0.122,0.122,0
1787735119.700,elbow_flex,94.424,94.198,94.424,0.227,0.227,0
1787735119.700,wrist_flex,4.094,0.923,4.094,3.171,3.171,0
1787735119.700,wrist_roll,-1.066,-2.681,-1.066,1.615,1.615,0
1787735119.700,gripper,11.518,11.597,11.518,-0.079,-0.079,0
1787735119.750,shoulder_pan,-6.195,-5.714,-6.195,-0.481,-0.481,0
1787735119.750,shoulder_lift,-84.476,-85.451,-84.476,0.975,0.975,0
1787735119.750,elbow_flex,94.309,94.198,94.309,0.111,0.111,0
1787735119.750,wrist_flex,6.256,2.242,6.256,4.014,4.014,0
1787735119.750,wrist_roll,-0.782,-2.066,-0.782,1.284,1.284,0
1787735119.750,gripper,11.415,11.663,11.415,-0.249,-0.249,0
1787735119.800,shoulder_pan,-6.328,-6.066,-6.328,-0.262,-0.262,0
1787735119.800,shoulder_lift,-84.400,-84.659,-84.400,0.259,0.259,0
1787735119.800,elbow_flex,94.368,94.725,94.368,-0.358,-0.358,0
1787735119.800,wrist_flex,7.166,3.648,7.166,3.518,3.518,0
1787735119.800,wrist_roll,-0.507,-1.363,-0.507,0.855,0.855,0
1787735119.800,gripper,11.332,11.663,11.332,-0.331,-0.331,0
1787735119.850,shoulder_pan,-6.485,-5.802,-6.485,-0.683,-0.683,0
1787735119.850,shoulder_lift,-84.293,-84.659,-84.293,0.367,0.367,0
1787735119.850,elbow_flex,94.118,94.637,94.118,-0.520,-0.520,0
1787735119.850,wrist_flex,8.419,5.582,8.419,2.837,2.837,0
1787735119.850,wrist_roll,-0.307,-1.451,-0.307,1.144,1.144,0
1787735119.850,gripper,11.216,11.663,11.216,-0.448,-0.448,0
1787735119.900,shoulder_pan,-6.542,-6.066,-6.542,-0.476,-0.476,0
1787735119.900,shoulder_lift,-84.220,-84.835,-84.220,0.615,0.615,0
1787735119.900,elbow_flex,94.118,94.549,94.118,-0.431,-0.431,0
1787735119.900,wrist_flex,9.183,6.813,9.183,2.370,2.370,0
1787735119.900,wrist_roll,-0.106,-0.835,-0.106,0.729,0.729,0
1787735119.900,gripper,11.189,11.597,11.189,-0.409,-0.409,0
1787735119.951,shoulder_pan,-6.752,-6.330,-6.752,-0.422,-0.422,0
1787735119.951,shoulder_lift,-83.992,-84.396,-83.992,0.403,0.403,0
1787735119.951,elbow_flex,93.817,94.813,93.817,-0.996,-0.996,0
1787735119.951,wrist_flex,9.841,8.132,9.841,1.709,1.709,0
1787735119.951,wrist_roll,-0.004,-0.571,-0.004,0.567,0.567,0
1787735119.951,gripper,11.120,11.465,11.120,-0.344,-0.344,0
1787735120.000,shoulder_pan,-6.864,-6.330,-6.864,-0.534,-0.534,0
1787735120.000,shoulder_lift,-83.999,-84.396,-83.999,0.397,0.397,0
1787735120.000,elbow_flex,94.075,94.637,94.075,-0.563,-0.563,0
1787735120.000,wrist_flex,10.079,8.923,10.079,1.156,1.156,0
1787735120.000,wrist_roll,0.134,-0.484,0.134,0.617,0.617,0
1787735120.000,gripper,11.089,11.332,11.089,-0.243,-0.243,0
1787735120.050,shoulder_pan,-7.264,-6.418,-7.264,-0.846,-0.846,0
1787735120.050,shoulder_lift,-83.819,-84.132,-83.819,0.312,0.312,0
1787735120.050,elbow_flex,93.833,94.637,93.833,-0.804,-0.804,0
1787735120.050,wrist_flex,10.469,9.626,10.469,0.843,0.843,0
1787735120.050,wrist_roll,0.272,-0.044,0.272,0.316,0.316,0
1787735120.050,gripper,10.969,11.266,10.969,-0.297,-0.297,0
1787735120.100,shoulder_pan,-7.376,-6.769,-7.376,-0.606,-0.606,0
1787735120.100,shoulder_lift,-83.829,-84.132,-83.829,0.303,0.303,0
1787735120.100,elbow_flex,94.192,94.725,94.192,-0.533,-0.533,0
1787735120.100,wrist_flex,10.266,10.066,10.266,0.200,0.200,0
1787735120.100,wrist_roll,0.373,-0.220,0.373,0.593,0.593,0
1787735120.100,gripper,10.912,11.266,10.912,-0.354,-0.354,0
1787735120.150,shoulder_pan,-7.590,-7.121,-7.590,-0.469,-0.469,0
1787735120.150,shoulder_lift,-83.843,-84.044,-83.843,0.200,0.200,0
1787735120.150,elbow_flex,94.057,94.637,94.057,-0.581,-0.581,0
1787735120.150,wrist_flex,10.233,10.154,10.233,0.079,0.079,0
1787735120.150,wrist_roll,0.463,0.220,0.463,0.244,0.244,0
1787735120.150,gripper,10.814,11.199,10.814,-0.386,-0.386,0
1787735120.200,shoulder_pan,-7.628,-7.121,-7.628,-0.507,-0.507,0
1787735120.200,shoulder_lift,-83.676,-83.956,-83.676,0.280,0.280,0
1787735120.200,elbow_flex,94.299,94.637,94.299,-0.339,-0.339,0
1787735120.200,wrist_flex,10.655,10.154,10.655,0.501,0.501,0
1787735120.200,wrist_roll,0.552,0.132,0.552,0.420,0.420,0
1787735120.200,gripper,10.760,11.133,10.760,-0.374,-0.374,0
1787735120.251,shoulder_pan,-7.332,-7.385,-7.332,0.052,0.052,0
1787735120.251,shoulder_lift,-83.587,-84.044,-83.587,0.457,0.457,0
1787735120.251,elbow_flex,94.114,94.637,94.114,-0.523,-0.523,0
1787735120.251,wrist_flex,9.438,10.154,9.438,-0.716,-0.716,0
1787735120.251,wrist_roll,0.756,0.044,0.756,0.712,0.712,0
1787735120.251,gripper,10.742,11.001,10.742,-0.259,-0.259,0
1787735120.301,shoulder_pan,-7.358,-7.473,-7.358,0.114,0.114,0
1787735120.301,shoulder_lift,-83.515,-83.780,-83.515,0.265,0.265,0
1787735120.301,elbow_flex,93.850,94.725,93.850,-0.876,-0.876,0
1787735120.301,wrist_flex,10.284,10.330,10.284,-0.046,-0.046,0
1787735120.301,wrist_roll,0.788,0.308,0.788,0.481,0.481,0
1787735120.301,gripper,10.656,10.868,10.656,-0.212,-0.212,0
1787735120.351,shoulder_pan,-7.100,-7.473,-7.100,0.373,0.373,0
1787735120.351,shoulder_lift,-83.290,-83.692,-83.290,0.403,0.403,0
1787735120.351,elbow_flex,93.767,94.725,93.767,-0.958,-0.958,0
1787735120.351,wrist_flex,10.629,10.154,10.629,0.476,0.476,0
1787735120.351,wrist_roll,0.836,0.308,0.836,0.529,0.529,0
1787735120.351,gripper,10.607,10.868,10.607,-0.261,-0.261,0
1787735120.401,shoulder_pan,-7.084,-7.473,-7.084,0.389,0.389,0
1787735120.401,shoulder_lift,-83.362,-83.692,-83.362,0.330,0.330,0
1787735120.401,elbow_flex,93.923,94.725,93.923,-0.802,-0.802,0
1787735120.401,wrist_flex,11.092,10.330,11.092,0.762,0.762,0
1787735120.401,wrist_roll,0.862,0.396,0.862,0.466,0.466,0
1787735120.401,gripper,10.567,10.868,10.567,-0.301,-0.301,0
1787735120.451,shoulder_pan,-6.965,-7.385,-6.965,0.420,0.420,0
1787735120.451,shoulder_lift,-84.292,-83.604,-84.292,-0.687,-0.687,0
1787735120.451,elbow_flex,93.704,94.725,93.704,-1.021,-1.021,0
1787735120.451,wrist_flex,7.514,10.681,7.514,-3.168,-3.168,0
1787735120.451,wrist_roll,1.214,0.396,1.214,0.818,0.818,0
1787735120.451,gripper,10.658,10.868,10.658,-0.211,-0.211,0
1787735120.501,shoulder_pan,-6.615,-7.385,-6.615,0.770,0.770,0
1787735120.501,shoulder_lift,-85.822,-83.604,-85.822,-2.217,-2.217,0
1787735120.501,elbow_flex,93.752,94.725,93.752,-0.973,-0.973,0
1787735120.501,wrist_flex,4.501,10.769,4.501,-6.268,-6.268,0
1787735120.501,wrist_roll,1.603,0.659,1.603,0.944,0.944,0
1787735120.501,gripper,10.622,10.868,10.622,-0.246,-0.246,0
1787735120.551,shoulder_pan,-6.101,-7.385,-6.101,1.283,1.283,0
1787735120.551,shoulder_lift,-86.203,-83.956,-86.203,-2.247,-2.247,0
1787735120.551,elbow_flex,93.646,94.725,93.646,-1.079,-1.079,0
1787735120.551,wrist_flex,6.726,8.659,6.726,-1.933,-1.933,0
1787735120.551,wrist_roll,1.678,1.011,1.678,0.667,0.667,0
1787735120.551,gripper,10.443,10.868,10.443,-0.425,-0.425,0
1787735120.601,shoulder_pan,-5.540,-6.857,-5.540,1.318,1.318,0
1787735120.601,shoulder_lift,-86.600,-85.187,-86.600,-1.413,-1.413,0
1787735120.601,elbow_flex,93.492,94.637,93.492,-1.145,-1.145,0
1787735120.601,wrist_flex,9.124,6.637,9.124,2.486,2.486,0
1787735120.601,wrist_roll,1.655,1.187,1.655,0.468,0.468,0
1787735120.601,gripper,10.256,10.868,10.256,-0.612,-0.612,0
1787735120.651,shoulder_pan,-5.097,-6.418,-5.097,1.321,1.321,0
1787735120.651,shoulder_lift,-86.957,-85.802,-86.957,-1.154,-1.154,0
1787735120.651,elbow_flex,93.400,94.637,93.400,-1.237,-1.237,0
1787735120.651,wrist_flex,11.178,7.604,11.178,3.573,3.573,0
1787735120.651,wrist_roll,1.699,1.363,1.699,0.337,0.337,0
1787735120.651,gripper,10.179,10.603,10.179,-0.424,-0.424,0
1787735120.701,shoulder_pan,-4.635,-5.890,-4.635,1.255,1.255,0
1787735120.701,shoulder_lift,-87.212,-85.978,-87.212,-1.234,-1.234,0
1787735120.701,elbow_flex,92.908,94.725,92.908,-1.817,-1.817,0
1787735120.701,wrist_flex,13.520,9.187,13.520,4.333,4.333,0
1787735120.701,wrist_roll,1.657,1.538,1.657,0.119,0.119,0
1787735120.701,gripper,10.060,10.471,10.060,-0.410,-0.410,0
1787735120.752,shoulder_pan,-4.270,-5.363,-4.270,1.093,1.093,0
1787735120.752,shoulder_lift,-87.441,-86.505,-87.441,-0.936,-0.936,0
1787735120.752,elbow_flex,92.854,94.637,92.854,-1.783,-1.783,0
1787735120.752,wrist_flex,15.847,10.769,15.847,5.078,5.078,0
1787735120.752,wrist_roll,1.612,1.538,1.612,0.073,0.073,0
1787735120.752,gripper,9.968,10.404,9.968,-0.436,-0.436,0
1787735120.801,shoulder_pan,-3.934,-5.011,-3.934,1.077,1.077,0
1787735120.801,shoulder_lift,-87.684,-86.857,-87.684,-0.827,-0.827,0
1787735120.801,elbow_flex,92.675,94.637,92.675,-1.962,-1.962,0
1787735120.801,wrist_flex,18.119,12.879,18.119,5.239,5.239,0
1787735120.801,wrist_roll,1.544,1.626,1.544,-0.082,-0.082,0
1787735120.801,gripper,9.877,10.272,9.877,-0.394,-0.394,0
1787735120.851,shoulder_pan,-3.519,-4.571,-3.519,1.053,1.053,0
1787735120.851,shoulder_lift,-87.756,-86.945,-87.756,-0.811,-0.811,0
1787735120.851,elbow_flex,92.265,94.637,92.265,-2.372,-2.372,0
1787735120.851,wrist_flex,20.165,14.989,20.165,5.176,5.176,0
1787735120.851,wrist_roll,1.462,1.538,1.462,-0.076,-0.076,0
1787735120.851,gripper,9.760,10.139,9.760,-0.379,-0.379,0
1787735120.901,shoulder_pan,-3.362,-4.220,-3.362,0.857,0.857,0
1787735120.901,shoulder_lift,-87.886,-87.209,-87.886,-0.677,-0.677,0
1787735120.901,elbow_flex,91.804,94.637,91.804,-2.833,-2.833,0
1787735120.901,wrist_flex,21.231,17.363,21.231,3.869,3.869,0
1787735120.901,wrist_roll,1.446,1.626,1.446,-0.180,-0.180,0
1787735120.901,gripper,9.665,10.139,9.665,-0.474,-0.474,0
1787735120.952,shoulder_pan,-3.155,-3.956,-3.155,0.801,0.801,0
1787735120.952,shoulder_lift,-88.132,-87.385,-88.132,-0.747,-0.747,0
1787735120.952,elbow_flex,91.552,94.637,91.552,-3.086,-3.086,0
1787735120.952,wrist_flex,23.151,19.297,23.151,3.855,3.855,0
1787735120.952,wrist_roll,1.409,1.626,1.409,-0.217,-0.217,0
1787735120.952,gripper,9.598,10.007,9.598,-0.409,-0.409,0
1787735121.001,shoulder_pan,-2.927,-3.780,-2.927,0.853,0.853,0
1787735121.001,shoulder_lift,-87.974,-87.473,-87.974,-0.501,-0.501,0
1787735121.001,elbow_flex,90.909,94.637,90.909,-3.728,-3.728,0
1787735121.001,wrist_flex,23.696,20.703,23.696,2.993,2.993,0
1787735121.001,wrist_roll,1.357,1.626,1.357,-0.270,-0.270,0
1787735121.001,gripper,9.459,9.874,9.459,-0.415,-0.415,0
1787735121.054,shoulder_pan,-2.831,-3.429,-2.831,0.598,0.598,0
1787735121.054,shoulder_lift,-87.990,-87.648,-87.990,-0.342,-0.342,0
1787735121.054,elbow_flex,90.083,94.374,90.083,-4.290,-4.290,0
1787735121.054,wrist_flex,24.177,22.462,24.177,1.715,1.715,0
1787735121.054,wrist_roll,1.373,1.626,1.373,-0.253,-0.253,0
1787735121.054,gripper,9.419,9.675,9.419,-0.257,-0.257,0
1787735121.101,shoulder_pan,-2.682,-3.341,-2.682,0.659,0.659,0
1787735121.101,shoulder_lift,-87.609,-87.648,-87.609,0.040,0.040,0
1787735121.101,elbow_flex,88.737,94.022,88.737,-5.285,-5.285,0
1787735121.101,wrist_flex,23.704,23.341,23.704,0.363,0.363,0
1787735121.101,wrist_roll,1.303,1.626,1.303,-0.323,-0.323,0
1787735121.101,gripper,9.312,9.675,9.312,-0.364,-0.364,0
1787735121.152,shoulder_pan,-2.560,-3.253,-2.560,0.693,0.693,0
1787735121.152,shoulder_lift,-87.500,-87.648,-87.500,0.148,0.148,0
1787735121.152,elbow_flex,88.087,93.407,88.087,-5.319,-5.319,0
1787735121.152,wrist_flex,24.507,23.604,24.507,0.902,0.902,0
1787735121.152,wrist_roll,1.277,1.451,1.277,-0.173,-0.173,0
1787735121.152,gripper,9.250,9.675,9.250,-0.426,-0.426,0
1787735121.202,shoulder_pan,-2.340,-3.253,-2.340,0.913,0.913,0
1787735121.202,shoulder_lift,-87.105,-87.648,-87.105,0.543,0.543,0
1787735121.202,elbow_flex,86.351,92.088,86.351,-5.736,-5.736,0
1787735121.202,wrist_flex,25.461,23.780,25.461,1.681,1.681,0
1787735121.202,wrist_roll,1.325,1.538,1.325,-0.213,-0.213,0
1787735121.202,gripper,9.166,9.476,9.166,-0.310,-0.310,0
1787735121.252,shoulder_pan,-2.306,-3.165,-2.306,0.859,0.859,0
1787735121.252,shoulder_lift,-86.337,-87.648,-86.337,1.312,1.312,0
1787735121.252,elbow_flex,84.514,91.033,84.514,-6.519,-6.519,0
1787735121.252,wrist_flex,25.016,24.571,25.016,0.444,0.444,0
1787735121.252,wrist_roll,1.188,1.538,1.188,-0.351,-0.351,0
1787735121.252,gripper,9.083,9.410,9.083,-0.327,-0.327,0
1787735121.302,shoulder_pan,-2.288,-2.637,-2.288,0.350,0.350,0
1787735121.302,shoulder_lift,-85.829,-87.121,-85.829,1.292,1.292,0
1787735121.302,elbow_flex,83.290,89.626,83.290,-6.337,-6.337,0
1787735121.302,wrist_flex,24.790,25.011,24.790,-0.221,-0.221,0
1787735121.302,wrist_roll,1.116,1.275,1.116,-0.158,-0.158,0
1787735121.302,gripper,9.083,9.410,9.083,-0.327,-0.327,0
1787735121.352,shoulder_pan,-2.225,-2.549,-2.225,0.325,0.325,0
1787735121.352,shoulder_lift,-85.121,-86.505,-85.121,1.384,1.384,0
1787735121.352,elbow_flex,81.581,87.692,81.581,-6.111,-6.111,0
1787735121.352,wrist_flex,24.369,25.011,24.369,-0.642,-0.642,0
1787735121.352,wrist_roll,1.026,1.275,1.026,-0.249,-0.249,0
1787735121.352,gripper,9.075,9.410,9.075,-0.335,-0.335,0
1787735121.402,shoulder_pan,-1.200,-2.637,-1.200,1.438,1.438,0
1787735121.402,shoulder_lift,-87.040,-85.978,-87.040,-1.062,-1.062,0
1787735121.402,elbow_flex,86.858,86.286,86.858,0.572,0.572,0
1787735121.402,wrist_flex,36.178,25.011,36.178,11.167,11.167,0
1787735121.402,wrist_roll,1.845,1.451,1.845,0.394,0.394,0
1787735121.402,gripper,9.285,9.410,9.285,-0.125,-0.125,0
1787735121.452,shoulder_pan,0.342,-2.549,0.342,2.891,2.891,0
1787735121.452,shoulder_lift,-89.194,-85.890,-89.194,-3.304,-3.304,0
1787735121.452,elbow_flex,94.239,85.319,94.239,8.920,8.920,0
1787735121.452,wrist_flex,51.726,25.099,51.726,26.627,26.627,0
1787735121.452,wrist_roll,2.747,1.451,2.747,1.297,1.297,0
1787735121.452,gripper,9.345,9.410,9.345,-0.065,-0.065,0
1787735121.503,shoulder_pan,0.832,-1.582,0.832,2.414,2.414,0
1787735121.503,shoulder_lift,-88.702,-87.560,-88.702,-1.141,-1.141,0
1787735121.503,elbow_flex,93.833,86.725,93.833,7.108,7.108,0
1787735121.503,wrist_flex,53.907,27.736,53.907,26.171,26.171,0
1787735121.503,wrist_roll,2.755,1.890,2.755,0.864,0.864,0
1787735121.503,gripper,9.233,9.410,9.233,-0.177,-0.177,0
1787735121.553,shoulder_pan,0.949,-0.440,0.949,1.389,1.389,0
1787735121.553,shoulder_lift,-88.001,-88.176,-88.001,0.175,0.175,0
1787735121.553,elbow_flex,92.985,91.121,92.985,1.864,1.864,0
1787735121.553,wrist_flex,54.682,35.824,54.682,18.857,18.857,0
1787735121.553,wrist_roll,2.666,2.330,2.666,0.336,0.336,0
1787735121.553,gripper,9.112,9.410,9.112,-0.299,-0.299,0
1787735121.603,shoulder_pan,0.666,0.440,0.666,0.226,0.226,0
1787735121.603,shoulder_lift,-87.207,-87.648,-87.207,0.441,0.441,0
1787735121.603,elbow_flex,91.448,93.670,91.448,-2.222,-2.222,0
1787735121.603,wrist_flex,55.504,44.352,55.504,11.153,11.153,0
1787735121.603,wrist_roll,2.668,2.154,2.668,0.514,0.514,0
1787735121.603,gripper,8.924,9.410,8.924,-0.486,-0.486,0
1787735121.653,shoulder_pan,0.152,0.264,0.152,-0.112,-0.112,0
1787735121.653,shoulder_lift,-85.928,-88.264,-85.928,2.335,2.335,0
1787735121.653,elbow_flex,89.803,93.055,89.803,-3.252,-3.252,0
1787735121.653,wrist_flex,55.467,49.890,55.467,5.577,5.577,0
1787735121.653,wrist_roll,2.612,2.066,2.612,0.546,0.546,0
1787735121.653,gripper,8.703,9.344,8.703,-0.641,-0.641,0
1787735121.703,shoulder_pan,-0.169,0.176,-0.169,-0.345,-0.345,0
1787735121.703,shoulder_lift,-84.434,-87.033,-84.434,2.599,2.599,0
1787735121.703,elbow_flex,87.580,92.967,87.580,-5.387,-5.387,0
1787735121.703,wrist_flex,55.254,52.703,55.254,2.551,2.551,0
1787735121.703,wrist_roll,2.608,2.242,2.608,0.366,0.366,0
1787735121.703,gripper,8.369,9.013,8.369,-0.644,-0.644,0
1787735121.753,shoulder_pan,-0.397,0.352,-0.397,-0.749,-0.749,0
1787735121.753,shoulder_lift,-82.386,-86.505,-82.386,4.119,4.119,0
1787735121.753,elbow_flex,85.289,92.615,85.289,-7.327,-7.327,0
1787735121.753,wrist_flex,54.392,53.934,54.392,0.458,0.458,0
1787735121.753,wrist_roll,2.578,2.154,2.578,0.424,0.424,0
1787735121.753,gripper,8.043,8.814,8.043,-0.771,-0.771,0
1787735121.803,shoulder_pan,-0.700,-0.264,-0.700,-0.436,-0.436,0
1787735121.803,shoulder_lift,-80.110,-84.747,-80.110,4.637,4.637,0
1787735121.803,elbow_flex,82.408,90.593,82.408,-8.186,-8.186,0
1787735121.803,wrist_flex,52.700,54.286,52.700,-1.586,-1.586,0
1787735121.803,wrist_roll,2.559,2.330,2.559,0.229,0.229,0
1787735121.803,gripper,7.673,8.416,7.673,-0.743,-0.743,0
1787735121.853,shoulder_pan,-1.131,0.000,-1.131,-1.131,-1.131,0
1787735121.853,shoulder_lift,-77.963,-83.341,-77.963,5.378,5.378,0
1787735121.853,elbow_flex,79.882,88.571,79.882,-8.689,-8.689,0
1787735121.853,wrist_flex,51.944,54.110,51.944,-2.166,-2.166,0
1787735121.853,wrist_roll,2.584,2.330,2.584,0.254,0.254,0
1787735121.853,gripper,7.446,8.151,7.446,-0.705,-0.705,0
1787735121.903,shoulder_pan,-1.914,-0.527,-1.914,-1.387,-1.387,0
1787735121.903,shoulder_lift,-75.690,-80.967,-75.690,5.277,5.277,0
1787735121.903,elbow_flex,77.440,86.022,77.440,-8.582,-8.582,0
1787735121.903,wrist_flex,50.046,53.231,50.046,-3.185,-3.185,0
1787735121.903,wrist_roll,2.595,2.330,2.595,0.266,0.266,0
1787735121.903,gripper,7.244,7.820,7.244,-0.576,-0.576,0
1787735121.953,shoulder_pan,-2.834,-1.143,-2.834,-1.691,-1.691,0
1787735121.953,shoulder_lift,-73.378,-79.209,-73.378,5.831,5.831,0
1787735121.953,elbow_flex,74.965,83.560,74.965,-8.596,-8.596,0
1787735121.953,wrist_flex,48.353,52.527,48.353,-4.174,-4.174,0
1787735121.953,wrist_roll,2.552,2.418,2.552,0.135,0.135,0
1787735121.953,gripper,7.086,7.621,7.086,-0.534,-0.534,0
1787735122.003,shoulder_pan,-3.922,-1.582,-3.922,-2.340,-2.340,0
1787735122.003,shoulder_lift,-71.174,-76.659,-71.174,5.485,5.485,0
1787735122.003,elbow_flex,72.605,81.187,72.605,-8.582,-8.582,0
1787735122.003,wrist_flex,47.047,50.857,47.047,-3.810,-3.810,0
1787735122.003,wrist_roll,2.541,2.418,2.541,0.123,0.123,0
1787735122.003,gripper,7.000,7.356,7.000,-0.356,-0.356,0
1787735122.053,shoulder_pan,-4.578,-2.549,-4.578,-2.029,-2.029,0
1787735122.053,shoulder_lift,-69.110,-74.637,-69.110,5.528,5.528,0
1787735122.053,elbow_flex,70.375,78.637,70.375,-8.262,-8.262,0
1787735122.053,wrist_flex,46.172,49.451,46.172,-3.279,-3.279,0
1787735122.053,wrist_roll,2.516,2.418,2.516,0.098,0.098,0
1787735122.053,gripper,6.876,7.290,6.876,-0.413,-0.413,0
1787735122.103,shoulder_pan,-4.968,-3.604,-4.968,-1.364,-1.364,0
1787735122.103,shoulder_lift,-67.212,-72.176,-67.212,4.964,4.964,0
1787735122.103,elbow_flex,68.399,76.264,68.399,-7.865,-7.865,0
1787735122.103,wrist_flex,45.460,48.132,45.460,-2.672,-2.672,0
1787735122.103,wrist_roll,2.531,2.418,2.531,0.114,0.114,0
1787735122.103,gripper,6.857,7.157,6.857,-0.300,-0.300,0
1787735122.154,shoulder_pan,-5.201,-4.044,-5.201,-1.157,-1.157,0
1787735122.154,shoulder_lift,-63.698,-70.154,-63.698,6.456,6.456,0
1787735122.154,elbow_flex,64.506,73.890,64.506,-9.384,-9.384,0
1787735122.154,wrist_flex,44.950,47.077,44.950,-2.127,-2.127,0
1787735122.154,wrist_roll,2.563,2.418,2.563,0.146,0.146,0
1787735122.154,gripper,6.768,6.958,6.768,-0.190,-0.190,0
1787735122.204,shoulder_pan,-5.066,-4.747,-5.066,-0.319,-0.319,0
1787735122.204,shoulder_lift,-62.456,-68.044,-62.456,5.588,5.588,0
1787735122.204,elbow_flex,63.032,71.956,63.032,-8.924,-8.924,0
1787735122.204,wrist_flex,45.418,46.374,45.418,-0.955,-0.955,0
1787735122.204,wrist_roll,2.479,2.418,2.479,0.062,0.062,0
1787735122.204,gripper,6.732,6.958,6.732,-0.226,-0.226,0
1787735122.254,shoulder_pan,-4.677,-4.835,-4.677,0.159,0.159,0
1787735122.254,shoulder_lift,-61.337,-65.319,-61.337,3.982,3.982,0
1787735122.254,elbow_flex,61.737,68.967,61.737,-7.230,-7.230,0
1787735122.254,wrist_flex,45.657,46.022,45.657,-0.365,-0.365,0
1787735122.254,wrist_roll,2.413,2.418,2.413,-0.005,-0.005,0
1787735122.254,gripper,6.712,6.958,6.712,-0.247,-0.247,0
1787735122.304,shoulder_pan,-4.135,-4.747,-4.135,0.613,0.613,0
1787735122.304,shoulder_lift,-60.573,-63.560,-60.573,2.988,2.988,0
1787735122.304,elbow_flex,60.985,66.681,60.985,-5.696,-5.696,0
1787735122.304,wrist_flex,46.426,46.022,46.426,0.404,0.404,0
1787735122.304,wrist_roll,2.452,2.418,2.452,0.034,0.034,0
1787735122.304,gripper,6.715,6.958,6.715,-0.243,-0.243,0
1787735122.354,shoulder_pan,-0.742,-4.747,-0.742,4.005,4.005,0
1787735122.354,shoulder_lift,-62.942,-62.154,-62.942,-0.788,-0.788,0
1787735122.354,elbow_flex,61.768,65.187,61.768,-3.419,-3.419,0
1787735122.354,wrist_flex,48.593,46.110,48.593,2.483,2.483,0
1787735122.354,wrist_roll,2.864,2.418,2.864,0.446,0.446,0
1787735122.354,gripper,6.131,6.958,6.131,-0.828,-0.828,0
1787735122.404,shoulder_pan,8.211,-4.396,8.211,12.606,12.606,0
1787735122.404,shoulder_lift,-70.502,-61.538,-70.502,-8.964,-8.964,0
1787735122.404,elbow_flex,65.294,64.571,65.294,0.723,0.723,0
1787735122.404,wrist_flex,51.788,46.462,51.788,5.327,5.327,0
1787735122.404,wrist_roll,3.327,2.418,3.327,0.909,0.909,0
1787735122.404,gripper,5.390,6.826,5.390,-1.436,-1.436,0
1787735122.455,shoulder_pan,8.883,-1.846,8.883,10.729,10.729,0
1787735122.455,shoulder_lift,-72.936,-62.857,-72.936,-10.079,-10.079,0
1787735122.455,elbow_flex,66.358,64.571,66.358,1.787,1.787,0
1787735122.455,wrist_flex,53.365,48.396,53.365,4.969,4.969,0
1787735122.455,wrist_roll,3.403,2.945,3.403,0.458,0.458,0
1787735122.455,gripper,5.220,6.229,5.220,-1.010,-1.010,0
1787735122.504,shoulder_pan,8.457,2.989,8.457,5.468,5.468,0
1787735122.504,shoulder_lift,-74.734,-66.725,-74.734,-8.009,-8.009,0
1787735122.504,elbow_flex,67.115,65.890,67.115,1.225,1.225,0
1787735122.504,wrist_flex,54.599,50.769,54.599,3.830,3.830,0
1787735122.504,wrist_roll,3.564,3.033,3.564,0.531,0.531,0
1787735122.504,gripper,5.078,5.699,5.078,-0.621,-0.621,0
1787735122.554,shoulder_pan,7.319,6.242,7.319,1.077,1.077,0
1787735122.554,shoulder_lift,-75.492,-70.330,-75.492,-5.162,-5.162,0
1787735122.554,elbow_flex,67.609,66.681,67.609,0.928,0.928,0
1787735122.554,wrist_flex,55.868,52.440,55.868,3.428,3.428,0
1787735122.554,wrist_roll,3.696,3.121,3.696,0.575,0.575,0
1787735122.554,gripper,4.947,5.434,4.947,-0.487,-0.487,0
1787735122.604,shoulder_pan,5.754,6.505,5.754,-0.752,-0.752,0
1787735122.604,shoulder_lift,-76.273,-72.967,-76.273,-3.306,-3.306,0
1787735122.604,elbow_flex,67.783,67.385,67.783,0.398,0.398,0
1787735122.604,wrist_flex,56.467,53.846,56.467,2.620,2.620,0
1787735122.604,wrist_roll,3.672,3.648,3.672,0.024,0.024,0
1787735122.604,gripper,4.868,5.235,4.868,-0.367,-0.367,0
1787735122.655,shoulder_pan,4.205,6.681,4.205,-2.476,-2.476,0
1787735122.655,shoulder_lift,-76.840,-74.022,-76.840,-2.818,-2.818,0
1787735122.655,elbow_flex,67.834,67.648,67.834,0.185,0.185,0
1787735122.655,wrist_flex,57.235,55.077,57.235,2.158,2.158,0
1787735122.655,wrist_roll,3.647,3.560,3.647,0.086,0.086,0
1787735122.655,gripper,4.748,5.235,4.748,-0.488,-0.488,0
1787735122.704,shoulder_pan,2.801,5.890,2.801,-3.089,-3.089,0
1787735122.704,shoulder_lift,-77.137,-75.341,-77.137,-1.797,-1.797,0
1787735122.704,elbow_flex,68.170,68.000,68.170,0.170,0.170,0
1787735122.704,wrist_flex,58.638,56.132,58.638,2.506,2.506,0
1787735122.704,wrist_roll,3.629,3.297,3.629,0.332,0.332,0
1787735122.704,gripper,4.645,5.036,4.645,-0.391,-0.391,0
1787735122.755,shoulder_pan,1.619,4.308,1.619,-2.688,-2.688,0
1787735122.755,shoulder_lift,-77.753,-76.044,-77.753,-1.709,-1.709,0
1787735122.755,elbow_flex,68.560,68.088,68.560,0.472,0.472,0
1787735122.755,wrist_flex,59.349,57.099,59.349,2.250,2.250,0
1787735122.755,wrist_roll,3.581,3.473,3.581,0.108,0.108,0
1787735122.755,gripper,4.573,5.036,4.573,-0.463,-0.463,0
1787735122.804,shoulder_pan,0.541,3.429,0.541,-2.888,-2.888,0
1787735122.804,shoulder_lift,-78.206,-76.747,-78.206,-1.459,-1.459,0
1787735122.804,elbow_flex,69.058,68.615,69.058,0.443,0.443,0
1787735122.804,wrist_flex,60.930,58.330,60.930,2.601,2.601,0
1787735122.804,wrist_roll,3.541,3.297,3.541,0.245,0.245,0
1787735122.804,gripper,4.440,4.970,4.440,-0.530,-0.530,0
1787735122.855,shoulder_pan,-0.177,2.110,-0.177,-2.287,-2.287,0
1787735122.855,shoulder_lift,-79.047,-77.275,-79.047,-1.772,-1.772,0
1787735122.855,elbow_flex,69.351,68.879,69.351,0.472,0.472,0
1787735122.855,wrist_flex,62.579,59.209,62.579,3.370,3.370,0
1787735122.855,wrist_roll,3.521,3.385,3.521,0.136,0.136,0
1787735122.855,gripper,4.360,4.904,4.360,-0.544,-0.544,0
1787735122.904,shoulder_pan,-0.540,0.967,-0.540,-1.507,-1.507,0
1787735122.904,shoulder_lift,-79.480,-78.066,-79.480,-1.414,-1.414,0
1787735122.904,elbow_flex,69.701,69.319,69.701,0.382,0.382,0
1787735122.904,wrist_flex,63.901,60.527,63.901,3.374,3.374,0
1787735122.904,wrist_roll,3.492,3.473,3.492,0.019,0.019,0
1787735122.904,gripper,4.332,4.705,4.332,-0.373,-0.373,0
1787735122.954,shoulder_pan,-0.658,0.440,-0.658,-1.098,-1.098,0
1787735122.954,shoulder_lift,-79.429,-78.593,-79.429,-0.835,-0.835,0
1787735122.954,elbow_flex,70.055,69.670,70.055,0.385,0.385,0
1787735122.954,wrist_flex,64.372,61.934,64.372,2.438,2.438,0
1787735122.954,wrist_roll,3.474,3.385,3.474,0.089,0.089,0
1787735122.954,gripper,4.321,4.639,4.321,-0.318,-0.318,0
1787735123.005,shoulder_pan,-0.658,-0.264,-0.658,-0.394,-0.394,0
1787735123.005,shoulder_lift,-79.605,-78.945,-79.605,-0.660,-0.660,0
1787735123.005,elbow_flex,70.344,69.934,70.344,0.410,0.410,0
1787735123.005,wrist_flex,64.856,63.253,64.856,1.603,1.603,0
1787735123.005,wrist_roll,3.419,3.297,3.419,0.122,0.122,0
1787735123.005,gripper,4.313,4.639,4.313,-0.326,-0.326,0
1787735123.055,shoulder_pan,-0.603,-0.352,-0.603,-0.251,-0.251,0
1787735123.055,shoulder_lift,-79.533,-79.033,-79.533,-0.500,-0.500,0
1787735123.055,elbow_flex,70.439,70.374,70.439,0.065,0.065,0
1787735123.055,wrist_flex,65.422,63.956,65.422,1.466,1.466,0
1787735123.055,wrist_roll,3.429,3.560,3.429,-0.132,-0.132,0
1787735123.055,gripper,4.288,4.639,4.288,-0.351,-0.351,0
1787735123.105,shoulder_pan,-0.679,-0.088,-0.679,-0.591,-0.591,0
1787735123.105,shoulder_lift,-80.020,-79.209,-80.020,-0.811,-0.811,0
1787735123.105,elbow_flex,70.733,70.637,70.733,0.096,0.096,0
1787735123.105,wrist_flex,66.194,64.659,66.194,1.535,1.535,0
1787735123.105,wrist_roll,3.425,3.297,3.425,0.129,0.129,0
1787735123.105,gripper,4.079,4.639,4.079,-0.560,-0.560,0
1787735123.155,shoulder_pan,-0.567,-0.264,-0.567,-0.304,-0.304,0
1787735123.155,shoulder_lift,-80.111,-79.473,-80.111,-0.638,-0.638,0
1787735123.155,elbow_flex,70.790,70.725,70.790,0.065,0.065,0
1787735123.155,wrist_flex,66.748,65.275,66.748,1.473,1.473,0
1787735123.155,wrist_roll,3.404,3.297,3.404,0.107,0.107,0
1787735123.155,gripper,4.072,4.573,4.072,-0.501,-0.501,0
1787735123.205,shoulder_pan,-0.512,-0.352,-0.512,-0.161,-0.161,0
1787735123.205,shoulder_lift,-80.088,-79.824,-80.088,-0.264,-0.264,0
1787735123.205,elbow_flex,70.698,70.989,70.698,-0.291,-0.291,0
1787735123.205,wrist_flex,67.205,65.978,67.205,1.227,1.227,0
1787735123.205,wrist_roll,3.406,3.385,3.406,0.022,0.022,0
1787735123.205,gripper,4.076,4.440,4.076,-0.364,-0.364,0
1787735123.255,shoulder_pan,-0.514,-0.264,-0.514,-0.250,-0.250,0
1787735123.255,shoulder_lift,-79.977,-79.824,-79.977,-0.153,-0.153,0
1787735123.255,elbow_flex,70.770,70.989,70.770,-0.219,-0.219,0
1787735123.255,wrist_flex,67.207,66.593,67.207,0.613,0.613,0
1787735123.255,wrist_roll,3.407,3.385,3.407,0.022,0.022,0
1787735123.255,gripper,4.084,4.374,4.084,-0.289,-0.289,0
1787735123.305,shoulder_pan,-0.720,-0.176,-0.720,-0.544,-0.544,0
1787735123.305,shoulder_lift,-82.174,-79.824,-82.174,-2.350,-2.350,0
1787735123.305,elbow_flex,70.903,70.989,70.903,-0.086,-0.086,0
1787735123.305,wrist_flex,65.658,66.857,65.658,-1.200,-1.200,0
1787735123.305,wrist_roll,4.014,3.385,4.014,0.629,0.629,0
1787735123.305,gripper,3.795,4.374,3.795,-0.579,-0.579,0
1787735123.356,shoulder_pan,-0.985,-0.176,-0.985,-0.809,-0.809,0
1787735123.356,shoulder_lift,-84.444,-80.088,-84.444,-4.356,-4.356,0
1787735123.356,elbow_flex,69.116,71.165,69.116,-2.049,-2.049,0
1787735123.356,wrist_flex,61.179,66.769,61.179,-5.591,-5.591,0
1787735123.356,wrist_roll,5.662,3.385,5.662,2.278,2.278,0
1787735123.356,gripper,4.956,4.241,4.956,0.715,0.715,0
1787735123.406,shoulder_pan,-0.951,-0.615,-0.951,-0.336,-0.336,0
1787735123.406,shoulder_lift,-84.099,-81.758,-84.099,-2.341,-2.341,0
1787735123.406,elbow_flex,68.044,71.253,68.044,-3.209,-3.209,0
1787735123.406,wrist_flex,60.755,65.978,60.755,-5.223,-5.223,0
1787735123.406,wrist_roll,6.178,4.000,6.178,2.178,2.178,0
1787735123.406,gripper,5.760,4.241,5.760,1.519,1.519,0
1787735123.456,shoulder_pan,-0.900,-0.791,-0.900,-0.109,-0.109,0
1787735123.456,shoulder_lift,-83.329,-83.341,-83.329,0.012,0.012,0
1787735123.456,elbow_flex,67.076,70.813,67.076,-3.738,-3.738,0
1787735123.456,wrist_flex,60.789,63.604,60.789,-2.816,-2.816,0
1787735123.456,wrist_roll,6.334,5.055,6.334,1.279,1.279,0
1787735123.456,gripper,6.229,4.838,6.229,1.391,1.391,0
1787735123.506,shoulder_pan,-0.935,-0.879,-0.935,-0.056,-0.056,0
1787735123.506,shoulder_lift,-82.236,-83.253,-82.236,1.017,1.017,0
1787735123.506,elbow_flex,66.086,70.110,66.086,-4.024,-4.024,0
1787735123.506,wrist_flex,60.939,62.374,60.939,-1.435,-1.435,0
1787735123.506,wrist_roll,6.387,5.582,6.387,0.804,0.804,0
1787735123.506,gripper,6.469,5.434,6.469,1.034,1.034,0
1787735123.556,shoulder_pan,-0.991,-0.879,-0.991,-0.112,-0.112,0
1787735123.556,shoulder_lift,-81.045,-82.901,-81.045,1.856,1.856,0
1787735123.556,elbow_flex,65.563,69.495,65.563,-3.931,-3.931,0
1787735123.556,wrist_flex,61.590,62.022,61.590,-0.432,-0.432,0
1787735123.556,wrist_roll,6.259,5.934,6.259,0.324,0.324,0
1787735123.556,gripper,6.479,5.832,6.479,0.648,0.648,0
1787735123.606,shoulder_pan,-1.056,-0.791,-1.056,-0.265,-0.265,0
1787735123.606,shoulder_lift,-80.104,-82.549,-80.104,2.445,2.445,0
1787735123.606,elbow_flex,64.656,68.703,64.656,-4.047,-4.047,0
1787735123.606,wrist_flex,61.953,61.934,61.953,0.019,0.019,0
1787735123.606,wrist_roll,6.161,6.022,6.161,0.139,0.139,0
1787735123.606,gripper,6.453,6.097,6.453,0.356,0.356,0
1787735123.656,shoulder_pan,-1.107,-0.791,-1.107,-0.316,-0.316,0
1787735123.656,shoulder_lift,-79.017,-81.319,-79.017,2.301,2.301,0
1787735123.656,elbow_flex,64.078,67.912,64.078,-3.834,-3.834,0
1787735123.656,wrist_flex,62.379,61.934,62.379,0.444,0.444,0
1787735123.656,wrist_roll,6.089,6.022,6.089,0.067,0.067,0
1787735123.656,gripper,6.356,6.163,6.356,0.193,0.193,0
1787735123.707,shoulder_pan,-1.090,-0.791,-1.090,-0.298,-0.298,0
1787735123.707,shoulder_lift,-78.186,-80.440,-78.186,2.254,2.254,0
1787735123.707,elbow_flex,63.367,67.385,63.367,-4.018,-4.018,0
1787735123.707,wrist_flex,62.897,61.934,62.897,0.962,0.962,0
1787735123.707,wrist_roll,5.992,5.934,5.992,0.058,0.058,0
1787735123.707,gripper,6.287,6.163,6.287,0.123,0.123,0
1787735123.756,shoulder_pan,-1.096,-0.703,-1.096,-0.393,-0.393,0
1787735123.756,shoulder_lift,-77.542,-79.648,-77.542,2.106,2.106,0
1787735123.756,elbow_flex,62.954,66.681,62.954,-3.727,-3.727,0
1787735123.756,wrist_flex,63.140,62.374,63.140,0.766,0.766,0
1787735123.756,wrist_roll,6.020,5.934,6.020,0.086,0.086,0
1787735123.756,gripper,6.241,6.163,6.241,0.078,0.078,0
1787735123.806,shoulder_pan,-1.065,-0.703,-1.065,-0.362,-0.362,0
1787735123.806,shoulder_lift,-76.793,-78.505,-76.793,1.712,1.712,0
1787735123.806,elbow_flex,62.234,66.066,62.234,-3.832,-3.832,0
1787735123.806,wrist_flex,63.492,62.725,63.492,0.767,0.767,0
1787735123.806,wrist_roll,5.933,5.934,5.933,-0.001,-0.001,0
1787735123.806,gripper,6.197,6.163,6.197,0.034,0.034,0
1787735123.856,shoulder_pan,-1.109,-0.703,-1.109,-0.405,-0.405,0
1787735123.856,shoulder_lift,-75.935,-77.890,-75.935,1.955,1.955,0
1787735123.856,elbow_flex,61.639,65.626,61.639,-3.987,-3.987,0
1787735123.856,wrist_flex,63.966,63.077,63.966,0.889,0.889,0
1787735123.856,wrist_roll,5.838,5.934,5.838,-0.096,-0.096,0
1787735123.856,gripper,6.172,6.163,6.172,0.009,0.009,0
1787735123.906,shoulder_pan,-1.135,-0.703,-1.135,-0.432,-0.432,0
1787735123.906,shoulder_lift,-75.242,-77.099,-75.242,1.857,1.857,0
1787735123.906,elbow_flex,61.266,64.923,61.266,-3.657,-3.657,0
1787735123.906,wrist_flex,63.581,63.516,63.581,0.065,0.065,0
1787735123.906,wrist_roll,5.771,5.934,5.771,-0.164,-0.164,0
1787735123.906,gripper,6.199,6.163,6.199,0.036,0.036,0
1787735123.956,shoulder_pan,-1.121,-0.703,-1.121,-0.418,-0.418,0
1787735123.956,shoulder_lift,-74.435,-76.308,-74.435,1.873,1.873,0
1787735123.956,elbow_flex,60.748,64.308,60.748,-3.560,-3.560,0
1787735123.956,wrist_flex,63.591,63.604,63.591,-0.013,-0.013,0
1787735123.956,wrist_roll,5.701,5.934,5.701,-0.233,-0.233,0
1787735123.956,gripper,6.243,6.163,6.243,0.080,0.080,0
1787735124.006,shoulder_pan,-1.088,-0.703,-1.088,-0.385,-0.385,0
1787735124.006,shoulder_lift,-72.376,-75.604,-72.376,3.229,3.229,0
1787735124.006,elbow_flex,59.844,63.780,59.844,-3.937,-3.937,0
1787735124.006,wrist_flex,63.012,63.604,63.012,-0.592,-0.592,0
1787735124.006,wrist_roll,5.585,5.934,5.585,-0.349,-0.349,0
1787735124.006,gripper,6.234,6.163,6.234,0.071,0.071,0
1787735124.057,shoulder_pan,-1.035,-0.703,-1.035,-0.332,-0.332,0
1787735124.057,shoulder_lift,-71.158,-74.637,-71.158,3.479,3.479,0
1787735124.057,elbow_flex,59.514,63.077,59.514,-3.563,-3.563,0
1787735124.057,wrist_flex,63.313,63.604,63.313,-0.291,-0.291,0
1787735124.057,wrist_roll,5.577,5.934,5.577,-0.357,-0.357,0
1787735124.057,gripper,6.291,6.163,6.291,0.128,0.128,0
1787735124.107,shoulder_pan,-1.018,-0.703,-1.018,-0.315,-0.315,0
1787735124.107,shoulder_lift,-69.692,-73.055,-69.692,3.363,3.363,0
1787735124.107,elbow_flex,59.246,62.286,59.246,-3.040,-3.040,0
1787735124.107,wrist_flex,63.256,63.604,63.256,-0.349,-0.349,0
1787735124.107,wrist_roll,5.516,5.934,5.516,-0.418,-0.418,0
1787735124.107,gripper,6.308,6.163,6.308,0.145,0.145,0
1787735124.157,shoulder_pan,-1.090,-0.703,-1.090,-0.387,-0.387,0
1787735124.157,shoulder_lift,-68.406,-71.736,-68.406,3.331,3.331,0
1787735124.157,elbow_flex,58.670,62.110,58.670,-3.440,-3.440,0
1787735124.157,wrist_flex,62.486,63.604,62.486,-1.119,-1.119,0
1787735124.157,wrist_roll,5.452,5.934,5.452,-0.483,-0.483,0
1787735124.157,gripper,6.362,6.163,6.362,0.199,0.199,0
1787735124.208,shoulder_pan,-1.090,-0.703,-1.090,-0.387,-0.387,0
1787735124.208,shoulder_lift,-67.511,-70.330,-67.511,2.819,2.819,0
1787735124.208,elbow_flex,58.416,61.846,58.416,-3.430,-3.430,0
1787735124.208,wrist_flex,62.467,63.516,62.467,-1.050,-1.050,0
1787735124.208,wrist_roll,5.433,5.846,5.433,-0.413,-0.413,0
1787735124.208,gripper,6.360,6.163,6.360,0.197,0.197,0
1787735124.257,shoulder_pan,-0.844,-0.703,-0.844,-0.140,-0.140,0
1787735124.257,shoulder_lift,-65.934,-69.011,-65.934,3.077,3.077,0
1787735124.257,elbow_flex,58.738,61.407,58.738,-2.668,-2.668,0
1787735124.257,wrist_flex,61.888,63.253,61.888,-1.365,-1.365,0
1787735124.257,wrist_roll,5.247,5.846,5.247,-0.600,-0.600,0
1787735124.257,gripper,6.264,6.163,6.264,0.101,0.101,0
1787735124.307,shoulder_pan,-1.972,-0.703,-1.972,-1.269,-1.269,0
1787735124.307,shoulder_lift,-64.970,-67.868,-64.970,2.898,2.898,0
1787735124.307,elbow_flex,59.208,61.231,59.208,-2.023,-2.023,0
1787735124.307,wrist_flex,61.067,62.989,61.067,-1.922,-1.922,0
1787735124.307,wrist_roll,5.066,5.758,5.066,-0.693,-0.693,0
1787735124.307,gripper,6.448,6.163,6.448,0.285,0.285,0
1787735124.357,shoulder_pan,-4.152,-0.791,-4.152,-3.361,-3.361,0
1787735124.357,shoulder_lift,-65.215,-66.549,-65.215,1.334,1.334,0
1787735124.357,elbow_flex,59.188,61.231,59.188,-2.043,-2.043,0
1787735124.357,wrist_flex,60.472,62.462,60.472,-1.989,-1.989,0
1787735124.357,wrist_roll,5.058,5.319,5.058,-0.261,-0.261,0
1787735124.357,gripper,6.663,6.163,6.663,0.500,0.500,0
1787735124.407,shoulder_pan,-6.384,-1.758,-6.384,-4.625,-4.625,0
1787735124.407,shoulder_lift,-65.893,-65.846,-65.893,-0.047,-0.047,0
1787735124.407,elbow_flex,59.312,61.231,59.312,-1.919,-1.919,0
1787735124.407,wrist_flex,59.874,61.846,59.874,-1.972,-1.972,0
1787735124.407,wrist_roll,4.935,5.319,4.935,-0.383,-0.383,0
1787735124.407,gripper,6.833,6.229,6.833,0.604,0.604,0
1787735124.458,shoulder_pan,-8.187,-3.692,-8.187,-4.495,-4.495,0
1787735124.458,shoulder_lift,-67.323,-65.758,-67.323,-1.565,-1.565,0
1787735124.458,elbow_flex,59.738,61.231,59.738,-1.493,-1.493,0
1787735124.458,wrist_flex,61.034,61.143,61.034,-0.108,-0.108,0
1787735124.458,wrist_roll,5.031,5.319,5.031,-0.288,-0.288,0
1787735124.458,gripper,6.922,6.229,6.922,0.693,0.693,0
1787735124.507,shoulder_pan,-9.408,-5.714,-9.408,-3.693,-3.693,0
1787735124.507,shoulder_lift,-69.377,-65.846,-69.377,-3.531,-3.531,0
1787735124.507,elbow_flex,60.948,61.231,60.948,-0.283,-0.283,0
1787735124.507,wrist_flex,61.603,60.967,61.603,0.636,0.636,0
1787735124.507,wrist_roll,5.123,5.582,5.123,-0.459,-0.459,0
1787735124.507,gripper,6.971,6.494,6.971,0.476,0.476,0
1787735124.557,shoulder_pan,-9.775,-7.209,-9.775,-2.566,-2.566,0
1787735124.557,shoulder_lift,-72.144,-66.813,-72.144,-5.331,-5.331,0
1787735124.557,elbow_flex,63.464,61.231,63.464,2.233,2.233,0
1787735124.557,wrist_flex,61.115,61.231,61.115,-0.116,-0.116,0
1787735124.557,wrist_roll,5.062,5.231,5.062,-0.169,-0.169,0
1787735124.557,gripper,6.955,6.561,6.955,0.394,0.394,0
1787735124.608,shoulder_pan,-9.810,-8.791,-9.810,-1.019,-1.019,0
1787735124.608,shoulder_lift,-75.692,-68.659,-75.692,-7.032,-7.032,0
1787735124.608,elbow_flex,67.692,61.934,67.692,5.758,5.758,0
1787735124.608,wrist_flex,61.529,61.319,61.529,0.210,0.210,0
1787735124.608,wrist_roll,5.024,5.407,5.024,-0.382,-0.382,0
1787735124.608,gripper,6.892,6.561,6.892,0.332,0.332,0
1787735124.657,shoulder_pan,-9.857,-8.967,-9.857,-0.890,-0.890,0
1787735124.657,shoulder_lift,-77.726,-71.297,-77.726,-6.429,-6.429,0
1787735124.657,elbow_flex,70.312,63.692,70.312,6.620,6.620,0
1787735124.657,wrist_flex,62.205,61.319,62.205,0.886,0.886,0
1787735124.657,wrist_roll,4.883,5.143,4.883,-0.260,-0.260,0
1787735124.657,gripper,6.793,6.561,6.793,0.232,0.232,0
1787735124.708,shoulder_pan,-9.901,-9.407,-9.901,-0.495,-0.495,0
1787735124.708,shoulder_lift,-78.540,-74.110,-78.540,-4.430,-4.430,0
1787735124.708,elbow_flex,71.134,66.769,71.134,4.365,4.365,0
1787735124.708,wrist_flex,62.020,61.407,62.020,0.613,0.613,0
1787735124.708,wrist_roll,4.796,5.055,4.796,-0.259,-0.259,0
1787735124.708,gripper,6.787,6.561,6.787,0.226,0.226,0
1787735124.758,shoulder_pan,-9.898,-9.495,-9.898,-0.403,-0.403,0
1787735124.758,shoulder_lift,-79.130,-76.132,-79.130,-2.998,-2.998,0
1787735124.758,elbow_flex,71.851,69.582,71.851,2.269,2.269,0
1787735124.758,wrist_flex,62.481,61.846,62.481,0.635,0.635,0
1787735124.758,wrist_roll,4.706,5.143,4.706,-0.437,-0.437,0
1787735124.758,gripper,6.710,6.561,6.710,0.149,0.149,0
1787735124.807,shoulder_pan,-9.828,-9.495,-9.828,-0.333,-0.333,0
1787735124.807,shoulder_lift,-79.362,-77.363,-79.362,-2.000,-2.000,0
1787735124.807,elbow_flex,72.154,70.989,72.154,1.165,1.165,0
1787735124.807,wrist_flex,63.396,62.022,63.396,1.374,1.374,0
1787735124.807,wrist_roll,4.624,4.879,4.624,-0.255,-0.255,0
1787735124.807,gripper,6.655,6.561,6.655,0.094,0.094,0
1787735124.857,shoulder_pan,-9.854,-9.495,-9.854,-0.359,-0.359,0
1787735124.857,shoulder_lift,-79.228,-78.418,-79.228,-0.810,-0.810,0
1787735124.857,elbow_flex,71.797,71.956,71.797,-0.159,-0.159,0
1787735124.857,wrist_flex,62.720,62.549,62.720,0.171,0.171,0
1787735124.857,wrist_roll,4.500,4.879,4.500,-0.379,-0.379,0
1787735124.857,gripper,6.638,6.561,6.638,0.077,0.077,0
1787735124.907,shoulder_pan,-9.789,-9.495,-9.789,-0.294,-0.294,0
1787735124.907,shoulder_lift,-78.838,-78.505,-78.838,-0.333,-0.333,0
1787735124.907,elbow_flex,71.300,72.044,71.300,-0.744,-0.744,0
1787735124.907,wrist_flex,63.409,62.901,63.409,0.508,0.508,0
1787735124.907,wrist_roll,4.504,4.791,4.504,-0.287,-0.287,0
1787735124.907,gripper,6.582,6.561,6.582,0.021,0.021,0
1787735124.957,shoulder_pan,-9.748,-9.495,-9.748,-0.254,-0.254,0
1787735124.957,shoulder_lift,-78.477,-78.769,-78.477,0.292,0.292,0
1787735124.957,elbow_flex,70.796,72.044,70.796,-1.248,-1.248,0
1787735124.957,wrist_flex,64.132,62.901,64.132,1.231,1.231,0
1787735124.957,wrist_roll,4.514,4.791,4.514,-0.278,-0.278,0
1787735124.957,gripper,6.558,6.561,6.558,-0.003,-0.003,0
1787735125.008,shoulder_pan,-9.641,-9.495,-9.641,-0.146,-0.146,0
1787735125.008,shoulder_lift,-77.865,-78.593,-77.865,0.728,0.728,0
1787735125.008,elbow_flex,70.641,72.044,70.641,-1.403,-1.403,0
1787735125.008,wrist_flex,63.979,63.429,63.979,0.550,0.550,0
1787735125.008,wrist_roll,4.524,4.791,4.524,-0.268,-0.268,0
1787735125.008,gripper,6.441,6.561,6.441,-0.120,-0.120,0
1787735125.058,shoulder_pan,-9.826,-9.495,-9.826,-0.331,-0.331,0
1787735125.058,shoulder_lift,-77.556,-78.418,-77.556,0.861,0.861,0
1787735125.058,elbow_flex,70.305,72.044,70.305,-1.739,-1.739,0
1787735125.058,wrist_flex,64.192,63.780,64.192,0.411,0.411,0
1787735125.058,wrist_roll,4.556,4.791,4.556,-0.235,-0.235,0
1787735125.058,gripper,6.472,6.561,6.472,-0.089,-0.089,0
1787735125.108,shoulder_pan,-9.824,-9.495,-9.824,-0.329,-0.329,0
1787735125.108,shoulder_lift,-77.540,-78.154,-77.540,0.614,0.614,0
1787735125.108,elbow_flex,70.402,72.044,70.402,-1.642,-1.642,0
1787735125.108,wrist_flex,63.303,63.780,63.303,-0.478,-0.478,0
1787735125.108,wrist_roll,4.453,4.791,4.453,-0.338,-0.338,0
1787735125.108,gripper,6.514,6.561,6.514,-0.047,-0.047,0
1787735125.158,shoulder_pan,-9.840,-9.495,-9.840,-0.346,-0.346,0
1787735125.158,shoulder_lift,-76.920,-77.802,-76.920,0.882,0.882,0
1787735125.158,elbow_flex,69.825,72.044,69.825,-2.219,-2.219,0
1787735125.158,wrist_flex,63.802,63.868,63.802,-0.066,-0.066,0
1787735125.158,wrist_roll,4.542,4.791,4.542,-0.250,-0.250,0
1787735125.158,gripper,6.566,6.561,6.566,0.006,0.006,0
1787735125.208,shoulder_pan,-8.988,-9.495,-8.988,0.506,0.506,0
1787735125.208,shoulder_lift,-77.056,-77.802,-77.056,0.746,0.746,0
1787735125.208,elbow_flex,71.116,71.956,71.116,-0.841,-0.841,0
1787735125.208,wrist_flex,60.385,63.868,60.385,-3.483,-3.483,0
1787735125.208,wrist_roll,4.400,4.791,4.400,-0.392,-0.392,0
1787735125.208,gripper,6.732,6.561,6.732,0.171,0.171,0
1787735125.259,shoulder_pan,-6.516,-9.495,-6.516,2.978,2.978,0
1787735125.259,shoulder_lift,-77.085,-77.275,-77.085,0.190,0.190,0
1787735125.259,elbow_flex,71.778,71.956,71.778,-0.178,-0.178,0
1787735125.259,wrist_flex,57.727,63.692,57.727,-5.966,-5.966,0
1787735125.259,wrist_roll,4.339,4.791,4.339,-0.452,-0.452,0
1787735125.259,gripper,7.306,6.561,7.306,0.746,0.746,0
1787735125.308,shoulder_pan,-5.789,-9.143,-5.789,3.354,3.354,0
1787735125.308,shoulder_lift,-76.894,-77.187,-76.894,0.293,0.293,0
1787735125.308,elbow_flex,71.201,72.220,71.201,-1.019,-1.019,0
1787735125.308,wrist_flex,57.931,61.407,57.931,-3.476,-3.476,0
1787735125.308,wrist_roll,4.307,4.703,4.307,-0.397,-0.397,0
1787735125.308,gripper,7.517,6.627,7.517,0.890,0.890,0
1787735125.359,shoulder_pan,-5.494,-7.209,-5.494,1.714,1.714,0
1787735125.359,shoulder_lift,-76.580,-77.451,-76.580,0.871,0.871,0
1787735125.359,elbow_flex,70.740,72.220,70.740,-1.480,-1.480,0
1787735125.359,wrist_flex,57.949,59.648,57.949,-1.699,-1.699,0
1787735125.359,wrist_roll,4.260,4.527,4.260,-0.268,-0.268,0
1787735125.359,gripper,7.672,7.025,7.672,0.648,0.648,0
1787735125.409,shoulder_pan,-5.346,-6.505,-5.346,1.160,1.160,0
1787735125.409,shoulder_lift,-76.557,-76.923,-76.557,0.366,0.366,0
1787735125.409,elbow_flex,70.144,72.220,70.144,-2.076,-2.076,0
1787735125.409,wrist_flex,58.020,59.121,58.020,-1.101,-1.101,0
1787735125.409,wrist_roll,4.227,4.352,4.227,-0.124,-0.124,0
1787735125.409,gripper,7.718,7.422,7.718,0.296,0.296,0
1787735125.459,shoulder_pan,-5.353,-6.154,-5.353,0.801,0.801,0
1787735125.459,shoulder_lift,-76.497,-76.835,-76.497,0.339,0.339,0
1787735125.459,elbow_flex,69.916,72.220,69.916,-2.304,-2.304,0
1787735125.459,wrist_flex,58.652,58.857,58.652,-0.205,-0.205,0
1787735125.459,wrist_roll,4.259,4.527,4.259,-0.269,-0.269,0
1787735125.459,gripper,7.769,7.356,7.769,0.414,0.414,0
1787735125.509,shoulder_pan,-5.387,-5.626,-5.387,0.240,0.240,0
1787735125.509,shoulder_lift,-76.257,-76.835,-76.257,0.578,0.578,0
1787735125.509,elbow_flex,69.331,72.132,69.331,-2.800,-2.800,0
1787735125.509,wrist_flex,58.384,58.857,58.384,-0.473,-0.473,0
1787735125.509,wrist_roll,4.247,4.352,4.247,-0.105,-0.105,0
1787735125.509,gripper,7.790,7.356,7.790,0.434,0.434,0
1787735125.559,shoulder_pan,-5.413,-5.626,-5.413,0.214,0.214,0
1787735125.559,shoulder_lift,-76.347,-76.659,-76.347,0.313,0.313,0
1787735125.559,elbow_flex,69.093,72.132,69.093,-3.039,-3.039,0
1787735125.559,wrist_flex,58.364,58.857,58.364,-0.493,-0.493,0
1787735125.559,wrist_roll,4.273,4.352,4.273,-0.079,-0.079,0
1787735125.559,gripper,7.831,7.356,7.831,0.475,0.475,0
1787735125.610,shoulder_pan,-5.381,-5.626,-5.381,0.245,0.245,0
1787735125.610,shoulder_lift,-76.221,-76.659,-76.221,0.438,0.438,0
1787735125.610,elbow_flex,68.706,71.956,68.706,-3.250,-3.250,0
1787735125.610,wrist_flex,58.362,58.857,58.362,-0.495,-0.495,0
1787735125.610,wrist_roll,4.249,4.352,4.249,-0.102,-0.102,0
1787735125.610,gripper,7.855,7.356,7.855,0.499,0.499,0
1787735125.659,shoulder_pan,-5.455,-5.626,-5.455,0.171,0.171,0
1787735125.659,shoulder_lift,-76.292,-76.484,-76.292,0.192,0.192,0
1787735125.659,elbow_flex,68.169,71.692,68.169,-3.523,-3.523,0
1787735125.659,wrist_flex,58.164,58.857,58.164,-0.693,-0.693,0
1787735125.659,wrist_roll,4.257,4.352,4.257,-0.095,-0.095,0
1787735125.659,gripper,7.886,7.422,7.886,0.464,0.464,0
1787735125.709,shoulder_pan,-5.411,-5.626,-5.411,0.215,0.215,0
1787735125.709,shoulder_lift,-76.073,-76.484,-76.073,0.410,0.410,0
1787735125.709,elbow_flex,67.555,71.341,67.555,-3.786,-3.786,0
1787735125.709,wrist_flex,57.346,58.857,57.346,-1.511,-1.511,0
1787735125.709,wrist_roll,4.193,4.352,4.193,-0.158,-0.158,0
1787735125.709,gripper,7.949,7.555,7.949,0.394,0.394,0
1787735125.759,shoulder_pan,-5.435,-5.626,-5.435,0.191,0.191,0
1787735125.759,shoulder_lift,-76.018,-76.484,-76.018,0.466,0.466,0
1787735125.759,elbow_flex,67.168,70.813,67.168,-3.646,-3.646,0
1787735125.759,wrist_flex,57.760,58.593,57.760,-0.833,-0.833,0
1787735125.759,wrist_roll,4.249,4.352,4.249,-0.102,-0.102,0
1787735125.759,gripper,7.986,7.621,7.986,0.365,0.365,0
1787735125.809,shoulder_pan,-5.463,-5.626,-5.463,0.163,0.163,0
1787735125.809,shoulder_lift,-75.902,-76.396,-75.902,0.493,0.493,0
1787735125.809,elbow_flex,66.743,70.110,66.743,-3.367,-3.367,0
1787735125.809,wrist_flex,57.846,58.330,57.846,-0.484,-0.484,0
1787735125.809,wrist_roll,4.219,4.352,4.219,-0.133,-0.133,0
1787735125.809,gripper,8.009,7.621,8.009,0.388,0.388,0
1787735125.859,shoulder_pan,-5.489,-5.626,-5.489,0.137,0.137,0
1787735125.859,shoulder_lift,-75.951,-76.132,-75.951,0.181,0.181,0
1787735125.859,elbow_flex,66.349,69.758,66.349,-3.410,-3.410,0
1787735125.859,wrist_flex,57.939,58.330,57.939,-0.390,-0.390,0
1787735125.859,wrist_roll,4.207,4.352,4.207,-0.144,-0.144,0
1787735125.859,gripper,8.019,7.621,8.019,0.398,0.398,0
1787735125.909,shoulder_pan,-5.472,-5.626,-5.472,0.154,0.154,0
1787735125.909,shoulder_lift,-76.065,-76.132,-76.065,0.066,0.066,0
1787735125.909,elbow_flex,66.141,69.495,66.141,-3.353,-3.353,0
1787735125.909,wrist_flex,58.813,58.330,58.813,0.483,0.483,0
1787735125.909,wrist_roll,4.251,4.352,4.251,-0.101,-0.101,0
1787735125.909,gripper,8.060,7.621,8.060,0.439,0.439,0
1787735125.959,shoulder_pan,-5.600,-5.626,-5.600,0.026,0.026,0
1787735125.959,shoulder_lift,-75.685,-76.132,-75.685,0.446,0.446,0
1787735125.959,elbow_flex,65.709,69.055,65.709,-3.346,-3.346,0
1787735125.959,wrist_flex,57.811,58.330,57.811,-0.518,-0.518,0
1787735125.959,wrist_roll,4.320,4.352,4.320,-0.031,-0.031,0
1787735125.959,gripper,8.068,7.687,8.068,0.380,0.380,0
1787735126.009,shoulder_pan,-5.743,-5.626,-5.743,-0.117,-0.117,0
1787735126.009,shoulder_lift,-75.926,-76.132,-75.926,0.206,0.206,0
1787735126.009,elbow_flex,65.631,68.967,65.631,-3.336,-3.336,0
1787735126.009,wrist_flex,58.339,58.505,58.339,-0.167,-0.167,0
1787735126.009,wrist_roll,4.377,4.352,4.377,0.025,0.025,0
1787735126.009,gripper,8.060,7.753,8.060,0.306,0.306,0
1787735126.060,shoulder_pan,-5.777,-5.626,-5.777,-0.151,-0.151,0
1787735126.060,shoulder_lift,-75.709,-75.956,-75.709,0.247,0.247,0
1787735126.060,elbow_flex,65.797,68.527,65.797,-2.730,-2.730,0
1787735126.060,wrist_flex,58.501,58.505,58.501,-0.005,-0.005,0
1787735126.060,wrist_roll,4.374,4.352,4.374,0.022,0.022,0
1787735126.060,gripper,8.009,7.753,8.009,0.255,0.255,0
1787735126.110,shoulder_pan,-5.893,-5.626,-5.893,-0.267,-0.267,0
1787735126.110,shoulder_lift,-75.730,-76.044,-75.730,0.314,0.314,0
1787735126.110,elbow_flex,65.852,68.440,65.852,-2.588,-2.588,0
1787735126.110,wrist_flex,58.634,58.593,58.634,0.041,0.041,0
1787735126.110,wrist_roll,4.465,4.352,4.465,0.114,0.114,0
1787735126.110,gripper,7.985,7.753,7.985,0.231,0.231,0
1787735126.160,shoulder_pan,-5.747,-5.626,-5.747,-0.120,-0.120,0
1787735126.160,shoulder_lift,-74.932,-75.956,-74.932,1.024,1.024,0
1787735126.160,elbow_flex,65.196,68.440,65.196,-3.243,-3.243,0
1787735126.160,wrist_flex,54.994,58.681,54.994,-3.688,-3.688,0
1787735126.160,wrist_roll,5.131,4.352,5.131,0.779,0.779,0
1787735126.160,gripper,7.922,7.753,7.922,0.168,0.168,0
1787735126.209,shoulder_pan,-5.074,-5.626,-5.074,0.553,0.553,0
1787735126.209,shoulder_lift,-74.201,-75.868,-74.201,1.667,1.667,0
1787735126.209,elbow_flex,64.899,68.264,64.899,-3.365,-3.365,0
1787735126.209,wrist_flex,50.165,58.505,50.165,-8.340,-8.340,0
1787735126.209,wrist_roll,5.978,4.440,5.978,1.539,1.539,0
1787735126.209,gripper,7.769,7.753,7.769,0.016,0.016,0
1787735126.261,shoulder_pan,-4.892,-5.626,-4.892,0.734,0.734,0
1787735126.261,shoulder_lift,-74.003,-75.077,-74.003,1.074,1.074,0
1787735126.261,elbow_flex,64.744,67.912,64.744,-3.169,-3.169,0
1787735126.261,wrist_flex,49.100,55.868,49.100,-6.768,-6.768,0
1787735126.261,wrist_roll,6.096,5.055,6.096,1.041,1.041,0
1787735126.261,gripper,7.749,7.753,7.749,-0.005,-0.005,0
1787735126.310,shoulder_pan,-4.610,-5.451,-4.610,0.840,0.840,0
1787735126.310,shoulder_lift,-73.909,-74.549,-73.909,0.641,0.641,0
1787735126.310,elbow_flex,64.531,67.824,64.531,-3.293,-3.293,0
1787735126.310,wrist_flex,48.425,52.703,48.425,-4.278,-4.278,0
1787735126.310,wrist_roll,6.095,5.670,6.095,0.425,0.425,0
1787735126.310,gripper,7.682,7.753,7.682,-0.072,-0.072,0
1787735126.360,shoulder_pan,-4.652,-5.275,-4.652,0.622,0.622,0
1787735126.360,shoulder_lift,-73.761,-74.198,-73.761,0.436,0.436,0
1787735126.360,elbow_flex,64.401,67.648,64.401,-3.248,-3.248,0
1787735126.360,wrist_flex,48.191,50.945,48.191,-2.755,-2.755,0
1787735126.360,wrist_roll,6.164,5.670,6.164,0.493,0.493,0
1787735126.360,gripper,7.667,7.753,7.667,-0.087,-0.087,0
1787735126.410,shoulder_pan,-4.470,-5.187,-4.470,0.717,0.717,0
1787735126.410,shoulder_lift,-73.737,-74.110,-73.737,0.373,0.373,0
1787735126.410,elbow_flex,64.272,67.473,64.272,-3.201,-3.201,0
1787735126.410,wrist_flex,48.205,49.890,48.205,-1.685,-1.685,0
1787735126.410,wrist_roll,6.170,5.670,6.170,0.500,0.500,0
1787735126.410,gripper,7.657,7.753,7.657,-0.097,-0.097,0
1787735126.461,shoulder_pan,-4.422,-5.099,-4.422,0.677,0.677,0
1787735126.461,shoulder_lift,-73.695,-74.110,-73.695,0.415,0.415,0
1787735126.461,elbow_flex,64.172,67.209,64.172,-3.037,-3.037,0
1787735126.461,wrist_flex,48.520,49.363,48.520,-0.843,-0.843,0
1787735126.461,wrist_roll,6.195,5.758,6.195,0.437,0.437,0
1787735126.461,gripper,7.636,7.753,7.636,-0.117,-0.117,0
1787735126.510,shoulder_pan,-4.531,-4.747,-4.531,0.216,0.216,0
1787735126.510,shoulder_lift,-73.731,-74.110,-73.731,0.379,0.379,0
1787735126.510,elbow_flex,64.012,67.121,64.012,-3.109,-3.109,0
1787735126.510,wrist_flex,48.438,49.187,48.438,-0.748,-0.748,0
1787735126.510,wrist_roll,6.234,5.582,6.234,0.652,0.652,0
1787735126.510,gripper,7.641,7.753,7.641,-0.113,-0.113,0
1787735126.561,shoulder_pan,-4.418,-4.747,-4.418,0.330,0.330,0
1787735126.561,shoulder_lift,-73.639,-74.022,-73.639,0.383,0.383,0
1787735126.561,elbow_flex,63.977,67.121,63.977,-3.144,-3.144,0
1787735126.561,wrist_flex,48.276,49.099,48.276,-0.822,-0.822,0
1787735126.561,wrist_roll,6.138,5.670,6.138,0.468,0.468,0
1787735126.561,gripper,7.688,7.753,7.688,-0.065,-0.065,0
1787735126.611,shoulder_pan,-4.386,-4.747,-4.386,0.361,0.361,0
1787735126.611,shoulder_lift,-73.610,-74.022,-73.610,0.412,0.412,0
1787735126.611,elbow_flex,63.956,67.121,63.956,-3.164,-3.164,0
1787735126.611,wrist_flex,48.547,49.099,48.547,-0.552,-0.552,0
1787735126.611,wrist_roll,6.132,5.846,6.132,0.286,0.286,0
1787735126.611,gripper,7.688,7.753,7.688,-0.066,-0.066,0
1787735126.661,shoulder_pan,-4.353,-4.747,-4.353,0.394,0.394,0
1787735126.661,shoulder_lift,-73.537,-73.934,-73.537,0.397,0.397,0
1787735126.661,elbow_flex,63.894,67.121,63.894,-3.227,-3.227,0
1787735126.661,wrist_flex,48.655,49.099,48.655,-0.444,-0.444,0
1787735126.661,wrist_roll,6.094,5.934,6.094,0.160,0.160,0
1787735126.661,gripper,7.730,7.753,7.730,-0.023,-0.023,0
1787735126.710,shoulder_pan,-4.379,-4.747,-4.379,0.368,0.368,0
1787735126.710,shoulder_lift,-73.351,-73.758,-73.351,0.407,0.407,0
1787735126.710,elbow_flex,63.665,67.121,63.665,-3.456,-3.456,0
1787735126.710,wrist_flex,48.960,49.099,48.960,-0.139,-0.139,0
1787735126.710,wrist_roll,6.041,5.934,6.041,0.107,0.107,0
1787735126.710,gripper,7.729,7.753,7.729,-0.025,-0.025,0
1787735126.760,shoulder_pan,-4.285,-4.747,-4.285,0.462,0.462,0
1787735126.760,shoulder_lift,-73.276,-73.758,-73.276,0.483,0.483,0
1787735126.760,elbow_flex,63.464,67.121,63.464,-3.657,-3.657,0
1787735126.760,wrist_flex,49.286,49.099,49.286,0.188,0.188,0
1787735126.760,wrist_roll,5.979,5.934,5.979,0.045,0.045,0
1787735126.760,gripper,7.730,7.753,7.730,-0.024,-0.024,0
1787735126.810,shoulder_pan,-4.203,-4.747,-4.203,0.544,0.544,0
1787735126.810,shoulder_lift,-73.152,-73.582,-73.152,0.430,0.430,0
1787735126.810,elbow_flex,63.364,66.769,63.364,-3.405,-3.405,0
1787735126.810,wrist_flex,49.476,49.187,49.476,0.289,0.289,0
1787735126.810,wrist_roll,6.003,5.934,6.003,0.069,0.069,0
1787735126.810,gripper,7.726,7.753,7.726,-0.027,-0.027,0
1787735126.860,shoulder_pan,-4.092,-4.747,-4.092,0.655,0.655,0
1787735126.860,shoulder_lift,-72.907,-73.582,-72.907,0.676,0.676,0
1787735126.860,elbow_flex,63.246,66.418,63.246,-3.171,-3.171,0
1787735126.860,wrist_flex,49.385,49.275,49.385,0.111,0.111,0
1787735126.860,wrist_roll,5.968,5.934,5.968,0.033,0.033,0
1787735126.860,gripper,7.735,7.753,7.735,-0.018,-0.018,0
1787735126.911,shoulder_pan,-4.228,-4.747,-4.228,0.519,0.519,0
1787735126.911,shoulder_lift,-73.204,-73.407,-73.204,0.203,0.203,0
1787735126.911,elbow_flex,63.192,66.242,63.192,-3.050,-3.050,0
1787735126.911,wrist_flex,50.106,49.275,50.106,0.831,0.831,0
1787735126.911,wrist_roll,6.025,5.934,6.025,0.091,0.091,0
1787735126.911,gripper,7.640,7.753,7.640,-0.113,-0.113,0
1787735126.961,shoulder_pan,-4.214,-4.747,-4.214,0.533,0.533,0
1787735126.961,shoulder_lift,-73.005,-73.319,-73.005,0.314,0.314,0
1787735126.961,elbow_flex,62.926,66.154,62.926,-3.228,-3.228,0
1787735126.961,wrist_flex,50.279,49.451,50.279,0.828,0.828,0
1787735126.961,wrist_roll,5.946,5.934,5.946,0.012,0.012,0
1787735126.961,gripper,7.613,7.753,7.613,-0.141,-0.141,0
1787735127.011,shoulder_pan,-4.204,-4.747,-4.204,0.543,0.543,0
1787735127.011,shoulder_lift,-72.976,-73.231,-72.976,0.254,0.254,0
1787735127.011,elbow_flex,62.782,66.066,62.782,-3.284,-3.284,0
1787735127.011,wrist_flex,50.267,49.978,50.267,0.289,0.289,0
1787735127.011,wrist_roll,5.865,5.934,5.865,-0.069,-0.069,0
1787735127.011,gripper,7.579,7.753,7.579,-0.174,-0.174,0
1787735127.060,shoulder_pan,-4.284,-4.747,-4.284,0.463,0.463,0
1787735127.060,shoulder_lift,-72.690,-73.231,-72.690,0.540,0.540,0
1787735127.060,elbow_flex,62.607,65.890,62.607,-3.283,-3.283,0
1787735127.060,wrist_flex,50.426,49.978,50.426,0.448,0.448,0
1787735127.060,wrist_roll,5.774,6.022,5.774,-0.248,-0.248,0
1787735127.060,gripper,7.516,7.753,7.516,-0.237,-0.237,0
1787735127.111,shoulder_pan,-4.837,-4.747,-4.837,-0.090,-0.090,0
1787735127.111,shoulder_lift,-74.318,-73.143,-74.318,-1.175,-1.175,0
1787735127.111,elbow_flex,62.448,65.802,62.448,-3.354,-3.354,0
1787735127.111,wrist_flex,52.027,50.242,52.027,1.786,1.786,0
1787735127.111,wrist_roll,5.642,6.022,5.642,-0.380,-0.380,0
1787735127.111,gripper,7.368,7.753,7.368,-0.385,-0.385,0
1787735127.162,shoulder_pan,-5.489,-4.747,-5.489,-0.742,-0.742,0
1787735127.162,shoulder_lift,-75.801,-72.967,-75.801,-2.834,-2.834,0
1787735127.162,elbow_flex,61.968,65.802,61.968,-3.834,-3.834,0
1787735127.162,wrist_flex,52.149,50.593,52.149,1.556,1.556,0
1787735127.162,wrist_roll,4.954,6.022,4.954,-1.068,-1.068,0
1787735127.162,gripper,7.580,7.753,7.580,-0.173,-0.173,0
1787735127.211,shoulder_pan,-5.569,-4.747,-5.569,-0.822,-0.822,0
1787735127.211,shoulder_lift,-75.417,-73.934,-75.417,-1.483,-1.483,0
1787735127.211,elbow_flex,61.185,65.714,61.185,-4.529,-4.529,0
1787735127.211,wrist_flex,49.783,51.560,49.783,-1.778,-1.778,0
1787735127.211,wrist_roll,3.946,5.758,3.946,-1.813,-1.813,0
1787735127.211,gripper,8.076,7.687,8.076,0.389,0.389,0
1787735127.262,shoulder_pan,-5.609,-5.187,-5.609,-0.422,-0.422,0
1787735127.262,shoulder_lift,-75.130,-74.637,-75.130,-0.492,-0.492,0
1787735127.262,elbow_flex,60.714,64.923,60.714,-4.209,-4.209,0
1787735127.262,wrist_flex,49.029,51.648,49.029,-2.619,-2.619,0
1787735127.262,wrist_roll,3.240,5.055,3.240,-1.815,-1.815,0
1787735127.262,gripper,8.474,7.687,8.474,0.786,0.786,0
1787735127.312,shoulder_pan,-5.845,-5.451,-5.845,-0.395,-0.395,0
1787735127.312,shoulder_lift,-74.600,-74.637,-74.600,0.038,0.038,0
1787735127.312,elbow_flex,60.061,64.044,60.061,-3.983,-3.983,0
1787735127.312,wrist_flex,47.845,50.418,47.845,-2.573,-2.573,0
1787735127.312,wrist_roll,2.278,4.176,2.278,-1.897,-1.897,0
1787735127.312,gripper,8.873,7.820,8.873,1.053,1.053,0
1787735127.362,shoulder_pan,-5.876,-5.451,-5.876,-0.426,-0.426,0
1787735127.362,shoulder_lift,-74.084,-74.637,-74.084,0.553,0.553,0
1787735127.362,elbow_flex,59.626,63.341,59.626,-3.714,-3.714,0
1787735127.362,wrist_flex,46.153,49.714,46.153,-3.561,-3.561,0
1787735127.362,wrist_roll,1.621,3.473,1.621,-1.851,-1.851,0
1787735127.362,gripper,9.095,8.217,9.095,0.878,0.878,0
1787735127.412,shoulder_pan,-5.854,-5.451,-5.854,-0.404,-0.404,0
1787735127.412,shoulder_lift,-73.626,-74.549,-73.626,0.924,0.924,0
1787735127.412,elbow_flex,59.376,62.725,59.376,-3.349,-3.349,0
1787735127.412,wrist_flex,45.045,48.659,45.045,-3.615,-3.615,0
1787735127.412,wrist_roll,1.157,2.593,1.157,-1.436,-1.436,0
1787735127.412,gripper,9.240,8.615,9.240,0.625,0.625,0
1787735127.462,shoulder_pan,-5.910,-5.451,-5.910,-0.460,-0.460,0
1787735127.462,shoulder_lift,-73.108,-74.198,-73.108,1.090,1.090,0
1787735127.462,elbow_flex,59.263,62.198,59.263,-2.935,-2.935,0
1787735127.462,wrist_flex,43.433,47.253,43.433,-3.819,-3.819,0
1787735127.462,wrist_roll,0.750,1.890,0.750,-1.140,-1.140,0
1787735127.462,gripper,9.310,8.814,9.310,0.496,0.496,0
1787735127.512,shoulder_pan,-5.970,-5.451,-5.970,-0.520,-0.520,0
1787735127.512,shoulder_lift,-72.692,-73.670,-72.692,0.978,0.978,0
1787735127.512,elbow_flex,58.919,62.022,58.919,-3.103,-3.103,0
1787735127.512,wrist_flex,42.348,46.022,42.348,-3.674,-3.674,0
1787735127.512,wrist_roll,0.528,1.451,0.528,-0.923,-0.923,0
1787735127.512,gripper,9.345,8.880,9.345,0.465,0.465,0
1787735127.562,shoulder_pan,-6.023,-5.538,-6.023,-0.484,-0.484,0
1787735127.562,shoulder_lift,-72.168,-73.231,-72.168,1.063,1.063,0
1787735127.562,elbow_flex,58.823,62.022,58.823,-3.199,-3.199,0
1787735127.562,wrist_flex,41.796,44.615,41.796,-2.819,-2.819,0
1787735127.562,wrist_roll,0.386,1.011,0.386,-0.625,-0.625,0
1787735127.562,gripper,9.362,9.079,9.362,0.283,0.283,0
1787735127.612,shoulder_pan,-5.989,-5.714,-5.989,-0.275,-0.275,0
1787735127.612,shoulder_lift,-71.697,-72.791,-71.697,1.094,1.094,0
1787735127.612,elbow_flex,58.690,61.934,58.690,-3.244,-3.244,0
1787735127.612,wrist_flex,40.910,43.560,40.910,-2.650,-2.650,0
1787735127.612,wrist_roll,0.307,0.747,0.307,-0.441,-0.441,0
1787735127.612,gripper,9.338,9.145,9.338,0.192,0.192,0
1787735127.661,shoulder_pan,-6.066,-5.714,-6.066,-0.351,-0.351,0
1787735127.661,shoulder_lift,-71.346,-72.264,-71.346,0.917,0.917,0
1787735127.661,elbow_flex,58.347,61.934,58.347,-3.587,-3.587,0
1787735127.661,wrist_flex,41.193,42.681,41.193,-1.488,-1.488,0
1787735127.661,wrist_roll,0.420,0.484,0.420,-0.063,-0.063,0
1787735127.661,gripper,9.355,9.145,9.355,0.210,0.210,0
1787735127.712,shoulder_pan,-5.993,-5.714,-5.993,-0.279,-0.279,0
1787735127.712,shoulder_lift,-71.027,-71.824,-71.027,0.798,0.798,0
1787735127.712,elbow_flex,58.373,61.846,58.373,-3.473,-3.473,0
1787735127.712,wrist_flex,42.035,42.154,42.035,-0.119,-0.119,0
1787735127.712,wrist_roll,0.537,0.484,0.537,0.053,0.053,0
1787735127.712,gripper,9.335,9.145,9.335,0.189,0.189,0
1787735127.762,shoulder_pan,-6.029,-5.714,-6.029,-0.314,-0.314,0
1787735127.762,shoulder_lift,-70.714,-71.473,-70.714,0.758,0.758,0
1787735127.762,elbow_flex,58.312,61.495,58.312,-3.182,-3.182,0
1787735127.762,wrist_flex,42.698,42.154,42.698,0.544,0.544,0
1787735127.762,wrist_roll,0.650,0.484,0.650,0.166,0.166,0
1787735127.762,gripper,9.333,9.145,9.333,0.188,0.188,0
1787735127.812,shoulder_pan,-6.036,-5.714,-6.036,-0.321,-0.321,0
1787735127.812,shoulder_lift,-70.545,-71.033,-70.545,0.488,0.488,0
1787735127.812,elbow_flex,58.174,61.231,58.174,-3.057,-3.057,0
1787735127.812,wrist_flex,42.852,42.330,42.852,0.523,0.523,0
1787735127.812,wrist_roll,0.675,0.484,0.675,0.192,0.192,0
1787735127.812,gripper,9.319,9.145,9.319,0.174,0.174,0
1787735127.863,shoulder_pan,-5.828,-5.714,-5.828,-0.113,-0.113,0
1787735127.863,shoulder_lift,-70.232,-70.857,-70.232,0.625,0.625,0
1787735127.863,elbow_flex,57.957,61.231,57.957,-3.274,-3.274,0
1787735127.863,wrist_flex,43.546,42.593,43.546,0.952,0.952,0
1787735127.863,wrist_roll,0.702,0.484,0.702,0.219,0.219,0
1787735127.863,gripper,9.301,9.145,9.301,0.156,0.156,0
1787735127.913,shoulder_pan,-5.737,-5.714,-5.737,-0.023,-0.023,0
1787735127.913,shoulder_lift,-70.263,-70.593,-70.263,0.330,0.330,0
1787735127.913,elbow_flex,57.743,61.231,57.743,-3.488,-3.488,0
1787735127.913,wrist_flex,43.494,42.857,43.494,0.637,0.637,0
1787735127.913,wrist_roll,0.652,0.484,0.652,0.169,0.169,0
1787735127.913,gripper,9.283,9.145,9.283,0.138,0.138,0
1787735127.963,shoulder_pan,-5.578,-5.714,-5.578,0.136,0.136,0
1787735127.963,shoulder_lift,-70.109,-70.418,-70.109,0.308,0.308,0
1787735127.963,elbow_flex,57.666,61.231,57.666,-3.565,-3.565,0
1787735127.963,wrist_flex,43.706,43.209,43.706,0.497,0.497,0
1787735127.963,wrist_roll,0.671,0.484,0.671,0.187,0.187,0
1787735127.963,gripper,9.298,9.145,9.298,0.152,0.152,0
1787735128.013,shoulder_pan,-5.229,-5.714,-5.229,0.485,0.485,0
1787735128.013,shoulder_lift,-69.918,-70.418,-69.918,0.499,0.499,0
1787735128.013,elbow_flex,57.497,61.231,57.497,-3.734,-3.734,0
1787735128.013,wrist_flex,44.055,43.297,44.055,0.758,0.758,0
1787735128.013,wrist_roll,0.702,0.484,0.702,0.218,0.218,0
1787735128.013,gripper,9.302,9.145,9.302,0.157,0.157,0
1787735128.063,shoulder_pan,-4.484,-5.714,-4.484,1.230,1.230,0
1787735128.063,shoulder_lift,-70.772,-70.418,-70.772,-0.354,-0.354,0
1787735128.063,elbow_flex,57.968,61.231,57.968,-3.263,-3.263,0
1787735128.063,wrist_flex,42.230,43.648,42.230,-1.419,-1.419,0
1787735128.063,wrist_roll,0.525,0.484,0.525,0.041,0.041,0
1787735128.063,gripper,9.137,9.145,9.137,-0.009,-0.009,0
1787735128.113,shoulder_pan,-4.205,-5.714,-4.205,1.510,1.510,0
1787735128.113,shoulder_lift,-71.341,-70.330,-71.341,-1.011,-1.011,0
1787735128.113,elbow_flex,58.796,61.231,58.796,-2.435,-2.435,0
1787735128.113,wrist_flex,37.796,43.648,37.796,-5.852,-5.852,0
1787735128.113,wrist_roll,0.213,0.484,0.213,-0.270,-0.270,0
1787735128.113,gripper,8.864,9.145,8.864,-0.281,-0.281,0
1787735128.163,shoulder_pan,-4.206,-5.011,-4.206,0.805,0.805,0
1787735128.163,shoulder_lift,-71.382,-70.593,-71.382,-0.789,-0.789,0
1787735128.163,elbow_flex,59.184,61.231,59.184,-2.046,-2.046,0
1787735128.163,wrist_flex,33.780,42.505,33.780,-8.726,-8.726,0
1787735128.163,wrist_roll,-0.002,0.484,-0.002,-0.486,-0.486,0
1787735128.163,gripper,8.660,9.145,8.660,-0.485,-0.485,0
1787735128.213,shoulder_pan,-4.466,-4.571,-4.466,0.106,0.106,0
1787735128.213,shoulder_lift,-71.398,-70.769,-71.398,-0.628,-0.628,0
1787735128.213,elbow_flex,59.125,61.231,59.125,-2.106,-2.106,0
1787735128.213,wrist_flex,30.859,39.604,30.859,-8.745,-8.745,0
1787735128.213,wrist_roll,-0.133,0.220,-0.133,-0.353,-0.353,0
1787735128.213,gripper,8.609,9.145,8.609,-0.536,-0.536,0
1787735128.263,shoulder_pan,-4.880,-4.571,-4.880,-0.309,-0.309,0
1787735128.263,shoulder_lift,-71.679,-70.769,-71.679,-0.910,-0.910,0
1787735128.263,elbow_flex,59.089,61.231,59.089,-2.142,-2.142,0
1787735128.263,wrist_flex,27.923,36.088,27.923,-8.165,-8.165,0
1787735128.263,wrist_roll,-0.193,0.220,-0.193,-0.413,-0.413,0
1787735128.263,gripper,8.508,8.880,8.508,-0.373,-0.373,0
1787735128.313,shoulder_pan,-5.452,-4.571,-5.452,-0.881,-0.881,0
1787735128.313,shoulder_lift,-71.738,-70.769,-71.738,-0.969,-0.969,0
1787735128.313,elbow_flex,58.978,61.231,58.978,-2.253,-2.253,0
1787735128.313,wrist_flex,26.111,33.099,26.111,-6.987,-6.987,0
1787735128.313,wrist_roll,-0.259,0.220,-0.259,-0.479,-0.479,0
1787735128.313,gripper,8.475,8.814,8.475,-0.339,-0.339,0
1787735128.363,shoulder_pan,-5.895,-4.835,-5.895,-1.060,-1.060,0
1787735128.363,shoulder_lift,-72.175,-71.033,-72.175,-1.142,-1.142,0
1787735128.363,elbow_flex,58.734,61.231,58.734,-2.496,-2.496,0
1787735128.363,wrist_flex,24.723,30.022,24.723,-5.299,-5.299,0
1787735128.363,wrist_roll,-0.264,0.220,-0.264,-0.483,-0.483,0
1787735128.363,gripper,8.479,8.814,8.479,-0.335,-0.335,0
1787735128.413,shoulder_pan,-6.265,-5.363,-6.265,-0.903,-0.903,0
1787735128.413,shoulder_lift,-72.445,-71.385,-72.445,-1.061,-1.061,0
1787735128.413,elbow_flex,58.649,61.143,58.649,-2.494,-2.494,0
1787735128.413,wrist_flex,23.312,28.000,23.312,-4.688,-4.688,0
1787735128.413,wrist_roll,-0.272,0.220,-0.272,-0.492,-0.492,0
1787735128.413,gripper,8.426,8.681,8.426,-0.256,-0.256,0
1787735415.053,shoulder_pan,-1.408,-0.088,-1.408,-1.320,-1.320,0
1787735415.053,shoulder_lift,-89.605,-103.648,-89.605,14.043,14.043,0
1787735415.053,elbow_flex,39.890,96.835,56.835,-56.945,-40.000,1
1787735415.053,wrist_flex,61.004,-52.264,-12.264,113.268,40.000,1
1787735415.053,wrist_roll,-5.562,0.044,-5.562,-5.606,-5.606,0
1787735415.053,gripper,8.491,2.054,8.491,6.436,6.436,0
1787735415.103,shoulder_pan,-1.457,-0.264,-1.457,-1.193,-1.193,0
1787735415.103,shoulder_lift,-89.396,-103.648,-89.396,14.252,14.252,0
1787735415.103,elbow_flex,39.970,96.835,56.835,-56.865,-40.000,1
1787735415.103,wrist_flex,60.035,-52.088,-12.088,112.123,40.000,1
1787735415.103,wrist_roll,-5.559,-0.220,-5.559,-5.339,-5.339,0
1787735415.103,gripper,8.462,2.187,8.462,6.275,6.275,0
1787735415.154,shoulder_pan,-1.432,-1.231,-1.432,-0.201,-0.201,0
1787735415.154,shoulder_lift,-89.349,-100.659,-89.349,11.311,11.311,0
1787735415.154,elbow_flex,39.919,94.462,54.462,-54.543,-40.000,1
1787735415.154,wrist_flex,59.833,-48.747,-8.747,108.581,40.000,1
1787735415.154,wrist_roll,-5.537,-2.857,-5.537,-2.680,-2.680,0
1787735415.154,gripper,8.475,4.440,8.475,4.035,4.035,0
1787735415.204,shoulder_pan,-1.435,-1.231,-1.435,-0.204,-0.204,0
1787735415.204,shoulder_lift,-89.195,-94.945,-89.195,5.750,5.750,0
1787735415.204,elbow_flex,39.834,87.780,47.780,-47.947,-40.000,1
1787735415.204,wrist_flex,59.492,-41.099,-1.099,100.591,40.000,1
1787735415.204,wrist_roll,-5.531,-4.264,-5.531,-1.268,-1.268,0
1787735415.204,gripper,8.459,6.561,8.459,1.898,1.898,0
1787735415.254,shoulder_pan,-1.411,-1.143,-1.411,-0.268,-0.268,0
1787735415.254,shoulder_lift,-89.114,-91.956,-89.114,2.842,2.842,0
1787735415.254,elbow_flex,39.486,77.758,39.486,-38.272,-38.272,0
1787735415.254,wrist_flex,60.248,-29.934,10.066,90.182,40.000,1
1787735415.254,wrist_roll,-5.517,-4.879,-5.517,-0.638,-0.638,0
1787735415.254,gripper,8.480,7.356,8.480,1.124,1.124,0
1787735415.306,shoulder_pan,-1.422,-1.055,-1.422,-0.367,-0.367,0
1787735415.306,shoulder_lift,-88.786,-90.989,-88.786,2.203,2.203,0
1787735415.306,elbow_flex,39.852,65.714,39.852,-25.862,-25.862,0
1787735415.306,wrist_flex,59.865,-17.363,22.637,77.227,40.000,1
1787735415.306,wrist_roll,-5.469,-5.143,-5.469,-0.326,-0.326,0
1787735415.306,gripper,8.451,7.753,8.451,0.697,0.697,0
1787735415.354,shoulder_pan,-1.379,-1.055,-1.379,-0.324,-0.324,0
1787735415.354,shoulder_lift,-88.890,-90.198,-88.890,1.308,1.308,0
1787735415.354,elbow_flex,39.404,54.725,39.404,-15.321,-15.321,0
1787735415.354,wrist_flex,61.108,-5.758,34.242,66.867,40.000,1
1787735415.354,wrist_roll,-5.483,-5.143,-5.483,-0.341,-0.341,0
1787735415.354,gripper,8.492,8.019,8.492,0.474,0.474,0
1787735415.404,shoulder_pan,-1.412,-1.055,-1.412,-0.357,-0.357,0
1787735415.404,shoulder_lift,-88.547,-90.110,-88.547,1.563,1.563,0
1787735415.404,elbow_flex,39.507,46.813,39.507,-7.306,-7.306,0
1787735415.404,wrist_flex,60.759,6.901,46.901,53.858,40.000,1
1787735415.404,wrist_roll,-5.472,-5.143,-5.472,-0.329,-0.329,0
1787735415.404,gripper,8.461,8.151,8.461,0.310,0.310,0
1787735415.454,shoulder_pan,-1.407,-1.055,-1.407,-0.352,-0.352,0
1787735415.454,shoulder_lift,-88.582,-90.110,-88.582,1.528,1.528,0
1787735415.454,elbow_flex,39.502,43.297,39.502,-3.795,-3.795,0
1787735415.454,wrist_flex,60.693,19.033,59.033,41.660,40.000,1
1787735415.454,wrist_roll,-5.443,-5.143,-5.443,-0.300,-0.300,0
1787735415.454,gripper,8.486,8.151,8.486,0.335,0.335,0
1787735415.504,shoulder_pan,-1.466,-1.143,-1.466,-0.323,-0.323,0
1787735415.504,shoulder_lift,-88.311,-89.934,-88.311,1.624,1.624,0
1787735415.504,elbow_flex,39.623,42.593,39.623,-2.970,-2.970,0
1787735415.504,wrist_flex,60.025,31.692,60.025,28.333,28.333,0
1787735415.504,wrist_roll,-5.451,-5.143,-5.451,-0.308,-0.308,0
1787735415.504,gripper,8.457,8.151,8.457,0.306,0.306,0
1787735415.554,shoulder_pan,-1.371,-1.055,-1.371,-0.317,-0.317,0
1787735415.554,shoulder_lift,-88.603,-89.143,-88.603,0.540,0.540,0
1787735415.554,elbow_flex,39.403,42.154,39.403,-2.751,-2.751,0
1787735415.554,wrist_flex,60.381,43.297,60.381,17.084,17.084,0
1787735415.554,wrist_roll,-5.489,-5.231,-5.489,-0.258,-0.258,0
1787735415.554,gripper,8.468,8.151,8.468,0.317,0.317,0
1787735415.603,shoulder_pan,-1.384,-1.055,-1.384,-0.329,-0.329,0
1787735415.603,shoulder_lift,-88.395,-89.143,-88.395,0.748,0.748,0
1787735415.603,elbow_flex,39.340,42.066,39.340,-2.726,-2.726,0
1787735415.603,wrist_flex,60.856,51.912,60.856,8.944,8.944,0
1787735415.603,wrist_roll,-5.464,-5.319,-5.464,-0.145,-0.145,0
1787735415.603,gripper,8.496,8.151,8.496,0.345,0.345,0
1787735415.653,shoulder_pan,-1.428,-1.055,-1.428,-0.373,-0.373,0
1787735415.653,shoulder_lift,-88.371,-89.143,-88.371,0.771,0.771,0
1787735415.653,elbow_flex,39.292,41.802,39.292,-2.510,-2.510,0
1787735415.653,wrist_flex,60.880,56.308,60.880,4.572,4.572,0
1787735415.653,wrist_roll,-5.476,-5.319,-5.476,-0.157,-0.157,0
1787735415.653,gripper,8.506,8.151,8.506,0.355,0.355,0
1787735415.703,shoulder_pan,-1.402,-1.055,-1.402,-0.347,-0.347,0
1787735415.703,shoulder_lift,-88.607,-89.143,-88.607,0.535,0.535,0
1787735415.703,elbow_flex,39.190,41.714,39.190,-2.524,-2.524,0
1787735415.703,wrist_flex,60.378,58.769,60.378,1.609,1.609,0
1787735415.703,wrist_roll,-5.445,-5.319,-5.445,-0.126,-0.126,0
1787735415.703,gripper,8.487,8.151,8.487,0.336,0.336,0
1787735415.754,shoulder_pan,-1.400,-1.055,-1.400,-0.345,-0.345,0
1787735415.754,shoulder_lift,-88.484,-89.143,-88.484,0.659,0.659,0
1787735415.754,elbow_flex,39.096,41.538,39.096,-2.442,-2.442,0
1787735415.754,wrist_flex,61.088,59.560,61.088,1.527,1.527,0
1787735415.754,wrist_roll,-5.454,-5.319,-5.454,-0.135,-0.135,0
1787735415.754,gripper,8.486,8.151,8.486,0.335,0.335,0
1787735415.805,shoulder_pan,-1.535,-1.055,-1.535,-0.480,-0.480,0
1787735415.805,shoulder_lift,-89.016,-89.143,-89.016,0.127,0.127,0
1787735415.805,elbow_flex,38.794,41.363,38.794,-2.568,-2.568,0
1787735415.805,wrist_flex,62.691,60.176,62.691,2.515,2.515,0
1787735415.805,wrist_roll,-5.495,-5.319,-5.495,-0.176,-0.176,0
1787735415.805,gripper,8.484,8.151,8.484,0.333,0.333,0
1787735415.855,shoulder_pan,-1.529,-1.055,-1.529,-0.474,-0.474,0
1787735415.855,shoulder_lift,-89.116,-89.231,-89.116,0.115,0.115,0
1787735415.855,elbow_flex,38.779,41.275,38.779,-2.496,-2.496,0
1787735415.855,wrist_flex,63.074,60.967,63.074,2.107,2.107,0
1787735415.855,wrist_roll,-5.506,-5.231,-5.506,-0.276,-0.276,0
1787735415.855,gripper,8.483,8.151,8.483,0.332,0.332,0
1787735415.905,shoulder_pan,-1.487,-1.231,-1.487,-0.257,-0.257,0
1787735415.905,shoulder_lift,-89.125,-89.231,-89.125,0.106,0.106,0
1787735415.905,elbow_flex,39.040,41.011,39.040,-1.971,-1.971,0
1787735415.905,wrist_flex,63.267,62.198,63.267,1.069,1.069,0
1787735415.905,wrist_roll,-5.515,-5.231,-5.515,-0.284,-0.284,0
1787735415.905,gripper,8.490,8.284,8.490,0.207,0.207,0
1787735415.955,shoulder_pan,-1.510,-1.319,-1.510,-0.191,-0.191,0
1787735415.955,shoulder_lift,-89.174,-89.231,-89.174,0.057,0.057,0
1787735415.955,elbow_flex,39.082,40.835,39.082,-1.753,-1.753,0
1787735415.955,wrist_flex,62.671,62.725,62.671,-0.055,-0.055,0
1787735415.955,wrist_roll,-5.534,-5.231,-5.534,-0.303,-0.303,0
1787735415.955,gripper,8.494,8.284,8.494,0.210,0.210,0
1787735416.005,shoulder_pan,-2.113,-1.231,-2.113,-0.882,-0.882,0
1787735416.005,shoulder_lift,-87.481,-89.231,-87.481,1.750,1.750,0
1787735416.005,elbow_flex,44.625,40.835,44.625,3.790,3.790,0
1787735416.005,wrist_flex,60.911,62.901,60.911,-1.990,-1.990,0
1787735416.005,wrist_roll,-6.193,-5.231,-6.193,-0.963,-0.963,0
1787735416.005,gripper,8.558,8.284,8.558,0.275,0.275,0
1787735416.055,shoulder_pan,-2.920,-1.319,-2.920,-1.602,-1.602,0
1787735416.055,shoulder_lift,-77.816,-89.231,-77.816,11.415,11.415,0
1787735416.055,elbow_flex,73.903,40.835,73.903,33.068,33.068,0
1787735416.055,wrist_flex,31.733,62.725,31.733,-30.992,-30.992,0
1787735416.055,wrist_roll,-9.010,-5.319,-9.010,-3.691,-3.691,0
1787735416.055,gripper,8.865,8.284,8.865,0.582,0.582,0
1787735416.105,shoulder_pan,-2.996,-2.022,-2.996,-0.974,-0.974,0
1787735416.105,shoulder_lift,-75.427,-88.615,-75.427,13.188,13.188,0
1787735416.105,elbow_flex,80.396,43.297,80.396,37.099,37.099,0
1787735416.105,wrist_flex,22.883,61.495,22.883,-38.612,-38.612,0
1787735416.105,wrist_roll,-9.545,-6.110,-9.545,-3.435,-3.435,0
1787735416.105,gripper,8.985,8.284,8.985,0.701,0.701,0
1787735416.155,shoulder_pan,-2.964,-2.549,-2.964,-0.415,-0.415,0
1787735416.155,shoulder_lift,-74.393,-85.714,-74.393,11.322,11.322,0
1787735416.155,elbow_flex,83.225,50.154,83.225,33.071,33.071,0
1787735416.155,wrist_flex,19.039,58.066,19.039,-39.027,-39.027,0
1787735416.155,wrist_roll,-9.634,-7.956,-9.634,-1.678,-1.678,0
1787735416.155,gripper,9.000,8.549,9.000,0.452,0.452,0
1787735416.207,shoulder_pan,-2.978,-2.637,-2.978,-0.341,-0.341,0
1787735416.207,shoulder_lift,-72.814,-80.000,-72.814,7.186,7.186,0
1787735416.207,elbow_flex,87.188,62.110,87.188,25.078,25.078,0
1787735416.207,wrist_flex,13.026,49.890,13.026,-36.864,-36.864,0
1787735416.207,wrist_roll,-9.626,-8.835,-9.626,-0.791,-0.791,0
1787735416.207,gripper,9.065,8.748,9.065,0.318,0.318,0
1787735416.254,shoulder_pan,-3.001,-2.637,-3.001,-0.364,-0.364,0
1787735416.254,shoulder_lift,-71.924,-76.484,-71.924,4.559,4.559,0
1787735416.254,elbow_flex,90.228,72.396,90.228,17.833,17.833,0
1787735416.254,wrist_flex,8.797,39.868,8.797,-31.071,-31.071,0
1787735416.254,wrist_roll,-9.526,-9.187,-9.526,-0.339,-0.339,0
1787735416.254,gripper,9.106,8.880,9.106,0.226,0.226,0
1787735416.306,shoulder_pan,-3.030,-2.725,-3.030,-0.305,-0.305,0
1787735416.306,shoulder_lift,-70.875,-74.549,-70.875,3.675,3.675,0
1787735416.306,elbow_flex,93.146,80.659,93.146,12.487,12.487,0
1787735416.306,wrist_flex,4.552,28.088,4.552,-23.536,-23.536,0
1787735416.306,wrist_roll,-9.340,-9.275,-9.340,-0.065,-0.065,0
1787735416.306,gripper,9.114,8.880,9.114,0.234,0.234,0
1787735416.356,shoulder_pan,-3.003,-2.725,-3.003,-0.278,-0.278,0
1787735416.356,shoulder_lift,-70.516,-72.703,-70.516,2.187,2.187,0
1787735416.356,elbow_flex,94.959,87.077,94.959,7.882,7.882,0
1787735416.356,wrist_flex,1.969,18.593,1.969,-16.625,-16.625,0
1787735416.356,wrist_roll,-9.246,-9.275,-9.246,0.029,0.029,0
1787735416.356,gripper,9.128,8.946,9.128,0.182,0.182,0
1787735416.405,shoulder_pan,-2.965,-2.549,-2.965,-0.416,-0.416,0
1787735416.405,shoulder_lift,-69.812,-71.560,-69.812,1.748,1.748,0
1787735416.405,elbow_flex,97.355,91.209,97.355,6.146,6.146,0
1787735416.405,wrist_flex,-0.770,11.297,-0.770,-12.067,-12.067,0
1787735416.405,wrist_roll,-9.097,-9.275,-9.097,0.178,0.178,0
1787735416.405,gripper,9.154,9.013,9.154,0.141,0.141,0
1787735416.457,shoulder_pan,-3.002,-2.725,-3.002,-0.276,-0.276,0
1787735416.457,shoulder_lift,-69.416,-70.769,-69.416,1.354,1.354,0
1787735416.457,elbow_flex,98.816,94.286,98.816,4.530,4.530,0
1787735416.457,wrist_flex,-2.584,5.934,-2.584,-8.518,-8.518,0
1787735416.457,wrist_roll,-8.946,-9.275,-8.946,0.329,0.329,0
1787735416.457,gripper,9.121,9.013,9.121,0.108,0.108,0
1787735416.505,shoulder_pan,-3.031,-2.725,-3.031,-0.306,-0.306,0
1787735416.505,shoulder_lift,-69.235,-70.066,-69.235,0.831,0.831,0
1787735416.505,elbow_flex,100.488,96.396,100.488,4.092,4.092,0
1787735416.505,wrist_flex,-4.667,2.681,-4.667,-7.349,-7.349,0
1787735416.505,wrist_roll,-8.805,-9.275,-8.805,0.470,0.470,0
1787735416.505,gripper,9.116,9.013,9.116,0.103,0.103,0
1787735416.556,shoulder_pan,-3.066,-2.725,-3.066,-0.340,-0.340,0
1787735416.556,shoulder_lift,-68.629,-69.802,-68.629,1.173,1.173,0
1787735416.556,elbow_flex,101.895,96.571,101.895,5.324,5.324,0
1787735416.556,wrist_flex,-6.427,-0.132,-6.427,-6.296,-6.296,0
1787735416.556,wrist_roll,-8.726,-9.275,-8.726,0.549,0.549,0
1787735416.556,gripper,9.096,9.013,9.096,0.083,0.083,0
1787735416.605,shoulder_pan,-3.053,-2.725,-3.053,-0.327,-0.327,0
1787735416.605,shoulder_lift,-68.504,-69.187,-68.504,0.682,0.682,0
1787735416.605,elbow_flex,102.812,96.571,102.812,6.240,6.240,0
1787735416.605,wrist_flex,-7.621,-2.681,-7.621,-4.940,-4.940,0
1787735416.605,wrist_roll,-8.591,-9.187,-8.591,0.596,0.596,0
1787735416.605,gripper,9.066,9.013,9.066,0.054,0.054,0
1787735416.656,shoulder_pan,-3.105,-2.725,-3.105,-0.379,-0.379,0
1787735416.656,shoulder_lift,-67.815,-69.011,-67.815,1.196,1.196,0
1787735416.656,elbow_flex,103.568,96.571,103.568,6.997,6.997,0
1787735416.656,wrist_flex,-8.437,-4.615,-8.437,-3.821,-3.821,0
1787735416.656,wrist_roll,-8.550,-9.011,-8.550,0.461,0.461,0
1787735416.656,gripper,9.067,9.013,9.067,0.054,0.054,0
1787735416.706,shoulder_pan,-3.111,-2.725,-3.111,-0.386,-0.386,0
1787735416.706,shoulder_lift,-67.496,-68.571,-67.496,1.076,1.076,0
1787735416.706,elbow_flex,104.369,96.571,104.369,7.798,7.798,0
1787735416.706,wrist_flex,-9.521,-6.198,-9.521,-3.323,-3.323,0
1787735416.706,wrist_roll,-8.492,-8.923,-8.492,0.431,0.431,0
1787735416.706,gripper,9.061,9.013,9.061,0.049,0.049,0
1787735416.756,shoulder_pan,-3.106,-2.725,-3.106,-0.380,-0.380,0
1787735416.756,shoulder_lift,-66.863,-68.044,-66.863,1.181,1.181,0
1787735416.756,elbow_flex,104.954,96.571,104.954,8.382,8.382,0
1787735416.756,wrist_flex,-10.697,-7.253,-10.697,-3.445,-3.445,0
1787735416.756,wrist_roll,-8.413,-8.923,-8.413,0.511,0.511,0
1787735416.756,gripper,9.060,9.013,9.060,0.048,0.048,0
1787735416.807,shoulder_pan,-3.054,-2.725,-3.054,-0.329,-0.329,0
1787735416.807,shoulder_lift,-65.694,-67.516,-65.694,1.823,1.823,0
1787735416.807,elbow_flex,105.693,96.571,105.693,9.121,9.121,0
1787735416.807,wrist_flex,-14.351,-8.484,-14.351,-5.867,-5.867,0
1787735416.807,wrist_roll,-8.545,-8.923,-8.545,0.378,0.378,0
1787735416.807,gripper,9.259,9.013,9.259,0.246,0.246,0
1787735416.856,shoulder_pan,-3.117,-2.725,-3.117,-0.391,-0.391,0
1787735416.856,shoulder_lift,-65.000,-66.901,-65.000,1.901,1.901,0
1787735416.856,elbow_flex,105.623,96.571,105.623,9.051,9.051,0
1787735416.856,wrist_flex,-15.035,-9.714,-15.035,-5.321,-5.321,0
1787735416.856,wrist_roll,-8.524,-8.923,-8.524,0.399,0.399,0
1787735416.856,gripper,9.235,9.013,9.235,0.222,0.222,0
1787735416.905,shoulder_pan,-3.168,-2.725,-3.168,-0.442,-0.442,0
1787735416.905,shoulder_lift,-64.065,-66.022,-64.065,1.957,1.957,0
1787735416.905,elbow_flex,105.435,96.571,105.435,8.863,8.863,0
1787735416.905,wrist_flex,-15.749,-12.176,-15.749,-3.573,-3.573,0
1787735416.905,wrist_roll,-8.534,-8.923,-8.534,0.389,0.389,0
1787735416.905,gripper,9.236,9.013,9.236,0.224,0.224,0
1787735416.955,shoulder_pan,-2.703,-2.725,-2.703,0.022,0.022,0
1787735416.955,shoulder_lift,-63.478,-65.231,-63.478,1.752,1.752,0
1787735416.955,elbow_flex,104.333,96.571,104.333,7.761,7.761,0
1787735416.955,wrist_flex,-25.997,-13.495,-25.997,-12.503,-12.503,0
1787735416.955,wrist_roll,-9.513,-8.923,-9.513,-0.590,-0.590,0
1787735416.955,gripper,9.210,9.013,9.210,0.197,0.197,0
1787735417.006,shoulder_pan,-2.209,-2.725,-2.209,0.516,0.516,0
1787735417.006,shoulder_lift,-60.424,-64.352,-60.424,3.928,3.928,0
1787735417.006,elbow_flex,97.144,96.484,97.144,0.661,0.661,0
1787735417.006,wrist_flex,-35.100,-14.637,-35.100,-20.463,-20.463,0
1787735417.006,wrist_roll,-9.290,-9.099,-9.290,-0.191,-0.191,0
1787735417.006,gripper,7.505,9.013,7.505,-1.508,-1.508,0
1787735417.057,shoulder_pan,-2.315,-2.725,-2.315,0.410,0.410,0
1787735417.057,shoulder_lift,-57.117,-63.560,-57.117,6.443,6.443,0
1787735417.057,elbow_flex,91.661,96.484,91.661,-4.822,-4.822,0
1787735417.057,wrist_flex,-32.402,-18.330,-32.402,-14.073,-14.073,0
1787735417.057,wrist_roll,-7.849,-9.275,-7.849,1.426,1.426,0
1787735417.057,gripper,6.174,8.814,6.174,-2.640,-2.640,0
1787735417.106,shoulder_pan,-2.326,-2.725,-2.326,0.399,0.399,0
1787735417.106,shoulder_lift,-55.159,-61.187,-55.159,6.028,6.028,0
1787735417.106,elbow_flex,88.117,96.308,88.117,-8.191,-8.191,0
1787735417.106,wrist_flex,-31.194,-25.099,-31.194,-6.095,-6.095,0
1787735417.106,wrist_roll,-6.322,-9.187,-6.322,2.865,2.865,0
1787735417.106,gripper,5.367,7.687,5.367,-2.321,-2.321,0
1787735417.157,shoulder_pan,-2.249,-2.725,-2.249,0.476,0.476,0
1787735417.157,shoulder_lift,-54.161,-58.286,-54.161,4.124,4.124,0
1787735417.157,elbow_flex,85.431,95.077,85.431,-9.646,-9.646,0
1787735417.157,wrist_flex,-28.443,-30.198,-28.443,1.755,1.755,0
1787735417.157,wrist_roll,-5.196,-8.044,-5.196,2.848,2.848,0
1787735417.157,gripper,5.046,6.627,5.046,-1.581,-1.581,0
1787735417.206,shoulder_pan,-2.275,-2.725,-2.275,0.450,0.450,0
1787735417.206,shoulder_lift,-52.720,-56.440,-52.720,3.720,3.720,0
1787735417.206,elbow_flex,83.105,91.912,83.105,-8.807,-8.807,0
1787735417.206,wrist_flex,-28.665,-31.341,-28.665,2.676,2.676,0
1787735417.206,wrist_roll,-4.227,-6.901,-4.227,2.674,2.674,0
1787735417.206,gripper,4.635,5.832,4.635,-1.197,-1.197,0
1787735417.258,shoulder_pan,-2.467,-2.725,-2.467,0.258,0.258,0
1787735417.258,shoulder_lift,-51.348,-54.857,-51.348,3.509,3.509,0
1787735417.258,elbow_flex,80.048,88.923,80.048,-8.875,-8.875,0
1787735417.258,wrist_flex,-27.471,-29.670,-27.471,2.199,2.199,0
1787735417.258,wrist_roll,-3.977,-5.670,-3.977,1.693,1.693,0
1787735417.258,gripper,4.542,5.368,4.542,-0.826,-0.826,0
1787735417.307,shoulder_pan,-2.447,-2.725,-2.447,0.278,0.278,0
1787735417.307,shoulder_lift,-50.088,-53.099,-50.088,3.011,3.011,0
1787735417.307,elbow_flex,76.843,86.813,76.843,-9.970,-9.970,0
1787735417.307,wrist_flex,-26.176,-28.879,-26.176,2.703,2.703,0
1787735417.307,wrist_roll,-3.754,-4.879,-3.754,1.125,1.125,0
1787735417.307,gripper,4.284,5.036,4.284,-0.753,-0.753,0
1787735417.357,shoulder_pan,-2.456,-2.725,-2.456,0.269,0.269,0
1787735417.357,shoulder_lift,-49.349,-51.868,-49.349,2.519,2.519,0
1787735417.357,elbow_flex,73.957,83.824,73.957,-9.867,-9.867,0
1787735417.357,wrist_flex,-25.467,-27.736,-25.467,2.269,2.269,0
1787735417.357,wrist_roll,-3.815,-4.440,-3.815,0.625,0.625,0
1787735417.357,gripper,4.035,4.771,4.035,-0.737,-0.737,0
1787735417.408,shoulder_pan,-2.368,-2.725,-2.368,0.357,0.357,0
1787735417.408,shoulder_lift,-48.403,-50.462,-48.403,2.058,2.058,0
1787735417.408,elbow_flex,71.314,80.835,71.314,-9.521,-9.521,0
1787735417.408,wrist_flex,-24.641,-26.505,-24.641,1.864,1.864,0
1787735417.408,wrist_roll,-3.845,-4.176,-3.845,0.331,0.331,0
1787735417.408,gripper,3.884,4.506,3.884,-0.622,-0.622,0
1787735417.457,shoulder_pan,-2.481,-2.725,-2.481,0.244,0.244,0
1787735417.457,shoulder_lift,-47.385,-49.582,-47.385,2.198,2.198,0
1787735417.457,elbow_flex,68.898,78.022,68.898,-9.124,-9.124,0
1787735417.457,wrist_flex,-24.313,-25.714,-24.313,1.401,1.401,0
1787735417.457,wrist_roll,-3.889,-4.176,-3.889,0.287,0.287,0
1787735417.457,gripper,3.754,4.241,3.754,-0.487,-0.487,0
1787735417.506,shoulder_pan,-2.543,-2.725,-2.543,0.182,0.182,0
1787735417.506,shoulder_lift,-46.376,-48.527,-46.376,2.151,2.151,0
1787735417.506,elbow_flex,66.817,75.209,66.817,-8.392,-8.392,0
1787735417.506,wrist_flex,-24.682,-24.923,-24.682,0.241,0.241,0
1787735417.506,wrist_roll,-3.935,-4.176,-3.935,0.241,0.241,0
1787735417.506,gripper,3.691,4.241,3.691,-0.551,-0.551,0
1787735417.556,shoulder_pan,-2.574,-2.725,-2.574,0.151,0.151,0
1787735417.556,shoulder_lift,-45.135,-47.473,-45.135,2.338,2.338,0
1787735417.556,elbow_flex,65.410,72.747,65.410,-7.337,-7.337,0
1787735417.556,wrist_flex,-25.937,-24.747,-25.937,-1.190,-1.190,0
1787735417.556,wrist_roll,-3.969,-4.176,-3.969,0.206,0.206,0
1787735417.556,gripper,3.580,4.175,3.580,-0.595,-0.595,0
1787735417.606,shoulder_pan,-2.615,-2.725,-2.615,0.110,0.110,0
1787735417.606,shoulder_lift,-44.081,-46.418,-44.081,2.337,2.337,0
1787735417.606,elbow_flex,63.795,70.462,63.795,-6.666,-6.666,0
1787735417.606,wrist_flex,-26.232,-24.835,-26.232,-1.397,-1.397,0
1787735417.606,wrist_roll,-3.808,-4.176,-3.808,0.368,0.368,0
1787735417.606,gripper,3.495,4.042,3.495,-0.547,-0.547,0
1787735417.657,shoulder_pan,-2.554,-2.462,-2.554,-0.092,-0.092,0
1787735417.657,shoulder_lift,-42.828,-45.187,-42.828,2.359,2.359,0
1787735417.657,elbow_flex,62.689,69.231,62.689,-6.542,-6.542,0
1787735417.657,wrist_flex,-27.633,-25.099,-27.633,-2.534,-2.534,0
1787735417.657,wrist_roll,-3.752,-4.088,-3.752,0.336,0.336,0
1787735417.657,gripper,3.358,3.976,3.358,-0.618,-0.618,0
1787735417.708,shoulder_pan,-2.754,-2.374,-2.754,-0.381,-0.381,0
1787735417.708,shoulder_lift,-41.304,-43.868,-41.304,2.564,2.564,0
1787735417.708,elbow_flex,60.978,68.264,60.978,-7.286,-7.286,0
1787735417.708,wrist_flex,-28.596,-25.187,-28.596,-3.409,-3.409,0
1787735417.708,wrist_roll,-3.567,-4.000,-3.567,0.433,0.433,0
1787735417.708,gripper,3.237,3.777,3.237,-0.541,-0.541,0
1787735417.758,shoulder_pan,-2.632,-2.374,-2.632,-0.259,-0.259,0
1787735417.758,shoulder_lift,-40.162,-42.549,-40.162,2.388,2.388,0
1787735417.758,elbow_flex,59.528,67.824,59.528,-8.296,-8.296,0
1787735417.758,wrist_flex,-28.879,-25.890,-28.879,-2.988,-2.988,0
1787735417.758,wrist_roll,-3.285,-4.000,-3.285,0.715,0.715,0
1787735417.758,gripper,3.146,3.711,3.146,-0.565,-0.565,0
1787735417.809,shoulder_pan,-2.660,-2.286,-2.660,-0.375,-0.375,0
1787735417.809,shoulder_lift,-39.064,-40.967,-39.064,1.903,1.903,0
1787735417.809,elbow_flex,58.529,66.945,58.529,-8.416,-8.416,0
1787735417.809,wrist_flex,-28.463,-26.418,-28.463,-2.046,-2.046,0
1787735417.809,wrist_roll,-2.993,-3.824,-2.993,0.831,0.831,0
1787735417.809,gripper,3.096,3.645,3.096,-0.549,-0.549,0
1787735417.857,shoulder_pan,-2.759,-2.286,-2.759,-0.473,-0.473,0
1787735417.857,shoulder_lift,-38.035,-39.736,-38.035,1.701,1.701,0
1787735417.857,elbow_flex,57.546,66.066,57.546,-8.520,-8.520,0
1787735417.857,wrist_flex,-28.073,-26.418,-28.073,-1.655,-1.655,0
1787735417.857,wrist_roll,-2.607,-3.473,-2.607,0.865,0.865,0
1787735417.857,gripper,2.977,3.645,2.977,-0.668,-0.668,0
1787735417.909,shoulder_pan,-2.806,-2.286,-2.806,-0.520,-0.520,0
1787735417.909,shoulder_lift,-37.135,-38.505,-37.135,1.370,1.370,0
1787735417.909,elbow_flex,56.628,65.363,56.628,-8.735,-8.735,0
1787735417.909,wrist_flex,-27.098,-26.418,-27.098,-0.680,-0.680,0
1787735417.909,wrist_roll,-2.360,-3.121,-2.360,0.761,0.761,0
1787735417.909,gripper,2.952,3.512,2.952,-0.560,-0.560,0
1787735417.958,shoulder_pan,-2.755,-2.286,-2.755,-0.469,-0.469,0
1787735417.958,shoulder_lift,-36.022,-37.363,-36.022,1.341,1.341,0
1787735417.958,elbow_flex,52.667,64.396,52.667,-11.728,-11.728,0
1787735417.958,wrist_flex,-25.785,-26.418,-25.785,0.632,0.632,0
1787735417.958,wrist_roll,-2.017,-2.857,-2.017,0.840,0.840,0
1787735417.958,gripper,2.482,3.446,2.482,-0.964,-0.964,0
1787735418.009,shoulder_pan,-2.794,-2.286,-2.794,-0.509,-0.509,0
1787735418.009,shoulder_lift,-36.777,-36.308,-36.777,-0.470,-0.470,0
1787735418.009,elbow_flex,50.064,63.341,50.064,-13.277,-13.277,0
1787735418.009,wrist_flex,-20.278,-25.890,-20.278,5.612,5.612,0
1787735418.009,wrist_roll,-2.136,-2.505,-2.136,0.370,0.370,0
1787735418.009,gripper,2.270,3.313,2.270,-1.043,-1.043,0
1787735418.057,shoulder_pan,-2.803,-2.286,-2.803,-0.518,-0.518,0
1787735418.057,shoulder_lift,-38.310,-35.429,-38.310,-2.882,-2.882,0
1787735418.057,elbow_flex,51.017,61.319,51.017,-10.302,-10.302,0
1787735418.057,wrist_flex,-15.895,-24.835,-15.895,8.940,8.940,0
1787735418.057,wrist_roll,-2.280,-2.418,-2.280,0.138,0.138,0
1787735418.057,gripper,2.347,2.982,2.347,-0.635,-0.635,0
1787735418.109,shoulder_pan,-2.843,-2.286,-2.843,-0.558,-0.558,0
1787735418.109,shoulder_lift,-40.162,-35.429,-40.162,-4.733,-4.733,0
1787735418.109,elbow_flex,52.574,60.352,52.574,-7.778,-7.778,0
1787735418.109,wrist_flex,-12.368,-21.495,-12.368,9.127,9.127,0
1787735418.109,wrist_roll,-2.421,-2.418,-2.421,-0.004,-0.004,0
1787735418.109,gripper,2.435,2.982,2.435,-0.547,-0.547,0
1787735418.158,shoulder_pan,-2.811,-2.374,-2.811,-0.437,-0.437,0
1787735418.158,shoulder_lift,-41.839,-35.956,-41.839,-5.883,-5.883,0
1787735418.158,elbow_flex,54.478,59.473,54.478,-4.994,-4.994,0
1787735418.158,wrist_flex,-8.811,-17.275,-8.811,8.464,8.464,0
1787735418.158,wrist_roll,-2.567,-2.418,-2.567,-0.149,-0.149,0
1787735418.158,gripper,2.563,2.982,2.563,-0.419,-0.419,0
1787735418.208,shoulder_pan,-2.869,-2.462,-2.869,-0.407,-0.407,0
1787735418.208,shoulder_lift,-43.927,-37.363,-43.927,-6.564,-6.564,0
1787735418.208,elbow_flex,56.935,58.945,56.935,-2.010,-2.010,0
1787735418.208,wrist_flex,-6.331,-13.758,-6.331,7.427,7.427,0
1787735418.208,wrist_roll,-2.746,-2.418,-2.746,-0.329,-0.329,0
1787735418.208,gripper,2.726,2.982,2.726,-0.256,-0.256,0
1787735418.259,shoulder_pan,-2.903,-2.462,-2.903,-0.441,-0.441,0
1787735418.259,shoulder_lift,-46.445,-39.209,-46.445,-7.236,-7.236,0
1787735418.259,elbow_flex,59.755,58.681,59.755,1.073,1.073,0
1787735418.259,wrist_flex,-4.501,-10.330,-4.501,5.829,5.829,0
1787735418.259,wrist_roll,-2.897,-2.418,-2.897,-0.480,-0.480,0
1787735418.259,gripper,2.974,2.982,2.974,-0.008,-0.008,0
1787735418.308,shoulder_pan,-2.872,-2.549,-2.872,-0.323,-0.323,0
1787735418.308,shoulder_lift,-48.213,-41.495,-48.213,-6.718,-6.718,0
1787735418.308,elbow_flex,62.234,58.857,62.234,3.377,3.377,0
1787735418.308,wrist_flex,-3.412,-7.780,-3.412,4.369,4.369,0
1787735418.308,wrist_roll,-3.016,-2.593,-3.016,-0.423,-0.423,0
1787735418.308,gripper,3.213,2.982,3.213,0.230,0.230,0
1787735418.359,shoulder_pan,-2.852,-2.549,-2.852,-0.303,-0.303,0
1787735418.359,shoulder_lift,-49.715,-44.220,-49.715,-5.495,-5.495,0
1787735418.359,elbow_flex,64.050,60.967,64.050,3.083,3.083,0
1787735418.359,wrist_flex,-2.728,-5.582,-2.728,2.855,2.855,0
1787735418.359,wrist_roll,-3.082,-2.769,-3.082,-0.313,-0.313,0
1787735418.359,gripper,3.499,3.048,3.499,0.451,0.451,0
1787735418.409,shoulder_pan,-2.877,-2.549,-2.877,-0.328,-0.328,0
1787735418.409,shoulder_lift,-50.844,-45.890,-50.844,-4.954,-4.954,0
1787735418.409,elbow_flex,66.235,62.637,66.235,3.598,3.598,0
1787735418.409,wrist_flex,-2.198,-4.176,-2.198,1.977,1.977,0
1787735418.409,wrist_roll,-3.137,-2.769,-3.137,-0.367,-0.367,0
1787735418.409,gripper,3.856,3.115,3.856,0.741,0.741,0
1787735418.459,shoulder_pan,-2.863,-2.549,-2.863,-0.313,-0.313,0
1787735418.459,shoulder_lift,-52.074,-47.560,-52.074,-4.514,-4.514,0
1787735418.459,elbow_flex,67.586,64.044,67.586,3.542,3.542,0
1787735418.459,wrist_flex,-2.027,-3.209,-2.027,1.182,1.182,0
1787735418.459,wrist_roll,-3.138,-2.769,-3.138,-0.369,-0.369,0
1787735418.459,gripper,4.214,3.247,4.214,0.967,0.967,0
1787735418.508,shoulder_pan,-2.918,-2.549,-2.918,-0.369,-0.369,0
1787735418.508,shoulder_lift,-52.416,-49.055,-52.416,-3.361,-3.361,0
1787735418.508,elbow_flex,68.634,65.890,68.634,2.744,2.744,0
1787735418.508,wrist_flex,-2.667,-2.593,-2.667,-0.074,-0.074,0
1787735418.508,wrist_roll,-3.143,-2.769,-3.143,-0.374,-0.374,0
1787735418.508,gripper,4.594,3.579,4.594,1.016,1.016,0
1787735418.558,shoulder_pan,-2.944,-2.549,-2.944,-0.395,-0.395,0
1787735418.558,shoulder_lift,-52.817,-50.198,-52.817,-2.619,-2.619,0
1787735418.558,elbow_flex,69.607,67.824,69.607,1.782,1.782,0
1787735418.558,wrist_flex,-3.428,-2.418,-3.428,-1.010,-1.010,0
1787735418.558,wrist_roll,-3.167,-2.769,-3.167,-0.398,-0.398,0
1787735418.558,gripper,4.933,4.042,4.933,0.890,0.890,0
1787735418.608,shoulder_pan,-3.027,-2.549,-3.027,-0.477,-0.477,0
1787735418.608,shoulder_lift,-52.788,-50.901,-52.788,-1.887,-1.887,0
1787735418.608,elbow_flex,70.484,68.967,70.484,1.517,1.517,0
1787735418.608,wrist_flex,-4.400,-2.505,-4.400,-1.894,-1.894,0
1787735418.608,wrist_roll,-3.123,-2.769,-3.123,-0.354,-0.354,0
1787735418.608,gripper,5.234,4.307,5.234,0.927,0.927,0
1787735418.659,shoulder_pan,-3.106,-2.549,-3.106,-0.556,-0.556,0
1787735418.659,shoulder_lift,-52.833,-51.341,-52.833,-1.493,-1.493,0
1787735418.659,elbow_flex,71.322,70.110,71.322,1.212,1.212,0
1787735418.659,wrist_flex,-6.284,-2.945,-6.284,-3.339,-3.339,0
1787735418.659,wrist_roll,-3.069,-2.769,-3.069,-0.300,-0.300,0
1787735418.659,gripper,5.486,4.639,5.486,0.848,0.848,0
1787735418.710,shoulder_pan,-2.991,-2.549,-2.991,-0.442,-0.442,0
1787735418.710,shoulder_lift,-52.763,-51.429,-52.763,-1.334,-1.334,0
1787735418.710,elbow_flex,72.635,70.989,72.635,1.646,1.646,0
1787735418.710,wrist_flex,-8.608,-3.736,-8.608,-4.872,-4.872,0
1787735418.710,wrist_roll,-3.113,-2.945,-3.113,-0.168,-0.168,0
1787735418.710,gripper,5.716,5.036,5.716,0.680,0.680,0
1787735418.759,shoulder_pan,-3.021,-2.549,-3.021,-0.472,-0.472,0
1787735418.759,shoulder_lift,-52.579,-51.429,-52.579,-1.150,-1.150,0
1787735418.759,elbow_flex,73.013,71.692,73.013,1.321,1.321,0
1787735418.759,wrist_flex,-9.787,-5.231,-9.787,-4.557,-4.557,0
1787735418.759,wrist_roll,-3.123,-3.033,-3.123,-0.090,-0.090,0
1787735418.759,gripper,5.759,5.169,5.759,0.590,0.590,0
1787735418.810,shoulder_pan,-3.013,-2.549,-3.013,-0.463,-0.463,0
1787735418.810,shoulder_lift,-52.462,-51.516,-52.462,-0.946,-0.946,0
1787735418.810,elbow_flex,73.441,72.923,73.441,0.518,0.518,0
1787735418.810,wrist_flex,-10.763,-7.165,-10.763,-3.598,-3.598,0
1787735418.810,wrist_roll,-3.122,-3.033,-3.122,-0.089,-0.089,0
1787735418.810,gripper,5.799,5.434,5.799,0.365,0.365,0
1787735418.859,shoulder_pan,-3.030,-2.549,-3.030,-0.480,-0.480,0
1787735418.859,shoulder_lift,-52.332,-51.516,-52.332,-0.815,-0.815,0
1787735418.859,elbow_flex,73.567,73.363,73.567,0.204,0.204,0
1787735418.859,wrist_flex,-11.174,-8.308,-11.174,-2.866,-2.866,0
1787735418.859,wrist_roll,-3.114,-3.033,-3.114,-0.081,-0.081,0
1787735418.859,gripper,5.866,5.434,5.866,0.432,0.432,0
1787735418.910,shoulder_pan,-2.434,-2.549,-2.434,0.115,0.115,0
1787735418.910,shoulder_lift,-51.313,-51.516,-51.313,0.203,0.203,0
1787735418.910,elbow_flex,72.646,73.626,72.646,-0.980,-0.980,0
1787735418.910,wrist_flex,-10.129,-9.538,-10.129,-0.591,-0.591,0
1787735418.910,wrist_roll,-2.876,-3.033,-2.876,0.157,0.157,0
1787735418.910,gripper,5.723,5.434,5.723,0.289,0.289,0
1787735418.960,shoulder_pan,-1.817,-2.549,-1.817,0.733,0.733,0
1787735418.960,shoulder_lift,-49.953,-51.429,-49.953,1.475,1.475,0
1787735418.960,elbow_flex,71.805,73.626,71.805,-1.821,-1.821,0
1787735418.960,wrist_flex,-7.815,-9.802,-7.815,1.987,1.987,0
1787735418.960,wrist_roll,-2.318,-3.033,-2.318,0.715,0.715,0
1787735418.960,gripper,5.607,5.434,5.607,0.173,0.173,0
1787735419.010,shoulder_pan,-1.913,-2.549,-1.913,0.636,0.636,0
1787735419.010,shoulder_lift,-49.818,-50.901,-49.818,1.083,1.083,0
1787735419.010,elbow_flex,71.585,73.626,71.585,-2.042,-2.042,0
1787735419.010,wrist_flex,-7.102,-9.451,-7.102,2.348,2.348,0
1787735419.010,wrist_roll,-1.899,-2.945,-1.899,1.046,1.046,0
1787735419.010,gripper,5.670,5.434,5.670,0.236,0.236,0
1787735419.059,shoulder_pan,-1.841,-2.374,-1.841,0.533,0.533,0
1787735419.059,shoulder_lift,-50.280,-50.110,-50.280,-0.170,-0.170,0
1787735419.059,elbow_flex,71.649,73.626,71.649,-1.978,-1.978,0
1787735419.059,wrist_flex,-5.448,-7.956,-5.448,2.508,2.508,0
1787735419.059,wrist_roll,-1.541,-2.330,-1.541,0.789,0.789,0
1787735419.059,gripper,5.716,5.434,5.716,0.282,0.282,0
1787735419.110,shoulder_pan,-1.865,-2.198,-1.865,0.333,0.333,0
1787735419.110,shoulder_lift,-50.883,-50.022,-50.883,-0.861,-0.861,0
1787735419.110,elbow_flex,71.780,73.626,71.780,-1.846,-1.846,0
1787735419.110,wrist_flex,-4.135,-7.165,-4.135,3.030,3.030,0
1787735419.110,wrist_roll,-1.123,-2.330,-1.123,1.207,1.207,0
1787735419.110,gripper,5.725,5.434,5.725,0.291,0.291,0
1787735419.160,shoulder_pan,-1.853,-2.198,-1.853,0.345,0.345,0
1787735419.160,shoulder_lift,-51.391,-50.198,-51.391,-1.193,-1.193,0
1787735419.160,elbow_flex,71.794,73.538,71.794,-1.744,-1.744,0
1787735419.160,wrist_flex,-4.271,-5.846,-4.271,1.575,1.575,0
1787735419.160,wrist_roll,-0.902,-1.626,-0.902,0.724,0.724,0
1787735419.160,gripper,5.804,5.500,5.804,0.303,0.303,0
1787735419.210,shoulder_pan,-1.791,-2.198,-1.791,0.407,0.407,0
1787735419.210,shoulder_lift,-52.010,-50.110,-52.010,-1.900,-1.900,0
1787735419.210,elbow_flex,71.756,73.626,71.756,-1.871,-1.871,0
1787735419.210,wrist_flex,-2.826,-4.879,-2.826,2.053,2.053,0
1787735419.210,wrist_roll,-0.726,-1.363,-0.726,0.637,0.637,0
1787735419.210,gripper,5.846,5.500,5.846,0.345,0.345,0
1787735419.261,shoulder_pan,-1.814,-2.198,-1.814,0.384,0.384,0
1787735419.261,shoulder_lift,-52.474,-50.374,-52.474,-2.101,-2.101,0
1787735419.261,elbow_flex,71.689,73.626,71.689,-1.937,-1.937,0
1787735419.261,wrist_flex,-1.839,-4.352,-1.839,2.513,2.513,0
1787735419.261,wrist_roll,-0.561,-1.099,-0.561,0.538,0.538,0
1787735419.261,gripper,5.893,5.500,5.893,0.392,0.392,0
1787735419.309,shoulder_pan,-1.750,-2.198,-1.750,0.448,0.448,0
1787735419.309,shoulder_lift,-53.205,-50.901,-53.205,-2.304,-2.304,0
1787735419.309,elbow_flex,71.998,73.626,71.998,-1.628,-1.628,0
1787735419.309,wrist_flex,-1.470,-3.121,-1.470,1.651,1.651,0
1787735419.309,wrist_roll,-0.463,-0.923,-0.463,0.460,0.460,0
1787735419.309,gripper,5.965,5.500,5.965,0.465,0.465,0
1787735419.361,shoulder_pan,-1.776,-2.198,-1.776,0.422,0.422,0
1787735419.361,shoulder_lift,-53.927,-51.341,-53.927,-2.587,-2.587,0
1787735419.361,elbow_flex,72.171,73.626,72.171,-1.456,-1.456,0
1787735419.361,wrist_flex,-0.677,-2.154,-0.677,1.477,1.477,0
1787735419.361,wrist_roll,-0.396,-0.835,-0.396,0.439,0.439,0
1787735419.361,gripper,6.030,5.500,6.030,0.530,0.530,0
1787735419.413,shoulder_pan,-1.738,-2.198,-1.738,0.460,0.460,0
1787735419.413,shoulder_lift,-54.597,-52.044,-54.597,-2.553,-2.553,0
1787735419.413,elbow_flex,72.374,73.626,72.374,-1.252,-1.252,0
1787735419.413,wrist_flex,-0.436,-1.538,-0.436,1.103,1.103,0
1787735419.413,wrist_roll,-0.293,-0.835,-0.293,0.542,0.542,0
1787735419.413,gripper,6.097,5.500,6.097,0.596,0.596,0
1787735419.460,shoulder_pan,-1.677,-2.198,-1.677,0.521,0.521,0
1787735419.460,shoulder_lift,-55.511,-52.747,-55.511,-2.764,-2.764,0
1787735419.460,elbow_flex,72.720,73.626,72.720,-0.906,-0.906,0
1787735419.460,wrist_flex,0.111,-0.923,0.111,1.034,1.034,0
1787735419.460,wrist_roll,-0.164,-0.747,-0.164,0.583,0.583,0
1787735419.460,gripper,6.154,5.500,6.154,0.654,0.654,0
1787735419.510,shoulder_pan,-1.650,-2.198,-1.650,0.547,0.547,0
1787735419.510,shoulder_lift,-56.729,-53.538,-56.729,-3.190,-3.190,0
1787735419.510,elbow_flex,72.909,73.626,72.909,-0.718,-0.718,0
1787735419.510,wrist_flex,0.751,-0.396,0.751,1.147,1.147,0
1787735419.510,wrist_roll,-0.061,-0.571,-0.061,0.511,0.511,0
1787735419.510,gripper,6.219,5.699,6.219,0.520,0.520,0
1787735419.560,shoulder_pan,-1.623,-2.198,-1.623,0.574,0.574,0
1787735419.560,shoulder_lift,-57.976,-54.418,-57.976,-3.558,-3.558,0
1787735419.560,elbow_flex,73.061,73.626,73.061,-0.565,-0.565,0
1787735419.560,wrist_flex,0.368,0.220,0.368,0.148,0.148,0
1787735419.560,wrist_roll,0.232,-0.396,0.232,0.628,0.628,0
1787735419.560,gripper,6.275,5.832,6.275,0.444,0.444,0
1787735419.610,shoulder_pan,-1.544,-2.198,-1.544,0.653,0.653,0
1787735419.610,shoulder_lift,-59.734,-55.473,-59.734,-4.261,-4.261,0
1787735419.610,elbow_flex,73.273,73.626,73.273,-0.353,-0.353,0
1787735419.610,wrist_flex,1.439,0.396,1.439,1.044,1.044,0
1787735419.610,wrist_roll,0.423,-0.396,0.423,0.819,0.819,0
1787735419.610,gripper,6.304,5.832,6.304,0.472,0.472,0
1787735419.661,shoulder_pan,-1.443,-2.198,-1.443,0.755,0.755,0
1787735419.661,shoulder_lift,-62.535,-56.703,-62.535,-5.832,-5.832,0
1787735419.661,elbow_flex,72.900,73.626,72.900,-0.726,-0.726,0
1787735419.661,wrist_flex,1.845,0.659,1.845,1.186,1.186,0
1787735419.661,wrist_roll,1.229,-0.132,1.229,1.361,1.361,0
1787735419.661,gripper,6.356,5.832,6.356,0.525,0.525,0
1787735419.712,shoulder_pan,-1.461,-2.198,-1.461,0.737,0.737,0
1787735419.712,shoulder_lift,-64.013,-58.286,-64.013,-5.727,-5.727,0
1787735419.712,elbow_flex,72.634,73.626,72.634,-0.992,-0.992,0
1787735419.712,wrist_flex,2.224,1.363,2.224,0.862,0.862,0
1787735419.712,wrist_roll,1.652,0.308,1.652,1.344,1.344,0
1787735419.712,gripper,6.413,5.832,6.413,0.581,0.581,0
1787735419.761,shoulder_pan,-1.474,-1.934,-1.474,0.460,0.460,0
1787735419.761,shoulder_lift,-65.022,-60.571,-65.022,-4.451,-4.451,0
1787735419.761,elbow_flex,72.426,73.626,72.426,-1.200,-1.200,0
1787735419.761,wrist_flex,2.573,1.802,2.573,0.771,0.771,0
1787735419.761,wrist_roll,2.092,0.923,2.092,1.169,1.169,0
1787735419.761,gripper,6.478,5.898,6.478,0.580,0.580,0
1787735419.812,shoulder_pan,-1.456,-1.670,-1.456,0.214,0.214,0
1787735419.812,shoulder_lift,-66.467,-62.505,-66.467,-3.962,-3.962,0
1787735419.812,elbow_flex,72.169,73.538,72.169,-1.369,-1.369,0
1787735419.812,wrist_flex,3.039,2.154,3.039,0.885,0.885,0
1787735419.812,wrist_roll,2.530,1.363,2.530,1.167,1.167,0
1787735419.812,gripper,6.543,6.097,6.543,0.446,0.446,0
1787735419.861,shoulder_pan,-1.557,-1.670,-1.557,0.114,0.114,0
1787735419.861,shoulder_lift,-67.533,-63.648,-67.533,-3.885,-3.885,0
1787735419.861,elbow_flex,73.304,73.626,73.304,-0.322,-0.322,0
1787735419.861,wrist_flex,0.901,2.505,0.901,-1.604,-1.604,0
1787735419.861,wrist_roll,2.898,1.890,2.898,1.007,1.007,0
1787735419.861,gripper,6.320,6.163,6.320,0.157,0.157,0
1787735419.911,shoulder_pan,-1.682,-1.670,-1.682,-0.012,-0.012,0
1787735419.911,shoulder_lift,-68.041,-65.055,-68.041,-2.986,-2.986,0
1787735419.911,elbow_flex,75.762,73.626,75.762,2.136,2.136,0
1787735419.911,wrist_flex,-1.605,2.681,-1.605,-4.287,-4.287,0
1787735419.911,wrist_roll,2.719,2.242,2.719,0.478,0.478,0
1787735419.911,gripper,6.008,6.163,6.008,-0.155,-0.155,0
1787735419.961,shoulder_pan,-1.687,-1.670,-1.687,-0.017,-0.017,0
1787735419.961,shoulder_lift,-68.413,-66.286,-68.413,-2.128,-2.128,0
1787735419.961,elbow_flex,76.505,74.154,76.505,2.351,2.351,0
1787735419.961,wrist_flex,-2.491,1.275,-2.491,-3.765,-3.765,0
1787735419.961,wrist_roll,2.435,2.505,2.435,-0.070,-0.070,0
1787735419.961,gripper,5.987,6.163,5.987,-0.176,-0.176,0
1787735420.013,shoulder_pan,-1.754,-1.670,-1.754,-0.084,-0.084,0
1787735420.013,shoulder_lift,-68.787,-67.165,-68.787,-1.623,-1.623,0
1787735420.013,elbow_flex,76.633,76.000,76.633,0.633,0.633,0
1787735420.013,wrist_flex,-2.645,-0.484,-2.645,-2.161,-2.161,0
1787735420.013,wrist_roll,2.429,2.505,2.429,-0.077,-0.077,0
1787735420.013,gripper,6.004,6.163,6.004,-0.159,-0.159,0
1787735420.061,shoulder_pan,-1.756,-1.670,-1.756,-0.086,-0.086,0
1787735420.061,shoulder_lift,-69.067,-67.429,-69.067,-1.639,-1.639,0
1787735420.061,elbow_flex,76.935,76.527,76.935,0.407,0.407,0
1787735420.061,wrist_flex,-2.515,-1.011,-2.515,-1.504,-1.504,0
1787735420.061,wrist_roll,2.342,2.505,2.342,-0.163,-0.163,0
1787735420.061,gripper,6.045,6.163,6.045,-0.118,-0.118,0
1787735420.111,shoulder_pan,-1.809,-1.670,-1.809,-0.139,-0.139,0
1787735420.111,shoulder_lift,-69.403,-68.044,-69.403,-1.359,-1.359,0
1787735420.111,elbow_flex,76.943,76.791,76.943,0.151,0.151,0
1787735420.111,wrist_flex,-2.098,-1.451,-2.098,-0.648,-0.648,0
1787735420.111,wrist_roll,2.328,2.418,2.328,-0.090,-0.090,0
1787735420.111,gripper,6.069,6.163,6.069,-0.094,-0.094,0
1787735420.161,shoulder_pan,-1.871,-1.758,-1.871,-0.112,-0.112,0
1787735420.161,shoulder_lift,-69.957,-68.396,-69.957,-1.561,-1.561,0
1787735420.161,elbow_flex,77.082,77.319,77.082,-0.237,-0.237,0
1787735420.161,wrist_flex,-2.533,-1.538,-2.533,-0.994,-0.994,0
1787735420.161,wrist_roll,2.207,2.418,2.207,-0.210,-0.210,0
1787735420.161,gripper,6.095,6.163,6.095,-0.068,-0.068,0
1787735420.211,shoulder_pan,-1.983,-1.758,-1.983,-0.225,-0.225,0
1787735420.211,shoulder_lift,-70.379,-68.659,-70.379,-1.720,-1.720,0
1787735420.211,elbow_flex,76.999,77.319,76.999,-0.320,-0.320,0
1787735420.211,wrist_flex,-1.646,-1.626,-1.646,-0.020,-0.020,0
1787735420.211,wrist_roll,2.058,2.418,2.058,-0.360,-0.360,0
1787735420.211,gripper,6.135,6.163,6.135,-0.028,-0.028,0
1787735420.262,shoulder_pan,-2.069,-1.758,-2.069,-0.311,-0.311,0
1787735420.262,shoulder_lift,-70.757,-69.275,-70.757,-1.482,-1.482,0
1787735420.262,elbow_flex,77.335,77.319,77.335,0.017,0.017,0
1787735420.262,wrist_flex,-1.984,-1.714,-1.984,-0.270,-0.270,0
1787735420.262,wrist_roll,1.907,2.330,1.907,-0.423,-0.423,0
1787735420.262,gripper,6.188,6.163,6.188,0.025,0.025,0
1787735420.312,shoulder_pan,-2.002,-1.758,-2.002,-0.244,-0.244,0
1787735420.312,shoulder_lift,-71.323,-69.714,-71.323,-1.609,-1.609,0
1787735420.312,elbow_flex,77.490,77.495,77.490,-0.004,-0.004,0
1787735420.312,wrist_flex,-2.079,-1.538,-2.079,-0.541,-0.541,0
1787735420.312,wrist_roll,1.753,2.330,1.753,-0.576,-0.576,0
1787735420.312,gripper,6.251,6.163,6.251,0.088,0.088,0
1787735420.362,shoulder_pan,-2.011,-1.758,-2.011,-0.253,-0.253,0
1787735420.362,shoulder_lift,-71.704,-70.154,-71.704,-1.550,-1.550,0
1787735420.362,elbow_flex,77.532,77.758,77.532,-0.227,-0.227,0
1787735420.362,wrist_flex,-2.483,-1.538,-2.483,-0.945,-0.945,0
1787735420.362,wrist_roll,1.498,2.242,1.498,-0.744,-0.744,0
1787735420.362,gripper,6.293,6.163,6.293,0.130,0.130,0
1787735420.411,shoulder_pan,-2.146,-1.758,-2.146,-0.388,-0.388,0
1787735420.411,shoulder_lift,-71.785,-70.593,-71.785,-1.192,-1.192,0
1787735420.411,elbow_flex,77.538,77.846,77.538,-0.308,-0.308,0
1787735420.411,wrist_flex,-2.503,-1.714,-2.503,-0.789,-0.789,0
1787735420.411,wrist_roll,1.233,1.978,1.233,-0.745,-0.745,0
1787735420.411,gripper,6.379,6.163,6.379,0.216,0.216,0
1787735420.461,shoulder_pan,-2.154,-1.758,-2.154,-0.396,-0.396,0
1787735420.461,shoulder_lift,-72.174,-70.945,-72.174,-1.229,-1.229,0
1787735420.461,elbow_flex,77.647,77.758,77.647,-0.111,-0.111,0
1787735420.461,wrist_flex,-2.471,-1.802,-2.471,-0.669,-0.669,0
1787735420.461,wrist_roll,0.953,1.626,0.953,-0.674,-0.674,0
1787735420.461,gripper,6.462,6.163,6.462,0.299,0.299,0
1787735420.511,shoulder_pan,-2.189,-1.758,-2.189,-0.431,-0.431,0
1787735420.511,shoulder_lift,-72.403,-71.209,-72.403,-1.194,-1.194,0
1787735420.511,elbow_flex,77.507,77.846,77.507,-0.339,-0.339,0
1787735420.511,wrist_flex,-2.572,-1.802,-2.572,-0.770,-0.770,0
1787735420.511,wrist_roll,0.506,1.363,0.506,-0.857,-0.857,0
1787735420.511,gripper,6.617,6.163,6.617,0.454,0.454,0
1787735420.561,shoulder_pan,-2.282,-1.758,-2.282,-0.524,-0.524,0
1787735420.561,shoulder_lift,-72.975,-71.473,-72.975,-1.502,-1.502,0
1787735420.561,elbow_flex,77.958,77.934,77.958,0.023,0.023,0
1787735420.561,wrist_flex,-3.196,-1.802,-3.196,-1.394,-1.394,0
1787735420.561,wrist_roll,0.017,1.011,0.017,-0.994,-0.994,0
1787735420.561,gripper,6.836,6.163,6.836,0.673,0.673,0
1787735420.613,shoulder_pan,-2.274,-1.758,-2.274,-0.516,-0.516,0
1787735420.613,shoulder_lift,-73.094,-71.824,-73.094,-1.270,-1.270,0
1787735420.613,elbow_flex,77.905,78.110,77.905,-0.205,-0.205,0
1787735420.613,wrist_flex,-3.414,-1.978,-3.414,-1.436,-1.436,0
1787735420.613,wrist_roll,-0.118,0.571,-0.118,-0.690,-0.690,0
1787735420.613,gripper,6.914,6.296,6.914,0.618,0.618,0
1787735420.661,shoulder_pan,-2.399,-1.846,-2.399,-0.553,-0.553,0
1787735420.661,shoulder_lift,-72.999,-72.176,-72.999,-0.823,-0.823,0
1787735420.661,elbow_flex,77.957,78.374,77.957,-0.417,-0.417,0
1787735420.661,wrist_flex,-3.341,-2.330,-3.341,-1.012,-1.012,0
1787735420.661,wrist_roll,-0.349,0.308,-0.349,-0.657,-0.657,0
1787735420.661,gripper,7.108,6.561,7.108,0.547,0.547,0
1787735420.713,shoulder_pan,-2.315,-2.110,-2.315,-0.205,-0.205,0
1787735420.713,shoulder_lift,-73.050,-72.264,-73.050,-0.786,-0.786,0
1787735420.713,elbow_flex,77.874,78.374,77.874,-0.500,-0.500,0
1787735420.713,wrist_flex,-3.272,-2.418,-3.272,-0.855,-0.855,0
1787735420.713,wrist_roll,-0.459,-0.044,-0.459,-0.415,-0.415,0
1787735420.713,gripper,7.219,6.627,7.219,0.592,0.592,0
1787735420.762,shoulder_pan,-2.355,-2.286,-2.355,-0.069,-0.069,0
1787735420.762,shoulder_lift,-72.865,-72.264,-72.865,-0.602,-0.602,0
1787735420.762,elbow_flex,77.991,78.374,77.991,-0.383,-0.383,0
1787735420.762,wrist_flex,-3.042,-2.505,-3.042,-0.537,-0.537,0
1787735420.762,wrist_roll,-0.561,-0.220,-0.561,-0.341,-0.341,0
1787735420.762,gripper,7.349,6.826,7.349,0.524,0.524,0
1787735420.813,shoulder_pan,-2.511,-2.286,-2.511,-0.225,-0.225,0
1787735420.813,shoulder_lift,-74.032,-72.264,-74.032,-1.768,-1.768,0
1787735420.813,elbow_flex,79.681,78.374,79.681,1.307,1.307,0
1787735420.813,wrist_flex,-0.700,-2.505,-0.700,1.806,1.806,0
1787735420.813,wrist_roll,-0.055,-0.220,-0.055,0.165,0.165,0
1787735420.813,gripper,7.104,6.958,7.104,0.146,0.146,0
1787735420.862,shoulder_pan,-2.681,-2.286,-2.681,-0.395,-0.395,0
1787735420.862,shoulder_lift,-74.489,-72.527,-74.489,-1.961,-1.961,0
1787735420.862,elbow_flex,80.656,78.549,80.656,2.106,2.106,0
1787735420.862,wrist_flex,5.809,-2.418,5.809,8.226,8.226,0
1787735420.862,wrist_roll,0.884,-0.220,0.884,1.104,1.104,0
1787735420.862,gripper,6.938,6.958,6.938,-0.020,-0.020,0
1787735420.912,shoulder_pan,-2.726,-2.286,-2.726,-0.440,-0.440,0
1787735420.912,shoulder_lift,-73.642,-73.495,-73.642,-0.148,-0.148,0
1787735420.912,elbow_flex,79.562,80.044,79.562,-0.482,-0.482,0
1787735420.912,wrist_flex,9.727,-0.659,9.727,10.386,10.386,0
1787735420.912,wrist_roll,1.250,-0.044,1.250,1.294,1.294,0
1787735420.912,gripper,7.200,6.958,7.200,0.242,0.242,0
1787735420.963,shoulder_pan,-2.694,-2.286,-2.694,-0.408,-0.408,0
1787735420.963,shoulder_lift,-73.035,-73.582,-73.035,0.548,0.548,0
1787735420.963,elbow_flex,78.714,80.571,78.714,-1.858,-1.858,0
1787735420.963,wrist_flex,12.452,3.473,12.452,8.980,8.980,0
1787735420.963,wrist_roll,1.470,0.571,1.470,0.899,0.899,0
1787735420.963,gripper,7.393,6.958,7.393,0.435,0.435,0
1787735421.013,shoulder_pan,-2.748,-2.286,-2.748,-0.462,-0.462,0
1787735421.013,shoulder_lift,-72.179,-73.407,-72.179,1.228,1.228,0
1787735421.013,elbow_flex,77.634,80.484,77.634,-2.850,-2.850,0
1787735421.013,wrist_flex,16.020,7.604,16.020,8.415,8.415,0
1787735421.013,wrist_roll,1.765,0.835,1.765,0.930,0.930,0
1787735421.013,gripper,7.611,6.958,7.611,0.652,0.652,0
1787735421.062,shoulder_pan,-2.747,-2.286,-2.747,-0.461,-0.461,0
1787735421.062,shoulder_lift,-71.702,-72.879,-71.702,1.177,1.177,0
1787735421.062,elbow_flex,77.007,80.396,77.007,-3.388,-3.388,0
1787735421.062,wrist_flex,17.465,10.593,17.465,6.871,6.871,0
1787735421.062,wrist_roll,1.728,1.187,1.728,0.541,0.541,0
1787735421.062,gripper,7.704,7.091,7.704,0.613,0.613,0
1787735421.113,shoulder_pan,-2.785,-2.286,-2.785,-0.500,-0.500,0
1787735421.113,shoulder_lift,-70.982,-72.352,-70.982,1.370,1.370,0
1787735421.113,elbow_flex,76.561,80.220,76.561,-3.659,-3.659,0
1787735421.113,wrist_flex,18.400,13.934,18.400,4.466,4.466,0
1787735421.113,wrist_roll,1.738,1.275,1.738,0.463,0.463,0
1787735421.113,gripper,7.785,7.356,7.785,0.429,0.429,0
1787735421.163,shoulder_pan,-2.708,-2.286,-2.708,-0.422,-0.422,0
1787735421.163,shoulder_lift,-70.605,-71.648,-70.605,1.044,1.044,0
1787735421.163,elbow_flex,76.237,79.956,76.237,-3.719,-3.719,0
1787735421.163,wrist_flex,19.027,16.220,19.027,2.807,2.807,0
1787735421.163,wrist_roll,1.646,1.538,1.646,0.107,0.107,0
1787735421.163,gripper,7.835,7.422,7.835,0.412,0.412,0
1787735421.214,shoulder_pan,-2.705,-2.198,-2.705,-0.507,-0.507,0
1787735421.214,shoulder_lift,-70.135,-71.121,-70.135,0.986,0.986,0
1787735421.214,elbow_flex,75.935,79.516,75.935,-3.582,-3.582,0
1787735421.214,wrist_flex,18.806,17.626,18.806,1.180,1.180,0
1787735421.214,wrist_roll,1.524,1.538,1.524,-0.014,-0.014,0
1787735421.214,gripper,7.878,7.555,7.878,0.323,0.323,0
1787735421.263,shoulder_pan,-2.755,-2.198,-2.755,-0.557,-0.557,0
1787735421.263,shoulder_lift,-69.846,-70.681,-69.846,0.835,0.835,0
1787735421.263,elbow_flex,76.058,79.165,76.058,-3.107,-3.107,0
1787735421.263,wrist_flex,19.105,18.242,19.105,0.863,0.863,0
1787735421.263,wrist_roll,1.443,1.538,1.443,-0.095,-0.095,0
1787735421.263,gripper,7.942,7.621,7.942,0.321,0.321,0
1787735421.314,shoulder_pan,-2.710,-2.198,-2.710,-0.512,-0.512,0
1787735421.314,shoulder_lift,-69.520,-70.242,-69.520,0.722,0.722,0
1787735421.314,elbow_flex,75.962,78.901,75.962,-2.939,-2.939,0
1787735421.314,wrist_flex,19.607,18.681,19.607,0.926,0.926,0
1787735421.314,wrist_roll,1.357,1.538,1.357,-0.181,-0.181,0
1787735421.314,gripper,7.980,7.621,7.980,0.359,0.359,0
1787735421.363,shoulder_pan,-2.704,-2.198,-2.704,-0.506,-0.506,0
1787735421.363,shoulder_lift,-69.429,-69.890,-69.429,0.461,0.461,0
1787735421.363,elbow_flex,76.019,78.813,76.019,-2.794,-2.794,0
1787735421.363,wrist_flex,20.012,19.121,20.012,0.891,0.891,0
1787735421.363,wrist_roll,1.343,1.538,1.343,-0.195,-0.195,0
1787735421.363,gripper,8.040,7.621,8.040,0.419,0.419,0
1787735421.413,shoulder_pan,-2.703,-2.198,-2.703,-0.505,-0.505,0
1787735421.413,shoulder_lift,-69.211,-69.626,-69.211,0.416,0.416,0
1787735421.413,elbow_flex,75.914,78.725,75.914,-2.812,-2.812,0
1787735421.413,wrist_flex,20.049,19.560,20.049,0.489,0.489,0
1787735421.413,wrist_roll,1.285,1.538,1.285,-0.253,-0.253,0
1787735421.413,gripper,8.043,7.621,8.043,0.423,0.423,0
1787735421.463,shoulder_pan,-2.724,-2.198,-2.724,-0.526,-0.526,0
1787735421.463,shoulder_lift,-69.156,-69.451,-69.156,0.295,0.295,0
1787735421.463,elbow_flex,75.824,78.725,75.824,-2.901,-2.901,0
1787735421.463,wrist_flex,20.331,19.736,20.331,0.594,0.594,0
1787735421.463,wrist_roll,1.235,1.538,1.235,-0.304,-0.304,0
1787735421.463,gripper,8.054,7.753,8.054,0.301,0.301,0
1787735421.513,shoulder_pan,-2.693,-2.198,-2.693,-0.495,-0.495,0
1787735421.513,shoulder_lift,-68.898,-69.363,-68.898,0.464,0.464,0
1787735421.513,elbow_flex,75.897,78.637,75.897,-2.740,-2.740,0
1787735421.513,wrist_flex,20.420,20.088,20.420,0.332,0.332,0
1787735421.513,wrist_roll,1.213,1.538,1.213,-0.325,-0.325,0
1787735421.513,gripper,8.062,7.753,8.062,0.308,0.308,0
1787735421.564,shoulder_pan,-2.668,-2.198,-2.668,-0.470,-0.470,0
1787735421.564,shoulder_lift,-68.684,-69.275,-68.684,0.591,0.591,0
1787735421.564,elbow_flex,76.034,78.549,76.034,-2.515,-2.515,0
1787735421.564,wrist_flex,20.040,20.176,20.040,-0.136,-0.136,0
1787735421.564,wrist_roll,1.199,1.538,1.199,-0.339,-0.339,0
1787735421.564,gripper,7.993,7.753,7.993,0.240,0.240,0
1787735421.613,shoulder_pan,-2.704,-2.198,-2.704,-0.506,-0.506,0
1787735421.613,shoulder_lift,-68.621,-69.011,-68.621,0.390,0.390,0
1787735421.613,elbow_flex,75.755,78.549,75.755,-2.795,-2.795,0
1787735421.613,wrist_flex,20.565,20.264,20.565,0.301,0.301,0
1787735421.613,wrist_roll,1.160,1.538,1.160,-0.379,-0.379,0
1787735421.613,gripper,8.024,7.753,8.024,0.271,0.271,0
1787735421.665,shoulder_pan,-2.770,-2.198,-2.770,-0.572,-0.572,0
1787735421.665,shoulder_lift,-68.412,-68.835,-68.412,0.423,0.423,0
1787735421.665,elbow_flex,75.676,78.549,75.676,-2.873,-2.873,0
1787735421.665,wrist_flex,21.510,20.440,21.510,1.071,1.071,0
1787735421.665,wrist_roll,1.142,1.538,1.142,-0.396,-0.396,0
1787735421.665,gripper,8.057,7.753,8.057,0.303,0.303,0
1787735421.713,shoulder_pan,-2.732,-2.286,-2.732,-0.446,-0.446,0
1787735421.713,shoulder_lift,-68.119,-68.835,-68.119,0.716,0.716,0
1787735421.713,elbow_flex,75.532,78.549,75.532,-3.017,-3.017,0
1787735421.713,wrist_flex,21.591,20.791,21.591,0.800,0.800,0
1787735421.713,wrist_roll,1.082,1.538,1.082,-0.456,-0.456,0
1787735421.713,gripper,8.102,7.753,8.102,0.349,0.349,0
1787735421.764,shoulder_pan,-2.788,-2.549,-2.788,-0.239,-0.239,0
1787735421.764,shoulder_lift,-68.011,-68.484,-68.011,0.472,0.472,0
1787735421.764,elbow_flex,75.487,78.549,75.487,-3.063,-3.063,0
1787735421.764,wrist_flex,22.778,21.319,22.778,1.460,1.460,0
1787735421.764,wrist_roll,1.097,1.538,1.097,-0.442,-0.442,0
1787735421.764,gripper,8.162,7.753,8.162,0.408,0.408,0
1787735421.814,shoulder_pan,-2.784,-2.549,-2.784,-0.235,-0.235,0
1787735421.814,shoulder_lift,-68.034,-68.220,-68.034,0.186,0.186,0
1787735421.814,elbow_flex,77.262,78.549,77.262,-1.288,-1.288,0
1787735421.814,wrist_flex,20.197,21.670,20.197,-1.473,-1.473,0
1787735421.814,wrist_roll,1.121,1.538,1.121,-0.417,-0.417,0
1787735421.814,gripper,7.705,7.753,7.705,-0.048,-0.048,0
1787735421.864,shoulder_pan,-3.103,-2.549,-3.103,-0.554,-0.554,0
1787735421.864,shoulder_lift,-68.408,-68.220,-68.408,-0.188,-0.188,0
1787735421.864,elbow_flex,79.285,78.549,79.285,0.736,0.736,0
1787735421.864,wrist_flex,18.213,22.110,18.213,-3.897,-3.897,0
1787735421.864,wrist_roll,1.098,1.538,1.098,-0.440,-0.440,0
1787735421.864,gripper,7.301,7.687,7.301,-0.386,-0.386,0
1787735421.915,shoulder_pan,-3.127,-2.549,-3.127,-0.578,-0.578,0
1787735421.915,shoulder_lift,-68.928,-68.220,-68.928,-0.709,-0.709,0
1787735421.915,elbow_flex,78.991,78.725,78.991,0.266,0.266,0
1787735421.915,wrist_flex,19.158,20.615,19.158,-1.458,-1.458,0
1787735421.915,wrist_roll,1.045,1.451,1.045,-0.406,-0.406,0
1787735421.915,gripper,7.298,7.687,7.298,-0.389,-0.389,0
1787735421.964,shoulder_pan,-3.107,-2.813,-3.107,-0.294,-0.294,0
1787735421.964,shoulder_lift,-69.133,-68.396,-69.133,-0.737,-0.737,0
1787735421.964,elbow_flex,78.851,79.429,78.851,-0.578,-0.578,0
1787735421.964,wrist_flex,20.179,19.824,20.179,0.355,0.355,0
1787735421.964,wrist_roll,1.056,1.275,1.056,-0.219,-0.219,0
1787735421.964,gripper,7.357,7.621,7.357,-0.264,-0.264,0
1787735422.015,shoulder_pan,-2.988,-2.989,-2.988,0.001,0.001,0
1787735422.015,shoulder_lift,-69.449,-68.396,-69.449,-1.053,-1.053,0
1787735422.015,elbow_flex,78.777,79.429,78.777,-0.652,-0.652,0
1787735422.015,wrist_flex,22.075,20.000,22.075,2.075,2.075,0
1787735422.015,wrist_roll,1.066,1.451,1.066,-0.385,-0.385,0
1787735422.015,gripper,7.429,7.555,7.429,-0.125,-0.125,0
1787735422.064,shoulder_pan,-3.020,-2.901,-3.020,-0.119,-0.119,0
1787735422.064,shoulder_lift,-69.475,-68.571,-69.475,-0.904,-0.904,0
1787735422.064,elbow_flex,78.186,79.429,78.186,-1.242,-1.242,0
1787735422.064,wrist_flex,22.517,20.440,22.517,2.077,2.077,0
1787735422.064,wrist_roll,1.007,1.275,1.007,-0.268,-0.268,0
1787735422.064,gripper,7.428,7.488,7.428,-0.061,-0.061,0
1787735422.115,shoulder_pan,-3.016,-2.901,-3.016,-0.115,-0.115,0
1787735422.115,shoulder_lift,-69.618,-68.747,-69.618,-0.871,-0.871,0
1787735422.115,elbow_flex,77.751,79.429,77.751,-1.677,-1.677,0
1787735422.115,wrist_flex,23.730,21.758,23.730,1.972,1.972,0
1787735422.115,wrist_roll,1.018,1.451,1.018,-0.433,-0.433,0
1787735422.115,gripper,7.493,7.488,7.493,0.004,0.004,0
1787735422.165,shoulder_pan,-2.970,-2.901,-2.970,-0.068,-0.068,0
1787735422.165,shoulder_lift,-69.641,-68.835,-69.641,-0.806,-0.806,0
1787735422.165,elbow_flex,77.195,79.429,77.195,-2.234,-2.234,0
1787735422.165,wrist_flex,24.567,22.374,24.567,2.193,2.193,0
1787735422.165,wrist_roll,1.009,1.363,1.009,-0.353,-0.353,0
1787735422.165,gripper,7.531,7.488,7.531,0.043,0.043,0
1787735422.214,shoulder_pan,-3.070,-2.901,-3.070,-0.169,-0.169,0
1787735422.214,shoulder_lift,-69.700,-68.835,-69.700,-0.865,-0.865,0
1787735422.214,elbow_flex,76.334,79.429,76.334,-3.094,-3.094,0
1787735422.214,wrist_flex,24.850,23.516,24.850,1.333,1.333,0
1787735422.214,wrist_roll,0.964,1.187,0.964,-0.223,-0.223,0
1787735422.214,gripper,7.563,7.488,7.563,0.075,0.075,0
1787735422.265,shoulder_pan,-3.212,-2.901,-3.212,-0.311,-0.311,0
1787735422.265,shoulder_lift,-69.863,-68.923,-69.863,-0.939,-0.939,0
1787735422.265,elbow_flex,75.075,79.341,75.075,-4.266,-4.266,0
1787735422.265,wrist_flex,26.261,24.220,26.261,2.041,2.041,0
1787735422.265,wrist_roll,0.953,1.187,0.953,-0.234,-0.234,0
1787735422.265,gripper,7.696,7.488,7.696,0.208,0.208,0
1787735422.314,shoulder_pan,-3.267,-2.901,-3.267,-0.366,-0.366,0
1787735422.314,shoulder_lift,-69.649,-69.011,-69.649,-0.638,-0.638,0
1787735422.314,elbow_flex,73.687,78.725,73.687,-5.038,-5.038,0
1787735422.314,wrist_flex,27.070,24.923,27.070,2.147,2.147,0
1787735422.314,wrist_roll,0.893,1.187,0.893,-0.294,-0.294,0
1787735422.314,gripper,7.804,7.488,7.804,0.315,0.315,0
1787735422.364,shoulder_pan,-3.300,-2.901,-3.300,-0.399,-0.399,0
1787735422.364,shoulder_lift,-69.756,-69.011,-69.756,-0.745,-0.745,0
1787735422.364,elbow_flex,72.271,77.758,72.271,-5.487,-5.487,0
1787735422.364,wrist_flex,27.748,26.066,27.748,1.682,1.682,0
1787735422.364,wrist_roll,0.883,1.187,0.883,-0.304,-0.304,0
1787735422.364,gripper,7.942,7.488,7.942,0.453,0.453,0
1787735422.414,shoulder_pan,-3.227,-2.901,-3.227,-0.326,-0.326,0
1787735422.414,shoulder_lift,-69.802,-69.011,-69.802,-0.791,-0.791,0
1787735422.414,elbow_flex,71.110,76.615,71.110,-5.506,-5.506,0
1787735422.414,wrist_flex,28.289,26.945,28.289,1.344,1.344,0
1787735422.414,wrist_roll,0.876,1.187,0.876,-0.311,-0.311,0
1787735422.414,gripper,8.073,7.555,8.073,0.518,0.518,0
1787735422.464,shoulder_pan,-3.147,-2.901,-3.147,-0.245,-0.245,0
1787735422.464,shoulder_lift,-69.696,-69.011,-69.696,-0.685,-0.685,0
1787735422.464,elbow_flex,69.644,75.297,69.644,-5.652,-5.652,0
1787735422.464,wrist_flex,28.211,27.648,28.211,0.562,0.562,0
1787735422.464,wrist_roll,0.844,1.187,0.844,-0.343,-0.343,0
1787735422.464,gripper,8.201,7.555,8.201,0.647,0.647,0
1787735422.514,shoulder_pan,-2.909,-2.901,-2.909,-0.008,-0.008,0
1787735422.514,shoulder_lift,-69.405,-69.011,-69.405,-0.394,-0.394,0
1787735422.514,elbow_flex,68.330,74.154,68.330,-5.823,-5.823,0
1787735422.514,wrist_flex,27.797,27.912,27.797,-0.115,-0.115,0
1787735422.514,wrist_roll,0.816,1.187,0.816,-0.371,-0.371,0
1787735422.514,gripper,8.339,7.621,8.339,0.718,0.718,0
1787735422.565,shoulder_pan,-2.651,-2.901,-2.651,0.250,0.250,0
1787735422.565,shoulder_lift,-69.159,-69.011,-69.159,-0.148,-0.148,0
1787735422.565,elbow_flex,67.706,72.835,67.706,-5.129,-5.129,0
1787735422.565,wrist_flex,27.449,27.912,27.449,-0.463,-0.463,0
1787735422.565,wrist_roll,0.772,1.187,0.772,-0.415,-0.415,0
1787735422.565,gripper,8.400,7.820,8.400,0.581,0.581,0
1787735422.615,shoulder_pan,-2.330,-2.901,-2.330,0.571,0.571,0
1787735422.615,shoulder_lift,-68.979,-69.011,-68.979,0.032,0.032,0
1787735422.615,elbow_flex,67.259,71.429,67.259,-4.170,-4.170,0
1787735422.615,wrist_flex,27.385,27.912,27.385,-0.527,-0.527,0
1787735422.615,wrist_roll,0.841,1.187,0.841,-0.346,-0.346,0
1787735422.615,gripper,8.483,8.085,8.483,0.398,0.398,0
1787735422.665,shoulder_pan,-1.919,-2.901,-1.919,0.982,0.982,0
1787735422.665,shoulder_lift,-68.838,-69.011,-68.838,0.173,0.173,0
1787735422.665,elbow_flex,66.866,70.549,66.866,-3.684,-3.684,0
1787735422.665,wrist_flex,26.775,27.912,26.775,-1.137,-1.137,0
1787735422.665,wrist_roll,0.835,1.187,0.835,-0.352,-0.352,0
1787735422.665,gripper,8.559,8.085,8.559,0.474,0.474,0
1787735422.715,shoulder_pan,-1.799,-2.637,-1.799,0.839,0.839,0
1787735422.715,shoulder_lift,-68.700,-69.011,-68.700,0.311,0.311,0
1787735422.715,elbow_flex,66.660,70.022,66.660,-3.362,-3.362,0
1787735422.715,wrist_flex,27.545,27.824,27.545,-0.279,-0.279,0
1787735422.715,wrist_roll,0.938,1.187,0.938,-0.249,-0.249,0
1787735422.715,gripper,8.665,8.085,8.665,0.580,0.580,0
1787735422.765,shoulder_pan,-2.707,-2.198,-2.707,-0.510,-0.510,0
1787735422.765,shoulder_lift,-70.656,-69.011,-70.656,-1.645,-1.645,0
1787735422.765,elbow_flex,68.257,69.670,68.257,-1.413,-1.413,0
1787735422.765,wrist_flex,26.859,27.736,26.859,-0.877,-0.877,0
1787735422.765,wrist_roll,0.884,1.187,0.884,-0.303,-0.303,0
1787735422.765,gripper,8.296,8.217,8.296,0.079,0.079,0
1787735422.817,shoulder_pan,-3.691,-2.198,-3.691,-1.494,-1.494,0
1787735422.817,shoulder_lift,-73.184,-69.011,-73.184,-4.173,-4.173,0
1787735422.817,elbow_flex,70.504,69.582,70.504,0.922,0.922,0
1787735422.817,wrist_flex,27.105,27.736,27.105,-0.631,-0.631,0
1787735422.817,wrist_roll,0.872,1.187,0.872,-0.315,-0.315,0
1787735422.817,gripper,7.874,8.284,7.874,-0.409,-0.409,0
1787735422.865,shoulder_pan,-3.652,-2.637,-3.652,-1.014,-1.014,0
1787735422.865,shoulder_lift,-73.601,-70.066,-73.601,-3.535,-3.535,0
1787735422.865,elbow_flex,70.666,69.670,70.666,0.995,0.995,0
1787735422.865,wrist_flex,27.145,27.648,27.145,-0.503,-0.503,0
1787735422.865,wrist_roll,0.880,1.099,0.880,-0.219,-0.219,0
1787735422.865,gripper,7.861,8.284,7.861,-0.422,-0.422,0
1787735422.915,shoulder_pan,-3.727,-3.341,-3.727,-0.386,-0.386,0
1787735422.915,shoulder_lift,-74.080,-71.912,-74.080,-2.168,-2.168,0
1787735422.915,elbow_flex,70.929,70.901,70.929,0.028,0.028,0
1787735422.915,wrist_flex,27.093,27.560,27.093,-0.467,-0.467,0
1787735422.915,wrist_roll,0.874,1.187,0.874,-0.313,-0.313,0
1787735422.915,gripper,7.835,8.151,7.835,-0.316,-0.316,0
1787735422.965,shoulder_pan,-3.760,-3.429,-3.760,-0.331,-0.331,0
1787735422.965,shoulder_lift,-74.681,-72.615,-74.681,-2.066,-2.066,0
1787735422.965,elbow_flex,71.248,70.989,71.248,0.259,0.259,0
1787735422.965,wrist_flex,27.185,27.560,27.185,-0.376,-0.376,0
1787735422.965,wrist_roll,0.958,1.187,0.958,-0.229,-0.229,0
1787735422.965,gripper,7.834,8.019,7.834,-0.185,-0.185,0
1787735423.016,shoulder_pan,-3.770,-3.253,-3.770,-0.517,-0.517,0
1787735423.016,shoulder_lift,-75.149,-73.319,-75.149,-1.830,-1.830,0
1787735423.016,elbow_flex,71.698,71.253,71.698,0.445,0.445,0
1787735423.016,wrist_flex,26.415,27.560,26.415,-1.145,-1.145,0
1787735423.016,wrist_roll,0.945,1.011,0.945,-0.066,-0.066,0
1787735423.016,gripper,7.799,8.019,7.799,-0.219,-0.219,0
1787735423.066,shoulder_pan,-3.731,-3.341,-3.731,-0.390,-0.390,0
1787735423.066,shoulder_lift,-75.387,-74.022,-75.387,-1.365,-1.365,0
1787735423.066,elbow_flex,71.919,71.692,71.919,0.226,0.226,0
1787735423.066,wrist_flex,27.086,27.560,27.086,-0.475,-0.475,0
1787735423.066,wrist_roll,1.017,1.187,1.017,-0.170,-0.170,0
1787735423.066,gripper,7.822,8.019,7.822,-0.197,-0.197,0
1787735423.117,shoulder_pan,-3.782,-3.341,-3.782,-0.441,-0.441,0
1787735423.117,shoulder_lift,-75.554,-74.374,-75.554,-1.180,-1.180,0
1787735423.117,elbow_flex,71.938,72.044,71.938,-0.106,-0.106,0
1787735423.117,wrist_flex,26.965,27.297,26.965,-0.332,-0.332,0
1787735423.117,wrist_roll,1.024,1.187,1.024,-0.163,-0.163,0
1787735423.117,gripper,7.814,8.019,7.814,-0.205,-0.205,0
1787735423.166,shoulder_pan,-3.752,-3.341,-3.752,-0.411,-0.411,0
1787735423.166,shoulder_lift,-75.895,-74.725,-75.895,-1.169,-1.169,0
1787735423.166,elbow_flex,72.174,72.132,72.174,0.042,0.042,0
1787735423.166,wrist_flex,27.250,27.385,27.250,-0.135,-0.135,0
1787735423.166,wrist_roll,1.043,1.187,1.043,-0.144,-0.144,0
1787735423.166,gripper,7.827,8.019,7.827,-0.191,-0.191,0
1787735423.216,shoulder_pan,-3.724,-3.341,-3.724,-0.383,-0.383,0
1787735423.216,shoulder_lift,-75.920,-75.165,-75.920,-0.755,-0.755,0
1787735423.216,elbow_flex,72.387,72.308,72.387,0.079,0.079,0
1787735423.216,wrist_flex,27.445,27.385,27.445,0.060,0.060,0
1787735423.216,wrist_roll,1.036,1.187,1.036,-0.151,-0.151,0
1787735423.216,gripper,7.844,8.019,7.844,-0.174,-0.174,0
1787735423.267,shoulder_pan,-3.740,-3.341,-3.740,-0.400,-0.400,0
1787735423.267,shoulder_lift,-75.825,-75.253,-75.825,-0.572,-0.572,0
1787735423.267,elbow_flex,72.419,72.484,72.419,-0.064,-0.064,0
1787735423.267,wrist_flex,27.073,27.385,27.073,-0.311,-0.311,0
1787735423.267,wrist_roll,1.027,1.187,1.027,-0.160,-0.160,0
1787735423.267,gripper,7.822,8.019,7.822,-0.197,-0.197,0
1787735423.316,shoulder_pan,-3.730,-3.341,-3.730,-0.389,-0.389,0
1787735423.316,shoulder_lift,-76.008,-75.341,-76.008,-0.667,-0.667,0
1787735423.316,elbow_flex,72.552,72.571,72.552,-0.020,-0.020,0
1787735423.316,wrist_flex,27.643,27.385,27.643,0.258,0.258,0
1787735423.316,wrist_roll,1.020,1.187,1.020,-0.167,-0.167,0
1787735423.316,gripper,7.810,8.019,7.810,-0.209,-0.209,0
1787735423.366,shoulder_pan,-3.722,-3.341,-3.722,-0.381,-0.381,0
1787735423.366,shoulder_lift,-76.101,-75.341,-76.101,-0.761,-0.761,0
1787735423.366,elbow_flex,72.631,72.659,72.631,-0.028,-0.028,0
1787735423.366,wrist_flex,27.372,27.385,27.372,-0.013,-0.013,0
1787735423.366,wrist_roll,1.083,1.187,1.083,-0.104,-0.104,0
1787735423.366,gripper,7.806,8.019,7.806,-0.213,-0.213,0
1787735423.416,shoulder_pan,-3.727,-3.341,-3.727,-0.386,-0.386,0
1787735423.416,shoulder_lift,-76.250,-75.341,-76.250,-0.909,-0.909,0
1787735423.416,elbow_flex,72.598,72.747,72.598,-0.150,-0.150,0
1787735423.416,wrist_flex,27.139,27.473,27.139,-0.333,-0.333,0
1787735423.416,wrist_roll,1.072,1.187,1.072,-0.115,-0.115,0
1787735423.416,gripper,7.780,8.019,7.780,-0.239,-0.239,0
1787735423.466,shoulder_pan,-3.730,-3.341,-3.730,-0.389,-0.389,0
1787735423.466,shoulder_lift,-76.561,-75.516,-76.561,-1.044,-1.044,0
1787735423.466,elbow_flex,72.785,72.747,72.785,0.037,0.037,0
1787735423.466,wrist_flex,27.560,27.473,27.560,0.088,0.088,0
1787735423.466,wrist_roll,1.108,1.187,1.108,-0.079,-0.079,0
1787735423.466,gripper,7.768,8.019,7.768,-0.251,-0.251,0
1787735423.518,shoulder_pan,-3.777,-3.341,-3.777,-0.436,-0.436,0
1787735423.518,shoulder_lift,-76.961,-75.780,-76.961,-1.181,-1.181,0
1787735423.518,elbow_flex,73.033,72.923,73.033,0.110,0.110,0
1787735423.518,wrist_flex,27.651,27.473,27.651,0.179,0.179,0
1787735423.518,wrist_roll,1.142,1.187,1.142,-0.045,-0.045,0
1787735423.518,gripper,7.717,8.019,7.717,-0.301,-0.301,0
1787735423.566,shoulder_pan,-3.764,-3.341,-3.764,-0.424,-0.424,0
1787735423.566,shoulder_lift,-76.898,-76.132,-76.898,-0.767,-0.767,0
1787735423.566,elbow_flex,73.127,73.187,73.127,-0.060,-0.060,0
1787735423.566,wrist_flex,27.357,27.473,27.357,-0.116,-0.116,0
1787735423.566,wrist_roll,1.125,1.187,1.125,-0.062,-0.062,0
1787735423.566,gripper,7.723,8.019,7.723,-0.296,-0.296,0
1787735423.617,shoulder_pan,-3.789,-3.341,-3.789,-0.449,-0.449,0
1787735423.617,shoulder_lift,-77.067,-76.308,-77.067,-0.759,-0.759,0
1787735423.617,elbow_flex,73.359,73.363,73.359,-0.004,-0.004,0
1787735423.617,wrist_flex,27.455,27.473,27.455,-0.018,-0.018,0
1787735423.617,wrist_roll,1.148,1.187,1.148,-0.038,-0.038,0
1787735423.617,gripper,7.731,8.019,7.731,-0.288,-0.288,0
1787735423.667,shoulder_pan,-3.831,-3.341,-3.831,-0.490,-0.490,0
1787735423.667,shoulder_lift,-77.152,-76.308,-77.152,-0.844,-0.844,0
1787735423.667,elbow_flex,73.499,73.451,73.499,0.048,0.048,0
1787735423.667,wrist_flex,27.748,27.473,27.748,0.276,0.276,0
1787735423.667,wrist_roll,1.184,1.187,1.184,-0.003,-0.003,0
1787735423.667,gripper,7.729,8.019,7.729,-0.290,-0.290,0
1787735423.717,shoulder_pan,-3.762,-3.341,-3.762,-0.421,-0.421,0
1787735423.717,shoulder_lift,-78.643,-76.571,-78.643,-2.071,-2.071,0
1787735423.717,elbow_flex,75.640,73.626,75.640,2.013,2.013,0
1787735423.717,wrist_flex,29.246,27.473,29.246,1.774,1.774,0
1787735423.717,wrist_roll,1.293,1.187,1.293,0.106,0.106,0
1787735423.717,gripper,7.278,8.019,7.278,-0.741,-0.741,0
1787735423.768,shoulder_pan,-3.577,-3.341,-3.577,-0.237,-0.237,0
1787735423.768,shoulder_lift,-80.429,-76.923,-80.429,-3.506,-3.506,0
1787735423.768,elbow_flex,78.359,73.802,78.359,4.557,4.557,0
1787735423.768,wrist_flex,29.881,27.736,29.881,2.145,2.145,0
1787735423.768,wrist_roll,1.411,1.187,1.411,0.224,0.224,0
1787735423.768,gripper,6.689,7.820,6.689,-1.130,-1.130,0
1787735423.817,shoulder_pan,-3.392,-3.341,-3.392,-0.051,-0.051,0
1787735423.817,shoulder_lift,-80.643,-78.330,-80.643,-2.314,-2.314,0
1787735423.817,elbow_flex,78.944,75.824,78.944,3.120,3.120,0
1787735423.817,wrist_flex,29.873,28.879,29.873,0.994,0.994,0
1787735423.817,wrist_roll,1.522,1.187,1.522,0.335,0.335,0
1787735423.817,gripper,6.515,7.356,6.515,-0.841,-0.841,0
1787735423.868,shoulder_pan,-3.230,-3.341,-3.230,0.111,0.111,0
1787735423.868,shoulder_lift,-81.053,-79.385,-81.053,-1.669,-1.669,0
1787735423.868,elbow_flex,79.359,78.286,79.359,1.073,1.073,0
1787735423.868,wrist_flex,30.511,29.582,30.511,0.929,0.929,0
1787735423.868,wrist_roll,1.616,1.187,1.616,0.429,0.429,0
1787735423.868,gripper,6.278,6.958,6.278,-0.680,-0.680,0
1787735423.917,shoulder_pan,-2.975,-3.341,-2.975,0.366,0.366,0
1787735423.917,shoulder_lift,-81.412,-79.824,-81.412,-1.588,-1.588,0
1787735423.917,elbow_flex,80.097,78.989,80.097,1.108,1.108,0
1787735423.917,wrist_flex,32.149,29.758,32.149,2.391,2.391,0
1787735423.917,wrist_roll,1.922,1.187,1.922,0.735,0.735,0
1787735423.917,gripper,6.042,6.693,6.042,-0.651,-0.651,0
1787735423.968,shoulder_pan,-2.808,-3.341,-2.808,0.533,0.533,0
1787735423.968,shoulder_lift,-81.414,-80.527,-81.414,-0.886,-0.886,0
1787735423.968,elbow_flex,80.300,79.692,80.300,0.607,0.607,0
1787735423.968,wrist_flex,33.084,30.549,33.084,2.534,2.534,0
1787735423.968,wrist_roll,2.000,1.275,2.000,0.725,0.725,0
1787735423.968,gripper,5.933,6.428,5.933,-0.495,-0.495,0
1787735424.017,shoulder_pan,-2.770,-3.253,-2.770,0.483,0.483,0
1787735424.017,shoulder_lift,-81.574,-80.703,-81.574,-0.870,-0.870,0
1787735424.017,elbow_flex,80.767,80.396,80.767,0.372,0.372,0
1787735424.017,wrist_flex,33.852,31.868,33.852,1.984,1.984,0
1787735424.017,wrist_roll,2.075,1.626,2.075,0.448,0.448,0
1787735424.017,gripper,5.864,6.163,5.864,-0.299,-0.299,0
1787735424.068,shoulder_pan,-2.709,-3.077,-2.709,0.368,0.368,0
1787735424.068,shoulder_lift,-81.896,-80.879,-81.896,-1.017,-1.017,0
1787735424.068,elbow_flex,80.961,80.484,80.961,0.478,0.478,0
1787735424.068,wrist_flex,34.364,32.747,34.364,1.617,1.617,0
1787735424.068,wrist_roll,2.139,1.714,2.139,0.425,0.425,0
1787735424.068,gripper,5.821,6.163,5.821,-0.342,-0.342,0
1787735424.117,shoulder_pan,-2.695,-2.989,-2.695,0.294,0.294,0
1787735424.117,shoulder_lift,-81.964,-81.319,-81.964,-0.646,-0.646,0
1787735424.117,elbow_flex,81.464,81.011,81.464,0.453,0.453,0
1787735424.117,wrist_flex,34.486,33.626,34.486,0.859,0.859,0
1787735424.117,wrist_roll,2.232,1.714,2.232,0.517,0.517,0
1787735424.117,gripper,5.758,6.097,5.758,-0.339,-0.339,0
1787735424.169,shoulder_pan,-2.847,-2.989,-2.847,0.142,0.142,0
1787735424.169,shoulder_lift,-82.288,-81.319,-82.288,-0.969,-0.969,0
1787735424.169,elbow_flex,81.925,81.275,81.925,0.651,0.651,0
1787735424.169,wrist_flex,35.143,34.066,35.143,1.078,1.078,0
1787735424.169,wrist_roll,2.345,1.714,2.345,0.630,0.630,0
1787735424.169,gripper,5.713,6.030,5.713,-0.317,-0.317,0
1787735424.217,shoulder_pan,-2.918,-3.077,-2.918,0.159,0.159,0
1787735424.217,shoulder_lift,-82.375,-81.670,-82.375,-0.705,-0.705,0
1787735424.217,elbow_flex,82.076,81.802,82.076,0.274,0.274,0
1787735424.217,wrist_flex,34.811,34.418,34.811,0.394,0.394,0
1787735424.217,wrist_roll,2.338,1.802,2.338,0.536,0.536,0
1787735424.217,gripper,5.677,6.030,5.677,-0.354,-0.354,0
1787735424.267,shoulder_pan,-2.956,-3.077,-2.956,0.120,0.120,0
1787735424.267,shoulder_lift,-82.306,-81.758,-82.306,-0.547,-0.547,0
1787735424.267,elbow_flex,82.160,82.242,82.160,-0.082,-0.082,0
1787735424.267,wrist_flex,34.499,34.681,34.499,-0.182,-0.182,0
1787735424.267,wrist_roll,2.331,2.066,2.331,0.265,0.265,0
1787735424.267,gripper,5.663,5.964,5.663,-0.301,-0.301,0
1787735424.317,shoulder_pan,-2.926,-3.077,-2.926,0.151,0.151,0
1787735424.317,shoulder_lift,-82.420,-81.934,-82.420,-0.486,-0.486,0
1787735424.317,elbow_flex,82.304,82.418,82.304,-0.114,-0.114,0
1787735424.317,wrist_flex,34.454,34.681,34.454,-0.227,-0.227,0
1787735424.317,wrist_roll,2.324,2.066,2.324,0.259,0.259,0
1787735424.317,gripper,5.656,5.832,5.656,-0.176,-0.176,0
1787735424.367,shoulder_pan,-2.934,-3.077,-2.934,0.143,0.143,0
1787735424.367,shoulder_lift,-82.647,-81.846,-82.647,-0.801,-0.801,0
1787735424.367,elbow_flex,82.326,82.418,82.326,-0.092,-0.092,0
1787735424.367,wrist_flex,34.185,34.681,34.185,-0.497,-0.497,0
1787735424.367,wrist_roll,2.288,2.066,2.288,0.222,0.222,0
1787735424.367,gripper,5.644,5.765,5.644,-0.122,-0.122,0
1787735424.417,shoulder_pan,-2.969,-3.077,-2.969,0.108,0.108,0
1787735424.417,shoulder_lift,-82.591,-82.022,-82.591,-0.569,-0.569,0
1787735424.417,elbow_flex,82.537,82.505,82.537,0.032,0.032,0
1787735424.417,wrist_flex,34.034,34.681,34.034,-0.647,-0.647,0
1787735424.417,wrist_roll,2.301,2.066,2.301,0.235,0.235,0
1787735424.417,gripper,5.620,5.765,5.620,-0.145,-0.145,0
1787735424.468,shoulder_pan,-3.059,-3.077,-3.059,0.018,0.018,0
1787735424.468,shoulder_lift,-82.850,-82.198,-82.850,-0.652,-0.652,0
1787735424.468,elbow_flex,82.736,82.505,82.736,0.230,0.230,0
1787735424.468,wrist_flex,33.224,34.681,33.224,-1.457,-1.457,0
1787735424.468,wrist_roll,2.318,2.066,2.318,0.252,0.252,0
1787735424.468,gripper,5.557,5.765,5.557,-0.208,-0.208,0
1787735424.518,shoulder_pan,-3.035,-3.077,-3.035,0.042,0.042,0
1787735424.518,shoulder_lift,-83.046,-82.198,-83.046,-0.848,-0.848,0
1787735424.518,elbow_flex,82.890,82.945,82.890,-0.055,-0.055,0
1787735424.518,wrist_flex,33.211,34.505,33.211,-1.294,-1.294,0
1787735424.518,wrist_roll,2.334,2.066,2.334,0.268,0.268,0
1787735424.518,gripper,5.549,5.765,5.549,-0.217,-0.217,0
1787735424.569,shoulder_pan,-3.082,-3.077,-3.082,-0.005,-0.005,0
1787735424.569,shoulder_lift,-83.165,-82.462,-83.165,-0.703,-0.703,0
1787735424.569,elbow_flex,83.004,83.033,83.004,-0.029,-0.029,0
1787735424.569,wrist_flex,33.313,34.242,33.313,-0.929,-0.929,0
1787735424.569,wrist_roll,2.314,2.066,2.314,0.248,0.248,0
1787735424.569,gripper,5.538,5.765,5.538,-0.227,-0.227,0
1787735424.618,shoulder_pan,-3.133,-3.077,-3.133,-0.056,-0.056,0
1787735424.618,shoulder_lift,-83.320,-82.637,-83.320,-0.683,-0.683,0
1787735424.618,elbow_flex,82.929,83.033,82.929,-0.104,-0.104,0
1787735424.618,wrist_flex,32.689,34.066,32.689,-1.377,-1.377,0
1787735424.618,wrist_roll,2.254,2.066,2.254,0.188,0.188,0
1787735424.618,gripper,5.528,5.765,5.528,-0.238,-0.238,0
1787735424.668,shoulder_pan,-3.025,-3.077,-3.025,0.052,0.052,0
1787735424.668,shoulder_lift,-84.671,-82.549,-84.671,-2.122,-2.122,0
1787735424.668,elbow_flex,84.533,83.121,84.533,1.412,1.412,0
1787735424.668,wrist_flex,32.551,33.890,32.551,-1.339,-1.339,0
1787735424.668,wrist_roll,2.521,2.066,2.521,0.455,0.455,0
1787735424.668,gripper,5.241,5.765,5.241,-0.525,-0.525,0
1787735424.719,shoulder_pan,-2.637,-3.077,-2.637,0.440,0.440,0
1787735424.719,shoulder_lift,-86.461,-82.989,-86.461,-3.472,-3.472,0
1787735424.719,elbow_flex,85.790,83.297,85.790,2.493,2.493,0
1787735424.719,wrist_flex,33.832,33.538,33.832,0.293,0.293,0
1787735424.719,wrist_roll,2.585,1.978,2.585,0.607,0.607,0
1787735424.719,gripper,4.821,5.699,4.821,-0.878,-0.878,0
1787735424.769,shoulder_pan,-2.349,-3.077,-2.349,0.727,0.727,0
1787735424.769,shoulder_lift,-87.122,-84.308,-87.122,-2.814,-2.814,0
1787735424.769,elbow_flex,85.695,84.879,85.695,0.816,0.816,0
1787735424.769,wrist_flex,35.359,33.451,35.359,1.908,1.908,0
1787735424.769,wrist_roll,2.382,2.242,2.382,0.140,0.140,0
1787735424.769,gripper,4.606,5.302,4.606,-0.695,-0.695,0
1787735424.819,shoulder_pan,-2.145,-3.077,-2.145,0.932,0.932,0
1787735424.819,shoulder_lift,-87.618,-85.451,-87.618,-2.167,-2.167,0
1787735424.819,elbow_flex,86.137,85.758,86.137,0.379,0.379,0
1787735424.819,wrist_flex,36.698,34.242,36.698,2.456,2.456,0
1787735424.819,wrist_roll,2.095,2.242,2.095,-0.147,-0.147,0
1787735424.819,gripper,4.355,5.036,4.355,-0.682,-0.682,0
1787735424.869,shoulder_pan,-1.942,-2.813,-1.942,0.871,0.871,0
1787735424.869,shoulder_lift,-88.175,-86.769,-88.175,-1.405,-1.405,0
1787735424.869,elbow_flex,86.541,86.110,86.541,0.431,0.431,0
1787735424.869,wrist_flex,37.853,35.209,37.853,2.644,2.644,0
1787735424.869,wrist_roll,1.775,2.330,1.775,-0.555,-0.555,0
1787735424.869,gripper,4.064,4.771,4.064,-0.708,-0.708,0
1787735424.919,shoulder_pan,-1.916,-2.462,-1.916,0.546,0.546,0
1787735424.919,shoulder_lift,-88.523,-86.857,-88.523,-1.666,-1.666,0
1787735424.919,elbow_flex,87.033,86.637,87.033,0.396,0.396,0
1787735424.919,wrist_flex,39.051,36.440,39.051,2.612,2.612,0
1787735424.919,wrist_roll,1.324,2.242,1.324,-0.918,-0.918,0
1787735424.919,gripper,3.689,4.506,3.689,-0.818,-0.818,0
1787735424.969,shoulder_pan,-1.955,-2.198,-1.955,0.243,0.243,0
1787735424.969,shoulder_lift,-88.863,-87.560,-88.863,-1.302,-1.302,0
1787735424.969,elbow_flex,88.015,86.989,88.015,1.026,1.026,0
1787735424.969,wrist_flex,39.297,37.582,39.297,1.715,1.715,0
1787735424.969,wrist_roll,0.770,1.890,0.770,-1.120,-1.120,0
1787735424.969,gripper,3.330,4.241,3.330,-0.911,-0.911,0
1787735425.018,shoulder_pan,-2.085,-2.198,-2.085,0.113,0.113,0
1787735425.018,shoulder_lift,-89.200,-88.264,-89.200,-0.936,-0.936,0
1787735425.018,elbow_flex,88.617,87.604,88.617,1.012,1.012,0
1787735425.018,wrist_flex,39.792,38.462,39.792,1.330,1.330,0
1787735425.018,wrist_roll,0.273,1.363,0.273,-1.090,-1.090,0
1787735425.018,gripper,2.937,3.910,2.937,-0.973,-0.973,0
1787735425.068,shoulder_pan,-2.044,-2.198,-2.044,0.154,0.154,0
1787735425.068,shoulder_lift,-89.493,-88.352,-89.493,-1.141,-1.141,0
1787735425.068,elbow_flex,89.248,88.571,89.248,0.676,0.676,0
1787735425.068,wrist_flex,39.608,39.077,39.608,0.531,0.531,0
1787735425.068,wrist_roll,-0.117,0.835,-0.117,-0.952,-0.952,0
1787735425.068,gripper,2.608,3.645,2.608,-1.037,-1.037,0
1787735425.120,shoulder_pan,-2.066,-2.110,-2.066,0.044,0.044,0
1787735425.120,shoulder_lift,-89.835,-88.791,-89.835,-1.044,-1.044,0
1787735425.120,elbow_flex,89.607,89.011,89.607,0.596,0.596,0
1787735425.120,wrist_flex,39.993,39.341,39.993,0.652,0.652,0
1787735425.120,wrist_roll,-0.444,0.396,-0.444,-0.839,-0.839,0
1787735425.120,gripper,2.412,3.313,2.412,-0.902,-0.902,0
1787735425.169,shoulder_pan,-2.361,-2.110,-2.361,-0.251,-0.251,0
1787735425.169,shoulder_lift,-90.434,-89.143,-90.434,-1.291,-1.291,0
1787735425.169,elbow_flex,90.271,89.538,90.271,0.733,0.733,0
1787735425.169,wrist_flex,39.416,39.604,39.416,-0.188,-0.188,0
1787735425.169,wrist_roll,-0.763,0.044,-0.763,-0.806,-0.806,0
1787735425.169,gripper,2.233,3.115,2.233,-0.882,-0.882,0
1787735425.219,shoulder_pan,-2.331,-2.110,-2.331,-0.221,-0.221,0
1787735425.219,shoulder_lift,-90.795,-89.407,-90.795,-1.388,-1.388,0
1787735425.219,elbow_flex,90.355,89.978,90.355,0.377,0.377,0
1787735425.219,wrist_flex,38.923,39.780,38.923,-0.857,-0.857,0
1787735425.219,wrist_roll,-1.047,-0.308,-1.047,-0.739,-0.739,0
1787735425.219,gripper,2.150,2.982,2.150,-0.832,-0.832,0
1787735425.269,shoulder_pan,-2.401,-2.110,-2.401,-0.291,-0.291,0
1787735425.269,shoulder_lift,-91.112,-90.198,-91.112,-0.914,-0.914,0
1787735425.269,elbow_flex,91.209,90.505,91.209,0.703,0.703,0
1787735425.269,wrist_flex,37.683,39.780,37.683,-2.097,-2.097,0
1787735425.269,wrist_roll,-1.350,-0.659,-1.350,-0.690,-0.690,0
1787735425.269,gripper,2.081,2.850,2.081,-0.768,-0.768,0
1787735425.319,shoulder_pan,-2.488,-2.110,-2.488,-0.379,-0.379,0
1787735425.319,shoulder_lift,-91.258,-90.374,-91.258,-0.884,-0.884,0
1787735425.319,elbow_flex,91.186,90.769,91.186,0.416,0.416,0
1787735425.319,wrist_flex,36.298,39.516,36.298,-3.219,-3.219,0
1787735425.319,wrist_roll,-1.522,-1.011,-1.522,-0.511,-0.511,0
1787735425.319,gripper,2.045,2.850,2.045,-0.804,-0.804,0
1787735425.369,shoulder_pan,-2.341,-2.110,-2.341,-0.231,-0.231,0
1787735425.369,shoulder_lift,-91.520,-90.813,-91.520,-0.707,-0.707,0
1787735425.369,elbow_flex,91.587,91.297,91.587,0.290,0.290,0
1787735425.369,wrist_flex,34.509,38.549,34.509,-4.040,-4.040,0
1787735425.369,wrist_roll,-1.604,-1.099,-1.604,-0.505,-0.505,0
1787735425.369,gripper,2.036,2.850,2.036,-0.813,-0.813,0
1787735425.421,shoulder_pan,-2.369,-2.110,-2.369,-0.259,-0.259,0
1787735425.421,shoulder_lift,-91.985,-90.901,-91.985,-1.084,-1.084,0
1787735425.421,elbow_flex,93.223,91.473,93.223,1.751,1.751,0
1787735425.421,wrist_flex,31.306,37.231,31.306,-5.924,-5.924,0
1787735425.421,wrist_roll,-1.639,-1.187,-1.639,-0.452,-0.452,0
1787735425.421,gripper,1.868,2.783,1.868,-0.916,-0.916,0
1787735425.469,shoulder_pan,-2.344,-2.110,-2.344,-0.234,-0.234,0
1787735425.469,shoulder_lift,-92.076,-91.253,-92.076,-0.823,-0.823,0
1787735425.469,elbow_flex,93.577,92.000,93.577,1.577,1.577,0
1787735425.469,wrist_flex,29.642,35.736,29.642,-6.095,-6.095,0
1787735425.469,wrist_roll,-1.671,-1.451,-1.671,-0.221,-0.221,0
1787735425.469,gripper,1.866,2.717,1.866,-0.851,-0.851,0
1787735425.521,shoulder_pan,-2.355,-2.110,-2.355,-0.245,-0.245,0
1787735425.521,shoulder_lift,-92.015,-91.516,-92.015,-0.498,-0.498,0
1787735425.521,elbow_flex,93.815,93.582,93.815,0.233,0.233,0
1787735425.521,wrist_flex,27.594,33.099,27.594,-5.505,-5.505,0
1787735425.521,wrist_roll,-1.706,-1.714,-1.706,0.009,0.009,0
1787735425.521,gripper,1.885,2.651,1.885,-0.766,-0.766,0
1787735425.570,shoulder_pan,-2.261,-2.110,-2.261,-0.151,-0.151,0
1787735425.570,shoulder_lift,-92.150,-91.516,-92.150,-0.634,-0.634,0
1787735425.570,elbow_flex,94.125,93.846,94.125,0.279,0.279,0
1787735425.570,wrist_flex,25.907,31.253,25.907,-5.345,-5.345,0
1787735425.570,wrist_roll,-1.719,-1.714,-1.719,-0.005,-0.005,0
1787735425.570,gripper,1.903,2.651,1.903,-0.748,-0.748,0
1787735425.620,shoulder_pan,-2.319,-2.110,-2.319,-0.209,-0.209,0
1787735425.620,shoulder_lift,-92.004,-91.780,-92.004,-0.224,-0.224,0
1787735425.620,elbow_flex,97.583,94.286,97.583,3.297,3.297,0
1787735425.620,wrist_flex,21.676,29.055,21.676,-7.379,-7.379,0
1787735425.620,wrist_roll,-1.887,-1.714,-1.887,-0.173,-0.173,0
1787735425.620,gripper,1.276,2.651,1.276,-1.375,-1.375,0
1787735425.669,shoulder_pan,-2.280,-2.110,-2.280,-0.171,-0.171,0
1787735425.669,shoulder_lift,-90.649,-91.780,-90.649,1.131,1.131,0
1787735425.669,elbow_flex,100.593,94.725,100.593,5.868,5.868,0
1787735425.669,wrist_flex,39.419,27.385,39.419,12.035,12.035,0
1787735425.669,wrist_roll,-1.199,-1.802,-1.199,0.603,0.603,0
1787735425.669,gripper,5.521,2.452,5.521,3.069,3.069,0
1787735425.721,shoulder_pan,-2.576,-2.110,-2.576,-0.467,-0.467,0
1787735425.721,shoulder_lift,-90.459,-91.780,-90.459,1.322,1.322,0
1787735425.721,elbow_flex,99.913,96.571,99.913,3.342,3.342,0
1787735425.721,wrist_flex,42.920,24.571,42.920,18.349,18.349,0
1787735425.721,wrist_roll,-1.113,-1.626,-1.113,0.513,0.513,0
1787735425.721,gripper,6.318,2.319,6.318,3.999,3.999,0
1787735425.770,shoulder_pan,-2.734,-2.110,-2.734,-0.624,-0.624,0
1787735425.770,shoulder_lift,-90.174,-91.165,-90.174,0.991,0.991,0
1787735425.770,elbow_flex,98.821,96.659,98.821,2.162,2.162,0
1787735425.770,wrist_flex,44.236,24.308,44.236,19.928,19.928,0
1787735425.770,wrist_roll,-1.192,-1.451,-1.192,0.258,0.258,0
1787735425.770,gripper,6.690,3.910,6.690,2.780,2.780,0
1787735425.820,shoulder_pan,-2.899,-2.374,-2.899,-0.525,-0.525,0
1787735425.820,shoulder_lift,-89.882,-90.725,-89.882,0.843,0.843,0
1787735425.820,elbow_flex,97.736,96.659,97.736,1.076,1.076,0
1787735425.820,wrist_flex,44.615,28.000,44.615,16.615,16.615,0
1787735425.820,wrist_roll,-1.184,-1.451,-1.184,0.267,0.267,0
1787735425.820,gripper,6.897,5.302,6.897,1.595,1.595,0
1787735425.871,shoulder_pan,-3.130,-2.549,-3.130,-0.581,-0.581,0
1787735425.871,shoulder_lift,-89.989,-90.374,-89.989,0.384,0.384,0
1787735425.871,elbow_flex,97.054,96.659,97.054,0.395,0.395,0
1787735425.871,wrist_flex,45.033,35.033,45.033,10.000,10.000,0
1787735425.871,wrist_roll,-1.190,-1.363,-1.190,0.173,0.173,0
1787735425.871,gripper,7.030,5.964,7.030,1.066,1.066,0
1787735425.920,shoulder_pan,-3.275,-2.549,-3.275,-0.726,-0.726,0
1787735425.920,shoulder_lift,-89.833,-90.374,-89.833,0.540,0.540,0
1787735425.920,elbow_flex,96.281,96.747,96.281,-0.466,-0.466,0
1787735425.920,wrist_flex,45.444,40.396,45.444,5.048,5.048,0
1787735425.920,wrist_roll,-1.175,-1.363,-1.175,0.187,0.187,0
1787735425.920,gripper,7.010,6.362,7.010,0.648,0.648,0
1787735425.971,shoulder_pan,-3.500,-2.901,-3.500,-0.599,-0.599,0
1787735425.971,shoulder_lift,-89.836,-90.110,-89.836,0.274,0.274,0
1787735425.971,elbow_flex,95.883,96.747,95.883,-0.864,-0.864,0
1787735425.971,wrist_flex,45.190,42.857,45.190,2.333,2.333,0
1787735425.971,wrist_roll,-1.157,-1.538,-1.157,0.381,0.381,0
1787735425.971,gripper,7.012,6.627,7.012,0.385,0.385,0
1787735426.021,shoulder_pan,-3.611,-3.077,-3.611,-0.534,-0.534,0
1787735426.021,shoulder_lift,-89.993,-90.110,-89.993,0.117,0.117,0
1787735426.021,elbow_flex,95.287,96.747,95.287,-1.461,-1.461,0
1787735426.021,wrist_flex,45.390,44.000,45.390,1.390,1.390,0
1787735426.021,wrist_roll,-1.146,-1.451,-1.146,0.305,0.305,0
1787735426.021,gripper,6.924,6.627,6.924,0.297,0.297,0
1787735426.071,shoulder_pan,-3.815,-3.253,-3.815,-0.562,-0.562,0
1787735426.071,shoulder_lift,-89.850,-90.110,-89.850,0.260,0.260,0
1787735426.071,elbow_flex,95.084,96.659,95.084,-1.575,-1.575,0
1787735426.071,wrist_flex,45.209,44.615,45.209,0.593,0.593,0
1787735426.071,wrist_roll,-1.176,-1.363,-1.176,0.187,0.187,0
1787735426.071,gripper,6.882,6.627,6.882,0.255,0.255,0
1787735426.120,shoulder_pan,-4.039,-3.253,-4.039,-0.786,-0.786,0
1787735426.120,shoulder_lift,-89.940,-90.110,-89.940,0.170,0.170,0
1787735426.120,elbow_flex,94.466,96.659,94.466,-2.194,-2.194,0
1787735426.120,wrist_flex,45.097,44.791,45.097,0.306,0.306,0
1787735426.120,wrist_roll,-1.188,-1.538,-1.188,0.351,0.351,0
1787735426.120,gripper,6.864,6.693,6.864,0.171,0.171,0
1787735426.170,shoulder_pan,-4.090,-3.604,-4.090,-0.486,-0.486,0
1787735426.170,shoulder_lift,-89.950,-90.110,-89.950,0.160,0.160,0
1787735426.170,elbow_flex,93.959,96.571,93.959,-2.612,-2.612,0
1787735426.170,wrist_flex,44.725,44.791,44.725,-0.066,-0.066,0
1787735426.170,wrist_roll,-1.253,-1.451,-1.253,0.197,0.197,0
1787735426.170,gripper,6.908,6.693,6.908,0.215,0.215,0
1787735426.220,shoulder_pan,-4.352,-3.780,-4.352,-0.572,-0.572,0
1787735426.220,shoulder_lift,-90.673,-90.110,-90.673,-0.563,-0.563,0
1787735426.220,elbow_flex,93.762,96.484,93.762,-2.721,-2.721,0
1787735426.220,wrist_flex,45.280,44.791,45.280,0.489,0.489,0
1787735426.220,wrist_roll,-1.223,-1.538,-1.223,0.315,0.315,0
1787735426.220,gripper,7.076,6.693,7.076,0.382,0.382,0
1787735426.270,shoulder_pan,-4.514,-3.868,-4.514,-0.646,-0.646,0
1787735426.270,shoulder_lift,-90.889,-90.198,-90.889,-0.692,-0.692,0
1787735426.270,elbow_flex,93.472,96.396,93.472,-2.924,-2.924,0
1787735426.270,wrist_flex,45.578,44.879,45.578,0.699,0.699,0
1787735426.270,wrist_roll,-1.189,-1.538,-1.189,0.350,0.350,0
1787735426.270,gripper,7.283,6.693,7.283,0.590,0.590,0
1787735426.320,shoulder_pan,-4.584,-4.220,-4.584,-0.364,-0.364,0
1787735426.320,shoulder_lift,-92.162,-90.462,-92.162,-1.701,-1.701,0
1787735426.320,elbow_flex,94.112,96.396,94.112,-2.284,-2.284,0
1787735426.320,wrist_flex,44.822,45.143,44.822,-0.321,-0.321,0
1787735426.320,wrist_roll,-1.207,-1.451,-1.207,0.243,0.243,0
1787735426.320,gripper,7.654,6.693,7.654,0.961,0.961,0
1787735426.372,shoulder_pan,-4.494,-4.220,-4.494,-0.274,-0.274,0
1787735426.372,shoulder_lift,-92.566,-90.813,-92.566,-1.753,-1.753,0
1787735426.372,elbow_flex,93.985,96.308,93.985,-2.323,-2.323,0
1787735426.372,wrist_flex,44.788,45.231,44.788,-0.443,-0.443,0
1787735426.372,wrist_roll,-1.196,-1.363,-1.196,0.166,0.166,0
1787735426.372,gripper,7.777,7.025,7.777,0.753,0.753,0
1787735426.421,shoulder_pan,-4.004,-4.220,-4.004,0.216,0.216,0
1787735426.421,shoulder_lift,-92.721,-91.692,-92.721,-1.029,-1.029,0
1787735426.421,elbow_flex,93.718,96.308,93.718,-2.590,-2.590,0
1787735426.421,wrist_flex,44.343,45.319,44.343,-0.976,-0.976,0
1787735426.421,wrist_roll,-1.206,-1.538,-1.206,0.332,0.332,0
1787735426.421,gripper,7.959,7.356,7.959,0.603,0.603,0
1787735426.472,shoulder_pan,-3.135,-4.220,-3.135,1.085,1.085,0
1787735426.472,shoulder_lift,-92.974,-92.132,-92.974,-0.842,-0.842,0
1787735426.472,elbow_flex,93.779,96.308,93.779,-2.529,-2.529,0
1787735426.472,wrist_flex,44.530,45.231,44.530,-0.700,-0.700,0
1787735426.472,wrist_roll,-1.169,-1.363,-1.169,0.193,0.193,0
1787735426.472,gripper,8.015,7.555,8.015,0.461,0.461,0
1787735426.521,shoulder_pan,-1.249,-4.220,-1.249,2.971,2.971,0
1787735426.521,shoulder_lift,-92.940,-92.396,-92.940,-0.544,-0.544,0
1787735426.521,elbow_flex,93.699,96.308,93.699,-2.609,-2.609,0
1787735426.521,wrist_flex,44.913,45.143,44.913,-0.229,-0.229,0
1787735426.521,wrist_roll,-1.126,-1.538,-1.126,0.412,0.412,0
1787735426.521,gripper,8.032,7.687,8.032,0.345,0.345,0
1787735426.571,shoulder_pan,-1.099,-3.341,-1.099,2.242,2.242,0
1787735426.571,shoulder_lift,-93.830,-92.659,-93.830,-1.171,-1.171,0
1787735426.571,elbow_flex,98.675,96.308,98.675,2.367,2.367,0
1787735426.571,wrist_flex,44.382,45.055,44.382,-0.673,-0.673,0
1787735426.571,wrist_roll,-0.556,-1.363,-0.556,0.806,0.806,0
1787735426.571,gripper,7.929,7.753,7.929,0.175,0.175,0
1787735426.621,shoulder_pan,-2.884,-2.022,-2.884,-0.862,-0.862,0
1787735426.621,shoulder_lift,-94.914,-92.747,-94.914,-2.166,-2.166,0
1787735426.621,elbow_flex,102.560,96.308,102.560,6.253,6.253,0
1787735426.621,wrist_flex,47.180,45.055,47.180,2.125,2.125,0
1787735426.621,wrist_roll,0.722,-1.363,0.722,2.085,2.085,0
1787735426.621,gripper,8.008,7.753,8.008,0.255,0.255,0
1787735426.672,shoulder_pan,-2.803,-1.934,-2.803,-0.869,-0.869,0
1787735426.672,shoulder_lift,-95.083,-93.626,-95.083,-1.456,-1.456,0
1787735426.672,elbow_flex,100.193,96.659,100.193,3.533,3.533,0
1787735426.672,wrist_flex,51.466,45.143,51.466,6.323,6.323,0
1787735426.672,wrist_roll,1.266,-0.747,1.266,2.013,2.013,0
1787735426.672,gripper,8.186,7.886,8.186,0.300,0.300,0
1787735426.722,shoulder_pan,-2.909,-2.725,-2.909,-0.184,-0.184,0
1787735426.722,shoulder_lift,-95.446,-94.505,-95.446,-0.941,-0.941,0
1787735426.722,elbow_flex,97.887,96.747,97.887,1.139,1.139,0
1787735426.722,wrist_flex,55.575,47.077,55.575,8.498,8.498,0
1787735426.722,wrist_roll,1.540,0.308,1.540,1.233,1.233,0
1787735426.722,gripper,8.427,7.886,8.427,0.541,0.541,0
1787735426.771,shoulder_pan,-3.086,-2.549,-3.086,-0.537,-0.537,0
1787735426.771,shoulder_lift,-95.586,-94.681,-95.586,-0.904,-0.904,0
1787735426.771,elbow_flex,95.097,96.747,95.097,-1.651,-1.651,0
1787735426.771,wrist_flex,59.990,50.066,59.990,9.924,9.924,0
1787735426.771,wrist_roll,1.646,0.659,1.646,0.986,0.986,0
1787735426.771,gripper,8.704,7.886,8.704,0.818,0.818,0
1787735426.821,shoulder_pan,-3.232,-2.637,-3.232,-0.595,-0.595,0
1787735426.821,shoulder_lift,-95.815,-95.121,-95.815,-0.694,-0.694,0
1787735426.821,elbow_flex,92.121,96.747,92.121,-4.626,-4.626,0
1787735426.821,wrist_flex,63.456,53.846,63.456,9.610,9.610,0
1787735426.821,wrist_roll,1.591,1.099,1.591,0.492,0.492,0
1787735426.821,gripper,8.984,8.151,8.984,0.832,0.832,0
1787735426.873,shoulder_pan,-3.125,-3.077,-3.125,-0.048,-0.048,0
1787735426.873,shoulder_lift,-95.777,-95.560,-95.777,-0.217,-0.217,0
1787735426.873,elbow_flex,90.312,96.220,90.312,-5.908,-5.908,0
1787735426.873,wrist_flex,65.487,58.066,65.487,7.421,7.421,0
1787735426.873,wrist_roll,1.537,1.275,1.537,0.263,0.263,0
1787735426.873,gripper,9.171,8.549,9.171,0.622,0.622,0
1787735426.921,shoulder_pan,-3.311,-3.077,-3.311,-0.234,-0.234,0
1787735426.921,shoulder_lift,-95.728,-95.297,-95.728,-0.432,-0.432,0
1787735426.921,elbow_flex,87.946,94.725,87.946,-6.780,-6.780,0
1787735426.921,wrist_flex,67.579,61.407,67.579,6.173,6.173,0
1787735426.921,wrist_roll,1.463,1.275,1.463,0.188,0.188,0
1787735426.921,gripper,9.412,8.748,9.412,0.664,0.664,0
1787735426.973,shoulder_pan,-3.427,-2.989,-3.427,-0.438,-0.438,0
1787735426.973,shoulder_lift,-95.707,-95.736,-95.707,0.029,0.029,0
1787735426.973,elbow_flex,86.202,93.055,86.202,-6.853,-6.853,0
1787735426.973,wrist_flex,69.101,63.868,69.101,5.233,5.233,0
1787735426.973,wrist_roll,1.328,1.275,1.328,0.053,0.053,0
1787735426.973,gripper,9.575,9.013,9.575,0.562,0.562,0
1787735427.021,shoulder_pan,-3.480,-3.077,-3.480,-0.404,-0.404,0
1787735427.021,shoulder_lift,-95.546,-95.385,-95.546,-0.161,-0.161,0
1787735427.021,elbow_flex,84.818,91.209,84.818,-6.391,-6.391,0
1787735427.021,wrist_flex,70.523,66.242,70.523,4.282,4.282,0
1787735427.021,wrist_roll,1.302,1.275,1.302,0.028,0.028,0
1787735427.021,gripper,9.726,9.278,9.726,0.449,0.449,0
1787735427.072,shoulder_pan,-3.548,-3.253,-3.548,-0.296,-0.296,0
1787735427.072,shoulder_lift,-95.495,-95.736,-95.495,0.241,0.241,0
1787735427.072,elbow_flex,83.313,89.363,83.313,-6.050,-6.050,0
1787735427.072,wrist_flex,71.532,68.088,71.532,3.445,3.445,0
1787735427.072,wrist_roll,1.205,1.275,1.205,-0.070,-0.070,0
1787735427.072,gripper,9.827,9.278,9.827,0.549,0.549,0
1787735427.122,shoulder_pan,-3.672,-3.253,-3.672,-0.419,-0.419,0
1787735427.122,shoulder_lift,-95.361,-95.736,-95.361,0.375,0.375,0
1787735427.122,elbow_flex,82.444,87.780,82.444,-5.336,-5.336,0
1787735427.122,wrist_flex,71.399,69.670,71.399,1.729,1.729,0
1787735427.122,wrist_roll,1.191,1.275,1.191,-0.084,-0.084,0
1787735427.122,gripper,9.915,9.410,9.915,0.504,0.504,0
1787735427.172,shoulder_pan,-3.630,-3.253,-3.630,-0.377,-0.377,0
1787735427.172,shoulder_lift,-94.784,-95.736,-94.784,0.952,0.952,0
1787735427.172,elbow_flex,81.994,86.286,81.994,-4.292,-4.292,0
1787735427.172,wrist_flex,71.779,70.549,71.779,1.230,1.230,0
1787735427.172,wrist_roll,1.173,1.275,1.173,-0.102,-0.102,0
1787735427.172,gripper,9.974,9.543,9.974,0.431,0.431,0
1787735427.222,shoulder_pan,-3.571,-3.253,-3.571,-0.318,-0.318,0
1787735427.222,shoulder_lift,-94.874,-95.648,-94.874,0.774,0.774,0
1787735427.222,elbow_flex,81.676,85.231,81.676,-3.555,-3.555,0
1787735427.222,wrist_flex,71.901,70.989,71.901,0.912,0.912,0
1787735427.222,wrist_roll,1.227,1.275,1.227,-0.047,-0.047,0
1787735427.222,gripper,9.958,9.675,9.958,0.283,0.283,0
1787735427.272,shoulder_pan,-3.558,-3.253,-3.558,-0.306,-0.306,0
1787735427.272,shoulder_lift,-94.930,-95.385,-94.930,0.454,0.454,0
1787735427.272,elbow_flex,81.592,84.703,81.592,-3.111,-3.111,0
1787735427.272,wrist_flex,71.267,71.429,71.267,-0.161,-0.161,0
1787735427.272,wrist_roll,1.251,1.275,1.251,-0.024,-0.024,0
1787735427.272,gripper,9.963,9.742,9.963,0.221,0.221,0
1787735427.322,shoulder_pan,-3.544,-3.253,-3.544,-0.292,-0.292,0
1787735427.322,shoulder_lift,-94.983,-95.385,-94.983,0.401,0.401,0
1787735427.322,elbow_flex,82.483,84.264,82.483,-1.781,-1.781,0
1787735427.322,wrist_flex,69.082,71.516,69.082,-2.435,-2.435,0
1787735427.322,wrist_roll,1.413,1.275,1.413,0.138,0.138,0
1787735427.322,gripper,9.913,9.742,9.913,0.171,0.171,0
1787735427.373,shoulder_pan,-3.526,-3.253,-3.526,-0.273,-0.273,0
1787735427.373,shoulder_lift,-94.991,-95.385,-94.991,0.394,0.394,0
1787735427.373,elbow_flex,82.402,84.176,82.402,-1.773,-1.773,0
1787735427.373,wrist_flex,68.101,71.341,68.101,-3.239,-3.239,0
1787735427.373,wrist_roll,1.520,1.275,1.520,0.246,0.246,0
1787735427.373,gripper,9.887,9.742,9.887,0.145,0.145,0
1787735427.423,shoulder_pan,-3.546,-3.253,-3.546,-0.293,-0.293,0
1787735427.423,shoulder_lift,-94.960,-95.121,-94.960,0.161,0.161,0
1787735427.423,elbow_flex,82.632,84.176,82.632,-1.543,-1.543,0
1787735427.423,wrist_flex,66.779,69.934,66.779,-3.155,-3.155,0
1787735427.423,wrist_roll,1.673,1.275,1.673,0.398,0.398,0
1787735427.423,gripper,9.800,9.742,9.800,0.058,0.058,0
1787735427.473,shoulder_pan,-3.678,-3.253,-3.678,-0.425,-0.425,0
1787735427.473,shoulder_lift,-94.848,-95.473,-94.848,0.624,0.624,0
1787735427.473,elbow_flex,82.354,84.176,82.354,-1.822,-1.822,0
1787735427.473,wrist_flex,65.323,68.967,65.323,-3.644,-3.644,0
1787735427.473,wrist_roll,1.858,1.275,1.858,0.583,0.583,0
1787735427.473,gripper,9.739,9.742,9.739,-0.002,-0.002,0
1787735427.522,shoulder_pan,-4.169,-3.253,-4.169,-0.916,-0.916,0
1787735427.522,shoulder_lift,-95.208,-95.385,-95.208,0.176,0.176,0
1787735427.522,elbow_flex,87.160,84.176,87.160,2.984,2.984,0
1787735427.522,wrist_flex,61.338,67.648,61.338,-6.311,-6.311,0
1787735427.522,wrist_roll,1.372,1.275,1.372,0.097,0.097,0
1787735427.522,gripper,9.619,9.742,9.619,-0.123,-0.123,0
1787735427.574,shoulder_pan,-4.667,-3.429,-4.667,-1.238,-1.238,0
1787735427.574,shoulder_lift,-94.977,-95.297,-94.977,0.320,0.320,0
1787735427.574,elbow_flex,91.482,84.264,91.482,7.218,7.218,0
1787735427.574,wrist_flex,55.098,66.330,55.098,-11.231,-11.231,0
1787735427.574,wrist_roll,0.355,1.275,0.355,-0.919,-0.919,0
1787735427.574,gripper,9.451,9.742,9.451,-0.291,-0.291,0
1787735427.622,shoulder_pan,-4.849,-4.044,-4.849,-0.805,-0.805,0
1787735427.622,shoulder_lift,-94.023,-95.297,-94.023,1.274,1.274,0
1787735427.622,elbow_flex,90.154,86.549,90.154,3.605,3.605,0
1787735427.622,wrist_flex,53.136,63.165,53.136,-10.029,-10.029,0
1787735427.622,wrist_roll,0.094,1.099,0.094,-1.005,-1.005,0
1787735427.622,gripper,9.325,9.742,9.325,-0.416,-0.416,0
1787735427.674,shoulder_pan,-5.058,-4.396,-5.058,-0.662,-0.662,0
1787735427.674,shoulder_lift,-93.218,-94.593,-93.218,1.375,1.375,0
1787735427.674,elbow_flex,86.437,90.154,86.437,-3.717,-3.717,0
1787735427.674,wrist_flex,54.112,58.769,54.112,-4.657,-4.657,0
1787735427.674,wrist_roll,0.291,0.747,0.291,-0.457,-0.457,0
1787735427.674,gripper,9.313,9.742,9.313,-0.429,-0.429,0
1787735427.723,shoulder_pan,-5.515,-4.571,-5.515,-0.943,-0.943,0
1787735427.723,shoulder_lift,-92.198,-94.418,-92.198,2.220,2.220,0
1787735427.723,elbow_flex,82.105,90.242,82.105,-8.137,-8.137,0
1787735427.723,wrist_flex,54.943,56.220,54.943,-1.276,-1.276,0
1787735427.723,wrist_roll,0.279,0.220,0.279,0.060,0.060,0
1787735427.723,gripper,9.296,9.609,9.296,-0.313,-0.313,0
1787735427.773,shoulder_pan,-5.971,-5.099,-5.971,-0.872,-0.872,0
1787735427.773,shoulder_lift,-91.475,-93.451,-91.475,1.975,1.975,0
1787735427.773,elbow_flex,77.182,88.396,77.182,-11.213,-11.213,0
1787735427.773,wrist_flex,55.354,55.868,55.354,-0.514,-0.514,0
1787735427.773,wrist_roll,0.334,0.396,0.334,-0.062,-0.062,0
1787735427.773,gripper,9.309,9.476,9.309,-0.167,-0.167,0
1787735427.824,shoulder_pan,-6.302,-5.187,-6.302,-1.115,-1.115,0
1787735427.824,shoulder_lift,-90.802,-92.571,-90.802,1.769,1.769,0
1787735427.824,elbow_flex,72.921,85.582,72.921,-12.661,-12.661,0
1787735427.824,wrist_flex,55.512,55.868,55.512,-0.357,-0.357,0
1787735427.824,wrist_roll,0.406,0.220,0.406,0.186,0.186,0
1787735427.824,gripper,9.367,9.476,9.367,-0.110,-0.110,0
1787735427.873,shoulder_pan,-6.750,-5.890,-6.750,-0.860,-0.860,0
1787735427.873,shoulder_lift,-89.648,-91.956,-89.648,2.308,2.308,0
1787735427.873,elbow_flex,67.211,81.890,67.211,-14.679,-14.679,0
1787735427.873,wrist_flex,54.772,55.868,54.772,-1.096,-1.096,0
1787735427.873,wrist_roll,0.341,0.132,0.341,0.209,0.209,0
1787735427.873,gripper,9.363,9.476,9.363,-0.114,-0.114,0
1787735427.924,shoulder_pan,-6.765,-6.066,-6.765,-0.699,-0.699,0
1787735427.924,shoulder_lift,-89.170,-91.077,-89.170,1.907,1.907,0
1787735427.924,elbow_flex,64.794,77.670,64.794,-12.876,-12.876,0
1787735427.924,wrist_flex,55.192,55.868,55.192,-0.676,-0.676,0
1787735427.924,wrist_roll,0.396,0.132,0.396,0.265,0.265,0
1787735427.924,gripper,9.541,9.476,9.541,0.065,0.065,0
1787735427.973,shoulder_pan,-6.883,-6.242,-6.883,-0.642,-0.642,0
1787735427.973,shoulder_lift,-88.373,-90.110,-88.373,1.737,1.737,0
1787735427.973,elbow_flex,60.862,73.099,60.862,-12.237,-12.237,0
1787735427.973,wrist_flex,54.450,55.692,54.450,-1.242,-1.242,0
1787735427.973,wrist_roll,0.415,0.132,0.415,0.284,0.284,0
1787735427.973,gripper,9.678,9.476,9.678,0.202,0.202,0
1787735428.024,shoulder_pan,-6.553,-6.505,-6.553,-0.048,-0.048,0
1787735428.024,shoulder_lift,-87.690,-89.846,-87.690,2.156,2.156,0
1787735428.024,elbow_flex,59.714,69.143,59.714,-9.428,-9.428,0
1787735428.024,wrist_flex,54.161,55.604,54.161,-1.444,-1.444,0
1787735428.024,wrist_roll,0.381,0.132,0.381,0.249,0.249,0
1787735428.024,gripper,9.752,9.476,9.752,0.276,0.276,0
1787735428.073,shoulder_pan,-5.987,-6.505,-5.987,0.519,0.519,0
1787735428.073,shoulder_lift,-86.630,-88.703,-86.630,2.074,2.074,0
1787735428.073,elbow_flex,58.479,65.538,58.479,-7.060,-7.060,0
1787735428.073,wrist_flex,53.529,55.077,53.529,-1.548,-1.548,0
1787735428.073,wrist_roll,0.377,0.132,0.377,0.245,0.245,0
1787735428.073,gripper,9.777,9.476,9.777,0.301,0.301,0
1787735428.123,shoulder_pan,-4.851,-6.418,-4.851,1.566,1.566,0
1787735428.123,shoulder_lift,-85.487,-88.440,-85.487,2.953,2.953,0
1787735428.123,elbow_flex,57.374,63.516,57.374,-6.143,-6.143,0
1787735428.123,wrist_flex,52.682,54.725,52.682,-2.043,-2.043,0
1787735428.123,wrist_roll,0.251,0.132,0.251,0.119,0.119,0
1787735428.123,gripper,9.715,9.476,9.715,0.239,0.239,0
1787735428.173,shoulder_pan,-3.153,-6.154,-3.153,3.001,3.001,0
1787735428.173,shoulder_lift,-83.694,-87.121,-83.694,3.427,3.427,0
1787735428.173,elbow_flex,55.924,61.758,55.924,-5.835,-5.835,0
1787735428.173,wrist_flex,51.090,54.198,51.090,-3.108,-3.108,0
1787735428.173,wrist_roll,0.151,0.132,0.151,0.019,0.019,0
1787735428.173,gripper,9.661,9.476,9.661,0.184,0.184,0
1787735428.223,shoulder_pan,-1.140,-5.099,-1.140,3.958,3.958,0
1787735428.223,shoulder_lift,-81.956,-86.242,-81.956,4.285,4.285,0
1787735428.223,elbow_flex,54.384,60.527,54.384,-6.143,-6.143,0
1787735428.223,wrist_flex,49.535,53.407,49.535,-3.872,-3.872,0
1787735428.223,wrist_roll,-0.100,0.132,-0.100,-0.232,-0.232,0
1787735428.223,gripper,9.544,9.476,9.544,0.067,0.067,0
1787735428.275,shoulder_pan,0.197,-3.780,0.197,3.978,3.978,0
1787735428.275,shoulder_lift,-80.718,-84.484,-80.718,3.766,3.766,0
1787735428.275,elbow_flex,53.407,58.857,53.407,-5.450,-5.450,0
1787735428.275,wrist_flex,49.978,52.088,49.978,-2.110,-2.110,0
1787735428.275,wrist_roll,-0.297,0.132,-0.297,-0.429,-0.429,0
1787735428.275,gripper,9.555,9.476,9.555,0.079,0.079,0
1787735428.324,shoulder_pan,0.470,-2.022,0.470,2.492,2.492,0
1787735428.324,shoulder_lift,-80.011,-82.901,-80.011,2.890,2.890,0
1787735428.324,elbow_flex,52.638,57.363,52.638,-4.724,-4.724,0
1787735428.324,wrist_flex,50.456,51.121,50.456,-0.665,-0.665,0
1787735428.324,wrist_roll,-0.358,0.308,-0.358,-0.666,-0.666,0
1787735428.324,gripper,9.593,9.476,9.593,0.116,0.116,0
1787735428.375,shoulder_pan,0.549,-0.703,0.549,1.253,1.253,0
1787735428.375,shoulder_lift,-79.512,-81.758,-79.512,2.246,2.246,0
1787735428.375,elbow_flex,52.414,56.308,52.414,-3.894,-3.894,0
1787735428.375,wrist_flex,50.916,51.121,50.916,-0.205,-0.205,0
1787735428.375,wrist_roll,-0.394,-0.132,-0.394,-0.262,-0.262,0
1787735428.375,gripper,9.572,9.476,9.572,0.095,0.095,0
1787735428.424,shoulder_pan,0.413,-0.176,0.413,0.589,0.589,0
1787735428.424,shoulder_lift,-79.473,-80.615,-79.473,1.142,1.142,0
1787735428.424,elbow_flex,52.546,55.429,52.546,-2.882,-2.882,0
1787735428.424,wrist_flex,51.251,51.209,51.251,0.043,0.043,0
1787735428.424,wrist_roll,-0.215,-0.132,-0.215,-0.083,-0.083,0
1787735428.424,gripper,9.633,9.476,9.633,0.156,0.156,0
1787735428.474,shoulder_pan,0.243,-0.088,0.243,0.331,0.331,0
1787735428.474,shoulder_lift,-79.352,-80.176,-79.352,0.824,0.824,0
1787735428.474,elbow_flex,52.338,55.253,52.338,-2.915,-2.915,0
1787735428.474,wrist_flex,51.345,51.209,51.345,0.136,0.136,0
1787735428.474,wrist_roll,-0.150,-0.132,-0.150,-0.018,-0.018,0
1787735428.474,gripper,9.676,9.476,9.676,0.199,0.199,0
1787735428.524,shoulder_pan,0.115,-0.088,0.115,0.203,0.203,0
1787735428.524,shoulder_lift,-79.105,-79.824,-79.105,0.719,0.719,0
1787735428.524,elbow_flex,54.776,55.253,54.776,-0.476,-0.476,0
1787735428.524,wrist_flex,53.487,51.209,53.487,2.278,2.278,0
1787735428.524,wrist_roll,-0.144,-0.044,-0.144,-0.100,-0.100,0
1787735428.524,gripper,9.944,9.476,9.944,0.468,0.468,0
1787735428.575,shoulder_pan,-0.773,-0.088,-0.773,-0.685,-0.685,0
1787735428.575,shoulder_lift,-78.432,-79.560,-78.432,1.129,1.129,0
1787735428.575,elbow_flex,58.158,55.077,58.158,3.081,3.081,0
1787735428.575,wrist_flex,53.365,51.648,53.365,1.716,1.716,0
1787735428.575,wrist_roll,-0.170,-0.044,-0.170,-0.126,-0.126,0
1787735428.575,gripper,10.230,9.543,10.230,0.687,0.687,0
1787735428.624,shoulder_pan,-1.797,-0.088,-1.797,-1.709,-1.709,0
1787735428.624,shoulder_lift,-77.925,-79.560,-77.925,1.635,1.635,0
1787735428.624,elbow_flex,58.701,56.044,58.701,2.657,2.657,0
1787735428.624,wrist_flex,51.989,52.703,51.989,-0.715,-0.715,0
1787735428.624,wrist_roll,-0.206,-0.044,-0.206,-0.162,-0.162,0
1787735428.624,gripper,10.210,9.675,10.210,0.534,0.534,0
1787735428.674,shoulder_pan,-3.568,-0.703,-3.568,-2.865,-2.865,0
1787735428.674,shoulder_lift,-77.185,-78.857,-77.185,1.673,1.673,0
1787735428.674,elbow_flex,59.453,58.154,59.453,1.299,1.299,0
1787735428.674,wrist_flex,48.326,52.791,48.326,-4.465,-4.465,0
1787735428.674,wrist_roll,-0.242,-0.132,-0.242,-0.110,-0.110,0
1787735428.674,gripper,10.086,9.940,10.086,0.145,0.145,0
1787735428.724,shoulder_pan,-5.333,-1.582,-5.333,-3.751,-3.751,0
1787735428.724,shoulder_lift,-76.304,-77.890,-76.304,1.586,1.586,0
1787735428.724,elbow_flex,60.034,59.033,60.034,1.001,1.001,0
1787735428.724,wrist_flex,46.040,52.352,46.040,-6.311,-6.311,0
1787735428.724,wrist_roll,-0.286,-0.220,-0.286,-0.066,-0.066,0
1787735428.724,gripper,10.015,10.007,10.015,0.009,0.009,0
1787735428.774,shoulder_pan,-6.558,-3.077,-6.558,-3.482,-3.482,0
1787735428.774,shoulder_lift,-75.431,-77.626,-75.431,2.195,2.195,0
1787735428.774,elbow_flex,60.440,59.824,60.440,0.616,0.616,0
1787735428.774,wrist_flex,45.482,49.890,45.482,-4.408,-4.408,0
1787735428.774,wrist_roll,-0.246,-0.220,-0.246,-0.027,-0.027,0
1787735428.774,gripper,9.995,10.073,9.995,-0.078,-0.078,0
1787735428.824,shoulder_pan,-6.976,-4.747,-6.976,-2.229,-2.229,0
1787735428.824,shoulder_lift,-75.039,-76.484,-75.039,1.445,1.445,0
1787735428.824,elbow_flex,60.602,60.615,60.602,-0.014,-0.014,0
1787735428.824,wrist_flex,45.492,47.868,45.492,-2.377,-2.377,0
1787735428.824,wrist_roll,-0.314,0.044,-0.314,-0.358,-0.358,0
1787735428.824,gripper,9.955,10.073,9.955,-0.118,-0.118,0
1787735428.875,shoulder_pan,-6.885,-5.714,-6.885,-1.171,-1.171,0
1787735428.875,shoulder_lift,-74.729,-75.692,-74.729,0.963,0.963,0
1787735428.875,elbow_flex,60.671,60.879,60.671,-0.208,-0.208,0
1787735428.875,wrist_flex,44.937,47.077,44.937,-2.140,-2.140,0
1787735428.875,wrist_roll,-0.354,-0.220,-0.354,-0.134,-0.134,0
1787735428.875,gripper,9.999,10.073,9.999,-0.074,-0.074,0
1787735428.925,shoulder_pan,-6.638,-6.242,-6.638,-0.397,-0.397,0
1787735428.925,shoulder_lift,-74.384,-75.429,-74.384,1.045,1.045,0
1787735428.925,elbow_flex,60.818,60.791,60.818,0.026,0.026,0
1787735428.925,wrist_flex,44.437,46.374,44.437,-1.937,-1.937,0
1787735428.925,wrist_roll,-0.385,-0.220,-0.385,-0.165,-0.165,0
1787735428.925,gripper,10.064,10.073,10.064,-0.009,-0.009,0
1787735428.975,shoulder_pan,-6.187,-6.418,-6.187,0.230,0.230,0
1787735428.975,shoulder_lift,-73.956,-74.989,-73.956,1.034,1.034,0
1787735428.975,elbow_flex,60.919,60.967,60.919,-0.048,-0.048,0
1787735428.975,wrist_flex,44.189,45.758,44.189,-1.569,-1.569,0
1787735428.975,wrist_roll,-0.396,-0.132,-0.396,-0.264,-0.264,0
1787735428.975,gripper,10.072,10.073,10.072,-0.001,-0.001,0
1787735429.025,shoulder_pan,-6.096,-6.418,-6.096,0.321,0.321,0
1787735429.025,shoulder_lift,-73.452,-74.462,-73.452,1.009,1.009,0
1787735429.025,elbow_flex,61.264,61.055,61.264,0.209,0.209,0
1787735429.025,wrist_flex,44.151,45.319,44.151,-1.168,-1.168,0
1787735429.025,wrist_roll,-0.362,-0.220,-0.362,-0.142,-0.142,0
1787735429.025,gripper,10.118,10.073,10.118,0.045,0.045,0
1787735429.075,shoulder_pan,-5.854,-6.418,-5.854,0.564,0.564,0
1787735429.075,shoulder_lift,-72.807,-74.110,-72.807,1.303,1.303,0
1787735429.075,elbow_flex,61.168,61.143,61.168,0.025,0.025,0
1787735429.075,wrist_flex,43.620,45.055,43.620,-1.435,-1.435,0
1787735429.075,wrist_roll,-0.428,-0.220,-0.428,-0.208,-0.208,0
1787735429.075,gripper,10.119,10.139,10.119,-0.020,-0.020,0
1787735429.125,shoulder_pan,-5.636,-6.418,-5.636,0.782,0.782,0
1787735429.125,shoulder_lift,-72.332,-73.495,-72.332,1.163,1.163,0
1787735429.125,elbow_flex,61.189,61.495,61.189,-0.306,-0.306,0
1787735429.125,wrist_flex,44.335,44.791,44.335,-0.456,-0.456,0
1787735429.125,wrist_roll,-0.490,-0.220,-0.490,-0.270,-0.270,0
1787735429.125,gripper,10.175,10.139,10.175,0.035,0.035,0
1787735429.175,shoulder_pan,-5.359,-6.242,-5.359,0.883,0.883,0
1787735429.175,shoulder_lift,-71.817,-72.967,-71.817,1.150,1.150,0
1787735429.175,elbow_flex,61.312,61.495,61.312,-0.182,-0.182,0
1787735429.175,wrist_flex,44.602,44.615,44.602,-0.014,-0.014,0
1787735429.175,wrist_roll,-0.482,-0.220,-0.482,-0.262,-0.262,0
1787735429.175,gripper,10.208,10.139,10.208,0.068,0.068,0
1787735429.225,shoulder_pan,-5.234,-5.890,-5.234,0.656,0.656,0
1787735429.225,shoulder_lift,-70.847,-72.440,-70.847,1.593,1.593,0
1787735429.225,elbow_flex,61.412,61.495,61.412,-0.083,-0.083,0
1787735429.225,wrist_flex,45.681,44.703,45.681,0.977,0.977,0
1787735429.225,wrist_roll,-0.488,-0.220,-0.488,-0.268,-0.268,0
1787735429.225,gripper,10.220,10.139,10.220,0.081,0.081,0
1787735429.276,shoulder_pan,-4.709,-5.626,-4.709,0.917,0.917,0
1787735429.276,shoulder_lift,-68.986,-71.824,-68.986,2.839,2.839,0
1787735429.276,elbow_flex,61.977,61.670,61.977,0.306,0.306,0
1787735429.276,wrist_flex,47.414,44.879,47.414,2.534,2.534,0
1787735429.276,wrist_roll,-0.477,-0.220,-0.477,-0.257,-0.257,0
1787735429.276,gripper,10.314,10.139,10.314,0.175,0.175,0
1787735429.325,shoulder_pan,-4.501,-5.538,-4.501,1.037,1.037,0
1787735429.325,shoulder_lift,-68.110,-70.945,-68.110,2.835,2.835,0
1787735429.325,elbow_flex,62.292,61.934,62.292,0.358,0.358,0
1787735429.325,wrist_flex,47.504,45.670,47.504,1.833,1.833,0
1787735429.325,wrist_roll,-0.493,-0.220,-0.493,-0.274,-0.274,0
1787735429.325,gripper,10.350,10.139,10.350,0.211,0.211,0
1787735429.377,shoulder_pan,-4.397,-5.099,-4.397,0.702,0.702,0
1787735429.377,shoulder_lift,-67.535,-69.363,-67.535,1.827,1.827,0
1787735429.377,elbow_flex,62.860,62.462,62.860,0.399,0.399,0
1787735429.377,wrist_flex,47.722,46.813,47.722,0.909,0.909,0
1787735429.377,wrist_roll,-0.520,-0.044,-0.520,-0.476,-0.476,0
1787735429.377,gripper,10.324,10.139,10.324,0.185,0.185,0
1787735429.425,shoulder_pan,-4.161,-4.835,-4.161,0.674,0.674,0
1787735429.425,shoulder_lift,-66.798,-68.484,-66.798,1.685,1.685,0
1787735429.425,elbow_flex,63.381,62.901,63.381,0.480,0.480,0
1787735429.425,wrist_flex,48.445,47.165,48.445,1.280,1.280,0
1787735429.425,wrist_roll,-0.487,-0.571,-0.487,0.085,0.085,0
1787735429.425,gripper,10.335,10.139,10.335,0.195,0.195,0
1787735429.476,shoulder_pan,-4.075,-4.747,-4.075,0.672,0.672,0
1787735429.476,shoulder_lift,-66.607,-67.780,-66.607,1.173,1.173,0
1787735429.476,elbow_flex,61.944,63.165,61.944,-1.221,-1.221,0
1787735429.476,wrist_flex,43.937,47.692,43.937,-3.756,-3.756,0
1787735429.476,wrist_roll,-0.297,-0.484,-0.297,0.186,0.186,0
1787735429.476,gripper,10.558,10.139,10.558,0.419,0.419,0
1787735429.525,shoulder_pan,-4.808,-4.571,-4.808,-0.237,-0.237,0
1787735429.525,shoulder_lift,-66.194,-67.077,-66.194,0.883,0.883,0
1787735429.525,elbow_flex,59.811,63.253,59.811,-3.442,-3.442,0
1787735429.525,wrist_flex,35.910,47.868,35.910,-11.958,-11.958,0
1787735429.525,wrist_roll,0.004,-0.484,0.004,0.488,0.488,0
1787735429.525,gripper,10.791,10.139,10.791,0.652,0.652,0
1787735429.576,shoulder_pan,-6.389,-4.484,-6.389,-1.906,-1.906,0
1787735429.576,shoulder_lift,-65.596,-66.637,-65.596,1.041,1.041,0
1787735429.576,elbow_flex,59.304,63.165,59.304,-3.861,-3.861,0
1787735429.576,wrist_flex,31.506,45.407,31.506,-13.900,-13.900,0
1787735429.576,wrist_roll,0.127,-0.484,0.127,0.611,0.611,0
1787735429.576,gripper,10.754,10.272,10.754,0.483,0.483,0
1787735429.627,shoulder_pan,-8.524,-4.835,-8.524,-3.689,-3.689,0
1787735429.627,shoulder_lift,-64.984,-66.110,-64.984,1.126,1.126,0
1787735429.627,elbow_flex,58.837,62.374,58.837,-3.536,-3.536,0
1787735429.627,wrist_flex,27.489,40.396,27.489,-12.907,-12.907,0
1787735429.627,wrist_roll,0.251,-0.220,0.251,0.471,0.471,0
1787735429.627,gripper,10.711,10.471,10.711,0.241,0.241,0
1787735429.675,shoulder_pan,-11.492,-6.066,-11.492,-5.426,-5.426,0
1787735429.675,shoulder_lift,-64.516,-65.758,-64.516,1.242,1.242,0
1787735429.675,elbow_flex,58.508,61.934,58.508,-3.426,-3.426,0
1787735429.675,wrist_flex,23.584,35.473,23.584,-11.888,-11.888,0
1787735429.675,wrist_roll,0.418,-0.220,0.418,0.638,0.638,0
1787735429.675,gripper,10.672,10.537,10.672,0.135,0.135,0
1787735429.728,shoulder_pan,-14.483,-8.000,-14.483,-6.483,-6.483,0
1787735429.728,shoulder_lift,-64.057,-65.055,-64.057,0.998,0.998,0
1787735429.728,elbow_flex,58.313,61.670,58.313,-3.358,-3.358,0
1787735429.728,wrist_flex,20.122,30.637,20.122,-10.515,-10.515,0
1787735429.728,wrist_roll,0.550,-0.132,0.550,0.682,0.682,0
1787735429.728,gripper,10.606,10.537,10.606,0.069,0.069,0
1787735429.776,shoulder_pan,-15.491,-10.374,-15.491,-5.118,-5.118,0
1787735429.776,shoulder_lift,-63.591,-64.527,-63.591,0.936,0.936,0
1787735429.776,elbow_flex,57.927,61.495,57.927,-3.567,-3.567,0
1787735429.776,wrist_flex,20.228,26.681,20.228,-6.453,-6.453,0
1787735429.776,wrist_roll,0.721,0.044,0.721,0.677,0.677,0
1787735429.776,gripper,10.559,10.471,10.559,0.088,0.088,0
1787735429.827,shoulder_pan,-15.556,-13.011,-15.556,-2.545,-2.545,0
1787735429.827,shoulder_lift,-63.241,-64.000,-63.241,0.759,0.759,0
1787735429.827,elbow_flex,57.572,61.143,57.572,-3.571,-3.571,0
1787735429.827,wrist_flex,20.736,23.429,20.736,-2.692,-2.692,0
1787735429.827,wrist_roll,0.866,0.308,0.866,0.558,0.558,0
1787735429.827,gripper,10.526,10.471,10.526,0.056,0.056,0
1787735429.877,shoulder_pan,-15.204,-14.418,-15.204,-0.786,-0.786,0
1787735429.877,shoulder_lift,-63.151,-63.648,-63.151,0.497,0.497,0
1787735429.877,elbow_flex,57.191,60.791,57.191,-3.600,-3.600,0
1787735429.877,wrist_flex,21.673,22.462,21.673,-0.789,-0.789,0
1787735429.877,wrist_roll,0.929,0.484,0.929,0.446,0.446,0
1787735429.877,gripper,10.479,10.404,10.479,0.075,0.075,0
1787735429.926,shoulder_pan,-14.846,-14.593,-14.846,-0.253,-0.253,0
1787735429.926,shoulder_lift,-62.636,-63.385,-62.636,0.748,0.748,0
1787735429.926,elbow_flex,56.740,60.615,56.740,-3.875,-3.875,0
1787735429.926,wrist_flex,22.907,22.198,22.907,0.709,0.709,0
1787735429.926,wrist_roll,1.037,0.484,1.037,0.554,0.554,0
1787735429.926,gripper,10.382,10.404,10.382,-0.022,-0.022,0
1787735429.976,shoulder_pan,-14.131,-14.593,-14.131,0.463,0.463,0
1787735429.976,shoulder_lift,-62.264,-63.209,-62.264,0.945,0.945,0
1787735429.976,elbow_flex,56.138,60.615,56.138,-4.477,-4.477,0
1787735429.976,wrist_flex,22.317,22.286,22.317,0.032,0.032,0
1787735429.976,wrist_roll,1.042,0.484,1.042,0.558,0.558,0
1787735429.976,gripper,10.300,10.471,10.300,-0.170,-0.170,0
1787735430.026,shoulder_pan,-14.057,-14.593,-14.057,0.537,0.537,0
1787735430.026,shoulder_lift,-62.048,-62.681,-62.048,0.634,0.634,0
1787735430.026,elbow_flex,55.704,60.088,55.704,-4.384,-4.384,0
1787735430.026,wrist_flex,22.031,22.637,22.031,-0.606,-0.606,0
1787735430.026,wrist_roll,1.095,0.659,1.095,0.435,0.435,0
1787735430.026,gripper,10.273,10.471,10.273,-0.197,-0.197,0
1787735430.076,shoulder_pan,-13.830,-14.505,-13.830,0.676,0.676,0
1787735430.076,shoulder_lift,-61.955,-62.418,-61.955,0.462,0.462,0
1787735430.076,elbow_flex,55.226,59.824,55.226,-4.598,-4.598,0
1787735430.076,wrist_flex,22.366,22.637,22.366,-0.272,-0.272,0
1787735430.076,wrist_roll,0.980,0.659,0.980,0.321,0.321,0
1787735430.076,gripper,10.215,10.471,10.215,-0.255,-0.255,0
1787735430.126,shoulder_pan,-13.955,-14.418,-13.955,0.463,0.463,0
1787735430.126,shoulder_lift,-61.622,-62.154,-61.622,0.532,0.532,0
1787735430.126,elbow_flex,55.234,59.473,55.234,-4.239,-4.239,0
1787735430.126,wrist_flex,22.576,22.637,22.576,-0.061,-0.061,0
1787735430.126,wrist_roll,1.018,0.659,1.018,0.358,0.358,0
1787735430.126,gripper,10.213,10.471,10.213,-0.258,-0.258,0
1787735430.176,shoulder_pan,-13.584,-14.418,-13.584,0.834,0.834,0
1787735430.176,shoulder_lift,-60.055,-61.978,-60.055,1.923,1.923,0
1787735430.176,elbow_flex,54.368,59.209,54.368,-4.841,-4.841,0
1787735430.176,wrist_flex,21.985,22.637,21.985,-0.652,-0.652,0
1787735430.176,wrist_roll,1.010,0.659,1.010,0.351,0.351,0
1787735430.176,gripper,10.215,10.471,10.215,-0.256,-0.256,0
1787735430.227,shoulder_pan,-13.042,-14.330,-13.042,1.288,1.288,0
1787735430.227,shoulder_lift,-59.830,-61.363,-59.830,1.532,1.532,0
1787735430.227,elbow_flex,54.070,58.593,54.070,-4.524,-4.524,0
1787735430.227,wrist_flex,21.686,22.637,21.686,-0.951,-0.951,0
1787735430.227,wrist_roll,0.979,0.659,0.979,0.319,0.319,0
1787735430.227,gripper,10.240,10.471,10.240,-0.230,-0.230,0
1787735430.277,shoulder_pan,-11.885,-13.890,-11.885,2.005,2.005,0
1787735430.277,shoulder_lift,-59.589,-60.308,-59.589,0.718,0.718,0
1787735430.277,elbow_flex,54.324,57.626,54.324,-3.302,-3.302,0
1787735430.277,wrist_flex,21.942,22.637,21.942,-0.695,-0.695,0
1787735430.277,wrist_roll,0.956,0.659,0.956,0.297,0.297,0
1787735430.277,gripper,10.267,10.471,10.267,-0.203,-0.203,0
1787735430.327,shoulder_pan,-10.029,-13.363,-10.029,3.334,3.334,0
1787735430.327,shoulder_lift,-59.839,-59.956,-59.839,0.117,0.117,0
1787735430.327,elbow_flex,54.491,57.363,54.491,-2.872,-2.872,0
1787735430.327,wrist_flex,22.174,22.637,22.174,-0.463,-0.463,0
1787735430.327,wrist_roll,0.929,0.659,0.929,0.269,0.269,0
1787735430.327,gripper,10.254,10.471,10.254,-0.216,-0.216,0
1787735430.378,shoulder_pan,-7.665,-12.396,-7.665,4.730,4.730,0
1787735430.378,shoulder_lift,-59.853,-59.868,-59.853,0.016,0.016,0
1787735430.378,elbow_flex,54.625,57.363,54.625,-2.738,-2.738,0
1787735430.378,wrist_flex,21.835,22.637,21.835,-0.803,-0.803,0
1787735430.378,wrist_roll,0.875,0.747,0.875,0.128,0.128,0
1787735430.378,gripper,10.268,10.471,10.268,-0.202,-0.202,0
1787735430.427,shoulder_pan,-6.330,-10.813,-6.330,4.484,4.484,0
1787735430.427,shoulder_lift,-55.109,-59.868,-55.109,4.759,4.759,0
1787735430.427,elbow_flex,53.640,57.363,53.640,-3.723,-3.723,0
1787735430.427,wrist_flex,18.491,22.637,18.491,-4.146,-4.146,0
1787735430.427,wrist_roll,1.191,0.747,1.191,0.444,0.444,0
1787735430.427,gripper,10.256,10.471,10.256,-0.214,-0.214,0
1787735430.478,shoulder_pan,-7.860,-8.879,-7.860,1.019,1.019,0
1787735430.478,shoulder_lift,-48.741,-59.604,-48.741,10.863,10.863,0
1787735430.478,elbow_flex,52.723,57.187,52.723,-4.464,-4.464,0
1787735430.478,wrist_flex,13.206,22.374,13.206,-9.168,-9.168,0
1787735430.478,wrist_roll,1.601,0.747,1.601,0.854,0.854,0
1787735430.478,gripper,10.177,10.471,10.177,-0.294,-0.294,0
1787735430.528,shoulder_pan,-9.001,-7.648,-9.001,-1.353,-1.353,0
1787735430.528,shoulder_lift,-46.918,-56.615,-46.918,9.697,9.697,0
1787735430.528,elbow_flex,52.936,56.308,52.936,-3.372,-3.372,0
1787735430.528,wrist_flex,10.364,19.736,10.364,-9.372,-9.372,0
1787735430.528,wrist_roll,1.553,1.099,1.553,0.454,0.454,0
1787735430.528,gripper,10.060,10.471,10.060,-0.411,-0.411,0
1787735430.577,shoulder_pan,-9.730,-8.176,-9.730,-1.554,-1.554,0
1787735430.577,shoulder_lift,-45.536,-51.956,-45.536,6.420,6.420,0
1787735430.577,elbow_flex,52.956,55.604,52.956,-2.648,-2.648,0
1787735430.577,wrist_flex,8.751,15.956,8.751,-7.205,-7.205,0
1787735430.577,wrist_roll,1.596,1.275,1.596,0.321,0.321,0
1787735430.577,gripper,10.049,10.471,10.049,-0.422,-0.422,0
1787735430.628,shoulder_pan,-10.077,-8.967,-10.077,-1.110,-1.110,0
1787735430.628,shoulder_lift,-44.676,-48.440,-44.676,3.764,3.764,0
1787735430.628,elbow_flex,53.230,55.604,53.230,-2.374,-2.374,0
1787735430.628,wrist_flex,7.633,12.703,7.633,-5.070,-5.070,0
1787735430.628,wrist_roll,1.602,1.451,1.602,0.151,0.151,0
1787735430.628,gripper,10.034,10.272,10.034,-0.238,-0.238,0
1787735430.678,shoulder_pan,-10.369,-9.319,-10.369,-1.050,-1.050,0
1787735430.678,shoulder_lift,-44.242,-46.593,-44.242,2.352,2.352,0
1787735430.678,elbow_flex,53.232,55.604,53.232,-2.372,-2.372,0
1787735430.678,wrist_flex,6.763,10.769,6.763,-4.006,-4.006,0
1787735430.678,wrist_roll,1.591,1.187,1.591,0.405,0.405,0
1787735430.678,gripper,10.005,10.272,10.005,-0.266,-0.266,0
1787735430.728,shoulder_pan,-10.501,-9.758,-10.501,-0.743,-0.743,0
1787735430.728,shoulder_lift,-43.777,-45.275,-43.777,1.498,1.498,0
1787735430.728,elbow_flex,53.329,55.604,53.329,-2.276,-2.276,0
1787735430.728,wrist_flex,6.135,9.187,6.135,-3.052,-3.052,0
1787735430.728,wrist_roll,1.561,1.538,1.561,0.023,0.023,0
1787735430.728,gripper,9.970,10.272,9.970,-0.302,-0.302,0
1787735430.777,shoulder_pan,-10.533,-10.022,-10.533,-0.511,-0.511,0
1787735430.777,shoulder_lift,-43.288,-44.308,-43.288,1.020,1.020,0
1787735430.777,elbow_flex,53.334,55.604,53.334,-2.270,-2.270,0
1787735430.777,wrist_flex,6.098,8.132,6.098,-2.034,-2.034,0
1787735430.777,wrist_roll,1.612,1.363,1.612,0.249,0.249,0
1787735430.777,gripper,9.977,10.272,9.977,-0.294,-0.294,0
1787735430.828,shoulder_pan,-10.608,-10.110,-10.608,-0.498,-0.498,0
1787735430.828,shoulder_lift,-42.997,-43.692,-42.997,0.696,0.696,0
1787735430.828,elbow_flex,53.461,55.604,53.461,-2.144,-2.144,0
1787735430.828,wrist_flex,6.069,7.429,6.069,-1.360,-1.360,0
1787735430.828,wrist_roll,1.640,1.363,1.640,0.277,0.277,0
1787735430.828,gripper,9.983,10.272,9.983,-0.289,-0.289,0
1787735430.878,shoulder_pan,-10.637,-10.198,-10.637,-0.439,-0.439,0
1787735430.878,shoulder_lift,-42.790,-43.253,-42.790,0.462,0.462,0
1787735430.878,elbow_flex,53.316,55.604,53.316,-2.288,-2.288,0
1787735430.878,wrist_flex,6.244,7.165,6.244,-0.921,-0.921,0
1787735430.878,wrist_roll,1.665,1.363,1.665,0.303,0.303,0
1787735430.878,gripper,9.998,10.272,9.998,-0.274,-0.274,0
1787735430.929,shoulder_pan,-10.656,-10.198,-10.656,-0.458,-0.458,0
1787735430.929,shoulder_lift,-42.711,-42.989,-42.711,0.278,0.278,0
1787735430.929,elbow_flex,53.437,55.604,53.437,-2.167,-2.167,0
1787735430.929,wrist_flex,6.475,7.077,6.475,-0.602,-0.602,0
1787735430.929,wrist_roll,1.682,1.363,1.682,0.320,0.320,0
1787735430.929,gripper,10.008,10.272,10.008,-0.264,-0.264,0
1787735430.978,shoulder_pan,-10.721,-10.198,-10.721,-0.523,-0.523,0
1787735430.978,shoulder_lift,-42.621,-42.813,-42.621,0.192,0.192,0
1787735430.978,elbow_flex,53.407,55.604,53.407,-2.197,-2.197,0
1787735430.978,wrist_flex,6.848,6.989,6.848,-0.141,-0.141,0
1787735430.978,wrist_roll,1.652,1.363,1.652,0.289,0.289,0
1787735430.978,gripper,9.996,10.272,9.996,-0.275,-0.275,0
1787735431.028,shoulder_pan,-10.683,-10.374,-10.683,-0.310,-0.310,0
1787735431.028,shoulder_lift,-42.512,-42.725,-42.512,0.213,0.213,0
1787735431.028,elbow_flex,53.492,55.604,53.492,-2.113,-2.113,0
1787735431.028,wrist_flex,6.885,6.989,6.885,-0.104,-0.104,0
1787735431.028,wrist_roll,1.673,1.363,1.673,0.310,0.310,0
1787735431.028,gripper,10.004,10.272,10.004,-0.268,-0.268,0
1787735431.078,shoulder_pan,-10.904,-10.374,-10.904,-0.531,-0.531,0
1787735431.078,shoulder_lift,-42.273,-42.637,-42.273,0.365,0.365,0
1787735431.078,elbow_flex,53.422,55.604,53.422,-2.182,-2.182,0
1787735431.078,wrist_flex,6.865,6.989,6.865,-0.124,-0.124,0
1787735431.078,wrist_roll,1.674,1.363,1.674,0.312,0.312,0
1787735431.078,gripper,10.007,10.272,10.007,-0.265,-0.265,0
1787735431.128,shoulder_pan,-11.646,-10.374,-11.646,-1.272,-1.272,0
1787735431.128,shoulder_lift,-41.535,-42.462,-41.535,0.926,0.926,0
1787735431.128,elbow_flex,52.919,55.604,52.919,-2.685,-2.685,0
1787735431.128,wrist_flex,7.128,6.989,7.128,0.139,0.139,0
1787735431.128,wrist_roll,1.718,1.363,1.718,0.355,0.355,0
1787735431.128,gripper,9.989,10.272,9.989,-0.283,-0.283,0
1787735431.179,shoulder_pan,-12.206,-10.813,-12.206,-1.393,-1.393,0
1787735431.179,shoulder_lift,-41.156,-42.022,-41.156,0.866,0.866,0
1787735431.179,elbow_flex,53.018,55.604,53.018,-2.587,-2.587,0
1787735431.179,wrist_flex,6.997,6.989,6.997,0.008,0.008,0
1787735431.179,wrist_roll,1.752,1.363,1.752,0.390,0.390,0
1787735431.179,gripper,9.963,10.272,9.963,-0.309,-0.309,0
1787735431.228,shoulder_pan,-12.745,-11.341,-12.745,-1.405,-1.405,0
1787735431.228,shoulder_lift,-40.936,-41.407,-40.936,0.471,0.471,0
1787735431.228,elbow_flex,53.230,55.604,53.230,-2.375,-2.375,0
1787735431.228,wrist_flex,6.942,6.989,6.942,-0.047,-0.047,0
1787735431.228,wrist_roll,1.726,1.363,1.726,0.363,0.363,0
1787735431.228,gripper,9.917,10.272,9.917,-0.354,-0.354,0
1787735431.278,shoulder_pan,-13.353,-11.868,-13.353,-1.485,-1.485,0
1787735431.278,shoulder_lift,-40.646,-41.143,-40.646,0.496,0.496,0
1787735431.278,elbow_flex,53.124,55.604,53.124,-2.480,-2.480,0
1787735431.278,wrist_flex,7.127,6.989,7.127,0.138,0.138,0
1787735431.278,wrist_roll,1.758,1.363,1.758,0.395,0.395,0
1787735431.278,gripper,9.952,10.272,9.952,-0.320,-0.320,0
1787735431.328,shoulder_pan,-13.908,-12.396,-13.908,-1.512,-1.512,0
1787735431.328,shoulder_lift,-40.672,-40.879,-40.672,0.207,0.207,0
1787735431.328,elbow_flex,53.351,55.516,53.351,-2.166,-2.166,0
1787735431.328,wrist_flex,7.477,6.989,7.477,0.488,0.488,0
1787735431.328,wrist_roll,1.736,1.363,1.736,0.373,0.373,0
1787735431.328,gripper,9.941,10.139,9.941,-0.199,-0.199,0
1787735431.379,shoulder_pan,-14.490,-13.011,-14.490,-1.479,-1.479,0
1787735431.379,shoulder_lift,-40.759,-40.703,-40.759,-0.056,-0.056,0
1787735431.379,elbow_flex,49.227,55.516,49.227,-6.290,-6.290,0
1787735431.379,wrist_flex,8.827,7.077,8.827,1.750,1.750,0
1787735431.379,wrist_roll,1.859,1.363,1.859,0.497,0.497,0
1787735431.379,gripper,9.915,10.139,9.915,-0.224,-0.224,0
1787735431.429,shoulder_pan,-14.966,-13.626,-14.966,-1.339,-1.339,0
1787735431.429,shoulder_lift,-41.713,-40.703,-41.713,-1.010,-1.010,0
1787735431.429,elbow_flex,45.888,55.341,45.888,-9.453,-9.453,0
1787735431.429,wrist_flex,10.541,7.604,10.541,2.936,2.936,0
1787735431.429,wrist_roll,1.944,1.363,1.944,0.581,0.581,0
1787735431.429,gripper,9.767,10.139,9.767,-0.372,-0.372,0
1787735431.480,shoulder_pan,-15.145,-14.154,-15.145,-0.991,-0.991,0
1787735431.480,shoulder_lift,-42.895,-40.615,-42.895,-2.280,-2.280,0
1787735431.480,elbow_flex,46.847,53.055,46.847,-6.208,-6.208,0
1787735431.480,wrist_flex,10.803,8.835,10.803,1.967,1.967,0
1787735431.480,wrist_roll,1.899,1.538,1.899,0.361,0.361,0
1787735431.480,gripper,9.599,10.139,9.599,-0.540,-0.540,0
1787735431.529,shoulder_pan,-15.168,-14.593,-15.168,-0.574,-0.574,0
1787735431.529,shoulder_lift,-44.130,-40.879,-44.130,-3.251,-3.251,0
1787735431.529,elbow_flex,48.204,50.418,48.204,-2.214,-2.214,0
1787735431.529,wrist_flex,10.645,9.978,10.645,0.667,0.667,0
1787735431.529,wrist_roll,1.733,1.538,1.733,0.194,0.194,0
1787735431.529,gripper,9.439,10.007,9.439,-0.568,-0.568,0
1787735431.580,shoulder_pan,-15.069,-14.857,-15.069,-0.212,-0.212,0
1787735431.580,shoulder_lift,-45.517,-41.934,-45.517,-3.583,-3.583,0
1787735431.580,elbow_flex,49.732,50.154,49.732,-0.422,-0.422,0
1787735431.580,wrist_flex,9.923,10.242,9.923,-0.319,-0.319,0
1787735431.580,wrist_roll,1.659,1.363,1.659,0.296,0.296,0
1787735431.580,gripper,9.261,9.742,9.261,-0.480,-0.480,0
1787735431.629,shoulder_pan,-15.148,-14.857,-15.148,-0.290,-0.290,0
1787735431.629,shoulder_lift,-47.220,-42.549,-47.220,-4.671,-4.671,0
1787735431.629,elbow_flex,51.019,50.242,51.019,0.777,0.777,0
1787735431.629,wrist_flex,9.065,10.330,9.065,-1.265,-1.265,0
1787735431.629,wrist_roll,1.571,1.451,1.571,0.120,0.120,0
1787735431.629,gripper,9.133,9.543,9.133,-0.410,-0.410,0
1787735431.680,shoulder_pan,-14.893,-14.857,-14.893,-0.035,-0.035,0
1787735431.680,shoulder_lift,-48.864,-43.780,-48.864,-5.084,-5.084,0
1787735431.680,elbow_flex,52.701,50.945,52.701,1.756,1.756,0
1787735431.680,wrist_flex,6.887,10.242,6.887,-3.354,-3.354,0
1787735431.680,wrist_roll,1.476,1.363,1.476,0.113,0.113,0
1787735431.680,gripper,8.996,9.344,8.996,-0.348,-0.348,0
1787735431.729,shoulder_pan,-14.915,-14.857,-14.915,-0.058,-0.058,0
1787735431.729,shoulder_lift,-50.172,-45.187,-50.172,-4.985,-4.985,0
1787735431.729,elbow_flex,53.716,51.912,53.716,1.804,1.804,0
1787735431.729,wrist_flex,5.967,9.802,5.967,-3.835,-3.835,0
1787735431.729,wrist_roll,1.447,1.363,1.447,0.085,0.085,0
1787735431.729,gripper,8.879,9.211,8.879,-0.333,-0.333,0
1787735431.780,shoulder_pan,-14.865,-14.857,-14.865,-0.008,-0.008,0
1787735431.780,shoulder_lift,-51.821,-46.681,-51.821,-5.139,-5.139,0
1787735431.780,elbow_flex,54.977,53.407,54.977,1.570,1.570,0
1787735431.780,wrist_flex,4.500,8.220,4.500,-3.719,-3.719,0
1787735431.780,wrist_roll,1.362,1.363,1.362,-0.001,-0.001,0
1787735431.780,gripper,8.787,9.145,8.787,-0.358,-0.358,0
1787735431.830,shoulder_pan,-14.748,-14.857,-14.748,0.109,0.109,0
1787735431.830,shoulder_lift,-52.958,-48.000,-52.958,-4.958,-4.958,0
1787735431.830,elbow_flex,55.440,54.549,55.440,0.891,0.891,0
1787735431.830,wrist_flex,3.081,7.429,3.081,-4.348,-4.348,0
1787735431.830,wrist_roll,1.350,1.363,1.350,-0.013,-0.013,0
1787735431.830,gripper,8.757,9.145,8.757,-0.388,-0.388,0
1787735431.880,shoulder_pan,-14.768,-14.857,-14.768,0.090,0.090,0
1787735431.880,shoulder_lift,-53.894,-49.407,-53.894,-4.488,-4.488,0
1787735431.880,elbow_flex,56.363,55.604,56.363,0.759,0.759,0
1787735431.880,wrist_flex,1.745,6.198,1.745,-4.453,-4.453,0
1787735431.880,wrist_roll,1.274,1.363,1.274,-0.089,-0.089,0
1787735431.880,gripper,8.698,9.145,8.698,-0.447,-0.447,0
1787735431.930,shoulder_pan,-14.644,-14.857,-14.644,0.213,0.213,0
1787735431.930,shoulder_lift,-54.944,-50.549,-54.944,-4.394,-4.394,0
1787735431.930,elbow_flex,56.390,56.484,56.390,-0.094,-0.094,0
1787735431.930,wrist_flex,1.313,5.231,1.313,-3.917,-3.917,0
1787735431.930,wrist_roll,1.283,1.363,1.283,-0.079,-0.079,0
1787735431.930,gripper,8.665,9.079,8.665,-0.413,-0.413,0
1787735431.980,shoulder_pan,-14.660,-14.857,-14.660,0.197,0.197,0
1787735431.980,shoulder_lift,-55.916,-51.516,-55.916,-4.399,-4.399,0
1787735431.980,elbow_flex,57.091,57.275,57.091,-0.183,-0.183,0
1787735431.980,wrist_flex,1.125,4.352,1.125,-3.227,-3.227,0
1787735431.980,wrist_roll,1.200,1.363,1.200,-0.163,-0.163,0
1787735431.980,gripper,8.591,9.013,8.591,-0.422,-0.422,0
1787735432.030,shoulder_pan,-14.682,-14.857,-14.682,0.175,0.175,0
1787735432.030,shoulder_lift,-56.745,-52.484,-56.745,-4.262,-4.262,0
1787735432.030,elbow_flex,57.156,57.626,57.156,-0.470,-0.470,0
1787735432.030,wrist_flex,0.741,4.088,0.741,-3.346,-3.346,0
1787735432.030,wrist_roll,1.182,1.363,1.182,-0.181,-0.181,0
1787735432.030,gripper,8.591,8.814,8.591,-0.223,-0.223,0
1787735432.080,shoulder_pan,-14.655,-14.857,-14.655,0.202,0.202,0
1787735432.080,shoulder_lift,-57.665,-53.538,-57.665,-4.126,-4.126,0
1787735432.080,elbow_flex,57.538,58.242,57.538,-0.704,-0.704,0
1787735432.080,wrist_flex,-0.153,3.736,-0.153,-3.889,-3.889,0
1787735432.080,wrist_roll,1.139,1.538,1.139,-0.399,-0.399,0
1787735432.080,gripper,8.529,8.748,8.529,-0.218,-0.218,0
1787735432.131,shoulder_pan,-14.784,-14.769,-14.784,-0.015,-0.015,0
1787735432.131,shoulder_lift,-58.278,-54.242,-58.278,-4.037,-4.037,0
1787735432.131,elbow_flex,57.435,58.769,57.435,-1.334,-1.334,0
1787735432.131,wrist_flex,-0.004,3.121,-0.004,-3.125,-3.125,0
1787735432.131,wrist_roll,1.190,1.451,1.190,-0.261,-0.261,0
1787735432.131,gripper,8.489,8.748,8.489,-0.259,-0.259,0
1787735432.180,shoulder_pan,-14.771,-14.681,-14.771,-0.090,-0.090,0
1787735432.180,shoulder_lift,-59.368,-54.857,-59.368,-4.510,-4.510,0
1787735432.180,elbow_flex,57.483,59.033,57.483,-1.550,-1.550,0
1787735432.180,wrist_flex,0.411,2.857,0.411,-2.446,-2.446,0
1787735432.180,wrist_roll,1.125,1.451,1.125,-0.326,-0.326,0
1787735432.180,gripper,8.472,8.814,8.472,-0.341,-0.341,0
1787735432.231,shoulder_pan,-14.722,-14.681,-14.722,-0.041,-0.041,0
1787735432.231,shoulder_lift,-59.976,-55.473,-59.976,-4.503,-4.503,0
1787735432.231,elbow_flex,57.556,59.121,57.556,-1.565,-1.565,0
1787735432.231,wrist_flex,-0.025,2.769,-0.025,-2.794,-2.794,0
1787735432.231,wrist_roll,1.064,1.451,1.064,-0.386,-0.386,0
1787735432.231,gripper,8.439,8.814,8.439,-0.374,-0.374,0
1787735432.281,shoulder_pan,-14.922,-14.593,-14.922,-0.329,-0.329,0
1787735432.281,shoulder_lift,-60.405,-56.264,-60.405,-4.142,-4.142,0
1787735432.281,elbow_flex,57.555,59.297,57.555,-1.742,-1.742,0
1787735432.281,wrist_flex,-0.069,2.769,-0.069,-2.838,-2.838,0
1787735432.281,wrist_roll,1.082,1.451,1.082,-0.369,-0.369,0
1787735432.281,gripper,8.444,8.748,8.444,-0.304,-0.304,0
1787735432.331,shoulder_pan,-14.972,-14.505,-14.972,-0.466,-0.466,0
1787735432.331,shoulder_lift,-60.778,-56.879,-60.778,-3.899,-3.899,0
1787735432.331,elbow_flex,57.665,59.385,57.665,-1.720,-1.720,0
1787735432.331,wrist_flex,-0.246,2.769,-0.246,-3.015,-3.015,0
1787735432.331,wrist_roll,1.096,1.451,1.096,-0.354,-0.354,0
1787735432.331,gripper,8.459,8.615,8.459,-0.156,-0.156,0
1787735432.380,shoulder_pan,-15.357,-14.505,-15.357,-0.852,-0.852,0
1787735432.380,shoulder_lift,-63.354,-57.407,-63.354,-5.948,-5.948,0
1787735432.380,elbow_flex,57.292,59.560,57.292,-2.269,-2.269,0
1787735432.380,wrist_flex,4.347,2.769,4.347,1.577,1.577,0
1787735432.380,wrist_roll,1.088,1.451,1.088,-0.362,-0.362,0
1787735432.380,gripper,8.396,8.615,8.396,-0.219,-0.219,0
1787735432.431,shoulder_pan,-15.982,-14.505,-15.982,-1.476,-1.476,0
1787735432.431,shoulder_lift,-68.592,-58.110,-68.592,-10.482,-10.482,0
1787735432.431,elbow_flex,58.559,59.824,58.559,-1.265,-1.265,0
1787735432.431,wrist_flex,9.405,2.769,9.405,6.636,6.636,0
1787735432.431,wrist_roll,0.886,1.451,0.886,-0.564,-0.564,0
1787735432.431,gripper,8.340,8.615,8.340,-0.275,-0.275,0
1787735432.481,shoulder_pan,-16.278,-14.418,-16.278,-1.860,-1.860,0
1787735432.481,shoulder_lift,-71.265,-60.396,-71.265,-10.869,-10.869,0
1787735432.481,elbow_flex,59.924,59.824,59.924,0.100,0.100,0
1787735432.481,wrist_flex,10.486,4.615,10.486,5.870,5.870,0
1787735432.481,wrist_roll,0.768,1.363,0.768,-0.595,-0.595,0
1787735432.481,gripper,8.383,8.615,8.383,-0.232,-0.232,0
1787735432.531,shoulder_pan,-16.402,-15.473,-16.402,-0.930,-0.930,0
1787735432.531,shoulder_lift,-73.242,-64.879,-73.242,-8.363,-8.363,0
1787735432.531,elbow_flex,60.897,59.736,60.897,1.161,1.161,0
1787735432.531,wrist_flex,11.325,7.780,11.325,3.544,3.544,0
1787735432.531,wrist_roll,0.677,1.275,0.677,-0.597,-0.597,0
1787735432.531,gripper,8.406,8.615,8.406,-0.209,-0.209,0
1787735432.582,shoulder_pan,-16.471,-16.000,-16.471,-0.471,-0.471,0
1787735432.582,shoulder_lift,-74.416,-68.923,-74.416,-5.493,-5.493,0
1787735432.582,elbow_flex,61.433,60.615,61.433,0.817,0.817,0
1787735432.582,wrist_flex,11.624,9.451,11.624,2.173,2.173,0
1787735432.582,wrist_roll,0.644,1.099,0.644,-0.455,-0.455,0
1787735432.582,gripper,8.453,8.416,8.453,0.037,0.037,0
1787735432.632,shoulder_pan,-16.358,-15.824,-16.358,-0.534,-0.534,0
1787735432.632,shoulder_lift,-75.350,-71.033,-75.350,-4.317,-4.317,0
1787735432.632,elbow_flex,61.885,61.495,61.885,0.391,0.391,0
1787735432.632,wrist_flex,12.791,10.681,12.791,2.109,2.109,0
1787735432.632,wrist_roll,0.589,0.659,0.589,-0.070,-0.070,0
1787735432.632,gripper,8.479,8.615,8.479,-0.136,-0.136,0
1787735432.681,shoulder_pan,-16.449,-16.088,-16.449,-0.361,-0.361,0
1787735432.681,shoulder_lift,-76.352,-72.703,-76.352,-3.648,-3.648,0
1787735432.681,elbow_flex,62.548,61.846,62.548,0.702,0.702,0
1787735432.681,wrist_flex,14.192,11.385,14.192,2.807,2.807,0
1787735432.681,wrist_roll,0.497,0.923,0.497,-0.426,-0.426,0
1787735432.681,gripper,8.562,8.615,8.562,-0.053,-0.053,0
1787735432.732,shoulder_pan,-16.408,-16.176,-16.408,-0.232,-0.232,0
1787735432.732,shoulder_lift,-77.001,-74.549,-77.001,-2.452,-2.452,0
1787735432.732,elbow_flex,63.002,62.374,63.002,0.628,0.628,0
1787735432.732,wrist_flex,15.123,12.527,15.123,2.595,2.595,0
1787735432.732,wrist_roll,0.463,0.923,0.463,-0.460,-0.460,0
1787735432.732,gripper,8.554,8.615,8.554,-0.061,-0.061,0
1787735432.781,shoulder_pan,-16.454,-16.088,-16.454,-0.366,-0.366,0
1787735432.781,shoulder_lift,-77.484,-75.341,-77.484,-2.144,-2.144,0
1787735432.781,elbow_flex,63.411,62.989,63.411,0.422,0.422,0
1787735432.781,wrist_flex,15.595,13.758,15.595,1.836,1.836,0
1787735432.781,wrist_roll,0.427,0.923,0.427,-0.496,-0.496,0
1787735432.781,gripper,8.578,8.615,8.578,-0.037,-0.037,0
1787735432.831,shoulder_pan,-16.540,-16.088,-16.540,-0.452,-0.452,0
1787735432.831,shoulder_lift,-78.124,-76.044,-78.124,-2.080,-2.080,0
1787735432.831,elbow_flex,64.032,63.253,64.032,0.779,0.779,0
1787735432.831,wrist_flex,16.634,14.813,16.634,1.820,1.820,0
1787735432.831,wrist_roll,0.343,0.747,0.343,-0.404,-0.404,0
1787735432.831,gripper,8.608,8.615,8.608,-0.006,-0.006,0
1787735432.881,shoulder_pan,-16.589,-16.176,-16.589,-0.413,-0.413,0
1787735432.881,shoulder_lift,-78.409,-76.923,-78.409,-1.486,-1.486,0
1787735432.881,elbow_flex,64.372,63.429,64.372,0.944,0.944,0
1787735432.881,wrist_flex,16.964,15.429,16.964,1.535,1.535,0
1787735432.881,wrist_roll,0.277,0.571,0.277,-0.294,-0.294,0
1787735432.881,gripper,8.609,8.615,8.609,-0.006,-0.006,0
1787735432.931,shoulder_pan,-16.550,-16.264,-16.550,-0.286,-0.286,0
1787735432.931,shoulder_lift,-78.613,-77.714,-78.613,-0.899,-0.899,0
1787735432.931,elbow_flex,64.703,64.132,64.703,0.571,0.571,0
1787735432.931,wrist_flex,17.117,16.308,17.117,0.809,0.809,0
1787735432.931,wrist_roll,0.231,0.484,0.231,-0.253,-0.253,0
1787735432.931,gripper,8.618,8.615,8.618,0.003,0.003,0
1787735432.981,shoulder_pan,-16.533,-16.264,-16.533,-0.269,-0.269,0
1787735432.981,shoulder_lift,-79.230,-77.802,-79.230,-1.428,-1.428,0
1787735432.981,elbow_flex,64.992,64.484,64.992,0.508,0.508,0
1787735432.981,wrist_flex,17.462,16.835,17.462,0.627,0.627,0
1787735432.981,wrist_roll,0.235,0.484,0.235,-0.248,-0.248,0
1787735432.981,gripper,8.629,8.615,8.629,0.014,0.014,0
1787735433.031,shoulder_pan,-16.500,-16.264,-16.500,-0.236,-0.236,0
1787735433.031,shoulder_lift,-79.353,-78.242,-79.353,-1.111,-1.111,0
1787735433.031,elbow_flex,65.256,64.747,65.256,0.509,0.509,0
1787735433.031,wrist_flex,17.890,17.011,17.890,0.879,0.879,0
1787735433.031,wrist_roll,0.179,0.484,0.179,-0.304,-0.304,0
1787735433.031,gripper,8.642,8.615,8.642,0.027,0.027,0
1787735433.081,shoulder_pan,-16.477,-16.264,-16.477,-0.213,-0.213,0
1787735433.081,shoulder_lift,-79.501,-78.857,-79.501,-0.643,-0.643,0
1787735433.081,elbow_flex,65.542,65.099,65.542,0.443,0.443,0
1787735433.081,wrist_flex,18.113,17.451,18.113,0.663,0.663,0
1787735433.081,wrist_roll,0.152,0.484,0.152,-0.331,-0.331,0
1787735433.081,gripper,8.666,8.615,8.666,0.051,0.051,0
1787735433.132,shoulder_pan,-16.565,-16.264,-16.565,-0.302,-0.302,0
1787735433.132,shoulder_lift,-79.715,-78.945,-79.715,-0.770,-0.770,0
1787735433.132,elbow_flex,66.542,65.538,66.542,1.003,1.003,0
1787735433.132,wrist_flex,18.426,17.802,18.426,0.624,0.624,0
1787735433.132,wrist_roll,0.154,0.484,0.154,-0.330,-0.330,0
1787735433.132,gripper,8.696,8.615,8.696,0.081,0.081,0
1787735433.182,shoulder_pan,-16.525,-16.264,-16.525,-0.261,-0.261,0
1787735433.182,shoulder_lift,-79.676,-79.033,-79.676,-0.643,-0.643,0
1787735433.182,elbow_flex,66.602,65.978,66.602,0.624,0.624,0
1787735433.182,wrist_flex,18.837,18.066,18.837,0.771,0.771,0
1787735433.182,wrist_roll,0.116,0.484,0.116,-0.368,-0.368,0
1787735433.182,gripper,8.674,8.615,8.674,0.059,0.059,0
1787735433.232,shoulder_pan,-16.619,-16.264,-16.619,-0.356,-0.356,0
1787735433.232,shoulder_lift,-79.737,-79.385,-79.737,-0.352,-0.352,0
1787735433.232,elbow_flex,66.433,66.681,66.433,-0.249,-0.249,0
1787735433.232,wrist_flex,18.447,18.505,18.447,-0.058,-0.058,0
1787735433.232,wrist_roll,0.140,0.484,0.140,-0.343,-0.343,0
1787735433.232,gripper,8.684,8.615,8.684,0.070,0.070,0
1787735433.282,shoulder_pan,-16.570,-16.264,-16.570,-0.306,-0.306,0
1787735433.282,shoulder_lift,-79.798,-79.033,-79.798,-0.765,-0.765,0
1787735433.282,elbow_flex,66.465,66.769,66.465,-0.305,-0.305,0
1787735433.282,wrist_flex,18.792,18.593,18.792,0.198,0.198,0
1787735433.282,wrist_roll,0.119,0.484,0.119,-0.365,-0.365,0
1787735433.282,gripper,8.675,8.615,8.675,0.060,0.060,0
1787735433.332,shoulder_pan,-15.553,-16.264,-15.553,0.711,0.711,0
1787735433.332,shoulder_lift,-81.216,-79.209,-81.216,-2.008,-2.008,0
1787735433.332,elbow_flex,68.650,66.769,68.650,1.881,1.881,0
1787735433.332,wrist_flex,19.033,18.681,19.033,0.352,0.352,0
1787735433.332,wrist_roll,-0.109,0.484,-0.109,-0.592,-0.592,0
1787735433.332,gripper,8.473,8.615,8.473,-0.142,-0.142,0
1787735433.382,shoulder_pan,-13.255,-16.264,-13.255,3.009,3.009,0
1787735433.382,shoulder_lift,-84.141,-79.560,-84.141,-4.580,-4.580,0
1787735433.382,elbow_flex,71.017,66.945,71.017,4.072,4.072,0
1787735433.382,wrist_flex,19.574,18.857,19.574,0.717,0.717,0
1787735433.382,wrist_roll,-0.510,0.484,-0.510,-0.993,-0.993,0
1787735433.382,gripper,8.154,8.615,8.154,-0.461,-0.461,0
1787735433.433,shoulder_pan,-12.267,-15.648,-12.267,3.381,3.381,0
1787735433.433,shoulder_lift,-85.588,-80.879,-85.588,-4.709,-4.709,0
1787735433.433,elbow_flex,71.233,69.143,71.233,2.090,2.090,0
1787735433.433,wrist_flex,19.883,19.209,19.883,0.674,0.674,0
1787735433.433,wrist_roll,-0.618,0.044,-0.618,-0.662,-0.662,0
1787735433.433,gripper,8.044,8.549,8.044,-0.504,-0.504,0
1787735433.483,shoulder_pan,-11.719,-13.978,-11.719,2.259,2.259,0
1787735433.483,shoulder_lift,-85.786,-82.813,-85.786,-2.973,-2.973,0
1787735433.483,elbow_flex,71.060,70.989,71.060,0.071,0.071,0
1787735433.483,wrist_flex,19.384,19.648,19.384,-0.264,-0.264,0
1787735433.483,wrist_roll,-0.760,-0.308,-0.760,-0.453,-0.453,0
1787735433.483,gripper,7.938,8.350,7.938,-0.412,-0.412,0
1787735433.532,shoulder_pan,-11.693,-13.011,-11.693,1.318,1.318,0
1787735433.532,shoulder_lift,-86.046,-84.220,-86.046,-1.826,-1.826,0
1787735433.532,elbow_flex,71.128,71.077,71.128,0.051,0.051,0
1787735433.532,wrist_flex,19.545,19.736,19.545,-0.192,-0.192,0
1787735433.532,wrist_roll,-0.793,-0.659,-0.793,-0.134,-0.134,0
1787735433.532,gripper,7.885,8.151,7.885,-0.266,-0.266,0
1787735433.583,shoulder_pan,-11.493,-12.571,-11.493,1.078,1.078,0
1787735433.583,shoulder_lift,-86.581,-85.099,-86.581,-1.482,-1.482,0
1787735433.583,elbow_flex,71.298,71.077,71.298,0.221,0.221,0
1787735433.583,wrist_flex,19.545,19.736,19.545,-0.191,-0.191,0
1787735433.583,wrist_roll,-0.841,-0.396,-0.841,-0.445,-0.445,0
1787735433.583,gripper,7.834,8.085,7.834,-0.251,-0.251,0
1787735433.632,shoulder_pan,-11.484,-12.132,-11.484,0.648,0.648,0
1787735433.632,shoulder_lift,-86.797,-85.451,-86.797,-1.346,-1.346,0
1787735433.632,elbow_flex,71.422,71.341,71.422,0.081,0.081,0
1787735433.632,wrist_flex,19.516,19.736,19.516,-0.220,-0.220,0
1787735433.632,wrist_roll,-0.863,-0.835,-0.863,-0.028,-0.028,0
1787735433.632,gripper,7.805,8.085,7.805,-0.279,-0.279,0
1787735433.683,shoulder_pan,-11.582,-11.956,-11.582,0.374,0.374,0
1787735433.683,shoulder_lift,-87.340,-86.066,-87.340,-1.274,-1.274,0
1787735433.683,elbow_flex,71.540,71.604,71.540,-0.065,-0.065,0
1787735433.683,wrist_flex,19.547,19.736,19.547,-0.190,-0.190,0
1787735433.683,wrist_roll,-0.885,-0.659,-0.885,-0.226,-0.226,0
1787735433.683,gripper,7.774,8.085,7.774,-0.310,-0.310,0
1787735433.733,shoulder_pan,-11.498,-11.956,-11.498,0.458,0.458,0
1787735433.733,shoulder_lift,-87.809,-86.505,-87.809,-1.304,-1.304,0
1787735433.733,elbow_flex,71.617,71.604,71.617,0.012,0.012,0
1787735433.733,wrist_flex,19.431,19.736,19.431,-0.305,-0.305,0
1787735433.733,wrist_roll,-0.925,-0.659,-0.925,-0.265,-0.265,0
1787735433.733,gripper,7.745,8.085,7.745,-0.340,-0.340,0
1787735433.783,shoulder_pan,-11.584,-11.956,-11.584,0.372,0.372,0
1787735433.783,shoulder_lift,-88.099,-87.033,-88.099,-1.066,-1.066,0
1787735433.783,elbow_flex,71.612,71.780,71.612,-0.168,-0.168,0
1787735433.783,wrist_flex,18.956,19.736,18.956,-0.781,-0.781,0
1787735433.783,wrist_roll,-0.950,-0.659,-0.950,-0.290,-0.290,0
1787735433.783,gripper,7.734,8.019,7.734,-0.285,-0.285,0
1787735433.833,shoulder_pan,-11.678,-11.956,-11.678,0.278,0.278,0
1787735433.833,shoulder_lift,-88.191,-87.473,-88.191,-0.719,-0.719,0
1787735433.833,elbow_flex,71.499,71.780,71.499,-0.281,-0.281,0
1787735433.833,wrist_flex,18.522,19.648,18.522,-1.126,-1.126,0
1787735433.833,wrist_roll,-1.008,-0.659,-1.008,-0.348,-0.348,0
1787735433.833,gripper,7.725,7.886,7.725,-0.161,-0.161,0
1787735433.883,shoulder_pan,-11.818,-11.956,-11.818,0.138,0.138,0
1787735433.883,shoulder_lift,-88.473,-87.736,-88.473,-0.736,-0.736,0
1787735433.883,elbow_flex,71.484,71.780,71.484,-0.296,-0.296,0
1787735433.883,wrist_flex,18.675,19.473,18.675,-0.797,-0.797,0
1787735433.883,wrist_roll,-1.050,-0.747,-1.050,-0.302,-0.302,0
1787735433.883,gripper,7.718,7.886,7.718,-0.168,-0.168,0
1787735433.933,shoulder_pan,-11.907,-11.956,-11.907,0.050,0.050,0
1787735433.933,shoulder_lift,-89.021,-88.000,-89.021,-1.021,-1.021,0
1787735433.933,elbow_flex,71.730,71.780,71.730,-0.050,-0.050,0
1787735433.933,wrist_flex,18.715,19.385,18.715,-0.669,-0.669,0
1787735433.933,wrist_roll,-1.098,-0.747,-1.098,-0.351,-0.351,0
1787735433.933,gripper,7.721,7.886,7.721,-0.165,-0.165,0
1787735433.983,shoulder_pan,-11.983,-11.956,-11.983,-0.027,-0.027,0
1787735433.983,shoulder_lift,-89.492,-88.352,-89.492,-1.140,-1.140,0
1787735433.983,elbow_flex,71.820,71.868,71.820,-0.048,-0.048,0
1787735433.983,wrist_flex,18.816,19.385,18.816,-0.569,-0.569,0
1787735433.983,wrist_roll,-1.087,-0.747,-1.087,-0.340,-0.340,0
1787735433.983,gripper,7.728,7.886,7.728,-0.158,-0.158,0
1787735434.033,shoulder_pan,-11.846,-11.956,-11.846,0.110,0.110,0
1787735434.033,shoulder_lift,-89.489,-88.791,-89.489,-0.698,-0.698,0
1787735434.033,elbow_flex,72.032,72.132,72.032,-0.100,-0.100,0
1787735434.033,wrist_flex,18.427,19.385,18.427,-0.958,-0.958,0
1787735434.033,wrist_roll,-1.089,-0.747,-1.089,-0.342,-0.342,0
1787735434.033,gripper,7.683,7.886,7.683,-0.203,-0.203,0
1787735434.084,shoulder_pan,-12.049,-11.956,-12.049,-0.093,-0.093,0
1787735434.084,shoulder_lift,-90.131,-89.055,-90.131,-1.076,-1.076,0
1787735434.084,elbow_flex,72.712,72.132,72.712,0.580,0.580,0
1787735434.084,wrist_flex,18.839,19.385,18.839,-0.546,-0.546,0
1787735434.084,wrist_roll,-1.057,-0.747,-1.057,-0.310,-0.310,0
1787735434.084,gripper,7.649,7.886,7.649,-0.237,-0.237,0
1787735434.133,shoulder_pan,-12.032,-11.956,-12.032,-0.076,-0.076,0
1787735434.133,shoulder_lift,-90.272,-89.407,-90.272,-0.865,-0.865,0
1787735434.133,elbow_flex,72.855,72.396,72.855,0.459,0.459,0
1787735434.133,wrist_flex,18.692,19.385,18.692,-0.692,-0.692,0
1787735434.133,wrist_roll,-1.064,-0.747,-1.064,-0.316,-0.316,0
1787735434.133,gripper,7.620,7.886,7.620,-0.266,-0.266,0
1787735434.184,shoulder_pan,-11.970,-11.956,-11.970,-0.014,-0.014,0
1787735434.184,shoulder_lift,-90.584,-89.934,-90.584,-0.650,-0.650,0
1787735434.184,elbow_flex,72.902,72.923,72.902,-0.021,-0.021,0
1787735434.184,wrist_flex,18.754,19.385,18.754,-0.630,-0.630,0
1787735434.184,wrist_roll,-1.010,-0.747,-1.010,-0.262,-0.262,0
1787735434.184,gripper,7.612,7.820,7.612,-0.208,-0.208,0
1787735434.233,shoulder_pan,-11.967,-11.956,-11.967,-0.011,-0.011,0
1787735434.233,shoulder_lift,-90.771,-90.022,-90.771,-0.749,-0.749,0
1787735434.233,elbow_flex,72.934,72.923,72.934,0.011,0.011,0
1787735434.233,wrist_flex,18.308,19.385,18.308,-1.076,-1.076,0
1787735434.233,wrist_roll,-0.997,-0.747,-0.997,-0.250,-0.250,0
1787735434.233,gripper,7.565,7.753,7.565,-0.189,-0.189,0
1787735434.284,shoulder_pan,-11.967,-11.956,-11.967,-0.011,-0.011,0
1787735434.284,shoulder_lift,-90.898,-90.286,-90.898,-0.612,-0.612,0
1787735434.284,elbow_flex,72.863,72.923,72.863,-0.060,-0.060,0
1787735434.284,wrist_flex,18.164,19.297,18.164,-1.132,-1.132,0
1787735434.284,wrist_roll,-0.970,-0.747,-0.970,-0.223,-0.223,0
1787735434.284,gripper,7.544,7.753,7.544,-0.210,-0.210,0
1787735434.334,shoulder_pan,-13.629,-11.956,-13.629,-1.673,-1.673,0
1787735434.334,shoulder_lift,-91.334,-90.725,-91.334,-0.608,-0.608,0
1787735434.334,elbow_flex,73.159,73.099,73.159,0.060,0.060,0
1787735434.334,wrist_flex,19.549,19.209,19.549,0.340,0.340,0
1787735434.334,wrist_roll,-0.291,-0.835,-0.291,0.544,0.544,0
1787735434.334,gripper,7.463,7.753,7.463,-0.290,-0.290,0
1787735434.384,shoulder_pan,-15.484,-12.044,-15.484,-3.440,-3.440,0
1787735434.384,shoulder_lift,-91.568,-90.637,-91.568,-0.930,-0.930,0
1787735434.384,elbow_flex,71.891,73.187,71.891,-1.296,-1.296,0
1787735434.384,wrist_flex,20.446,19.209,20.446,1.237,1.237,0
1787735434.384,wrist_roll,0.860,-0.747,0.860,1.607,1.607,0
1787735434.384,gripper,7.406,7.753,7.406,-0.347,-0.347,0
1787735434.434,shoulder_pan,-16.074,-13.275,-16.074,-2.800,-2.800,0
1787735434.434,shoulder_lift,-91.257,-90.989,-91.257,-0.268,-0.268,0
1787735434.434,elbow_flex,69.403,73.275,69.403,-3.871,-3.871,0
1787735434.434,wrist_flex,19.381,19.824,19.381,-0.443,-0.443,0
1787735434.434,wrist_roll,1.347,-0.308,1.347,1.655,1.655,0
1787735434.434,gripper,7.559,7.753,7.559,-0.194,-0.194,0
1787735434.485,shoulder_pan,-16.519,-14.945,-16.519,-1.574,-1.574,0
1787735434.485,shoulder_lift,-91.244,-91.341,-91.244,0.096,0.096,0
1787735434.485,elbow_flex,67.273,73.187,67.273,-5.913,-5.913,0
1787735434.485,wrist_flex,18.599,20.088,18.599,-1.489,-1.489,0
1787735434.485,wrist_roll,1.835,0.484,1.835,1.351,1.351,0
1787735434.485,gripper,7.636,7.753,7.636,-0.117,-0.117,0
1787735434.535,shoulder_pan,-16.823,-15.473,-16.823,-1.350,-1.350,0
1787735434.535,shoulder_lift,-90.905,-91.077,-90.905,0.172,0.172,0
1787735434.535,elbow_flex,65.333,71.868,65.333,-6.535,-6.535,0
1787735434.535,wrist_flex,18.692,19.824,18.692,-1.132,-1.132,0
1787735434.535,wrist_roll,2.163,1.011,2.163,1.152,1.152,0
1787735434.535,gripper,7.718,7.753,7.718,-0.035,-0.035,0
1787735434.584,shoulder_pan,-17.002,-16.000,-17.002,-1.002,-1.002,0
1787735434.584,shoulder_lift,-90.976,-91.253,-90.976,0.277,0.277,0
1787735434.584,elbow_flex,63.630,70.286,63.630,-6.656,-6.656,0
1787735434.584,wrist_flex,18.899,19.560,18.899,-0.661,-0.661,0
1787735434.584,wrist_roll,2.485,1.451,2.485,1.035,1.035,0
1787735434.584,gripper,7.743,7.753,7.743,-0.010,-0.010,0
1787735434.635,shoulder_pan,-17.274,-16.527,-17.274,-0.746,-0.746,0
1787735434.635,shoulder_lift,-90.386,-91.429,-90.386,1.042,1.042,0
1787735434.635,elbow_flex,61.555,68.264,61.555,-6.708,-6.708,0
1787735434.635,wrist_flex,18.542,19.560,18.542,-1.018,-1.018,0
1787735434.635,wrist_roll,2.722,2.066,2.722,0.656,0.656,0
1787735434.635,gripper,7.807,7.753,7.807,0.053,0.053,0
1787735434.684,shoulder_pan,-17.342,-16.703,-17.342,-0.638,-0.638,0
1787735434.684,shoulder_lift,-90.036,-91.429,-90.036,1.393,1.393,0
1787735434.684,elbow_flex,59.802,66.681,59.802,-6.880,-6.880,0
1787735434.684,wrist_flex,19.051,19.473,19.051,-0.422,-0.422,0
1787735434.684,wrist_roll,2.865,1.978,2.865,0.887,0.887,0
1787735434.684,gripper,7.785,7.753,7.785,0.032,0.032,0
1787735434.734,shoulder_pan,-17.538,-16.879,-17.538,-0.658,-0.658,0
1787735434.734,shoulder_lift,-89.634,-90.637,-89.634,1.004,1.004,0
1787735434.734,elbow_flex,58.036,64.659,58.036,-6.623,-6.623,0
1787735434.734,wrist_flex,19.438,19.385,19.438,0.053,0.053,0
1787735434.734,wrist_roll,3.112,2.418,3.112,0.694,0.694,0
1787735434.734,gripper,7.821,7.753,7.821,0.068,0.068,0
1787735434.784,shoulder_pan,-17.558,-17.055,-17.558,-0.503,-0.503,0
1787735434.784,shoulder_lift,-89.439,-90.549,-89.439,1.110,1.110,0
1787735434.784,elbow_flex,57.261,63.165,57.261,-5.903,-5.903,0
1787735434.784,wrist_flex,19.615,19.385,19.615,0.230,0.230,0
1787735434.784,wrist_roll,3.100,2.505,3.100,0.594,0.594,0
1787735434.784,gripper,7.798,7.753,7.798,0.045,0.045,0
1787735434.835,shoulder_pan,-17.537,-17.143,-17.537,-0.394,-0.394,0
1787735434.835,shoulder_lift,-89.017,-90.198,-89.017,1.181,1.181,0
1787735434.835,elbow_flex,56.846,61.143,56.846,-4.297,-4.297,0
1787735434.835,wrist_flex,20.082,19.385,20.082,0.697,0.697,0
1787735434.835,wrist_roll,2.978,2.769,2.978,0.209,0.209,0
1787735434.835,gripper,7.867,7.753,7.867,0.113,0.113,0
1787735434.886,shoulder_pan,-17.565,-17.231,-17.565,-0.334,-0.334,0
1787735434.886,shoulder_lift,-88.528,-90.022,-88.528,1.494,1.494,0
1787735434.886,elbow_flex,56.658,60.088,56.658,-3.430,-3.430,0
1787735434.886,wrist_flex,20.523,19.736,20.523,0.787,0.787,0
1787735434.886,wrist_roll,2.798,2.769,2.798,0.029,0.029,0
1787735434.886,gripper,7.825,7.753,7.825,0.072,0.072,0
1787735434.934,shoulder_pan,-17.568,-17.231,-17.568,-0.337,-0.337,0
1787735434.934,shoulder_lift,-88.418,-89.582,-88.418,1.164,1.164,0
1787735434.934,elbow_flex,56.450,59.736,56.450,-3.286,-3.286,0
1787735434.934,wrist_flex,21.522,20.088,21.522,1.434,1.434,0
1787735434.934,wrist_roll,2.720,2.857,2.720,-0.137,-0.137,0
1787735434.934,gripper,7.853,7.753,7.853,0.100,0.100,0
1787735434.984,shoulder_pan,-17.479,-17.231,-17.479,-0.248,-0.248,0
1787735434.984,shoulder_lift,-88.240,-89.143,-88.240,0.903,0.903,0
1787735434.984,elbow_flex,56.368,59.648,56.368,-3.280,-3.280,0
1787735434.984,wrist_flex,22.190,20.615,22.190,1.575,1.575,0
1787735434.984,wrist_roll,2.578,2.857,2.578,-0.279,-0.279,0
1787735434.984,gripper,7.890,7.753,7.890,0.137,0.137,0
1787735435.035,shoulder_pan,-17.481,-17.231,-17.481,-0.250,-0.250,0
1787735435.035,shoulder_lift,-88.204,-88.791,-88.204,0.587,0.587,0
1787735435.035,elbow_flex,56.181,59.648,56.181,-3.467,-3.467,0
1787735435.035,wrist_flex,23.135,21.495,23.135,1.641,1.641,0
1787735435.035,wrist_roll,2.521,2.857,2.521,-0.336,-0.336,0
1787735435.035,gripper,7.898,7.753,7.898,0.145,0.145,0
1787735435.085,shoulder_pan,-17.340,-17.231,-17.340,-0.109,-0.109,0
1787735435.085,shoulder_lift,-87.916,-88.703,-87.916,0.788,0.788,0
1787735435.085,elbow_flex,55.883,59.648,55.883,-3.765,-3.765,0
1787735435.085,wrist_flex,24.061,22.198,24.061,1.863,1.863,0
1787735435.085,wrist_roll,2.510,2.857,2.510,-0.347,-0.347,0
1787735435.085,gripper,7.910,7.753,7.910,0.156,0.156,0
1787735435.135,shoulder_pan,-17.422,-17.231,-17.422,-0.192,-0.192,0
1787735435.135,shoulder_lift,-87.868,-88.703,-87.868,0.836,0.836,0
1787735435.135,elbow_flex,55.499,59.473,55.499,-3.974,-3.974,0
1787735435.135,wrist_flex,24.618,23.077,24.618,1.542,1.542,0
1787735435.135,wrist_roll,2.457,2.857,2.457,-0.401,-0.401,0
1787735435.135,gripper,7.902,7.753,7.902,0.148,0.148,0
1787735435.186,shoulder_pan,-17.387,-17.231,-17.387,-0.156,-0.156,0
1787735435.186,shoulder_lift,-87.704,-88.352,-87.704,0.648,0.648,0
1787735435.186,elbow_flex,55.369,59.033,55.369,-3.664,-3.664,0
1787735435.186,wrist_flex,25.285,23.956,25.285,1.329,1.329,0
1787735435.186,wrist_roll,2.400,2.857,2.400,-0.458,-0.458,0
1787735435.186,gripper,7.915,7.753,7.915,0.161,0.161,0
1787735435.235,shoulder_pan,-17.414,-17.231,-17.414,-0.184,-0.184,0
1787735435.235,shoulder_lift,-87.735,-88.352,-87.735,0.616,0.616,0
1787735435.235,elbow_flex,55.061,58.769,55.061,-3.709,-3.709,0
1787735435.235,wrist_flex,25.146,24.571,25.146,0.575,0.575,0
1787735435.235,wrist_roll,2.363,2.857,2.363,-0.494,-0.494,0
1787735435.235,gripper,7.944,7.753,7.944,0.190,0.190,0
1787735435.286,shoulder_pan,-16.908,-17.231,-16.908,0.323,0.323,0
1787735435.286,shoulder_lift,-87.818,-88.000,-87.818,0.182,0.182,0
1787735435.286,elbow_flex,53.889,58.242,53.889,-4.353,-4.353,0
1787735435.286,wrist_flex,25.462,24.835,25.462,0.627,0.627,0
1787735435.286,wrist_roll,2.643,2.857,2.643,-0.214,-0.214,0
1787735435.286,gripper,8.148,7.753,8.148,0.394,0.394,0
1787735435.335,shoulder_pan,-16.041,-17.231,-16.041,1.190,1.190,0
1787735435.335,shoulder_lift,-88.898,-88.000,-88.898,-0.898,-0.898,0
1787735435.335,elbow_flex,52.412,57.626,52.412,-5.214,-5.214,0
1787735435.335,wrist_flex,25.014,25.275,25.014,-0.260,-0.260,0
1787735435.335,wrist_roll,2.911,2.857,2.911,0.054,0.054,0
1787735435.335,gripper,8.589,7.753,8.589,0.836,0.836,0
1787735435.385,shoulder_pan,-15.809,-17.231,-15.809,1.422,1.422,0
1787735435.385,shoulder_lift,-89.362,-88.176,-89.362,-1.187,-1.187,0
1787735435.385,elbow_flex,52.372,56.571,52.372,-4.200,-4.200,0
1787735435.385,wrist_flex,25.202,25.275,25.202,-0.073,-0.073,0
1787735435.385,wrist_roll,2.746,2.857,2.746,-0.112,-0.112,0
1787735435.385,gripper,8.788,7.820,8.788,0.968,0.968,0
1787735435.435,shoulder_pan,-15.696,-16.527,-15.696,0.831,0.831,0
1787735435.435,shoulder_lift,-89.774,-88.967,-89.774,-0.807,-0.807,0
1787735435.435,elbow_flex,52.194,55.341,52.194,-3.147,-3.147,0
1787735435.435,wrist_flex,25.426,25.275,25.426,0.152,0.152,0
1787735435.435,wrist_roll,2.693,2.857,2.693,-0.164,-0.164,0
1787735435.435,gripper,8.963,8.217,8.963,0.746,0.746,0
1787735435.485,shoulder_pan,-15.557,-16.176,-15.557,0.619,0.619,0
1787735435.485,shoulder_lift,-89.886,-89.319,-89.886,-0.567,-0.567,0
1787735435.485,elbow_flex,52.090,54.637,52.090,-2.547,-2.547,0
1787735435.485,wrist_flex,25.608,25.275,25.608,0.334,0.334,0
1787735435.485,wrist_roll,2.634,2.681,2.634,-0.048,-0.048,0
1787735435.485,gripper,9.052,8.482,9.052,0.570,0.570,0
1787735435.536,shoulder_pan,-15.548,-16.088,-15.548,0.540,0.540,0
1787735435.536,shoulder_lift,-90.112,-89.670,-90.112,-0.441,-0.441,0
1787735435.536,elbow_flex,52.173,54.549,52.173,-2.376,-2.376,0
1787735435.536,wrist_flex,25.698,25.363,25.698,0.336,0.336,0
1787735435.536,wrist_roll,2.614,2.769,2.614,-0.155,-0.155,0
1787735435.536,gripper,9.139,8.748,9.139,0.391,0.391,0
1787735435.586,shoulder_pan,-15.485,-15.824,-15.485,0.339,0.339,0
1787735435.586,shoulder_lift,-90.148,-89.846,-90.148,-0.302,-0.302,0
1787735435.586,elbow_flex,52.250,54.462,52.250,-2.211,-2.211,0
1787735435.586,wrist_flex,26.162,25.363,26.162,0.799,0.799,0
1787735435.586,wrist_roll,2.570,2.857,2.570,-0.287,-0.287,0
1787735435.586,gripper,9.151,8.748,9.151,0.403,0.403,0
1787735435.636,shoulder_pan,-15.540,-15.824,-15.540,0.284,0.284,0
1787735435.636,shoulder_lift,-90.314,-90.022,-90.314,-0.292,-0.292,0
1787735435.636,elbow_flex,52.040,54.462,52.040,-2.422,-2.422,0
1787735435.636,wrist_flex,26.377,25.538,26.377,0.838,0.838,0
1787735435.636,wrist_roll,2.575,2.857,2.575,-0.282,-0.282,0
1787735435.636,gripper,9.144,8.748,9.144,0.397,0.397,0
1787735435.686,shoulder_pan,-15.599,-15.824,-15.599,0.225,0.225,0
1787735435.686,shoulder_lift,-90.378,-90.110,-90.378,-0.268,-0.268,0
1787735435.686,elbow_flex,52.277,54.462,52.277,-2.184,-2.184,0
1787735435.686,wrist_flex,26.518,26.066,26.518,0.452,0.452,0
1787735435.686,wrist_roll,2.553,2.857,2.553,-0.304,-0.304,0
1787735435.686,gripper,9.093,8.748,9.093,0.345,0.345,0
1787735435.737,shoulder_pan,-15.497,-15.824,-15.497,0.327,0.327,0
1787735435.737,shoulder_lift,-90.298,-90.198,-90.298,-0.101,-0.101,0
1787735435.737,elbow_flex,52.129,54.462,52.129,-2.333,-2.333,0
1787735435.737,wrist_flex,26.544,26.242,26.544,0.302,0.302,0
1787735435.737,wrist_roll,2.526,2.857,2.526,-0.331,-0.331,0
1787735435.737,gripper,9.060,8.748,9.060,0.312,0.312,0
1787735435.786,shoulder_pan,-15.553,-15.824,-15.553,0.271,0.271,0
1787735435.786,shoulder_lift,-90.518,-90.198,-90.518,-0.320,-0.320,0
1787735435.786,elbow_flex,52.161,54.462,52.161,-2.301,-2.301,0
1787735435.786,wrist_flex,26.749,26.330,26.749,0.419,0.419,0
1787735435.786,wrist_roll,2.547,2.857,2.547,-0.310,-0.310,0
1787735435.786,gripper,9.050,8.748,9.050,0.302,0.302,0
1787735435.838,shoulder_pan,-15.574,-15.824,-15.574,0.250,0.250,0
1787735435.838,shoulder_lift,-90.427,-90.198,-90.427,-0.229,-0.229,0
1787735435.838,elbow_flex,52.278,54.462,52.278,-2.183,-2.183,0
1787735435.838,wrist_flex,26.969,26.418,26.969,0.551,0.551,0
1787735435.838,wrist_roll,2.554,2.857,2.554,-0.303,-0.303,0
1787735435.838,gripper,9.004,8.748,9.004,0.257,0.257,0
1787735435.886,shoulder_pan,-15.573,-15.824,-15.573,0.251,0.251,0
1787735435.886,shoulder_lift,-90.577,-90.198,-90.577,-0.379,-0.379,0
1787735435.886,elbow_flex,52.307,54.462,52.307,-2.154,-2.154,0
1787735435.886,wrist_flex,27.437,26.505,27.437,0.931,0.931,0
1787735435.886,wrist_roll,2.551,2.857,2.551,-0.307,-0.307,0
1787735435.886,gripper,8.953,8.748,8.953,0.205,0.205,0
1787735435.936,shoulder_pan,-15.632,-15.824,-15.632,0.192,0.192,0
1787735435.936,shoulder_lift,-90.480,-90.286,-90.480,-0.195,-0.195,0
1787735435.936,elbow_flex,52.342,54.462,52.342,-2.120,-2.120,0
1787735435.936,wrist_flex,27.932,27.033,27.932,0.899,0.899,0
1787735435.936,wrist_roll,2.533,2.857,2.533,-0.324,-0.324,0
1787735435.936,gripper,8.956,8.748,8.956,0.209,0.209,0
1787735435.986,shoulder_pan,-15.666,-15.824,-15.666,0.158,0.158,0
1787735435.986,shoulder_lift,-90.513,-90.374,-90.513,-0.140,-0.140,0
1787735435.986,elbow_flex,52.372,54.462,52.372,-2.090,-2.090,0
1787735435.986,wrist_flex,27.737,27.473,27.737,0.265,0.265,0
1787735435.986,wrist_roll,2.512,2.857,2.512,-0.345,-0.345,0
1787735435.986,gripper,8.975,8.748,8.975,0.227,0.227,0
1787735436.037,shoulder_pan,-15.651,-15.824,-15.651,0.173,0.173,0
1787735436.037,shoulder_lift,-91.014,-90.374,-91.014,-0.640,-0.640,0
1787735436.037,elbow_flex,52.272,54.462,52.272,-2.189,-2.189,0
1787735436.037,wrist_flex,29.683,27.648,29.683,2.034,2.034,0
1787735436.037,wrist_roll,2.540,2.857,2.540,-0.317,-0.317,0
1787735436.037,gripper,8.934,8.748,8.934,0.186,0.186,0
1787735436.087,shoulder_pan,-15.646,-15.824,-15.646,0.178,0.178,0
1787735436.087,shoulder_lift,-91.137,-90.549,-91.137,-0.588,-0.588,0
1787735436.087,elbow_flex,52.096,54.462,52.096,-2.366,-2.366,0
1787735436.087,wrist_flex,30.156,28.000,30.156,2.156,2.156,0
1787735436.087,wrist_roll,2.556,2.857,2.556,-0.301,-0.301,0
1787735436.087,gripper,8.948,8.748,8.948,0.201,0.201,0
1787735436.136,shoulder_pan,-15.705,-15.824,-15.705,0.119,0.119,0
1787735436.136,shoulder_lift,-91.213,-90.901,-91.213,-0.312,-0.312,0
1787735436.136,elbow_flex,52.275,54.462,52.275,-2.186,-2.186,0
1787735436.136,wrist_flex,30.179,29.319,30.179,0.860,0.860,0
1787735436.136,wrist_roll,2.560,2.857,2.560,-0.297,-0.297,0
1787735436.136,gripper,8.950,8.748,8.950,0.203,0.203,0
1787735436.187,shoulder_pan,-15.739,-15.824,-15.739,0.085,0.085,0
1787735436.187,shoulder_lift,-91.275,-90.901,-91.275,-0.374,-0.374,0
1787735436.187,elbow_flex,52.182,54.462,52.182,-2.279,-2.279,0
1787735436.187,wrist_flex,30.893,29.758,30.893,1.135,1.135,0
1787735436.187,wrist_roll,2.586,2.857,2.586,-0.271,-0.271,0
1787735436.187,gripper,8.968,8.748,8.968,0.220,0.220,0
1787735436.237,shoulder_pan,-15.533,-15.824,-15.533,0.291,0.291,0
1787735436.237,shoulder_lift,-94.010,-90.901,-94.010,-3.109,-3.109,0
1787735436.237,elbow_flex,52.655,54.462,52.655,-1.807,-1.807,0
1787735436.237,wrist_flex,37.984,30.286,37.984,7.698,7.698,0
1787735436.237,wrist_roll,2.526,2.857,2.526,-0.331,-0.331,0
1787735436.237,gripper,8.982,8.748,8.982,0.234,0.234,0
1787735436.287,shoulder_pan,-14.986,-15.824,-14.986,0.838,0.838,0
1787735436.287,shoulder_lift,-96.520,-91.341,-96.520,-5.179,-5.179,0
1787735436.287,elbow_flex,53.372,54.462,53.372,-1.090,-1.090,0
1787735436.287,wrist_flex,45.700,30.989,45.700,14.711,14.711,0
1787735436.287,wrist_roll,2.026,2.857,2.026,-0.831,-0.831,0
1787735436.287,gripper,9.319,8.748,9.319,0.571,0.571,0
1787735436.337,shoulder_pan,-14.949,-15.736,-14.949,0.787,0.787,0
1787735436.337,shoulder_lift,-97.025,-93.363,-97.025,-3.662,-3.662,0
1787735436.337,elbow_flex,53.347,54.462,53.347,-1.115,-1.115,0
1787735436.337,wrist_flex,46.466,34.418,46.466,12.048,12.048,0
1787735436.337,wrist_roll,1.976,2.681,1.976,-0.706,-0.706,0
1787735436.337,gripper,9.513,8.814,9.513,0.699,0.699,0
1787735436.387,shoulder_pan,-14.867,-15.385,-14.867,0.517,0.517,0
1787735436.387,shoulder_lift,-96.369,-95.736,-96.369,-0.633,-0.633,0
1787735436.387,elbow_flex,53.143,54.374,53.143,-1.231,-1.231,0
1787735436.387,wrist_flex,46.757,40.132,46.757,6.626,6.626,0
1787735436.387,wrist_roll,1.830,2.330,1.830,-0.500,-0.500,0
1787735436.387,gripper,9.559,9.079,9.559,0.480,0.480,0
1787735436.438,shoulder_pan,-14.887,-15.385,-14.887,0.497,0.497,0
1787735436.438,shoulder_lift,-95.759,-96.176,-95.759,0.416,0.416,0
1787735436.438,elbow_flex,53.003,54.462,53.003,-1.458,-1.458,0
1787735436.438,wrist_flex,46.295,43.824,46.295,2.471,2.471,0
1787735436.438,wrist_roll,1.816,1.978,1.816,-0.162,-0.162,0
1787735436.438,gripper,9.589,9.278,9.589,0.311,0.311,0
1787735436.488,shoulder_pan,-14.857,-15.209,-14.857,0.352,0.352,0
1787735436.488,shoulder_lift,-95.437,-95.824,-95.437,0.387,0.387,0
1787735436.488,elbow_flex,52.854,54.462,52.854,-1.608,-1.608,0
1787735436.488,wrist_flex,46.009,45.055,46.009,0.954,0.954,0
1787735436.488,wrist_roll,1.729,2.066,1.729,-0.337,-0.337,0
1787735436.488,gripper,9.564,9.278,9.564,0.286,0.286,0
1787735436.538,shoulder_pan,-14.978,-15.209,-14.978,0.231,0.231,0
1787735436.538,shoulder_lift,-94.585,-96.264,-94.585,1.679,1.679,0
1787735436.538,elbow_flex,52.573,54.462,52.573,-1.889,-1.889,0
1787735436.538,wrist_flex,44.647,45.407,44.647,-0.760,-0.760,0
1787735436.538,wrist_roll,1.749,1.978,1.749,-0.229,-0.229,0
1787735436.538,gripper,9.574,9.278,9.574,0.296,0.296,0
1787735436.587,shoulder_pan,-14.983,-15.209,-14.983,0.226,0.226,0
1787735436.587,shoulder_lift,-93.911,-96.088,-93.911,2.177,2.177,0
1787735436.587,elbow_flex,52.249,54.374,52.249,-2.125,-2.125,0
1787735436.587,wrist_flex,45.109,45.407,45.109,-0.298,-0.298,0
1787735436.587,wrist_roll,1.636,1.890,1.636,-0.254,-0.254,0
1787735436.587,gripper,9.610,9.278,9.610,0.333,0.333,0
1787735436.638,shoulder_pan,-15.035,-15.209,-15.035,0.173,0.173,0
1787735436.638,shoulder_lift,-93.132,-95.209,-93.132,2.077,2.077,0
1787735436.638,elbow_flex,52.034,54.374,52.034,-2.340,-2.340,0
1787735436.638,wrist_flex,44.474,45.319,44.474,-0.844,-0.844,0
1787735436.638,wrist_roll,1.629,1.890,1.629,-0.262,-0.262,0
1787735436.638,gripper,9.685,9.278,9.685,0.407,0.407,0
1787735436.687,shoulder_pan,-15.004,-15.209,-15.004,0.204,0.204,0
1787735436.687,shoulder_lift,-91.827,-94.681,-91.827,2.854,2.854,0
1787735436.687,elbow_flex,51.821,54.286,51.821,-2.465,-2.465,0
1787735436.687,wrist_flex,43.189,45.319,43.189,-2.129,-2.129,0
1787735436.687,wrist_roll,1.516,1.978,1.516,-0.462,-0.462,0
1787735436.687,gripper,9.703,9.278,9.703,0.426,0.426,0
1787735436.740,shoulder_pan,-15.025,-15.209,-15.025,0.184,0.184,0
1787735436.740,shoulder_lift,-91.143,-93.802,-91.143,2.659,2.659,0
1787735436.740,elbow_flex,51.629,54.110,51.629,-2.481,-2.481,0
1787735436.740,wrist_flex,42.643,44.967,42.643,-2.324,-2.324,0
1787735436.740,wrist_roll,1.454,1.978,1.454,-0.524,-0.524,0
1787735436.740,gripper,9.715,9.278,9.715,0.437,0.437,0
1787735436.789,shoulder_pan,-15.021,-15.209,-15.021,0.187,0.187,0
1787735436.789,shoulder_lift,-90.056,-92.747,-90.056,2.691,2.691,0
1787735436.789,elbow_flex,51.504,54.110,51.504,-2.606,-2.606,0
1787735436.789,wrist_flex,41.954,44.088,41.954,-2.133,-2.133,0
1787735436.789,wrist_roll,1.382,1.802,1.382,-0.420,-0.420,0
1787735436.789,gripper,9.727,9.278,9.727,0.449,0.449,0
1787735436.837,shoulder_pan,-15.043,-15.209,-15.043,0.165,0.165,0
1787735436.837,shoulder_lift,-88.817,-91.956,-88.817,3.139,3.139,0
1787735436.837,elbow_flex,51.466,53.934,51.466,-2.468,-2.468,0
1787735436.837,wrist_flex,40.661,43.560,40.661,-2.899,-2.899,0
1787735436.837,wrist_roll,1.327,1.538,1.327,-0.211,-0.211,0
1787735436.837,gripper,9.651,9.278,9.651,0.374,0.374,0
1787735436.888,shoulder_pan,-15.066,-15.209,-15.066,0.143,0.143,0
1787735436.888,shoulder_lift,-87.795,-90.901,-87.795,3.106,3.106,0
1787735436.888,elbow_flex,51.380,53.846,51.380,-2.466,-2.466,0
1787735436.888,wrist_flex,39.225,42.681,39.225,-3.456,-3.456,0
1787735436.888,wrist_roll,1.337,1.451,1.337,-0.113,-0.113,0
1787735436.888,gripper,9.592,9.278,9.592,0.314,0.314,0
1787735436.943,shoulder_pan,-15.123,-15.209,-15.123,0.086,0.086,0
1787735436.943,shoulder_lift,-86.715,-89.582,-86.715,2.868,2.868,0
1787735436.943,elbow_flex,51.334,53.670,51.334,-2.336,-2.336,0
1787735436.943,wrist_flex,38.136,41.538,38.136,-3.402,-3.402,0
1787735436.943,wrist_roll,1.335,1.451,1.335,-0.115,-0.115,0
1787735436.943,gripper,9.517,9.278,9.517,0.239,0.239,0
1787735436.988,shoulder_pan,-15.470,-15.209,-15.470,-0.262,-0.262,0
1787735436.988,shoulder_lift,-84.679,-88.703,-84.679,4.024,4.024,0
1787735436.988,elbow_flex,51.257,53.582,51.257,-2.325,-2.325,0
1787735436.988,wrist_flex,34.407,40.484,34.407,-6.076,-6.076,0
1787735436.988,wrist_roll,1.327,1.451,1.327,-0.124,-0.124,0
1787735436.988,gripper,9.462,9.278,9.462,0.185,0.185,0
1787735437.038,shoulder_pan,-15.595,-15.209,-15.595,-0.387,-0.387,0
1787735437.038,shoulder_lift,-83.844,-87.560,-83.844,3.717,3.717,0
1787735437.038,elbow_flex,51.261,53.582,51.261,-2.322,-2.322,0
1787735437.038,wrist_flex,32.425,39.253,32.425,-6.828,-6.828,0
1787735437.038,wrist_roll,1.277,1.451,1.277,-0.173,-0.173,0
1787735437.038,gripper,9.491,9.278,9.491,0.213,0.213,0
1787735437.089,shoulder_pan,-15.629,-15.209,-15.629,-0.420,-0.420,0
1787735437.089,shoulder_lift,-83.338,-85.802,-83.338,2.464,2.464,0
1787735437.089,elbow_flex,51.158,53.582,51.158,-2.425,-2.425,0
1787735437.089,wrist_flex,29.783,36.527,29.783,-6.744,-6.744,0
1787735437.089,wrist_roll,1.217,1.363,1.217,-0.145,-0.145,0
1787735437.089,gripper,9.519,9.278,9.519,0.241,0.241,0
1787735437.137,shoulder_pan,-15.682,-15.209,-15.682,-0.473,-0.473,0
1787735437.137,shoulder_lift,-82.623,-84.571,-82.623,1.949,1.949,0
1787735437.137,elbow_flex,50.963,53.582,50.963,-2.619,-2.619,0
1787735437.137,wrist_flex,27.425,34.330,27.425,-6.905,-6.905,0
1787735437.137,wrist_roll,1.054,1.275,1.054,-0.221,-0.221,0
1787735437.137,gripper,9.522,9.278,9.522,0.245,0.245,0
1787735437.188,shoulder_pan,-15.780,-15.209,-15.780,-0.571,-0.571,0
1787735437.188,shoulder_lift,-83.530,-83.868,-83.530,0.338,0.338,0
1787735437.188,elbow_flex,52.202,53.582,52.202,-1.380,-1.380,0
1787735437.188,wrist_flex,34.294,31.604,34.294,2.690,2.690,0
1787735437.188,wrist_roll,1.411,1.275,1.411,0.136,0.136,0
1787735437.188,gripper,9.797,9.278,9.797,0.520,0.520,0
1787735437.238,shoulder_pan,-16.007,-15.209,-16.007,-0.798,-0.798,0
1787735437.238,shoulder_lift,-85.231,-83.604,-85.231,-1.627,-1.627,0
1787735437.238,elbow_flex,54.497,53.582,54.497,0.914,0.914,0
1787735437.238,wrist_flex,41.350,29.934,41.350,11.416,11.416,0
1787735437.238,wrist_roll,1.809,1.275,1.809,0.534,0.534,0
1787735437.238,gripper,9.965,9.278,9.965,0.687,0.687,0
1787735437.290,shoulder_pan,-15.862,-15.297,-15.862,-0.565,-0.565,0
1787735437.290,shoulder_lift,-86.719,-84.044,-86.719,-2.675,-2.675,0
1787735437.290,elbow_flex,55.192,53.670,55.192,1.521,1.521,0
1787735437.290,wrist_flex,40.220,32.308,40.220,7.912,7.912,0
1787735437.290,wrist_roll,1.728,1.538,1.728,0.190,0.190,0
1787735437.290,gripper,9.903,9.543,9.903,0.361,0.361,0
1787735437.338,shoulder_pan,-15.960,-15.560,-15.960,-0.400,-0.400,0
1787735437.338,shoulder_lift,-87.504,-85.187,-87.504,-2.317,-2.317,0
1787735437.338,elbow_flex,55.465,54.989,55.465,0.476,0.476,0
1787735437.338,wrist_flex,40.585,36.879,40.585,3.706,3.706,0
1787735437.338,wrist_roll,1.734,1.626,1.734,0.108,0.108,0
1787735437.338,gripper,9.902,9.609,9.902,0.293,0.293,0
1787735437.389,shoulder_pan,-15.986,-15.648,-15.986,-0.338,-0.338,0
1787735437.389,shoulder_lift,-88.802,-85.802,-88.802,-3.000,-3.000,0
1787735437.389,elbow_flex,55.958,55.516,55.958,0.442,0.442,0
1787735437.389,wrist_flex,40.927,39.077,40.927,1.850,1.850,0
1787735437.389,wrist_roll,1.734,1.538,1.734,0.195,0.195,0
1787735437.389,gripper,9.874,9.675,9.874,0.199,0.199,0
1787735437.439,shoulder_pan,-15.873,-15.648,-15.873,-0.225,-0.225,0
1787735437.439,shoulder_lift,-89.425,-87.385,-89.425,-2.040,-2.040,0
1787735437.439,elbow_flex,56.489,55.780,56.489,0.709,0.709,0
1787735437.439,wrist_flex,39.933,39.868,39.933,0.065,0.065,0
1787735437.439,wrist_roll,1.650,1.451,1.650,0.199,0.199,0
1787735437.439,gripper,9.820,9.742,9.820,0.078,0.078,0
1787735437.489,shoulder_pan,-15.879,-15.736,-15.879,-0.142,-0.142,0
1787735437.489,shoulder_lift,-90.160,-88.264,-90.160,-1.896,-1.896,0
1787735437.489,elbow_flex,56.526,56.308,56.526,0.219,0.219,0
1787735437.489,wrist_flex,40.140,40.220,40.140,-0.080,-0.080,0
1787735437.489,wrist_roll,1.691,1.626,1.691,0.065,0.065,0
1787735437.489,gripper,9.818,9.675,9.818,0.143,0.143,0
1787735437.539,shoulder_pan,-15.899,-15.736,-15.899,-0.163,-0.163,0
1787735437.539,shoulder_lift,-90.739,-88.879,-90.739,-1.860,-1.860,0
1787735437.539,elbow_flex,56.851,56.659,56.851,0.192,0.192,0
1787735437.539,wrist_flex,39.662,40.220,39.662,-0.558,-0.558,0
1787735437.539,wrist_roll,1.667,1.451,1.667,0.216,0.216,0
1787735437.539,gripper,9.825,9.742,9.825,0.083,0.083,0
1787735437.589,shoulder_pan,-15.839,-15.648,-15.839,-0.190,-0.190,0
1787735437.589,shoulder_lift,-90.871,-90.110,-90.871,-0.761,-0.761,0
1787735437.589,elbow_flex,56.803,56.835,56.803,-0.033,-0.033,0
1787735437.589,wrist_flex,39.959,40.132,39.959,-0.173,-0.173,0
1787735437.589,wrist_roll,1.690,1.451,1.690,0.240,0.240,0
1787735437.589,gripper,9.818,9.742,9.818,0.076,0.076,0
1787735437.639,shoulder_pan,-15.845,-15.736,-15.845,-0.109,-0.109,0
1787735437.639,shoulder_lift,-91.373,-90.374,-91.373,-0.999,-0.999,0
1787735437.639,elbow_flex,56.945,56.923,56.945,0.022,0.022,0
1787735437.639,wrist_flex,39.675,40.132,39.675,-0.457,-0.457,0
1787735437.639,wrist_roll,1.670,1.451,1.670,0.220,0.220,0
1787735437.639,gripper,9.812,9.742,9.812,0.070,0.070,0
1787735437.689,shoulder_pan,-15.893,-15.648,-15.893,-0.245,-0.245,0
1787735437.689,shoulder_lift,-91.486,-90.549,-91.486,-0.936,-0.936,0
1787735437.689,elbow_flex,56.863,57.099,56.863,-0.236,-0.236,0
1787735437.689,wrist_flex,39.636,40.132,39.636,-0.496,-0.496,0
1787735437.689,wrist_roll,1.695,1.538,1.695,0.157,0.157,0
1787735437.689,gripper,9.816,9.742,9.816,0.074,0.074,0
1787735437.738,shoulder_pan,-15.812,-15.648,-15.812,-0.164,-0.164,0
1787735437.738,shoulder_lift,-91.719,-91.253,-91.719,-0.466,-0.466,0
1787735437.738,elbow_flex,56.851,57.187,56.851,-0.336,-0.336,0
1787735437.738,wrist_flex,40.040,40.132,40.040,-0.092,-0.092,0
1787735437.738,wrist_roll,1.644,1.451,1.644,0.193,0.193,0
1787735437.738,gripper,9.810,9.742,9.810,0.069,0.069,0
1787735437.789,shoulder_pan,-15.823,-15.648,-15.823,-0.175,-0.175,0
1787735437.789,shoulder_lift,-92.166,-91.604,-92.166,-0.562,-0.562,0
1787735437.789,elbow_flex,56.897,57.099,56.897,-0.202,-0.202,0
1787735437.789,wrist_flex,40.604,40.132,40.604,0.472,0.472,0
1787735437.789,wrist_roll,1.704,1.451,1.704,0.254,0.254,0
1787735437.789,gripper,9.815,9.742,9.815,0.073,0.073,0
1787735437.839,shoulder_pan,-15.932,-15.648,-15.932,-0.283,-0.283,0
1787735437.839,shoulder_lift,-92.465,-91.604,-92.465,-0.860,-0.860,0
1787735437.839,elbow_flex,56.669,57.187,56.669,-0.518,-0.518,0
1787735437.839,wrist_flex,41.093,40.220,41.093,0.873,0.873,0
1787735437.839,wrist_roll,1.748,1.451,1.748,0.297,0.297,0
1787735437.839,gripper,9.843,9.742,9.843,0.101,0.101,0
1787735437.889,shoulder_pan,-15.811,-15.648,-15.811,-0.163,-0.163,0
1787735437.889,shoulder_lift,-92.688,-92.308,-92.688,-0.381,-0.381,0
1787735437.889,elbow_flex,57.041,57.187,57.041,-0.146,-0.146,0
1787735437.889,wrist_flex,40.875,40.747,40.875,0.127,0.127,0
1787735437.889,wrist_roll,1.659,1.451,1.659,0.208,0.208,0
1787735437.889,gripper,9.824,9.742,9.824,0.082,0.082,0
1787735437.940,shoulder_pan,-15.965,-15.736,-15.965,-0.229,-0.229,0
1787735437.940,shoulder_lift,-93.379,-92.396,-93.379,-0.984,-0.984,0
1787735437.940,elbow_flex,57.216,57.275,57.216,-0.059,-0.059,0
1787735437.940,wrist_flex,40.559,40.747,40.559,-0.189,-0.189,0
1787735437.940,wrist_roll,1.695,1.451,1.695,0.245,0.245,0
1787735437.940,gripper,9.848,9.742,9.848,0.106,0.106,0
1787735437.990,shoulder_pan,-15.943,-15.648,-15.943,-0.295,-0.295,0
1787735437.990,shoulder_lift,-93.671,-92.484,-93.671,-1.188,-1.188,0
1787735437.990,elbow_flex,57.272,57.538,57.272,-0.267,-0.267,0
1787735437.990,wrist_flex,40.907,40.747,40.907,0.160,0.160,0
1787735437.990,wrist_roll,1.749,1.451,1.749,0.299,0.299,0
1787735437.990,gripper,9.887,9.742,9.887,0.145,0.145,0
1787735438.040,shoulder_pan,-15.865,-15.648,-15.865,-0.217,-0.217,0
1787735438.040,shoulder_lift,-93.864,-93.451,-93.864,-0.414,-0.414,0
1787735438.040,elbow_flex,57.311,57.538,57.311,-0.228,-0.228,0
1787735438.040,wrist_flex,40.228,40.835,40.228,-0.607,-0.607,0
1787735438.040,wrist_roll,1.666,1.451,1.666,0.216,0.216,0
1787735438.040,gripper,9.843,9.742,9.843,0.102,0.102,0
1787735438.090,shoulder_pan,-15.953,-15.648,-15.953,-0.304,-0.304,0
1787735438.090,shoulder_lift,-93.908,-93.538,-93.908,-0.369,-0.369,0
1787735438.090,elbow_flex,57.391,57.363,57.391,0.029,0.029,0
1787735438.090,wrist_flex,39.992,40.747,39.992,-0.755,-0.755,0
1787735438.090,wrist_roll,1.642,1.451,1.642,0.191,0.191,0
1787735438.090,gripper,9.837,9.742,9.837,0.096,0.096,0
1787735438.141,shoulder_pan,-16.249,-15.648,-16.249,-0.600,-0.600,0
1787735438.141,shoulder_lift,-93.629,-93.451,-93.629,-0.179,-0.179,0
1787735438.141,elbow_flex,57.519,57.538,57.519,-0.019,-0.019,0
1787735438.141,wrist_flex,37.836,40.747,37.836,-2.911,-2.911,0
1787735438.141,wrist_roll,1.725,1.451,1.725,0.274,0.274,0
1787735438.141,gripper,10.066,9.742,10.066,0.324,0.324,0
1787735438.189,shoulder_pan,-16.569,-15.736,-16.569,-0.833,-0.833,0
1787735438.189,shoulder_lift,-92.818,-93.802,-92.818,0.984,0.984,0
1787735438.189,elbow_flex,57.636,57.538,57.636,0.097,0.097,0
1787735438.189,wrist_flex,34.420,40.484,34.420,-6.064,-6.064,0
1787735438.189,wrist_roll,1.728,1.451,1.728,0.278,0.278,0
1787735438.189,gripper,10.249,9.742,10.249,0.507,0.507,0
1787735438.239,shoulder_pan,-16.316,-16.000,-16.316,-0.316,-0.316,0
1787735438.239,shoulder_lift,-92.070,-93.802,-92.070,1.733,1.733,0
1787735438.239,elbow_flex,57.212,57.802,57.212,-0.590,-0.590,0
1787735438.239,wrist_flex,32.552,38.637,32.552,-6.085,-6.085,0
1787735438.239,wrist_roll,1.582,1.451,1.582,0.131,0.131,0
1787735438.239,gripper,10.158,9.742,10.158,0.416,0.416,0
1787735438.290,shoulder_pan,-15.873,-16.176,-15.873,0.303,0.303,0
1787735438.290,shoulder_lift,-91.680,-92.923,-91.680,1.243,1.243,0
1787735438.290,elbow_flex,56.597,57.890,56.597,-1.293,-1.293,0
1787735438.290,wrist_flex,31.648,36.176,31.648,-4.528,-4.528,0
1787735438.290,wrist_roll,1.554,1.363,1.554,0.191,0.191,0
1787735438.290,gripper,10.100,9.808,10.100,0.292,0.292,0
1787735438.340,shoulder_pan,-15.220,-16.176,-15.220,0.955,0.955,0
1787735438.340,shoulder_lift,-91.210,-92.659,-91.210,1.449,1.449,0
1787735438.340,elbow_flex,55.894,57.802,55.894,-1.908,-1.908,0
1787735438.340,wrist_flex,30.081,34.330,30.081,-4.249,-4.249,0
1787735438.340,wrist_roll,1.498,1.363,1.498,0.135,0.135,0
1787735438.340,gripper,10.038,9.874,10.038,0.164,0.164,0
1787735438.391,shoulder_pan,-14.382,-16.176,-14.382,1.794,1.794,0
1787735438.391,shoulder_lift,-90.713,-92.220,-90.713,1.506,1.506,0
1787735438.391,elbow_flex,55.359,57.802,55.359,-2.444,-2.444,0
1787735438.391,wrist_flex,28.546,32.923,28.546,-4.377,-4.377,0
1787735438.391,wrist_roll,1.374,1.363,1.374,0.011,0.011,0
1787735438.391,gripper,9.923,9.874,9.923,0.049,0.049,0
1787735438.440,shoulder_pan,-13.396,-15.560,-13.396,2.164,2.164,0
1787735438.440,shoulder_lift,-90.203,-91.692,-90.203,1.490,1.490,0
1787735438.440,elbow_flex,54.654,57.802,54.654,-3.148,-3.148,0
1787735438.440,wrist_flex,27.838,31.429,27.838,-3.590,-3.590,0
1787735438.440,wrist_roll,1.263,1.363,1.263,-0.100,-0.100,0
1787735438.440,gripper,9.848,9.874,9.848,-0.026,-0.026,0
1787735438.491,shoulder_pan,-12.247,-14.769,-12.247,2.523,2.523,0
1787735438.491,shoulder_lift,-89.870,-91.165,-89.870,1.294,1.294,0
1787735438.491,elbow_flex,54.207,57.538,54.207,-3.331,-3.331,0
1787735438.491,wrist_flex,26.902,29.934,26.902,-3.032,-3.032,0
1787735438.491,wrist_roll,1.196,1.363,1.196,-0.166,-0.166,0
1787735438.491,gripper,9.777,9.874,9.777,-0.097,-0.097,0
1787735438.540,shoulder_pan,-10.797,-13.890,-10.797,3.093,3.093,0
1787735438.540,shoulder_lift,-89.600,-90.813,-89.600,1.213,1.213,0
1787735438.540,elbow_flex,53.211,57.011,53.211,-3.800,-3.800,0
1787735438.540,wrist_flex,26.876,28.967,26.876,-2.091,-2.091,0
1787735438.540,wrist_roll,0.983,1.363,0.983,-0.379,-0.379,0
1787735438.540,gripper,9.662,9.940,9.662,-0.279,-0.279,0
1787735438.592,shoulder_pan,-9.414,-12.747,-9.414,3.333,3.333,0
1787735438.592,shoulder_lift,-89.479,-90.374,-89.479,0.894,0.894,0
1787735438.592,elbow_flex,52.554,56.484,52.554,-3.929,-3.929,0
1787735438.592,wrist_flex,28.457,28.176,28.457,0.282,0.282,0
1787735438.592,wrist_roll,0.727,1.363,0.727,-0.636,-0.636,0
1787735438.592,gripper,9.550,9.940,9.550,-0.390,-0.390,0
1787735438.640,shoulder_pan,-8.064,-11.429,-8.064,3.365,3.365,0
1787735438.640,shoulder_lift,-89.616,-90.110,-89.616,0.493,0.493,0
1787735438.640,elbow_flex,51.455,55.604,51.455,-4.149,-4.149,0
1787735438.640,wrist_flex,31.932,28.176,31.932,3.756,3.756,0
1787735438.640,wrist_roll,0.563,1.275,0.563,-0.712,-0.712,0
1787735438.640,gripper,9.472,10.007,9.472,-0.535,-0.535,0
1787735438.690,shoulder_pan,-6.736,-10.198,-6.736,3.461,3.461,0
1787735438.690,shoulder_lift,-89.876,-90.022,-89.876,0.146,0.146,0
1787735438.690,elbow_flex,50.601,54.813,50.601,-4.212,-4.212,0
1787735438.690,wrist_flex,34.306,28.879,34.306,5.426,5.426,0
1787735438.690,wrist_roll,0.395,0.835,0.395,-0.441,-0.441,0
1787735438.690,gripper,9.411,9.940,9.411,-0.529,-0.529,0
1787735438.740,shoulder_pan,-5.791,-8.879,-5.791,3.088,3.088,0
1787735438.740,shoulder_lift,-89.832,-90.110,-89.832,0.278,0.278,0
1787735438.740,elbow_flex,49.759,53.758,49.759,-3.999,-3.999,0
1787735438.740,wrist_flex,36.720,31.253,36.720,5.467,5.467,0
1787735438.740,wrist_roll,0.176,0.747,0.176,-0.571,-0.571,0
1787735438.740,gripper,9.336,9.742,9.336,-0.406,-0.406,0
1787735438.791,shoulder_pan,-5.228,-7.385,-5.228,2.156,2.156,0
1787735438.791,shoulder_lift,-90.186,-90.022,-90.186,-0.164,-0.164,0
1787735438.791,elbow_flex,49.154,52.879,49.154,-3.725,-3.725,0
1787735438.791,wrist_flex,39.419,33.451,39.419,5.968,5.968,0
1787735438.791,wrist_roll,-0.085,0.484,-0.085,-0.568,-0.568,0
1787735438.791,gripper,9.284,9.609,9.284,-0.325,-0.325,0
1787735438.840,shoulder_pan,-5.033,-6.505,-5.033,1.472,1.472,0
1787735438.840,shoulder_lift,-90.126,-90.022,-90.126,-0.104,-0.104,0
1787735438.840,elbow_flex,48.667,52.088,48.667,-3.421,-3.421,0
1787735438.840,wrist_flex,40.658,35.824,40.658,4.834,4.834,0
1787735438.840,wrist_roll,-0.186,0.396,-0.186,-0.581,-0.581,0
1787735438.840,gripper,9.277,9.476,9.277,-0.200,-0.200,0
1787735438.892,shoulder_pan,-4.736,-5.890,-4.736,1.154,1.154,0
1787735438.892,shoulder_lift,-90.514,-90.022,-90.514,-0.492,-0.492,0
1787735438.892,elbow_flex,47.835,51.473,47.835,-3.638,-3.638,0
1787735438.892,wrist_flex,43.478,38.286,43.478,5.192,5.192,0
1787735438.892,wrist_roll,-0.240,0.132,-0.240,-0.372,-0.372,0
1787735438.892,gripper,9.279,9.476,9.279,-0.198,-0.198,0
1787735438.940,shoulder_pan,-4.630,-5.451,-4.630,0.821,0.821,0
1787735438.940,shoulder_lift,-90.754,-90.110,-90.754,-0.644,-0.644,0
1787735438.940,elbow_flex,47.532,50.945,47.532,-3.413,-3.413,0
1787735438.940,wrist_flex,43.389,39.868,43.389,3.521,3.521,0
1787735438.940,wrist_roll,-0.268,-0.044,-0.268,-0.225,-0.225,0
1787735438.940,gripper,9.303,9.476,9.303,-0.173,-0.173,0
1787735438.992,shoulder_pan,-4.518,-5.011,-4.518,0.493,0.493,0
1787735438.992,shoulder_lift,-90.756,-90.549,-90.756,-0.207,-0.207,0
1787735438.992,elbow_flex,47.342,50.242,47.342,-2.900,-2.900,0
1787735438.992,wrist_flex,43.372,42.066,43.372,1.306,1.306,0
1787735438.992,wrist_roll,-0.215,-0.044,-0.215,-0.171,-0.171,0
1787735438.992,gripper,9.268,9.476,9.268,-0.208,-0.208,0
1787735439.041,shoulder_pan,-4.389,-5.011,-4.389,0.622,0.622,0
1787735439.041,shoulder_lift,-90.629,-90.637,-90.629,0.008,0.008,0
1787735439.041,elbow_flex,47.352,49.802,47.352,-2.451,-2.451,0
1787735439.041,wrist_flex,43.357,42.593,43.357,0.763,0.763,0
1787735439.041,wrist_roll,-0.233,-0.044,-0.233,-0.189,-0.189,0
1787735439.041,gripper,9.237,9.476,9.237,-0.239,-0.239,0
1787735439.091,shoulder_pan,-4.258,-4.747,-4.258,0.489,0.489,0
1787735439.091,shoulder_lift,-91.055,-90.637,-91.055,-0.417,-0.417,0
1787735439.091,elbow_flex,46.093,49.714,46.093,-3.622,-3.622,0
1787735439.091,wrist_flex,43.613,43.033,43.613,0.580,0.580,0
1787735439.091,wrist_roll,0.301,-0.044,0.301,0.345,0.345,0
1787735439.091,gripper,9.198,9.476,9.198,-0.278,-0.278,0
1787735439.141,shoulder_pan,-4.416,-4.747,-4.416,0.331,0.331,0
1787735439.141,shoulder_lift,-91.345,-90.637,-91.345,-0.708,-0.708,0
1787735439.141,elbow_flex,45.225,49.451,45.225,-4.226,-4.226,0
1787735439.141,wrist_flex,42.670,43.385,42.670,-0.715,-0.715,0
1787735439.141,wrist_roll,0.917,-0.044,0.917,0.961,0.961,0
1787735439.141,gripper,9.044,9.476,9.044,-0.432,-0.432,0
1787735439.191,shoulder_pan,-4.836,-4.747,-4.836,-0.089,-0.089,0
1787735439.191,shoulder_lift,-91.068,-90.989,-91.068,-0.079,-0.079,0
1787735439.191,elbow_flex,45.038,48.484,45.038,-3.445,-3.445,0
1787735439.191,wrist_flex,42.029,43.385,42.029,-1.356,-1.356,0
1787735439.191,wrist_roll,1.003,0.044,1.003,0.959,0.959,0
1787735439.191,gripper,8.897,9.410,8.897,-0.513,-0.513,0
1787735439.242,shoulder_pan,-5.425,-4.747,-5.425,-0.678,-0.678,0
1787735439.242,shoulder_lift,-90.747,-91.253,-90.747,0.506,0.506,0
1787735439.242,elbow_flex,45.089,47.516,45.089,-2.428,-2.428,0
1787735439.242,wrist_flex,41.268,43.033,41.268,-1.765,-1.765,0
1787735439.242,wrist_roll,1.095,0.659,1.095,0.436,0.436,0
1787735439.242,gripper,8.756,9.211,8.756,-0.456,-0.456,0
1787735439.292,shoulder_pan,-6.062,-4.835,-6.062,-1.227,-1.227,0
1787735439.292,shoulder_lift,-90.445,-91.253,-90.445,0.808,0.808,0
1787735439.292,elbow_flex,44.789,47.165,44.789,-2.376,-2.376,0
1787735439.292,wrist_flex,40.840,42.593,40.840,-1.753,-1.753,0
1787735439.292,wrist_roll,1.222,0.659,1.222,0.563,0.563,0
1787735439.292,gripper,8.663,9.013,8.663,-0.350,-0.350,0
1787735439.342,shoulder_pan,-6.874,-5.187,-6.874,-1.687,-1.687,0
1787735439.342,shoulder_lift,-90.175,-91.253,-90.175,1.078,1.078,0
1787735439.342,elbow_flex,44.611,47.077,44.611,-2.466,-2.466,0
1787735439.342,wrist_flex,40.460,42.066,40.460,-1.606,-1.606,0
1787735439.342,wrist_roll,1.235,0.659,1.235,0.576,0.576,0
1787735439.342,gripper,8.553,8.946,8.553,-0.393,-0.393,0
1787735439.392,shoulder_pan,-7.902,-5.890,-7.902,-2.012,-2.012,0
1787735439.392,shoulder_lift,-89.640,-91.077,-89.640,1.437,1.437,0
1787735439.392,elbow_flex,44.519,46.813,44.519,-2.294,-2.294,0
1787735439.392,wrist_flex,39.772,41.626,39.772,-1.854,-1.854,0
1787735439.392,wrist_roll,1.263,0.747,1.263,0.515,0.515,0
1787735439.392,gripper,8.488,8.946,8.488,-0.459,-0.459,0
1787735439.442,shoulder_pan,-8.728,-6.681,-8.728,-2.046,-2.046,0
1787735439.442,shoulder_lift,-89.136,-90.901,-89.136,1.765,1.765,0
1787735439.442,elbow_flex,44.471,46.813,44.471,-2.342,-2.342,0
1787735439.442,wrist_flex,39.346,41.187,39.346,-1.841,-1.841,0
1787735439.442,wrist_roll,1.276,0.923,1.276,0.353,0.353,0
1787735439.442,gripper,8.371,8.880,8.371,-0.509,-0.509,0
1787735439.493,shoulder_pan,-9.321,-7.560,-9.321,-1.760,-1.760,0
1787735439.493,shoulder_lift,-87.979,-90.374,-87.979,2.394,2.394,0
1787735439.493,elbow_flex,44.473,46.725,44.473,-2.252,-2.252,0
1787735439.493,wrist_flex,38.325,40.571,38.325,-2.246,-2.246,0
1787735439.493,wrist_roll,1.196,0.835,1.196,0.360,0.360,0
1787735439.493,gripper,8.208,8.681,8.208,-0.473,-0.473,0
1787735439.542,shoulder_pan,-9.534,-8.352,-9.534,-1.182,-1.182,0
1787735439.542,shoulder_lift,-87.730,-89.758,-87.730,2.028,2.028,0
1787735439.542,elbow_flex,44.205,46.725,44.205,-2.520,-2.520,0
1787735439.542,wrist_flex,38.216,40.132,38.216,-1.916,-1.916,0
1787735439.542,wrist_roll,1.152,0.923,1.152,0.229,0.229,0
1787735439.542,gripper,8.115,8.482,8.115,-0.367,-0.367,0
1787735439.593,shoulder_pan,-9.590,-8.879,-9.590,-0.711,-0.711,0
1787735439.593,shoulder_lift,-87.422,-88.879,-87.422,1.457,1.457,0
1787735439.593,elbow_flex,44.085,46.549,44.085,-2.465,-2.465,0
1787735439.593,wrist_flex,38.167,39.429,38.167,-1.261,-1.261,0
1787735439.593,wrist_roll,1.142,1.011,1.142,0.131,0.131,0
1787735439.593,gripper,8.005,8.350,8.005,-0.345,-0.345,0
1787735439.642,shoulder_pan,-9.405,-9.143,-9.405,-0.262,-0.262,0
1787735439.642,shoulder_lift,-86.946,-88.440,-86.946,1.494,1.494,0
1787735439.642,elbow_flex,44.390,46.374,44.390,-1.983,-1.983,0
1787735439.642,wrist_flex,37.416,39.165,37.416,-1.749,-1.749,0
1787735439.642,wrist_roll,1.023,0.923,1.023,0.100,0.100,0
1787735439.642,gripper,7.879,8.284,7.879,-0.404,-0.404,0
1787735439.692,shoulder_pan,-9.298,-9.231,-9.298,-0.067,-0.067,0
1787735439.692,shoulder_lift,-86.828,-88.176,-86.828,1.348,1.348,0
1787735439.692,elbow_flex,44.758,46.286,44.758,-1.527,-1.527,0
1787735439.692,wrist_flex,36.304,38.813,36.304,-2.509,-2.509,0
1787735439.692,wrist_roll,0.994,1.011,0.994,-0.017,-0.017,0
1787735439.692,gripper,7.755,8.217,7.755,-0.463,-0.463,0
1787735439.741,shoulder_pan,-9.066,-9.143,-9.066,0.077,0.077,0
1787735439.741,shoulder_lift,-87.176,-87.736,-87.176,0.560,0.560,0
1787735439.741,elbow_flex,45.108,46.286,45.108,-1.178,-1.178,0
1787735439.741,wrist_flex,35.408,38.110,35.408,-2.702,-2.702,0
1787735439.741,wrist_roll,0.929,0.923,0.929,0.006,0.006,0
1787735439.741,gripper,7.690,8.019,7.690,-0.328,-0.328,0
1787735439.792,shoulder_pan,-8.924,-9.143,-8.924,0.219,0.219,0
1787735439.792,shoulder_lift,-87.286,-87.560,-87.286,0.274,0.274,0
1787735439.792,elbow_flex,45.299,46.286,45.299,-0.986,-0.986,0
1787735439.792,wrist_flex,35.056,37.231,35.056,-2.175,-2.175,0
1787735439.792,wrist_roll,0.933,1.011,0.933,-0.078,-0.078,0
1787735439.792,gripper,7.619,8.019,7.619,-0.400,-0.400,0
1787735439.843,shoulder_pan,-8.901,-9.143,-8.901,0.242,0.242,0
1787735439.843,shoulder_lift,-87.951,-87.648,-87.951,-0.303,-0.303,0
1787735439.843,elbow_flex,45.995,46.286,45.995,-0.291,-0.291,0
1787735439.843,wrist_flex,35.511,36.440,35.511,-0.929,-0.929,0
1787735439.843,wrist_roll,0.913,1.011,0.913,-0.098,-0.098,0
1787735439.843,gripper,7.440,7.886,7.440,-0.446,-0.446,0
1787735439.892,shoulder_pan,-8.764,-9.143,-8.764,0.379,0.379,0
1787735439.892,shoulder_lift,-88.101,-87.648,-88.101,-0.452,-0.452,0
1787735439.892,elbow_flex,46.374,46.374,46.374,0.000,0.000,0
1787735439.892,wrist_flex,35.494,36.176,35.494,-0.682,-0.682,0
1787735439.892,wrist_roll,0.901,1.011,0.901,-0.110,-0.110,0
1787735439.892,gripper,7.345,7.687,7.345,-0.342,-0.342,0
1787735439.943,shoulder_pan,-8.638,-9.143,-8.638,0.505,0.505,0
1787735439.943,shoulder_lift,-88.244,-87.912,-88.244,-0.332,-0.332,0
1787735439.943,elbow_flex,46.786,46.462,46.786,0.325,0.325,0
1787735439.943,wrist_flex,35.069,36.176,35.069,-1.107,-1.107,0
1787735439.943,wrist_roll,0.866,1.011,0.866,-0.145,-0.145,0
1787735439.943,gripper,7.266,7.621,7.266,-0.355,-0.355,0
1787735439.993,shoulder_pan,-8.595,-9.143,-8.595,0.548,0.548,0
1787735439.993,shoulder_lift,-88.211,-88.176,-88.211,-0.035,-0.035,0
1787735439.993,elbow_flex,47.041,46.637,47.041,0.403,0.403,0
1787735439.993,wrist_flex,34.612,36.088,34.612,-1.476,-1.476,0
1787735439.993,wrist_roll,0.839,1.011,0.839,-0.172,-0.172,0
1787735439.993,gripper,7.162,7.488,7.162,-0.326,-0.326,0
1787735440.044,shoulder_pan,-8.177,-8.967,-8.177,0.790,0.790,0
1787735440.044,shoulder_lift,-87.742,-88.088,-87.742,0.346,0.346,0
1787735440.044,elbow_flex,47.190,46.901,47.190,0.289,0.289,0
1787735440.044,wrist_flex,41.006,35.736,41.006,5.270,5.270,0
1787735440.044,wrist_roll,0.747,1.099,0.747,-0.351,-0.351,0
1787735440.044,gripper,7.595,7.356,7.595,0.239,0.239,0
1787735440.093,shoulder_pan,-6.510,-8.879,-6.510,2.369,2.369,0
1787735440.093,shoulder_lift,-84.219,-88.088,-84.219,3.869,3.869,0
1787735440.093,elbow_flex,47.155,47.165,47.155,-0.010,-0.010,0
1787735440.093,wrist_flex,44.270,35.648,44.270,8.622,8.622,0
1787735440.093,wrist_roll,0.447,1.099,0.447,-0.651,-0.651,0
1787735440.093,gripper,8.300,7.356,8.300,0.944,0.944,0
1787735440.143,shoulder_pan,-5.066,-8.352,-5.066,3.286,3.286,0
1787735440.143,shoulder_lift,-81.800,-88.088,-81.800,6.288,6.288,0
1787735440.143,elbow_flex,47.154,47.165,47.154,-0.011,-0.011,0
1787735440.143,wrist_flex,42.255,38.374,42.255,3.881,3.881,0
1787735440.143,wrist_roll,0.389,1.011,0.389,-0.622,-0.622,0
1787735440.143,gripper,8.390,7.422,8.390,0.968,0.968,0
1787735440.192,shoulder_pan,-3.392,-7.121,-3.392,3.729,3.729,0
1787735440.192,shoulder_lift,-79.464,-85.978,-79.464,6.514,6.514,0
1787735440.192,elbow_flex,47.041,47.077,47.041,-0.036,-0.036,0
1787735440.192,wrist_flex,40.321,41.714,40.321,-1.393,-1.393,0
1787735440.192,wrist_roll,0.365,0.747,0.365,-0.383,-0.383,0
1787735440.192,gripper,8.455,7.886,8.455,0.569,0.569,0
1787735440.244,shoulder_pan,-2.222,-5.626,-2.222,3.404,3.404,0
1787735440.244,shoulder_lift,-77.276,-82.901,-77.276,5.625,5.625,0
1787735440.244,elbow_flex,47.052,47.253,47.052,-0.201,-0.201,0
1787735440.244,wrist_flex,38.243,41.978,38.243,-3.735,-3.735,0
1787735440.244,wrist_roll,0.288,0.571,0.288,-0.283,-0.283,0
1787735440.244,gripper,8.489,8.085,8.489,0.404,0.404,0
1787735440.293,shoulder_pan,-1.302,-4.220,-1.302,2.918,2.918,0
1787735440.293,shoulder_lift,-76.144,-81.055,-76.144,4.911,4.911,0
1787735440.293,elbow_flex,47.151,47.253,47.151,-0.101,-0.101,0
1787735440.293,wrist_flex,38.505,40.747,38.505,-2.243,-2.243,0
1787735440.293,wrist_roll,0.268,0.220,0.268,0.049,0.049,0
1787735440.293,gripper,8.460,8.085,8.460,0.375,0.375,0
1787735440.344,shoulder_pan,-0.928,-3.165,-0.928,2.236,2.236,0
1787735440.344,shoulder_lift,-75.437,-79.033,-75.437,3.596,3.596,0
1787735440.344,elbow_flex,47.104,47.165,47.104,-0.060,-0.060,0
1787735440.344,wrist_flex,38.325,39.692,38.325,-1.367,-1.367,0
1787735440.344,wrist_roll,0.262,0.484,0.262,-0.222,-0.222,0
1787735440.344,gripper,8.475,8.217,8.475,0.257,0.257,0
1787735440.393,shoulder_pan,-0.668,-1.934,-0.668,1.266,1.266,0
1787735440.393,shoulder_lift,-75.186,-77.187,-75.186,2.001,2.001,0
1787735440.393,elbow_flex,47.174,47.429,47.174,-0.254,-0.254,0
1787735440.393,wrist_flex,38.206,39.429,38.206,-1.223,-1.223,0
1787735440.393,wrist_roll,0.234,0.484,0.234,-0.249,-0.249,0
1787735440.393,gripper,8.482,8.217,8.482,0.265,0.265,0
1787735440.444,shoulder_pan,-0.739,-1.407,-0.739,0.668,0.668,0
1787735440.444,shoulder_lift,-75.257,-76.220,-75.257,0.962,0.962,0
1787735440.444,elbow_flex,47.284,47.516,47.284,-0.232,-0.232,0
1787735440.444,wrist_flex,38.650,39.429,38.650,-0.778,-0.778,0
1787735440.444,wrist_roll,0.252,0.220,0.252,0.032,0.032,0
1787735440.444,gripper,8.475,8.284,8.475,0.192,0.192,0
1787735440.493,shoulder_pan,-0.706,-1.231,-0.706,0.525,0.525,0
1787735440.493,shoulder_lift,-75.596,-76.044,-75.596,0.447,0.447,0
1787735440.493,elbow_flex,47.646,47.516,47.646,0.129,0.129,0
1787735440.493,wrist_flex,38.141,39.341,38.141,-1.199,-1.199,0
1787735440.493,wrist_roll,0.209,0.308,0.209,-0.099,-0.099,0
1787735440.493,gripper,8.464,8.284,8.464,0.180,0.180,0
1787735440.545,shoulder_pan,-0.671,-1.231,-0.671,0.560,0.560,0
1787735440.545,shoulder_lift,-75.849,-75.868,-75.849,0.019,0.019,0
1787735440.545,elbow_flex,47.774,47.516,47.774,0.257,0.257,0
1787735440.545,wrist_flex,38.192,39.165,38.192,-0.973,-0.973,0
1787735440.545,wrist_roll,0.202,0.484,0.202,-0.282,-0.282,0
1787735440.545,gripper,8.506,8.284,8.506,0.222,0.222,0
1787735440.593,shoulder_pan,-0.664,-1.143,-0.664,0.479,0.479,0
1787735440.593,shoulder_lift,-76.298,-75.692,-76.298,-0.606,-0.606,0
1787735440.593,elbow_flex,48.152,47.780,48.152,0.372,0.372,0
1787735440.593,wrist_flex,38.016,39.077,38.016,-1.060,-1.060,0
1787735440.593,wrist_roll,0.159,0.484,0.159,-0.325,-0.325,0
1787735440.593,gripper,8.485,8.284,8.485,0.201,0.201,0
1787735440.644,shoulder_pan,-0.712,-1.055,-0.712,0.343,0.343,0
1787735440.644,shoulder_lift,-76.791,-75.780,-76.791,-1.011,-1.011,0
1787735440.644,elbow_flex,48.367,48.132,48.367,0.235,0.235,0
1787735440.644,wrist_flex,38.461,38.989,38.461,-0.528,-0.528,0
1787735440.644,wrist_roll,0.187,0.396,0.187,-0.208,-0.208,0
1787735440.644,gripper,8.479,8.284,8.479,0.195,0.195,0
1787735440.693,shoulder_pan,-0.702,-1.055,-0.702,0.353,0.353,0
1787735440.693,shoulder_lift,-77.035,-76.220,-77.035,-0.815,-0.815,0
1787735440.693,elbow_flex,48.668,48.396,48.668,0.272,0.272,0
1787735440.693,wrist_flex,38.220,38.901,38.220,-0.681,-0.681,0
1787735440.693,wrist_roll,0.133,0.396,0.133,-0.262,-0.262,0
1787735440.693,gripper,8.456,8.284,8.456,0.173,0.173,0
1787735440.744,shoulder_pan,-0.686,-1.055,-0.686,0.369,0.369,0
1787735440.744,shoulder_lift,-77.190,-76.571,-77.190,-0.619,-0.619,0
1787735440.744,elbow_flex,48.917,48.659,48.917,0.258,0.258,0
1787735440.744,wrist_flex,37.306,38.901,37.306,-1.595,-1.595,0
1787735440.744,wrist_roll,0.152,0.484,0.152,-0.331,-0.331,0
1787735440.744,gripper,8.437,8.284,8.437,0.154,0.154,0
1787735440.794,shoulder_pan,-0.774,-1.055,-0.774,0.281,0.281,0
1787735440.794,shoulder_lift,-77.232,-76.835,-77.232,-0.396,-0.396,0
1787735440.794,elbow_flex,49.583,48.923,49.583,0.660,0.660,0
1787735440.794,wrist_flex,36.768,38.725,36.768,-1.957,-1.957,0
1787735440.794,wrist_roll,0.098,0.484,0.098,-0.386,-0.386,0
1787735440.794,gripper,8.407,8.284,8.407,0.123,0.123,0
1787735440.844,shoulder_pan,-0.777,-1.055,-0.777,0.278,0.278,0
1787735440.844,shoulder_lift,-77.237,-76.923,-77.237,-0.314,-0.314,0
1787735440.844,elbow_flex,49.845,49.275,49.845,0.570,0.570,0
1787735440.844,wrist_flex,36.307,38.022,36.307,-1.715,-1.715,0
1787735440.844,wrist_roll,0.084,0.484,0.084,-0.399,-0.399,0
1787735440.844,gripper,8.376,8.284,8.376,0.093,0.093,0
1787735440.894,shoulder_pan,-0.834,-1.055,-0.834,0.221,0.221,0
1787735440.894,shoulder_lift,-77.187,-77.099,-77.187,-0.088,-0.088,0
1787735440.894,elbow_flex,49.689,49.714,49.689,-0.025,-0.025,0
1787735440.894,wrist_flex,36.682,37.582,36.682,-0.901,-0.901,0
1787735440.894,wrist_roll,0.114,0.484,0.114,-0.370,-0.370,0
1787735440.894,gripper,8.410,8.284,8.410,0.126,0.126,0
1787735440.944,shoulder_pan,-0.738,-1.055,-0.738,0.317,0.317,0
1787735440.944,shoulder_lift,-76.842,-76.923,-76.842,0.081,0.081,0
1787735440.944,elbow_flex,50.147,49.802,50.147,0.345,0.345,0
1787735440.944,wrist_flex,36.735,37.407,36.735,-0.671,-0.671,0
1787735440.944,wrist_roll,0.102,0.484,0.102,-0.382,-0.382,0
1787735440.944,gripper,8.410,8.284,8.410,0.126,0.126,0
1787735440.995,shoulder_pan,-1.641,-1.055,-1.641,-0.586,-0.586,0
1787735440.995,shoulder_lift,-75.772,-76.923,-75.772,1.151,1.151,0
1787735440.995,elbow_flex,48.843,49.890,48.843,-1.047,-1.047,0
1787735440.995,wrist_flex,38.758,37.407,38.758,1.351,1.351,0
1787735440.995,wrist_roll,0.498,0.484,0.498,0.014,0.014,0
1787735440.995,gripper,8.542,8.284,8.542,0.259,0.259,0
1787735441.044,shoulder_pan,-2.668,-1.143,-2.668,-1.525,-1.525,0
1787735441.044,shoulder_lift,-74.453,-77.011,-74.453,2.558,2.558,0
1787735441.044,elbow_flex,47.518,50.242,47.518,-2.723,-2.723,0
1787735441.044,wrist_flex,41.151,37.495,41.151,3.657,3.657,0
1787735441.044,wrist_roll,1.266,0.484,1.266,0.783,0.783,0
1787735441.044,gripper,8.674,8.284,8.674,0.390,0.390,0
1787735441.096,shoulder_pan,-2.765,-1.670,-2.765,-1.094,-1.094,0
1787735441.096,shoulder_lift,-74.164,-76.044,-74.164,1.880,1.880,0
1787735441.096,elbow_flex,47.679,50.066,47.679,-2.387,-2.387,0
1787735441.096,wrist_flex,41.631,38.989,41.631,2.642,2.642,0
1787735441.096,wrist_roll,1.521,0.484,1.521,1.038,1.038,0
1787735441.096,gripper,8.688,8.284,8.688,0.404,0.404,0
1787735441.144,shoulder_pan,-2.851,-2.286,-2.851,-0.565,-0.565,0
1787735441.144,shoulder_lift,-74.049,-74.901,-74.049,0.852,0.852,0
1787735441.144,elbow_flex,48.148,49.890,48.148,-1.742,-1.742,0
1787735441.144,wrist_flex,41.908,40.484,41.908,1.424,1.424,0
1787735441.144,wrist_roll,1.751,0.923,1.751,0.828,0.828,0
1787735441.144,gripper,8.691,8.350,8.691,0.341,0.341,0
1787735441.196,shoulder_pan,-2.836,-2.549,-2.836,-0.287,-0.287,0
1787735441.196,shoulder_lift,-74.076,-74.462,-74.076,0.385,0.385,0
1787735441.196,elbow_flex,48.318,49.890,48.318,-1.572,-1.572,0
1787735441.196,wrist_flex,43.404,41.275,43.404,2.130,2.130,0
1787735441.196,wrist_roll,2.034,1.187,2.034,0.847,0.847,0
1787735441.196,gripper,8.753,8.482,8.753,0.270,0.270,0
1787735441.244,shoulder_pan,-2.856,-2.637,-2.856,-0.218,-0.218,0
1787735441.244,shoulder_lift,-74.298,-74.462,-74.298,0.164,0.164,0
1787735441.244,elbow_flex,48.657,49.890,48.657,-1.233,-1.233,0
1787735441.244,wrist_flex,44.679,41.890,44.679,2.788,2.788,0
1787735441.244,wrist_roll,2.239,1.451,2.239,0.788,0.788,0
1787735441.244,gripper,8.781,8.482,8.781,0.298,0.298,0
1787735441.296,shoulder_pan,-2.773,-2.637,-2.773,-0.135,-0.135,0
1787735441.296,shoulder_lift,-74.357,-74.462,-74.357,0.105,0.105,0
1787735441.296,elbow_flex,49.158,49.890,49.158,-0.732,-0.732,0
1787735441.296,wrist_flex,45.733,43.209,45.733,2.524,2.524,0
1787735441.296,wrist_roll,2.320,1.802,2.320,0.517,0.517,0
1787735441.296,gripper,8.773,8.482,8.773,0.291,0.291,0
1787735441.345,shoulder_pan,-2.708,-2.637,-2.708,-0.070,-0.070,0
1787735441.345,shoulder_lift,-74.351,-74.462,-74.351,0.111,0.111,0
1787735441.345,elbow_flex,49.221,49.890,49.221,-0.669,-0.669,0
1787735441.345,wrist_flex,46.834,44.352,46.834,2.482,2.482,0
1787735441.345,wrist_roll,2.480,1.890,2.480,0.590,0.590,0
1787735441.345,gripper,8.788,8.482,8.788,0.305,0.305,0
1787735441.395,shoulder_pan,-2.723,-2.637,-2.723,-0.086,-0.086,0
1787735441.395,shoulder_lift,-74.424,-74.462,-74.424,0.037,0.037,0
1787735441.395,elbow_flex,49.371,49.890,49.371,-0.520,-0.520,0
1787735441.395,wrist_flex,48.142,45.407,48.142,2.735,2.735,0
1787735441.395,wrist_roll,2.570,1.978,2.570,0.592,0.592,0
1787735441.395,gripper,8.810,8.482,8.810,0.328,0.328,0
1787735441.445,shoulder_pan,-2.690,-2.637,-2.690,-0.053,-0.053,0
1787735441.445,shoulder_lift,-74.378,-74.462,-74.378,0.084,0.084,0
1787735441.445,elbow_flex,49.441,49.890,49.441,-0.449,-0.449,0
1787735441.445,wrist_flex,47.939,46.549,47.939,1.390,1.390,0
1787735441.445,wrist_roll,2.636,2.154,2.636,0.482,0.482,0
1787735441.445,gripper,8.820,8.482,8.820,0.337,0.337,0
1787735441.495,shoulder_pan,-2.718,-2.637,-2.718,-0.081,-0.081,0
1787735441.495,shoulder_lift,-74.434,-74.462,-74.434,0.028,0.028,0
1787735441.495,elbow_flex,49.333,49.890,49.333,-0.557,-0.557,0
1787735441.495,wrist_flex,48.754,47.253,48.754,1.502,1.502,0
1787735441.495,wrist_roll,2.657,2.330,2.657,0.328,0.328,0
1787735441.495,gripper,8.842,8.482,8.842,0.359,0.359,0
1787735441.545,shoulder_pan,-2.784,-2.637,-2.784,-0.147,-0.147,0
1787735441.545,shoulder_lift,-74.395,-74.462,-74.395,0.067,0.067,0
1787735441.545,elbow_flex,49.397,49.890,49.397,-0.493,-0.493,0
1787735441.545,wrist_flex,49.355,47.780,49.355,1.575,1.575,0
1787735441.545,wrist_roll,2.693,2.418,2.693,0.275,0.275,0
1787735441.545,gripper,8.871,8.482,8.871,0.388,0.388,0
1787735441.595,shoulder_pan,-2.725,-2.637,-2.725,-0.087,-0.087,0
1787735441.595,shoulder_lift,-74.414,-74.462,-74.414,0.047,0.047,0
1787735441.595,elbow_flex,49.265,49.890,49.265,-0.625,-0.625,0
1787735441.595,wrist_flex,49.073,48.571,49.073,0.502,0.502,0
1787735441.595,wrist_roll,2.631,2.418,2.631,0.214,0.214,0
1787735441.595,gripper,8.903,8.482,8.903,0.421,0.421,0
1787735441.645,shoulder_pan,-2.726,-2.549,-2.726,-0.177,-0.177,0
1787735441.645,shoulder_lift,-74.210,-74.462,-74.210,0.252,0.252,0
1787735441.645,elbow_flex,49.115,49.890,49.115,-0.775,-0.775,0
1787735441.645,wrist_flex,49.670,48.835,49.670,0.835,0.835,0
1787735441.645,wrist_roll,2.640,2.418,2.640,0.223,0.223,0
1787735441.645,gripper,8.922,8.482,8.922,0.440,0.440,0
1787735441.695,shoulder_pan,-2.821,-2.549,-2.821,-0.271,-0.271,0
1787735441.695,shoulder_lift,-74.048,-74.462,-74.048,0.413,0.413,0
1787735441.695,elbow_flex,48.894,49.890,48.894,-0.996,-0.996,0
1787735441.695,wrist_flex,50.082,49.011,50.082,1.071,1.071,0
1787735441.695,wrist_roll,2.679,2.418,2.679,0.262,0.262,0
1787735441.695,gripper,8.988,8.482,8.988,0.505,0.505,0
1787735441.745,shoulder_pan,-2.902,-2.549,-2.902,-0.352,-0.352,0
1787735441.745,shoulder_lift,-74.200,-74.462,-74.200,0.261,0.261,0
1787735441.745,elbow_flex,48.933,49.890,48.933,-0.957,-0.957,0
1787735441.745,wrist_flex,49.615,49.626,49.615,-0.011,-0.011,0
1787735441.745,wrist_roll,2.699,2.418,2.699,0.281,0.281,0
1787735441.745,gripper,9.060,8.482,9.060,0.577,0.577,0
1787735441.796,shoulder_pan,-2.920,-2.549,-2.920,-0.371,-0.371,0
1787735441.796,shoulder_lift,-74.049,-74.462,-74.049,0.413,0.413,0
1787735441.796,elbow_flex,48.869,49.890,48.869,-1.021,-1.021,0
1787735441.796,wrist_flex,50.255,49.802,50.255,0.453,0.453,0
1787735441.796,wrist_roll,2.693,2.418,2.693,0.275,0.275,0
1787735441.796,gripper,9.078,8.482,9.078,0.596,0.596,0
1787735441.846,shoulder_pan,-2.992,-2.549,-2.992,-0.443,-0.443,0
1787735441.846,shoulder_lift,-73.791,-74.462,-73.791,0.671,0.671,0
1787735441.846,elbow_flex,48.769,49.890,48.769,-1.121,-1.121,0
1787735441.846,wrist_flex,49.558,49.890,49.558,-0.332,-0.332,0
1787735441.846,wrist_roll,2.614,2.418,2.614,0.196,0.196,0
1787735441.846,gripper,9.137,8.748,9.137,0.390,0.390,0
1787735441.896,shoulder_pan,-3.000,-2.549,-3.000,-0.450,-0.450,0
1787735441.896,shoulder_lift,-73.544,-74.374,-73.544,0.830,0.830,0
1787735441.896,elbow_flex,48.791,49.890,48.791,-1.099,-1.099,0
1787735441.896,wrist_flex,49.037,49.978,49.037,-0.941,-0.941,0
1787735441.896,wrist_roll,2.551,2.418,2.551,0.134,0.134,0
1787735441.896,gripper,9.170,8.748,9.170,0.422,0.422,0
1787735441.947,shoulder_pan,-2.902,-2.549,-2.902,-0.353,-0.353,0
1787735441.947,shoulder_lift,-75.625,-74.022,-75.625,-1.603,-1.603,0
1787735441.947,elbow_flex,49.400,49.890,49.400,-0.490,-0.490,0
1787735441.947,wrist_flex,52.044,49.978,52.044,2.066,2.066,0
1787735441.947,wrist_roll,2.879,2.418,2.879,0.461,0.461,0
1787735441.947,gripper,9.717,8.748,9.717,0.970,0.970,0
1787735441.996,shoulder_pan,-2.603,-2.549,-2.603,-0.054,-0.054,0
1787735441.996,shoulder_lift,-78.106,-74.022,-78.106,-4.084,-4.084,0
1787735441.996,elbow_flex,50.366,49.890,50.366,0.476,0.476,0
1787735441.996,wrist_flex,55.496,50.066,55.496,5.430,5.430,0
1787735441.996,wrist_roll,3.431,2.418,3.431,1.013,1.013,0
1787735441.996,gripper,10.487,9.013,10.487,1.475,1.475,0
1787735442.046,shoulder_pan,-2.715,-2.549,-2.715,-0.165,-0.165,0
1787735442.046,shoulder_lift,-78.161,-75.429,-78.161,-2.733,-2.733,0
1787735442.046,elbow_flex,50.232,50.242,50.232,-0.010,-0.010,0
1787735442.046,wrist_flex,56.260,51.912,56.260,4.348,4.348,0
1787735442.046,wrist_roll,3.441,2.769,3.441,0.672,0.672,0
1787735442.046,gripper,10.591,9.543,10.591,1.048,1.048,0
1787735442.098,shoulder_pan,-2.793,-2.549,-2.793,-0.244,-0.244,0
1787735442.098,shoulder_lift,-78.206,-77.187,-78.206,-1.019,-1.019,0
1787735442.098,elbow_flex,50.054,50.681,50.054,-0.628,-0.628,0
1787735442.098,wrist_flex,56.611,54.462,56.611,2.150,2.150,0
1787735442.098,wrist_roll,3.505,2.945,3.505,0.560,0.560,0
1787735442.098,gripper,10.651,10.073,10.651,0.578,0.578,0
1787735442.145,shoulder_pan,-2.773,-2.549,-2.773,-0.224,-0.224,0
1787735442.145,shoulder_lift,-77.680,-77.626,-77.680,-0.054,-0.054,0
1787735442.145,elbow_flex,49.938,50.593,49.938,-0.655,-0.655,0
1787735442.145,wrist_flex,56.714,55.429,56.714,1.286,1.286,0
1787735442.145,wrist_roll,3.456,2.945,3.456,0.511,0.511,0
1787735442.145,gripper,10.577,10.272,10.577,0.305,0.305,0
1787735442.197,shoulder_pan,-2.732,-2.549,-2.732,-0.183,-0.183,0
1787735442.197,shoulder_lift,-77.525,-77.538,-77.525,0.013,0.013,0
1787735442.197,elbow_flex,49.757,50.593,49.757,-0.836,-0.836,0
1787735442.197,wrist_flex,57.499,56.132,57.499,1.368,1.368,0
1787735442.197,wrist_roll,3.452,3.121,3.452,0.331,0.331,0
1787735442.197,gripper,10.532,10.272,10.532,0.260,0.260,0
1787735442.247,shoulder_pan,-2.757,-2.549,-2.757,-0.208,-0.208,0
1787735442.247,shoulder_lift,-77.319,-77.451,-77.319,0.132,0.132,0
1787735442.247,elbow_flex,49.807,50.593,49.807,-0.786,-0.786,0
1787735442.247,wrist_flex,58.022,56.747,58.022,1.275,1.275,0
1787735442.247,wrist_roll,3.464,3.121,3.464,0.343,0.343,0
1787735442.247,gripper,10.533,10.272,10.533,0.262,0.262,0
1787735442.297,shoulder_pan,-2.745,-2.549,-2.745,-0.195,-0.195,0
1787735442.297,shoulder_lift,-76.948,-77.451,-76.948,0.502,0.502,0
1787735442.297,elbow_flex,49.876,50.593,49.876,-0.718,-0.718,0
1787735442.297,wrist_flex,58.444,57.451,58.444,0.993,0.993,0
1787735442.297,wrist_roll,3.418,3.121,3.418,0.298,0.298,0
1787735442.297,gripper,10.514,10.272,10.514,0.242,0.242,0
1787735442.347,shoulder_pan,-2.686,-2.549,-2.686,-0.136,-0.136,0
1787735442.347,shoulder_lift,-76.286,-77.451,-76.286,1.164,1.164,0
1787735442.347,elbow_flex,49.907,50.593,49.907,-0.687,-0.687,0
1787735442.347,wrist_flex,57.464,58.066,57.464,-0.602,-0.602,0
1787735442.347,wrist_roll,3.331,3.121,3.331,0.210,0.210,0
1787735442.347,gripper,10.435,10.272,10.435,0.163,0.163,0
1787735442.397,shoulder_pan,-2.680,-2.549,-2.680,-0.130,-0.130,0
1787735442.397,shoulder_lift,-76.107,-77.187,-76.107,1.079,1.079,0
1787735442.397,elbow_flex,49.891,50.593,49.891,-0.702,-0.702,0
1787735442.397,wrist_flex,58.131,58.154,58.131,-0.023,-0.023,0
1787735442.397,wrist_roll,3.285,3.121,3.285,0.164,0.164,0
1787735442.397,gripper,10.404,10.272,10.404,0.133,0.133,0
1787735442.447,shoulder_pan,-2.806,-2.549,-2.806,-0.256,-0.256,0
1787735442.447,shoulder_lift,-75.813,-76.571,-75.813,0.758,0.758,0
1787735442.447,elbow_flex,49.802,50.593,49.802,-0.791,-0.791,0
1787735442.447,wrist_flex,58.215,58.242,58.215,-0.027,-0.027,0
1787735442.447,wrist_roll,3.228,3.121,3.228,0.107,0.107,0
1787735442.447,gripper,10.382,10.272,10.382,0.110,0.110,0
1787735442.496,shoulder_pan,-2.819,-2.549,-2.819,-0.270,-0.270,0
1787735442.496,shoulder_lift,-75.424,-76.308,-75.424,0.884,0.884,0
1787735442.496,elbow_flex,49.688,50.681,49.688,-0.993,-0.993,0
1787735442.496,wrist_flex,58.454,58.330,58.454,0.124,0.124,0
1787735442.496,wrist_roll,3.190,3.121,3.190,0.069,0.069,0
1787735442.496,gripper,10.357,10.272,10.357,0.085,0.085,0
1787735442.546,shoulder_pan,-2.763,-2.549,-2.763,-0.213,-0.213,0
1787735442.546,shoulder_lift,-75.171,-76.220,-75.171,1.049,1.049,0
1787735442.546,elbow_flex,49.434,50.681,49.434,-1.247,-1.247,0
1787735442.546,wrist_flex,58.747,58.330,58.747,0.417,0.417,0
1787735442.546,wrist_roll,3.116,3.121,3.116,-0.005,-0.005,0
1787735442.546,gripper,10.302,10.272,10.302,0.031,0.031,0
1787735442.596,shoulder_pan,-2.784,-2.549,-2.784,-0.234,-0.234,0
1787735442.596,shoulder_lift,-75.003,-75.692,-75.003,0.690,0.690,0
1787735442.596,elbow_flex,49.341,50.681,49.341,-1.340,-1.340,0
1787735442.596,wrist_flex,58.927,58.418,58.927,0.509,0.509,0
1787735442.596,wrist_roll,3.152,3.121,3.152,0.031,0.031,0
1787735442.596,gripper,10.314,10.272,10.314,0.043,0.043,0
1787735442.646,shoulder_pan,-2.697,-2.549,-2.697,-0.148,-0.148,0
1787735442.646,shoulder_lift,-75.091,-75.429,-75.091,0.337,0.337,0
1787735442.646,elbow_flex,48.791,50.681,48.791,-1.890,-1.890,0
1787735442.646,wrist_flex,58.865,58.681,58.865,0.184,0.184,0
1787735442.646,wrist_roll,3.117,3.121,3.117,-0.004,-0.004,0
1787735442.646,gripper,10.317,10.272,10.317,0.045,0.045,0
1787735442.698,shoulder_pan,-2.690,-2.549,-2.690,-0.141,-0.141,0
1787735442.698,shoulder_lift,-75.109,-75.516,-75.109,0.407,0.407,0
1787735442.698,elbow_flex,48.730,50.681,48.730,-1.951,-1.951,0
1787735442.698,wrist_flex,58.796,58.681,58.796,0.115,0.115,0
1787735442.698,wrist_roll,3.147,3.121,3.147,0.026,0.026,0
1787735442.698,gripper,10.318,10.272,10.318,0.047,0.047,0
1787735442.747,shoulder_pan,-2.659,-2.549,-2.659,-0.109,-0.109,0
1787735442.747,shoulder_lift,-75.016,-75.604,-75.016,0.589,0.589,0
1787735442.747,elbow_flex,48.636,50.681,48.636,-2.045,-2.045,0
1787735442.747,wrist_flex,58.699,58.769,58.699,-0.070,-0.070,0
1787735442.747,wrist_roll,3.126,3.121,3.126,0.005,0.005,0
1787735442.747,gripper,10.317,10.272,10.317,0.046,0.046,0
1787735442.797,shoulder_pan,-2.684,-2.549,-2.684,-0.134,-0.134,0
1787735442.797,shoulder_lift,-74.702,-75.253,-74.702,0.551,0.551,0
1787735442.797,elbow_flex,48.546,50.593,48.546,-2.048,-2.048,0
1787735442.797,wrist_flex,58.365,58.769,58.365,-0.404,-0.404,0
1787735442.797,wrist_roll,3.116,3.121,3.116,-0.005,-0.005,0
1787735442.797,gripper,10.331,10.272,10.331,0.060,0.060,0
1787735442.847,shoulder_pan,-2.634,-2.549,-2.634,-0.085,-0.085,0
1787735442.847,shoulder_lift,-74.657,-75.165,-74.657,0.507,0.507,0
1787735442.847,elbow_flex,48.431,50.593,48.431,-2.162,-2.162,0
1787735442.847,wrist_flex,58.029,58.769,58.029,-0.740,-0.740,0
1787735442.847,wrist_roll,3.111,3.121,3.111,-0.010,-0.010,0
1787735442.847,gripper,10.293,10.272,10.293,0.021,0.021,0
1787735442.898,shoulder_pan,-2.610,-2.549,-2.610,-0.060,-0.060,0
1787735442.898,shoulder_lift,-75.142,-75.077,-75.142,-0.065,-0.065,0
1787735442.898,elbow_flex,47.531,50.593,47.531,-3.062,-3.062,0
1787735442.898,wrist_flex,53.890,58.769,53.890,-4.879,-4.879,0
1787735442.898,wrist_roll,2.966,3.121,2.966,-0.155,-0.155,0
1787735442.898,gripper,10.119,10.272,10.119,-0.152,-0.152,0
1787735442.948,shoulder_pan,-2.508,-2.549,-2.508,0.041,0.041,0
1787735442.948,shoulder_lift,-75.043,-74.989,-75.043,-0.054,-0.054,0
1787735442.948,elbow_flex,46.771,50.593,46.771,-3.823,-3.823,0
1787735442.948,wrist_flex,47.931,58.418,47.931,-10.487,-10.487,0
1787735442.948,wrist_roll,2.633,3.121,2.633,-0.487,-0.487,0
1787735442.948,gripper,9.844,10.272,9.844,-0.427,-0.427,0
1787735442.998,shoulder_pan,-2.513,-2.549,-2.513,0.036,0.036,0
1787735442.998,shoulder_lift,-74.230,-74.989,-74.230,0.759,0.759,0
1787735442.998,elbow_flex,47.015,50.242,47.015,-3.227,-3.227,0
1787735442.998,wrist_flex,45.359,55.604,45.359,-10.245,-10.245,0
1787735442.998,wrist_roll,2.508,3.033,2.508,-0.525,-0.525,0
1787735442.998,gripper,9.708,10.272,9.708,-0.564,-0.564,0
1787735443.048,shoulder_pan,-2.591,-2.549,-2.591,-0.042,-0.042,0
1787735443.048,shoulder_lift,-73.323,-74.989,-73.323,1.666,1.666,0
1787735443.048,elbow_flex,47.146,49.714,47.146,-2.568,-2.568,0
1787735443.048,wrist_flex,43.269,51.385,43.269,-8.115,-8.115,0
1787735443.048,wrist_roll,2.393,2.769,2.393,-0.376,-0.376,0
1787735443.048,gripper,9.638,10.139,9.638,-0.501,-0.501,0
1787735443.098,shoulder_pan,-2.597,-2.549,-2.597,-0.047,-0.047,0
1787735443.098,shoulder_lift,-72.322,-74.549,-72.322,2.228,2.228,0
1787735443.098,elbow_flex,47.596,49.714,47.596,-2.118,-2.118,0
1787735443.098,wrist_flex,40.134,47.956,40.134,-7.822,-7.822,0
1787735443.098,wrist_roll,2.198,2.769,2.198,-0.572,-0.572,0
1787735443.098,gripper,9.490,9.940,9.490,-0.450,-0.450,0
1787735443.148,shoulder_pan,-2.655,-2.549,-2.655,-0.105,-0.105,0
1787735443.148,shoulder_lift,-72.005,-73.582,-72.005,1.578,1.578,0
1787735443.148,elbow_flex,47.537,49.538,47.537,-2.002,-2.002,0
1787735443.148,wrist_flex,39.853,45.495,39.853,-5.641,-5.641,0
1787735443.148,wrist_roll,2.242,2.681,2.242,-0.439,-0.439,0
1787735443.148,gripper,9.468,9.808,9.468,-0.340,-0.340,0
1787735443.199,shoulder_pan,-2.642,-2.549,-2.642,-0.092,-0.092,0
1787735443.199,shoulder_lift,-71.825,-72.703,-71.825,0.879,0.879,0
1787735443.199,elbow_flex,47.455,49.538,47.455,-2.083,-2.083,0
1787735443.199,wrist_flex,39.086,42.769,39.086,-3.683,-3.683,0
1787735443.199,wrist_roll,2.264,2.505,2.264,-0.242,-0.242,0
1787735443.199,gripper,9.456,9.675,9.456,-0.220,-0.220,0
1787735443.248,shoulder_pan,-2.659,-2.549,-2.659,-0.109,-0.109,0
1787735443.248,shoulder_lift,-71.862,-72.352,-71.862,0.490,0.490,0
1787735443.248,elbow_flex,47.538,49.538,47.538,-2.001,-2.001,0
1787735443.248,wrist_flex,37.283,41.451,37.283,-4.168,-4.168,0
1787735443.248,wrist_roll,2.265,2.505,2.265,-0.241,-0.241,0
1787735443.248,gripper,9.463,9.675,9.463,-0.212,-0.212,0
1787735443.299,shoulder_pan,-2.637,-2.549,-2.637,-0.087,-0.087,0
1787735443.299,shoulder_lift,-71.998,-72.176,-71.998,0.177,0.177,0
1787735443.299,elbow_flex,47.331,49.538,47.331,-2.208,-2.208,0
1787735443.299,wrist_flex,36.607,40.308,36.607,-3.701,-3.701,0
1787735443.299,wrist_roll,2.274,2.505,2.274,-0.232,-0.232,0
1787735443.299,gripper,9.482,9.675,9.482,-0.193,-0.193,0
1787735443.348,shoulder_pan,-2.610,-2.549,-2.610,-0.061,-0.061,0
1787735443.348,shoulder_lift,-72.315,-72.176,-72.315,-0.139,-0.139,0
1787735443.348,elbow_flex,47.261,49.538,47.261,-2.278,-2.278,0
1787735443.348,wrist_flex,36.914,38.637,36.914,-1.724,-1.724,0
1787735443.348,wrist_roll,2.279,2.505,2.279,-0.227,-0.227,0
1787735443.348,gripper,9.497,9.675,9.497,-0.178,-0.178,0
1787735443.398,shoulder_pan,-2.616,-2.549,-2.616,-0.066,-0.066,0
1787735443.398,shoulder_lift,-72.368,-72.176,-72.368,-0.192,-0.192,0
1787735443.398,elbow_flex,47.311,49.538,47.311,-2.227,-2.227,0
1787735443.398,wrist_flex,35.558,38.110,35.558,-2.552,-2.552,0
1787735443.398,wrist_roll,2.266,2.505,2.266,-0.239,-0.239,0
1787735443.398,gripper,9.497,9.675,9.497,-0.178,-0.178,0
1787735443.447,shoulder_pan,-2.621,-2.549,-2.621,-0.072,-0.072,0
1787735443.447,shoulder_lift,-72.543,-72.264,-72.543,-0.279,-0.279,0
1787735443.447,elbow_flex,46.964,49.538,46.964,-2.575,-2.575,0
1787735443.447,wrist_flex,34.928,37.670,34.928,-2.742,-2.742,0
1787735443.447,wrist_roll,2.266,2.505,2.266,-0.239,-0.239,0
1787735443.447,gripper,9.497,9.675,9.497,-0.178,-0.178,0
1787735443.497,shoulder_pan,-2.548,-2.549,-2.548,0.001,0.001,0
1787735443.497,shoulder_lift,-72.618,-72.176,-72.618,-0.442,-0.442,0
1787735443.497,elbow_flex,46.885,49.538,46.885,-2.654,-2.654,0
1787735443.497,wrist_flex,32.941,36.615,32.941,-3.675,-3.675,0
1787735443.497,wrist_roll,2.204,2.505,2.204,-0.302,-0.302,0
1787735443.497,gripper,9.438,9.675,9.438,-0.238,-0.238,0
1787735443.548,shoulder_pan,-2.606,-2.549,-2.606,-0.056,-0.056,0
1787735443.548,shoulder_lift,-72.562,-72.176,-72.562,-0.386,-0.386,0
1787735443.548,elbow_flex,46.999,49.451,46.999,-2.452,-2.452,0
1787735443.548,wrist_flex,30.919,35.736,30.919,-4.817,-4.817,0
1787735443.548,wrist_roll,2.200,2.505,2.200,-0.305,-0.305,0
1787735443.548,gripper,9.380,9.675,9.380,-0.296,-0.296,0
1787735443.598,shoulder_pan,-2.713,-2.549,-2.713,-0.164,-0.164,0
1787735443.598,shoulder_lift,-72.515,-72.176,-72.515,-0.340,-0.340,0
1787735443.598,elbow_flex,46.895,49.451,46.895,-2.556,-2.556,0
1787735443.598,wrist_flex,28.702,33.978,28.702,-5.276,-5.276,0
1787735443.598,wrist_roll,2.158,2.505,2.158,-0.347,-0.347,0
1787735443.598,gripper,9.312,9.675,9.312,-0.364,-0.364,0
1787735443.650,shoulder_pan,-2.758,-2.549,-2.758,-0.208,-0.208,0
1787735443.650,shoulder_lift,-72.887,-72.176,-72.887,-0.711,-0.711,0
1787735443.650,elbow_flex,46.691,49.451,46.691,-2.759,-2.759,0
1787735443.650,wrist_flex,27.353,32.220,27.353,-4.867,-4.867,0
1787735443.650,wrist_roll,2.146,2.505,2.146,-0.359,-0.359,0
1787735443.650,gripper,9.230,9.609,9.230,-0.379,-0.379,0
1787735443.698,shoulder_pan,-2.742,-2.549,-2.742,-0.193,-0.193,0
1787735443.698,shoulder_lift,-72.776,-72.176,-72.776,-0.600,-0.600,0
1787735443.698,elbow_flex,46.747,49.451,46.747,-2.703,-2.703,0
1787735443.698,wrist_flex,26.357,30.110,26.357,-3.753,-3.753,0
1787735443.698,wrist_roll,2.135,2.505,2.135,-0.371,-0.371,0
1787735443.698,gripper,9.167,9.609,9.167,-0.442,-0.442,0
1787735443.749,shoulder_pan,-2.790,-2.549,-2.790,-0.240,-0.240,0
1787735443.749,shoulder_lift,-72.825,-72.352,-72.825,-0.473,-0.473,0
1787735443.749,elbow_flex,46.479,49.451,46.479,-2.972,-2.972,0
1787735443.749,wrist_flex,27.365,28.791,27.365,-1.426,-1.426,0
1787735443.749,wrist_roll,2.143,2.505,2.143,-0.362,-0.362,0
1787735443.749,gripper,9.188,9.476,9.188,-0.288,-0.288,0
1787735443.798,shoulder_pan,-2.758,-2.549,-2.758,-0.209,-0.209,0
1787735443.798,shoulder_lift,-72.869,-72.440,-72.869,-0.430,-0.430,0
1787735443.798,elbow_flex,46.193,49.275,46.193,-3.082,-3.082,0
1787735443.798,wrist_flex,27.646,28.088,27.646,-0.442,-0.442,0
1787735443.798,wrist_roll,2.157,2.505,2.157,-0.349,-0.349,0
1787735443.798,gripper,9.154,9.410,9.154,-0.256,-0.256,0
1787735443.849,shoulder_pan,-2.711,-2.549,-2.711,-0.161,-0.161,0
1787735443.849,shoulder_lift,-72.907,-72.440,-72.907,-0.468,-0.468,0
1787735443.849,elbow_flex,45.884,49.011,45.884,-3.127,-3.127,0
1787735443.849,wrist_flex,28.665,28.088,28.665,0.577,0.577,0
1787735443.849,wrist_roll,2.162,2.681,2.162,-0.519,-0.519,0
1787735443.849,gripper,9.141,9.410,9.141,-0.269,-0.269,0
1787735443.899,shoulder_pan,-2.931,-2.549,-2.931,-0.381,-0.381,0
1787735443.899,shoulder_lift,-74.205,-72.440,-74.205,-1.766,-1.766,0
1787735443.899,elbow_flex,45.959,48.923,45.959,-2.964,-2.964,0
1787735443.899,wrist_flex,27.003,28.176,27.003,-1.173,-1.173,0
1787735443.899,wrist_roll,2.108,2.593,2.108,-0.486,-0.486,0
1787735443.899,gripper,8.881,9.410,8.881,-0.529,-0.529,0
1787735443.949,shoulder_pan,-3.285,-2.549,-3.285,-0.736,-0.736,0
1787735443.949,shoulder_lift,-75.487,-72.703,-75.487,-2.784,-2.784,0
1787735443.949,elbow_flex,45.650,48.835,45.650,-3.185,-3.185,0
1787735443.949,wrist_flex,24.932,28.352,24.932,-3.420,-3.420,0
1787735443.949,wrist_roll,2.193,2.505,2.193,-0.313,-0.313,0
1787735443.949,gripper,8.510,9.278,8.510,-0.767,-0.767,0
1787735443.999,shoulder_pan,-3.340,-2.637,-3.340,-0.703,-0.703,0
1787735443.999,shoulder_lift,-75.088,-73.582,-75.088,-1.506,-1.506,0
1787735443.999,elbow_flex,45.640,48.835,45.640,-3.195,-3.195,0
1787735443.999,wrist_flex,23.916,27.560,23.916,-3.645,-3.645,0
1787735443.999,wrist_roll,2.351,2.154,2.351,0.197,0.197,0
1787735443.999,gripper,8.428,8.946,8.428,-0.519,-0.519,0
1787735444.049,shoulder_pan,-3.324,-2.901,-3.324,-0.423,-0.423,0
1787735444.049,shoulder_lift,-74.645,-74.549,-74.645,-0.096,-0.096,0
1787735444.049,elbow_flex,45.520,48.484,45.520,-2.963,-2.963,0
1787735444.049,wrist_flex,22.991,25.978,22.991,-2.987,-2.987,0
1787735444.049,wrist_roll,2.453,2.154,2.453,0.299,0.299,0
1787735444.049,gripper,8.259,8.748,8.259,-0.488,-0.488,0
1787735444.100,shoulder_pan,-3.483,-3.253,-3.483,-0.230,-0.230,0
1787735444.100,shoulder_lift,-73.846,-74.637,-73.846,0.792,0.792,0
1787735444.100,elbow_flex,45.453,47.956,45.453,-2.503,-2.503,0
1787735444.100,wrist_flex,22.080,24.835,22.080,-2.755,-2.755,0
1787735444.100,wrist_roll,2.538,2.330,2.538,0.209,0.209,0
1787735444.100,gripper,8.250,8.549,8.250,-0.298,-0.298,0
1787735444.149,shoulder_pan,-3.507,-3.165,-3.507,-0.342,-0.342,0
1787735444.149,shoulder_lift,-72.635,-74.286,-72.635,1.651,1.651,0
1787735444.149,elbow_flex,45.148,47.868,45.148,-2.721,-2.721,0
1787735444.149,wrist_flex,20.958,23.956,20.958,-2.998,-2.998,0
1787735444.149,wrist_roll,2.516,2.330,2.516,0.187,0.187,0
1787735444.149,gripper,8.142,8.482,8.142,-0.341,-0.341,0
1787735444.200,shoulder_pan,-3.536,-3.165,-3.536,-0.371,-0.371,0
1787735444.200,shoulder_lift,-71.533,-73.846,-71.533,2.314,2.314,0
1787735444.200,elbow_flex,45.240,47.868,45.240,-2.628,-2.628,0
1787735444.200,wrist_flex,19.707,22.989,19.707,-3.282,-3.282,0
1787735444.200,wrist_roll,2.528,2.330,2.528,0.198,0.198,0
1787735444.200,gripper,8.080,8.416,8.080,-0.336,-0.336,0
1787735444.249,shoulder_pan,-3.557,-3.165,-3.557,-0.392,-0.392,0
1787735444.249,shoulder_lift,-70.181,-73.055,-70.181,2.874,2.874,0
1787735444.249,elbow_flex,45.190,47.868,45.190,-2.678,-2.678,0
1787735444.249,wrist_flex,18.237,21.846,18.237,-3.609,-3.609,0
1787735444.249,wrist_roll,2.445,2.330,2.445,0.116,0.116,0
1787735444.249,gripper,7.989,8.284,7.989,-0.294,-0.294,0
1787735444.300,shoulder_pan,-3.591,-3.165,-3.591,-0.426,-0.426,0
1787735444.300,shoulder_lift,-69.149,-71.824,-69.149,2.675,2.675,0
1787735444.300,elbow_flex,45.385,47.868,45.385,-2.483,-2.483,0
1787735444.300,wrist_flex,17.132,20.703,17.132,-3.571,-3.571,0
1787735444.300,wrist_roll,2.412,2.330,2.412,0.083,0.083,0
1787735444.300,gripper,7.939,8.151,7.939,-0.212,-0.212,0
1787735444.350,shoulder_pan,-3.533,-3.165,-3.533,-0.368,-0.368,0
1787735444.350,shoulder_lift,-68.785,-70.593,-68.785,1.808,1.808,0
1787735444.350,elbow_flex,45.343,47.868,45.343,-2.525,-2.525,0
1787735444.350,wrist_flex,16.364,19.385,16.364,-3.020,-3.020,0
1787735444.350,wrist_roll,2.337,2.330,2.337,0.008,0.008,0
1787735444.350,gripper,7.881,8.151,7.881,-0.270,-0.270,0
1787735444.400,shoulder_pan,-3.563,-3.165,-3.563,-0.398,-0.398,0
1787735444.400,shoulder_lift,-68.064,-69.714,-68.064,1.650,1.650,0
1787735444.400,elbow_flex,45.581,47.868,45.581,-2.287,-2.287,0
1787735444.400,wrist_flex,15.748,18.330,15.748,-2.582,-2.582,0
1787735444.400,wrist_roll,2.294,2.330,2.294,-0.036,-0.036,0
1787735444.400,gripper,7.811,8.151,7.811,-0.340,-0.340,0
1787735444.449,shoulder_pan,-3.553,-3.165,-3.553,-0.388,-0.388,0
1787735444.449,shoulder_lift,-67.959,-69.011,-67.959,1.052,1.052,0
1787735444.449,elbow_flex,45.499,47.868,45.499,-2.369,-2.369,0
1787735444.449,wrist_flex,15.686,17.363,15.686,-1.677,-1.677,0
1787735444.449,wrist_roll,2.287,2.330,2.287,-0.042,-0.042,0
1787735444.449,gripper,7.772,8.151,7.772,-0.379,-0.379,0
1787735444.499,shoulder_pan,-3.540,-3.165,-3.540,-0.375,-0.375,0
1787735444.499,shoulder_lift,-67.422,-68.484,-67.422,1.062,1.062,0
1787735444.499,elbow_flex,46.187,47.868,46.187,-1.681,-1.681,0
1787735444.499,wrist_flex,15.866,16.835,15.866,-0.970,-0.970,0
1787735444.499,wrist_roll,2.176,2.330,2.176,-0.153,-0.153,0
1787735444.499,gripper,7.674,8.085,7.674,-0.411,-0.411,0
1787735444.549,shoulder_pan,-3.563,-3.165,-3.563,-0.398,-0.398,0
1787735444.549,shoulder_lift,-66.933,-68.044,-66.933,1.111,1.111,0
1787735444.549,elbow_flex,46.644,47.868,46.644,-1.224,-1.224,0
1787735444.549,wrist_flex,16.097,16.747,16.097,-0.650,-0.650,0
1787735444.549,wrist_roll,2.103,2.330,2.103,-0.226,-0.226,0
1787735444.549,gripper,7.548,8.019,7.548,-0.470,-0.470,0
1787735444.599,shoulder_pan,-3.533,-3.165,-3.533,-0.368,-0.368,0
1787735444.599,shoulder_lift,-66.745,-67.604,-66.745,0.860,0.860,0
1787735444.599,elbow_flex,47.178,47.868,47.178,-0.690,-0.690,0
1787735444.599,wrist_flex,15.794,16.747,15.794,-0.953,-0.953,0
1787735444.599,wrist_roll,2.105,2.330,2.105,-0.225,-0.225,0
1787735444.599,gripper,7.436,7.753,7.436,-0.317,-0.317,0
1787735444.650,shoulder_pan,-3.593,-3.165,-3.593,-0.428,-0.428,0
1787735444.650,shoulder_lift,-66.309,-67.077,-66.309,0.768,0.768,0
1787735444.650,elbow_flex,48.124,47.868,48.124,0.256,0.256,0
1787735444.650,wrist_flex,15.481,16.747,15.481,-1.267,-1.267,0
1787735444.650,wrist_roll,2.008,2.330,2.008,-0.322,-0.322,0
1787735444.650,gripper,7.228,7.687,7.228,-0.459,-0.459,0
1787735444.701,shoulder_pan,-3.611,-3.165,-3.611,-0.446,-0.446,0
1787735444.701,shoulder_lift,-65.949,-66.813,-65.949,0.864,0.864,0
1787735444.701,elbow_flex,48.450,47.956,48.450,0.494,0.494,0
1787735444.701,wrist_flex,15.500,16.571,15.500,-1.072,-1.072,0
1787735444.701,wrist_roll,1.989,2.330,1.989,-0.341,-0.341,0
1787735444.701,gripper,7.160,7.555,7.160,-0.394,-0.394,0
1787735444.749,shoulder_pan,-3.607,-3.165,-3.607,-0.442,-0.442,0
1787735444.749,shoulder_lift,-65.853,-66.549,-65.853,0.697,0.697,0
1787735444.749,elbow_flex,48.928,48.484,48.928,0.444,0.444,0
1787735444.749,wrist_flex,15.861,16.396,15.861,-0.535,-0.535,0
1787735444.749,wrist_roll,1.923,2.330,1.923,-0.407,-0.407,0
1787735444.749,gripper,7.097,7.422,7.097,-0.325,-0.325,0
1787735444.800,shoulder_pan,-3.582,-3.165,-3.582,-0.417,-0.417,0
1787735444.800,shoulder_lift,-65.676,-66.110,-65.676,0.434,0.434,0
1787735444.800,elbow_flex,49.279,48.923,49.279,0.356,0.356,0
1787735444.800,wrist_flex,16.165,16.396,16.165,-0.231,-0.231,0
1787735444.800,wrist_roll,1.933,2.330,1.933,-0.397,-0.397,0
1787735444.800,gripper,7.076,7.356,7.076,-0.280,-0.280,0
1787735444.850,shoulder_pan,-3.768,-3.165,-3.768,-0.603,-0.603,0
1787735444.850,shoulder_lift,-66.160,-65.934,-66.160,-0.226,-0.226,0
1787735444.850,elbow_flex,50.191,49.451,50.191,0.741,0.741,0
1787735444.850,wrist_flex,14.024,16.396,14.024,-2.372,-2.372,0
1787735444.850,wrist_roll,2.370,2.330,2.370,0.041,0.041,0
1787735444.850,gripper,7.274,7.356,7.274,-0.082,-0.082,0
1787735444.900,shoulder_pan,-3.875,-3.165,-3.875,-0.710,-0.710,0
1787735444.900,shoulder_lift,-66.232,-65.934,-66.232,-0.298,-0.298,0
1787735444.900,elbow_flex,51.656,49.890,51.656,1.766,1.766,0
1787735444.900,wrist_flex,10.153,16.220,10.153,-6.067,-6.067,0
1787735444.900,wrist_roll,2.962,2.330,2.962,0.632,0.632,0
1787735444.900,gripper,7.593,7.356,7.593,0.237,0.237,0
1787735444.951,shoulder_pan,-4.064,-3.429,-4.064,-0.636,-0.636,0
1787735444.951,shoulder_lift,-66.147,-65.846,-66.147,-0.301,-0.301,0
1787735444.951,elbow_flex,52.461,50.769,52.461,1.692,1.692,0
1787735444.951,wrist_flex,8.515,14.637,8.515,-6.123,-6.123,0
1787735444.951,wrist_roll,3.088,2.154,3.088,0.934,0.934,0
1787735444.951,gripper,7.664,7.356,7.664,0.308,0.308,0
1787735445.000,shoulder_pan,-4.044,-3.692,-4.044,-0.352,-0.352,0
1787735445.000,shoulder_lift,-66.407,-65.846,-66.407,-0.561,-0.561,0
1787735445.000,elbow_flex,53.052,52.000,53.052,1.052,1.052,0
1787735445.000,wrist_flex,7.514,11.912,7.514,-4.398,-4.398,0
1787735445.000,wrist_roll,3.190,2.857,3.190,0.333,0.333,0
1787735445.000,gripper,7.689,7.356,7.689,0.333,0.333,0
1787735445.052,shoulder_pan,-4.316,-3.868,-4.316,-0.448,-0.448,0
1787735445.052,shoulder_lift,-66.192,-65.846,-66.192,-0.346,-0.346,0
1787735445.052,elbow_flex,53.030,52.879,53.030,0.151,0.151,0
1787735445.052,wrist_flex,7.165,10.154,7.165,-2.989,-2.989,0
1787735445.052,wrist_roll,3.283,2.945,3.283,0.338,0.338,0
1787735445.052,gripper,7.718,7.356,7.718,0.363,0.363,0
1787735445.100,shoulder_pan,-4.457,-3.868,-4.457,-0.589,-0.589,0
1787735445.100,shoulder_lift,-66.121,-65.846,-66.121,-0.275,-0.275,0
1787735445.100,elbow_flex,53.288,53.143,53.288,0.145,0.145,0
1787735445.100,wrist_flex,6.630,9.011,6.630,-2.381,-2.381,0
1787735445.100,wrist_roll,3.376,2.769,3.376,0.606,0.606,0
1787735445.100,gripper,7.760,7.356,7.760,0.404,0.404,0
1787735445.152,shoulder_pan,-4.793,-3.956,-4.793,-0.837,-0.837,0
1787735445.152,shoulder_lift,-65.802,-65.846,-65.802,0.044,0.044,0
1787735445.152,elbow_flex,53.196,53.319,53.196,-0.123,-0.123,0
1787735445.152,wrist_flex,7.551,8.132,7.551,-0.581,-0.581,0
1787735445.152,wrist_roll,3.359,3.033,3.359,0.326,0.326,0
1787735445.152,gripper,7.741,7.356,7.741,0.386,0.386,0
1787735445.200,shoulder_pan,-5.079,-4.308,-5.079,-0.771,-0.771,0
1787735445.200,shoulder_lift,-65.993,-65.846,-65.993,-0.146,-0.146,0
1787735445.200,elbow_flex,52.976,53.582,52.976,-0.606,-0.606,0
1787735445.200,wrist_flex,8.108,7.868,8.108,0.239,0.239,0
1787735445.200,wrist_roll,3.342,3.121,3.342,0.221,0.221,0
1787735445.200,gripper,7.737,7.356,7.737,0.381,0.381,0
1787735445.251,shoulder_pan,-5.242,-4.659,-5.242,-0.582,-0.582,0
1787735445.251,shoulder_lift,-65.811,-65.846,-65.811,0.035,0.035,0
1787735445.251,elbow_flex,53.027,53.582,53.027,-0.555,-0.555,0
1787735445.251,wrist_flex,8.272,8.044,8.272,0.228,0.228,0
1787735445.251,wrist_roll,3.249,3.209,3.249,0.040,0.040,0
1787735445.251,gripper,7.760,7.356,7.760,0.404,0.404,0
1787735445.302,shoulder_pan,-5.405,-4.923,-5.405,-0.482,-0.482,0
1787735445.302,shoulder_lift,-65.751,-65.846,-65.751,0.095,0.095,0
1787735445.302,elbow_flex,52.882,53.582,52.882,-0.700,-0.700,0
1787735445.302,wrist_flex,9.098,8.044,9.098,1.054,1.054,0
1787735445.302,wrist_roll,3.235,3.209,3.235,0.026,0.026,0
1787735445.302,gripper,7.743,7.356,7.743,0.388,0.388,0
1787735445.352,shoulder_pan,-5.414,-5.011,-5.414,-0.403,-0.403,0
1787735445.352,shoulder_lift,-65.487,-65.846,-65.487,0.360,0.360,0
1787735445.352,elbow_flex,52.765,53.582,52.765,-0.818,-0.818,0
1787735445.352,wrist_flex,9.104,8.484,9.104,0.621,0.621,0
1787735445.352,wrist_roll,3.177,3.209,3.177,-0.032,-0.032,0
1787735445.352,gripper,7.772,7.356,7.772,0.416,0.416,0
1787735445.401,shoulder_pan,-5.434,-5.099,-5.434,-0.335,-0.335,0
1787735445.401,shoulder_lift,-65.649,-65.758,-65.649,0.109,0.109,0
1787735445.401,elbow_flex,52.755,53.582,52.755,-0.828,-0.828,0
1787735445.401,wrist_flex,10.291,8.835,10.291,1.456,1.456,0
1787735445.401,wrist_roll,3.096,3.209,3.096,-0.113,-0.113,0
1787735445.401,gripper,7.754,7.356,7.754,0.398,0.398,0
1787735445.451,shoulder_pan,-5.373,-5.187,-5.373,-0.186,-0.186,0
1787735445.451,shoulder_lift,-65.493,-65.670,-65.493,0.177,0.177,0
1787735445.451,elbow_flex,52.350,53.582,52.350,-1.232,-1.232,0
1787735445.451,wrist_flex,10.477,9.187,10.477,1.291,1.291,0
1787735445.451,wrist_roll,3.053,3.209,3.053,-0.156,-0.156,0
1787735445.451,gripper,7.762,7.356,7.762,0.406,0.406,0
1787735445.501,shoulder_pan,-5.334,-5.187,-5.334,-0.147,-0.147,0
1787735445.501,shoulder_lift,-65.475,-65.670,-65.475,0.195,0.195,0
1787735445.501,elbow_flex,52.378,53.582,52.378,-1.204,-1.204,0
1787735445.501,wrist_flex,11.299,9.978,11.299,1.321,1.321,0
1787735445.501,wrist_roll,3.005,3.209,3.005,-0.204,-0.204,0
1787735445.501,gripper,7.745,7.356,7.745,0.389,0.389,0
1787735445.551,shoulder_pan,-5.123,-5.187,-5.123,0.064,0.064,0
1787735445.551,shoulder_lift,-65.760,-65.670,-65.760,-0.090,-0.090,0
1787735445.551,elbow_flex,52.317,53.582,52.317,-1.265,-1.265,0
1787735445.551,wrist_flex,11.951,10.418,11.951,1.533,1.533,0
1787735445.551,wrist_roll,2.899,3.209,2.899,-0.310,-0.310,0
1787735445.551,gripper,7.732,7.356,7.732,0.376,0.376,0
1787735445.602,shoulder_pan,-5.123,-5.187,-5.123,0.064,0.064,0
1787735445.602,shoulder_lift,-65.905,-65.670,-65.905,-0.235,-0.235,0
1787735445.602,elbow_flex,52.396,53.582,52.396,-1.187,-1.187,0
1787735445.602,wrist_flex,12.176,11.209,12.176,0.967,0.967,0
1787735445.602,wrist_roll,2.901,3.209,2.901,-0.308,-0.308,0
1787735445.602,gripper,7.769,7.356,7.769,0.414,0.414,0
1787735445.652,shoulder_pan,-5.057,-5.187,-5.057,0.130,0.130,0
1787735445.652,shoulder_lift,-65.502,-65.670,-65.502,0.168,0.168,0
1787735445.652,elbow_flex,52.593,53.582,52.593,-0.989,-0.989,0
1787735445.652,wrist_flex,12.199,11.736,12.199,0.463,0.463,0
1787735445.652,wrist_roll,2.894,3.209,2.894,-0.315,-0.315,0
1787735445.652,gripper,7.795,7.356,7.795,0.439,0.439,0
1787735445.702,shoulder_pan,-4.944,-5.187,-4.944,0.242,0.242,0
1787735445.702,shoulder_lift,-65.703,-65.670,-65.703,-0.032,-0.032,0
1787735445.702,elbow_flex,52.523,53.582,52.523,-1.059,-1.059,0
1787735445.702,wrist_flex,12.115,12.000,12.115,0.115,0.115,0
1787735445.702,wrist_roll,2.811,3.209,2.811,-0.398,-0.398,0
1787735445.702,gripper,7.842,7.422,7.842,0.420,0.420,0
1787735445.752,shoulder_pan,-4.885,-5.187,-4.885,0.302,0.302,0
1787735445.752,shoulder_lift,-65.654,-65.670,-65.654,0.016,0.016,0
1787735445.752,elbow_flex,52.872,53.582,52.872,-0.710,-0.710,0
1787735445.752,wrist_flex,11.604,12.000,11.604,-0.396,-0.396,0
1787735445.752,wrist_roll,2.742,3.209,2.742,-0.467,-0.467,0
1787735445.752,gripper,7.864,7.422,7.864,0.442,0.442,0
1787735445.802,shoulder_pan,-4.647,-5.187,-4.647,0.540,0.540,0
1787735445.802,shoulder_lift,-65.634,-65.670,-65.634,0.036,0.036,0
1787735445.802,elbow_flex,56.162,53.582,56.162,2.579,2.579,0
1787735445.802,wrist_flex,1.349,12.000,1.349,-10.651,-10.651,0
1787735445.802,wrist_roll,3.188,3.121,3.188,0.067,0.067,0
1787735445.802,gripper,7.657,7.555,7.657,0.102,0.102,0
1787735445.851,shoulder_pan,-4.553,-5.187,-4.553,0.633,0.633,0
1787735445.851,shoulder_lift,-64.774,-65.670,-64.774,0.897,0.897,0
1787735445.851,elbow_flex,61.320,53.758,61.320,7.562,7.562,0
1787735445.851,wrist_flex,-15.342,11.824,-15.342,-27.166,-27.166,0
1787735445.851,wrist_roll,3.659,3.033,3.659,0.626,0.626,0
1787735445.851,gripper,7.211,7.555,7.211,-0.344,-0.344,0
1787735445.902,shoulder_pan,-4.574,-5.187,-4.574,0.613,0.613,0
1787735445.902,shoulder_lift,-63.848,-65.758,-63.848,1.910,1.910,0
1787735445.902,elbow_flex,62.133,56.308,62.133,5.826,5.826,0
1787735445.902,wrist_flex,-17.566,8.484,-17.566,-26.049,-26.049,0
1787735445.902,wrist_roll,3.612,3.033,3.612,0.579,0.579,0
1787735445.902,gripper,7.061,7.555,7.061,-0.494,-0.494,0
1787735445.952,shoulder_pan,-4.620,-5.187,-4.620,0.567,0.567,0
1787735445.952,shoulder_lift,-63.194,-64.791,-63.194,1.598,1.598,0
1787735445.952,elbow_flex,61.980,60.440,61.980,1.541,1.541,0
1787735445.952,wrist_flex,-16.190,0.923,-16.190,-17.113,-17.113,0
1787735445.952,wrist_roll,3.496,3.297,3.496,0.200,0.200,0
1787735445.952,gripper,6.998,7.422,6.998,-0.424,-0.424,0
1787735446.002,shoulder_pan,-4.668,-5.187,-4.668,0.519,0.519,0
1787735446.002,shoulder_lift,-62.309,-63.560,-62.309,1.251,1.251,0
1787735446.002,elbow_flex,61.856,61.846,61.856,0.010,0.010,0
1787735446.002,wrist_flex,-13.946,-7.077,-13.946,-6.869,-6.869,0
1787735446.002,wrist_roll,3.432,3.385,3.432,0.047,0.047,0
1787735446.002,gripper,6.881,7.223,6.881,-0.342,-0.342,0
1787735446.053,shoulder_pan,-4.689,-5.099,-4.689,0.410,0.410,0
1787735446.053,shoulder_lift,-61.412,-63.560,-61.412,2.148,2.148,0
1787735446.053,elbow_flex,61.446,61.758,61.446,-0.313,-0.313,0
1787735446.053,wrist_flex,-10.966,-12.527,-10.966,1.562,1.562,0
1787735446.053,wrist_roll,3.315,3.385,3.315,-0.070,-0.070,0
1787735446.053,gripper,6.773,7.223,6.773,-0.450,-0.450,0
1787735446.102,shoulder_pan,-4.748,-5.187,-4.748,0.438,0.438,0
1787735446.102,shoulder_lift,-60.675,-63.033,-60.675,2.358,2.358,0
1787735446.102,elbow_flex,61.454,61.582,61.454,-0.129,-0.129,0
1787735446.102,wrist_flex,-10.118,-13.582,-10.118,3.464,3.464,0
1787735446.102,wrist_roll,3.205,3.385,3.205,-0.180,-0.180,0
1787735446.102,gripper,6.663,6.958,6.663,-0.295,-0.295,0
1787735446.153,shoulder_pan,-4.787,-5.275,-4.787,0.488,0.488,0
1787735446.153,shoulder_lift,-60.108,-61.538,-60.108,1.430,1.430,0
1787735446.153,elbow_flex,61.480,61.934,61.480,-0.454,-0.454,0
1787735446.153,wrist_flex,-8.556,-11.385,-8.556,2.829,2.829,0
1787735446.153,wrist_roll,3.125,3.385,3.125,-0.259,-0.259,0
1787735446.153,gripper,6.568,6.958,6.568,-0.390,-0.390,0
1787735446.202,shoulder_pan,-4.756,-5.187,-4.756,0.431,0.431,0
1787735446.202,shoulder_lift,-59.448,-60.747,-59.448,1.299,1.299,0
1787735446.202,elbow_flex,61.529,62.110,61.529,-0.581,-0.581,0
1787735446.202,wrist_flex,-7.559,-10.242,-7.559,2.683,2.683,0
1787735446.202,wrist_roll,3.116,3.385,3.116,-0.269,-0.269,0
1787735446.202,gripper,6.493,6.958,6.493,-0.465,-0.465,0
1787735446.253,shoulder_pan,-4.757,-5.187,-4.757,0.430,0.430,0
1787735446.253,shoulder_lift,-59.418,-60.396,-59.418,0.978,0.978,0
1787735446.253,elbow_flex,61.306,61.934,61.306,-0.628,-0.628,0
1787735446.253,wrist_flex,-6.122,-8.923,-6.122,2.801,2.801,0
1787735446.253,wrist_roll,3.063,3.385,3.063,-0.322,-0.322,0
1787735446.253,gripper,6.488,6.892,6.488,-0.404,-0.404,0
1787735446.303,shoulder_pan,-4.793,-5.275,-4.793,0.481,0.481,0
1787735446.303,shoulder_lift,-59.232,-59.692,-59.232,0.460,0.460,0
1787735446.303,elbow_flex,61.217,61.934,61.217,-0.717,-0.717,0
1787735446.303,wrist_flex,-4.574,-7.868,-4.574,3.294,3.294,0
1787735446.303,wrist_roll,3.058,3.385,3.058,-0.327,-0.327,0
1787735446.303,gripper,6.498,6.693,6.498,-0.195,-0.195,0
1787735446.352,shoulder_pan,-4.744,-5.187,-4.744,0.443,0.443,0
1787735446.352,shoulder_lift,-59.012,-59.780,-59.012,0.768,0.768,0
1787735446.352,elbow_flex,60.714,61.934,60.714,-1.220,-1.220,0
1787735446.352,wrist_flex,-3.267,-6.549,-3.267,3.283,3.283,0
1787735446.352,wrist_roll,3.009,3.209,3.009,-0.200,-0.200,0
1787735446.352,gripper,6.513,6.693,6.513,-0.180,-0.180,0
1787735446.402,shoulder_pan,-4.715,-5.187,-4.715,0.472,0.472,0
1787735446.402,shoulder_lift,-58.843,-59.692,-58.843,0.849,0.849,0
1787735446.402,elbow_flex,60.186,61.934,60.186,-1.748,-1.748,0
1787735446.402,wrist_flex,-2.101,-5.319,-2.101,3.218,3.218,0
1787735446.402,wrist_roll,3.011,3.033,3.011,-0.022,-0.022,0
1787735446.402,gripper,6.541,6.627,6.541,-0.086,-0.086,0
1787735446.452,shoulder_pan,-4.696,-5.011,-4.696,0.315,0.315,0
1787735446.452,shoulder_lift,-58.852,-59.692,-58.852,0.840,0.840,0
1787735446.452,elbow_flex,59.266,61.758,59.266,-2.493,-2.493,0
1787735446.452,wrist_flex,-0.155,-4.000,-0.155,3.845,3.845,0
1787735446.452,wrist_roll,2.883,3.033,2.883,-0.150,-0.150,0
1787735446.452,gripper,6.591,6.693,6.591,-0.103,-0.103,0
1787735446.502,shoulder_pan,-4.722,-4.923,-4.722,0.201,0.201,0
1787735446.502,shoulder_lift,-58.534,-59.692,-58.534,1.158,1.158,0
1787735446.502,elbow_flex,57.976,61.670,57.976,-3.694,-3.694,0
1787735446.502,wrist_flex,2.161,-2.593,2.161,4.754,4.754,0
1787735446.502,wrist_roll,2.869,3.033,2.869,-0.164,-0.164,0
1787735446.502,gripper,6.686,6.693,6.686,-0.007,-0.007,0
1787735446.554,shoulder_pan,-4.657,-4.923,-4.657,0.266,0.266,0
1787735446.554,shoulder_lift,-58.325,-59.692,-58.325,1.368,1.368,0
1787735446.554,elbow_flex,57.244,61.055,57.244,-3.811,-3.811,0
1787735446.554,wrist_flex,3.166,-0.571,3.166,3.737,3.737,0
1787735446.554,wrist_roll,2.823,3.033,2.823,-0.209,-0.209,0
1787735446.554,gripper,6.742,6.693,6.742,0.049,0.049,0
1787735446.604,shoulder_pan,-4.675,-4.923,-4.675,0.248,0.248,0
1787735446.604,shoulder_lift,-57.943,-59.692,-57.943,1.749,1.749,0
1787735446.604,elbow_flex,56.452,60.264,56.452,-3.812,-3.812,0
1787735446.604,wrist_flex,4.653,1.187,4.653,3.466,3.466,0
1787735446.604,wrist_roll,2.800,3.033,2.800,-0.233,-0.233,0
1787735446.604,gripper,6.858,6.693,6.858,0.165,0.165,0
1787735446.653,shoulder_pan,-4.689,-4.923,-4.689,0.234,0.234,0
1787735446.653,shoulder_lift,-57.562,-59.516,-57.562,1.955,1.955,0
1787735446.653,elbow_flex,55.456,59.912,55.456,-4.456,-4.456,0
1787735446.653,wrist_flex,5.779,2.593,5.779,3.186,3.186,0
1787735446.653,wrist_roll,2.645,3.033,2.645,-0.388,-0.388,0
1787735446.653,gripper,7.000,6.693,7.000,0.307,0.307,0
1787735446.704,shoulder_pan,-4.675,-5.099,-4.675,0.424,0.424,0
1787735446.704,shoulder_lift,-57.356,-58.462,-57.356,1.105,1.105,0
1787735446.704,elbow_flex,54.564,59.385,54.564,-4.821,-4.821,0
1787735446.704,wrist_flex,6.545,4.088,6.545,2.457,2.457,0
1787735446.704,wrist_roll,2.494,2.945,2.494,-0.451,-0.451,0
1787735446.704,gripper,7.203,6.627,7.203,0.576,0.576,0
1787735446.753,shoulder_pan,-4.812,-5.275,-4.812,0.462,0.462,0
1787735446.753,shoulder_lift,-57.517,-57.758,-57.517,0.241,0.241,0
1787735446.753,elbow_flex,54.401,59.209,54.401,-4.808,-4.808,0
1787735446.753,wrist_flex,3.538,5.407,3.538,-1.869,-1.869,0
1787735446.753,wrist_roll,2.272,3.033,2.272,-0.760,-0.760,0
1787735446.753,gripper,6.516,6.627,6.516,-0.111,-0.111,0
1787735446.804,shoulder_pan,-4.961,-5.099,-4.961,0.138,0.138,0
1787735446.804,shoulder_lift,-57.778,-57.670,-57.778,-0.108,-0.108,0
1787735446.804,elbow_flex,55.356,58.593,55.356,-3.237,-3.237,0
1787735446.804,wrist_flex,-1.207,5.670,-1.207,-6.877,-6.877,0
1787735446.804,wrist_roll,1.880,2.505,1.880,-0.626,-0.626,0
1787735446.804,gripper,5.443,6.693,5.443,-1.250,-1.250,0
1787735446.854,shoulder_pan,-5.002,-5.099,-5.002,0.097,0.097,0
1787735446.854,shoulder_lift,-58.315,-57.670,-58.315,-0.645,-0.645,0
1787735446.854,elbow_flex,55.824,58.154,55.824,-2.330,-2.330,0
1787735446.854,wrist_flex,-1.834,4.000,-1.834,-5.834,-5.834,0
1787735446.854,wrist_roll,1.694,2.418,1.694,-0.724,-0.724,0
1787735446.854,gripper,5.360,6.428,5.360,-1.068,-1.068,0
1787735446.905,shoulder_pan,-5.030,-5.275,-5.030,0.245,0.245,0
1787735446.905,shoulder_lift,-59.040,-57.407,-59.040,-1.634,-1.634,0
1787735446.905,elbow_flex,56.361,58.330,56.361,-1.968,-1.968,0
1787735446.905,wrist_flex,-2.739,1.626,-2.739,-4.366,-4.366,0
1787735446.905,wrist_roll,1.512,2.066,1.512,-0.554,-0.554,0
1787735446.905,gripper,5.266,5.765,5.266,-0.499,-0.499,0
1787735446.955,shoulder_pan,-5.037,-5.275,-5.037,0.238,0.238,0
1787735446.955,shoulder_lift,-59.772,-57.407,-59.772,-2.366,-2.366,0
1787735446.955,elbow_flex,57.236,58.505,57.236,-1.270,-1.270,0
1787735446.955,wrist_flex,-3.077,0.747,-3.077,-3.825,-3.825,0
1787735446.955,wrist_roll,1.356,1.978,1.356,-0.622,-0.622,0
1787735446.955,gripper,5.215,5.633,5.215,-0.418,-0.418,0
1787735447.003,shoulder_pan,-5.071,-5.275,-5.071,0.204,0.204,0
1787735447.003,shoulder_lift,-60.620,-57.407,-60.620,-3.213,-3.213,0
1787735447.003,elbow_flex,57.923,58.769,57.923,-0.846,-0.846,0
1787735447.003,wrist_flex,-3.701,0.220,-3.701,-3.921,-3.921,0
1787735447.003,wrist_roll,1.338,1.714,1.338,-0.377,-0.377,0
1787735447.003,gripper,5.183,5.500,5.183,-0.317,-0.317,0
1787735447.055,shoulder_pan,-5.020,-5.275,-5.020,0.254,0.254,0
1787735447.055,shoulder_lift,-61.393,-57.407,-61.393,-3.987,-3.987,0
1787735447.055,elbow_flex,58.476,59.297,58.476,-0.820,-0.820,0
1787735447.055,wrist_flex,-4.542,-0.308,-4.542,-4.234,-4.234,0
1787735447.055,wrist_roll,1.400,1.626,1.400,-0.226,-0.226,0
1787735447.055,gripper,5.164,5.368,5.164,-0.204,-0.204,0
1787735447.105,shoulder_pan,-4.983,-5.275,-4.983,0.292,0.292,0
1787735447.105,shoulder_lift,-62.516,-57.934,-62.516,-4.582,-4.582,0
1787735447.105,elbow_flex,59.204,60.088,59.204,-0.884,-0.884,0
1787735447.105,wrist_flex,-5.156,-1.187,-5.156,-3.969,-3.969,0
1787735447.105,wrist_roll,1.444,1.538,1.444,-0.095,-0.095,0
1787735447.105,gripper,5.180,5.368,5.180,-0.188,-0.188,0
1787735447.153,shoulder_pan,-4.885,-5.275,-4.885,0.390,0.390,0
1787735447.153,shoulder_lift,-63.979,-58.462,-63.979,-5.518,-5.518,0
1787735447.153,elbow_flex,60.299,60.615,60.299,-0.316,-0.316,0
1787735447.153,wrist_flex,-6.283,-1.890,-6.283,-4.392,-4.392,0
1787735447.153,wrist_roll,1.481,1.538,1.481,-0.057,-0.057,0
1787735447.153,gripper,5.171,5.368,5.171,-0.197,-0.197,0
1787735447.205,shoulder_pan,-4.885,-5.275,-4.885,0.389,0.389,0
1787735447.205,shoulder_lift,-65.656,-59.429,-65.656,-6.228,-6.228,0
1787735447.205,elbow_flex,61.575,61.407,61.575,0.169,0.169,0
1787735447.205,wrist_flex,-6.987,-2.505,-6.987,-4.481,-4.481,0
1787735447.205,wrist_roll,1.479,1.538,1.479,-0.059,-0.059,0
1787735447.205,gripper,5.176,5.368,5.176,-0.191,-0.191,0
1787735447.254,shoulder_pan,-4.905,-5.363,-4.905,0.457,0.457,0
1787735447.254,shoulder_lift,-67.592,-60.484,-67.592,-7.108,-7.108,0
1787735447.254,elbow_flex,62.844,62.286,62.844,0.558,0.558,0
1787735447.254,wrist_flex,-8.217,-3.209,-8.217,-5.008,-5.008,0
1787735447.254,wrist_roll,1.452,1.538,1.452,-0.086,-0.086,0
1787735447.254,gripper,5.229,5.368,5.229,-0.138,-0.138,0
1787735447.304,shoulder_pan,-4.940,-5.363,-4.940,0.423,0.423,0
1787735447.304,shoulder_lift,-69.770,-61.978,-69.770,-7.792,-7.792,0
1787735447.304,elbow_flex,63.773,63.429,63.773,0.344,0.344,0
1787735447.304,wrist_flex,-8.754,-3.824,-8.754,-4.930,-4.930,0
1787735447.304,wrist_roll,1.442,1.538,1.442,-0.097,-0.097,0
1787735447.304,gripper,5.290,5.368,5.290,-0.078,-0.078,0
1787735447.354,shoulder_pan,-5.026,-5.187,-5.026,0.161,0.161,0
1787735447.354,shoulder_lift,-71.771,-64.615,-71.771,-7.155,-7.155,0
1787735447.354,elbow_flex,64.792,63.341,64.792,1.451,1.451,0
1787735447.354,wrist_flex,-9.367,-5.758,-9.367,-3.608,-3.608,0
1787735447.354,wrist_roll,1.412,1.363,1.412,0.049,0.049,0
1787735447.354,gripper,5.365,5.368,5.365,-0.003,-0.003,0
1787735447.404,shoulder_pan,-5.048,-5.187,-5.048,0.139,0.139,0
1787735447.404,shoulder_lift,-73.933,-67.956,-73.933,-5.977,-5.977,0
1787735447.404,elbow_flex,65.413,63.604,65.413,1.809,1.809,0
1787735447.404,wrist_flex,-8.815,-7.516,-8.815,-1.299,-1.299,0
1787735447.404,wrist_roll,1.365,1.538,1.365,-0.173,-0.173,0
1787735447.404,gripper,5.448,5.368,5.448,0.081,0.081,0
1787735447.454,shoulder_pan,-5.014,-5.363,-5.014,0.348,0.348,0
1787735447.454,shoulder_lift,-76.884,-69.978,-76.884,-6.906,-6.906,0
1787735447.454,elbow_flex,66.948,65.011,66.948,1.937,1.937,0
1787735447.454,wrist_flex,-9.099,-7.868,-9.099,-1.231,-1.231,0
1787735447.454,wrist_roll,1.405,1.538,1.405,-0.134,-0.134,0
1787735447.454,gripper,5.635,5.368,5.635,0.267,0.267,0
1787735447.506,shoulder_pan,-5.076,-5.187,-5.076,0.111,0.111,0
1787735447.506,shoulder_lift,-76.763,-72.176,-76.763,-4.587,-4.587,0
1787735447.506,elbow_flex,67.629,65.802,67.629,1.826,1.826,0
1787735447.506,wrist_flex,-9.525,-7.956,-9.525,-1.569,-1.569,0
1787735447.506,wrist_roll,1.444,1.363,1.444,0.081,0.081,0
1787735447.506,gripper,5.675,5.368,5.675,0.307,0.307,0
1787735447.554,shoulder_pan,-5.101,-5.099,-5.101,-0.002,-0.002,0
1787735447.554,shoulder_lift,-75.742,-74.989,-75.742,-0.753,-0.753,0
1787735447.554,elbow_flex,68.614,67.209,68.614,1.406,1.406,0
1787735447.554,wrist_flex,-10.594,-8.396,-10.594,-2.198,-2.198,0
1787735447.554,wrist_roll,1.503,1.538,1.503,-0.036,-0.036,0
1787735447.554,gripper,5.760,5.368,5.760,0.392,0.392,0
1787735447.606,shoulder_pan,-5.176,-5.275,-5.176,0.099,0.099,0
1787735447.606,shoulder_lift,-75.027,-75.429,-75.027,0.402,0.402,0
1787735447.606,elbow_flex,68.850,67.824,68.850,1.026,1.026,0
1787735447.606,wrist_flex,-11.386,-9.099,-11.386,-2.287,-2.287,0
1787735447.606,wrist_roll,1.548,1.538,1.548,0.009,0.009,0
1787735447.606,gripper,5.874,5.368,5.874,0.506,0.506,0
1787735447.654,shoulder_pan,-5.314,-5.363,-5.314,0.048,0.048,0
1787735447.654,shoulder_lift,-73.602,-75.077,-73.602,1.475,1.475,0
1787735447.654,elbow_flex,68.929,68.791,68.929,0.138,0.138,0
1787735447.654,wrist_flex,-12.317,-9.890,-12.317,-2.427,-2.427,0
1787735447.654,wrist_roll,1.564,1.538,1.564,0.025,0.025,0
1787735447.654,gripper,6.062,5.434,6.062,0.628,0.628,0
1787735447.705,shoulder_pan,-4.888,-5.275,-4.888,0.387,0.387,0
1787735447.705,shoulder_lift,-69.889,-74.813,-69.889,4.924,4.924,0
1787735447.705,elbow_flex,66.347,68.967,66.347,-2.620,-2.620,0
1787735447.705,wrist_flex,-14.118,-10.593,-14.118,-3.525,-3.525,0
1787735447.705,wrist_roll,1.104,1.538,1.104,-0.434,-0.434,0
1787735447.705,gripper,5.547,5.500,5.547,0.047,0.047,0
1787735447.755,shoulder_pan,-3.952,-5.275,-3.952,1.323,1.323,0
1787735447.755,shoulder_lift,-64.028,-74.022,-64.028,9.994,9.994,0
1787735447.755,elbow_flex,62.203,69.055,62.203,-6.852,-6.852,0
1787735447.755,wrist_flex,-17.671,-11.648,-17.671,-6.023,-6.023,0
1787735447.755,wrist_roll,0.067,1.538,0.067,-1.472,-1.472,0
1787735447.755,gripper,4.494,5.633,4.494,-1.139,-1.139,0
1787735447.805,shoulder_pan,-3.730,-5.187,-3.730,1.457,1.457,0
1787735447.805,shoulder_lift,-61.781,-70.857,-61.781,9.076,9.076,0
1787735447.805,elbow_flex,60.958,68.176,60.958,-7.217,-7.217,0
1787735447.805,wrist_flex,-17.851,-13.319,-17.851,-4.532,-4.532,0
1787735447.805,wrist_roll,-0.398,1.099,-0.398,-1.497,-1.497,0
1787735447.805,gripper,4.322,5.434,4.322,-1.112,-1.112,0
1787735447.856,shoulder_pan,-3.558,-4.484,-3.558,0.925,0.925,0
1787735447.856,shoulder_lift,-60.314,-66.637,-60.314,6.323,6.323,0
1787735447.856,elbow_flex,60.052,65.978,60.052,-5.926,-5.926,0
1787735447.856,wrist_flex,-16.956,-15.516,-16.956,-1.440,-1.440,0
1787735447.856,wrist_roll,-0.607,0.308,-0.607,-0.914,-0.914,0
1787735447.856,gripper,4.178,4.838,4.178,-0.659,-0.659,0
1787735447.906,shoulder_pan,-3.446,-3.956,-3.446,0.510,0.510,0
1787735447.906,shoulder_lift,-59.879,-63.736,-59.879,3.858,3.858,0
1787735447.906,elbow_flex,59.345,64.396,59.345,-5.051,-5.051,0
1787735447.906,wrist_flex,-15.440,-16.132,-15.440,0.692,0.692,0
1787735447.906,wrist_roll,-0.776,-0.044,-0.776,-0.732,-0.732,0
1787735447.906,gripper,4.041,4.639,4.041,-0.598,-0.598,0
1787735447.955,shoulder_pan,-3.403,-4.044,-3.403,0.641,0.641,0
1787735447.955,shoulder_lift,-59.605,-61.714,-59.605,2.110,2.110,0
1787735447.955,elbow_flex,58.765,63.341,58.765,-4.576,-4.576,0
1787735447.955,wrist_flex,-13.791,-16.044,-13.791,2.253,2.253,0
1787735447.955,wrist_roll,-0.876,-0.396,-0.876,-0.481,-0.481,0
1787735447.955,gripper,3.917,4.506,3.917,-0.589,-0.589,0
1787735448.005,shoulder_pan,-3.286,-4.132,-3.286,0.846,0.846,0
1787735448.005,shoulder_lift,-59.324,-60.659,-59.324,1.335,1.335,0
1787735448.005,elbow_flex,58.282,62.462,58.282,-4.179,-4.179,0
1787735448.005,wrist_flex,-12.238,-15.253,-12.238,3.015,3.015,0
1787735448.005,wrist_roll,-1.004,-0.571,-1.004,-0.433,-0.433,0
1787735448.005,gripper,3.668,4.307,3.668,-0.640,-0.640,0
1787735448.056,shoulder_pan,-3.352,-3.868,-3.352,0.516,0.516,0
1787735448.056,shoulder_lift,-59.200,-60.044,-59.200,0.844,0.844,0
1787735448.056,elbow_flex,58.117,61.670,58.117,-3.553,-3.553,0
1787735448.056,wrist_flex,-11.178,-14.022,-11.178,2.844,2.844,0
1787735448.056,wrist_roll,-1.064,-0.571,-1.064,-0.492,-0.492,0
1787735448.056,gripper,3.542,4.175,3.542,-0.633,-0.633,0
1787735448.106,shoulder_pan,-3.328,-3.692,-3.328,0.364,0.364,0
1787735448.106,shoulder_lift,-59.315,-59.516,-59.315,0.202,0.202,0
1787735448.106,elbow_flex,58.003,61.319,58.003,-3.316,-3.316,0
1787735448.106,wrist_flex,-9.682,-12.615,-9.682,2.933,2.933,0
1787735448.106,wrist_roll,-1.110,-0.571,-1.110,-0.539,-0.539,0
1787735448.106,gripper,3.487,3.976,3.487,-0.489,-0.489,0
1787735448.156,shoulder_pan,-3.337,-3.692,-3.337,0.355,0.355,0
1787735448.156,shoulder_lift,-59.204,-59.429,-59.204,0.224,0.224,0
1787735448.156,elbow_flex,57.820,61.143,57.820,-3.323,-3.323,0
1787735448.156,wrist_flex,-8.904,-11.473,-8.904,2.569,2.569,0
1787735448.156,wrist_roll,-1.193,-0.571,-1.193,-0.621,-0.621,0
1787735448.156,gripper,3.461,3.844,3.461,-0.383,-0.383,0
1787735448.206,shoulder_pan,-3.372,-3.692,-3.372,0.320,0.320,0
1787735448.206,shoulder_lift,-59.576,-59.429,-59.576,-0.148,-0.148,0
1787735448.206,elbow_flex,57.890,60.967,57.890,-3.077,-3.077,0
1787735448.206,wrist_flex,-7.845,-10.154,-7.845,2.308,2.308,0
1787735448.206,wrist_roll,-1.303,-0.835,-1.303,-0.468,-0.468,0
1787735448.206,gripper,3.505,3.844,3.505,-0.338,-0.338,0
1787735448.255,shoulder_pan,-3.464,-3.692,-3.464,0.228,0.228,0
1787735448.255,shoulder_lift,-60.133,-59.341,-60.133,-0.792,-0.792,0
1787735448.255,elbow_flex,57.907,60.879,57.907,-2.972,-2.972,0
1787735448.255,wrist_flex,-6.894,-9.187,-6.894,2.293,2.293,0
1787735448.255,wrist_roll,-1.388,-1.011,-1.388,-0.377,-0.377,0
1787735448.255,gripper,3.541,3.844,3.541,-0.302,-0.302,0
1787735448.305,shoulder_pan,-3.515,-3.692,-3.515,0.178,0.178,0
1787735448.305,shoulder_lift,-60.816,-59.341,-60.816,-1.476,-1.476,0
1787735448.305,elbow_flex,57.875,60.879,57.875,-3.004,-3.004,0
1787735448.305,wrist_flex,-6.216,-8.044,-6.216,1.828,1.828,0
1787735448.305,wrist_roll,-1.389,-1.011,-1.389,-0.378,-0.378,0
1787735448.305,gripper,3.606,3.844,3.606,-0.237,-0.237,0
1787735448.356,shoulder_pan,-3.671,-3.692,-3.671,0.021,0.021,0
1787735448.356,shoulder_lift,-61.069,-59.604,-61.069,-1.465,-1.465,0
1787735448.356,elbow_flex,57.761,60.879,57.761,-3.118,-3.118,0
1787735448.356,wrist_flex,-5.690,-7.077,-5.690,1.387,1.387,0
1787735448.356,wrist_roll,-1.450,-1.011,-1.450,-0.439,-0.439,0
1787735448.356,gripper,3.603,3.844,3.603,-0.241,-0.241,0
1787735448.406,shoulder_pan,-3.759,-3.692,-3.759,-0.067,-0.067,0
1787735448.406,shoulder_lift,-62.118,-59.780,-62.118,-2.338,-2.338,0
1787735448.406,elbow_flex,58.095,60.791,58.095,-2.696,-2.696,0
1787735448.406,wrist_flex,-5.129,-6.462,-5.129,1.332,1.332,0
1787735448.406,wrist_roll,-1.424,-1.011,-1.424,-0.413,-0.413,0
1787735448.406,gripper,3.577,3.844,3.577,-0.267,-0.267,0
1787735448.457,shoulder_pan,-3.722,-3.692,-3.722,-0.029,-0.029,0
1787735448.457,shoulder_lift,-62.510,-60.308,-62.510,-2.202,-2.202,0
1787735448.457,elbow_flex,58.250,60.791,58.250,-2.541,-2.541,0
1787735448.457,wrist_flex,-5.287,-5.758,-5.287,0.471,0.471,0
1787735448.457,wrist_roll,-1.381,-1.011,-1.381,-0.370,-0.370,0
1787735448.457,gripper,3.607,3.844,3.607,-0.236,-0.236,0
1787735448.506,shoulder_pan,-3.802,-3.692,-3.802,-0.109,-0.109,0
1787735448.506,shoulder_lift,-63.040,-61.011,-63.040,-2.029,-2.029,0
1787735448.506,elbow_flex,58.578,60.791,58.578,-2.213,-2.213,0
1787735448.506,wrist_flex,-5.348,-5.495,-5.348,0.146,0.146,0
1787735448.506,wrist_roll,-1.363,-1.011,-1.363,-0.352,-0.352,0
1787735448.506,gripper,3.625,3.844,3.625,-0.219,-0.219,0
1787735448.557,shoulder_pan,-3.777,-3.692,-3.777,-0.084,-0.084,0
1787735448.557,shoulder_lift,-63.355,-61.714,-63.355,-1.641,-1.641,0
1787735448.557,elbow_flex,58.857,60.791,58.857,-1.934,-1.934,0
1787735448.557,wrist_flex,-5.642,-5.495,-5.642,-0.148,-0.148,0
1787735448.557,wrist_roll,-1.360,-1.011,-1.360,-0.349,-0.349,0
1787735448.557,gripper,3.670,3.844,3.670,-0.173,-0.173,0
1787735448.608,shoulder_pan,-3.773,-3.692,-3.773,-0.081,-0.081,0
1787735448.608,shoulder_lift,-63.714,-62.154,-63.714,-1.560,-1.560,0
1787735448.608,elbow_flex,59.335,60.791,59.335,-1.456,-1.456,0
1787735448.608,wrist_flex,-5.799,-5.495,-5.799,-0.304,-0.304,0
1787735448.608,wrist_roll,-1.346,-1.011,-1.346,-0.335,-0.335,0
1787735448.608,gripper,3.689,3.844,3.689,-0.155,-0.155,0
1787735448.656,shoulder_pan,-3.726,-3.692,-3.726,-0.034,-0.034,0
1787735448.656,shoulder_lift,-62.891,-62.418,-62.891,-0.474,-0.474,0
1787735448.656,elbow_flex,59.101,60.791,59.101,-1.690,-1.690,0
1787735448.656,wrist_flex,-5.257,-5.495,-5.257,0.238,0.238,0
1787735448.656,wrist_roll,-1.446,-1.099,-1.446,-0.347,-0.347,0
1787735448.656,gripper,3.354,3.844,3.354,-0.490,-0.490,0
1787735448.707,shoulder_pan,-3.637,-3.692,-3.637,0.055,0.055,0
1787735448.707,shoulder_lift,-61.475,-62.681,-61.475,1.206,1.206,0
1787735448.707,elbow_flex,58.402,60.791,58.402,-2.389,-2.389,0
1787735448.707,wrist_flex,-3.964,-5.495,-3.964,1.530,1.530,0
1787735448.707,wrist_roll,-1.499,-1.099,-1.499,-0.400,-0.400,0
1787735448.707,gripper,3.182,3.844,3.182,-0.662,-0.662,0
1787735448.757,shoulder_pan,-3.857,-3.692,-3.857,-0.165,-0.165,0
1787735448.757,shoulder_lift,-60.701,-62.418,-60.701,1.716,1.716,0
1787735448.757,elbow_flex,58.506,60.791,58.506,-2.285,-2.285,0
1787735448.757,wrist_flex,-3.171,-5.055,-3.171,1.884,1.884,0
1787735448.757,wrist_roll,-1.546,-1.099,-1.546,-0.447,-0.447,0
1787735448.757,gripper,3.557,3.777,3.557,-0.221,-0.221,0
1787735448.807,shoulder_pan,-3.951,-3.692,-3.951,-0.258,-0.258,0
1787735448.807,shoulder_lift,-60.018,-61.538,-60.018,1.520,1.520,0
1787735448.807,elbow_flex,58.586,60.791,58.586,-2.205,-2.205,0
1787735448.807,wrist_flex,-3.221,-4.000,-3.221,0.779,0.779,0
1787735448.807,wrist_roll,-1.540,-1.099,-1.540,-0.441,-0.441,0
1787735448.807,gripper,3.834,3.711,3.834,0.123,0.123,0
1787735448.857,shoulder_pan,-3.973,-3.692,-3.973,-0.281,-0.281,0
1787735448.857,shoulder_lift,-59.499,-60.747,-59.499,1.249,1.249,0
1787735448.857,elbow_flex,58.669,60.791,58.669,-2.123,-2.123,0
1787735448.857,wrist_flex,-3.121,-3.648,-3.121,0.527,0.527,0
1787735448.857,wrist_roll,-1.622,-1.363,-1.622,-0.259,-0.259,0
1787735448.857,gripper,3.957,3.711,3.957,0.246,0.246,0
1787735448.907,shoulder_pan,-3.985,-3.692,-3.985,-0.293,-0.293,0
1787735448.907,shoulder_lift,-58.778,-60.132,-58.778,1.353,1.353,0
1787735448.907,elbow_flex,58.697,60.791,58.697,-2.094,-2.094,0
1787735448.907,wrist_flex,-3.304,-3.473,-3.304,0.168,0.168,0
1787735448.907,wrist_roll,-1.629,-1.363,-1.629,-0.266,-0.266,0
1787735448.907,gripper,4.016,3.711,4.016,0.305,0.305,0
1787735448.957,shoulder_pan,-3.947,-3.604,-3.947,-0.343,-0.343,0
1787735448.957,shoulder_lift,-58.639,-59.516,-58.639,0.877,0.877,0
1787735448.957,elbow_flex,58.807,60.791,58.807,-1.984,-1.984,0
1787735448.957,wrist_flex,-3.523,-3.385,-3.523,-0.138,-0.138,0
1787735448.957,wrist_roll,-1.669,-1.451,-1.669,-0.218,-0.218,0
1787735448.957,gripper,4.093,3.777,4.093,0.316,0.316,0
1787735449.008,shoulder_pan,-3.865,-3.516,-3.865,-0.349,-0.349,0
1787735449.008,shoulder_lift,-58.210,-59.077,-58.210,0.867,0.867,0
1787735449.008,elbow_flex,58.682,60.791,58.682,-2.110,-2.110,0
1787735449.008,wrist_flex,-3.619,-3.385,-3.619,-0.234,-0.234,0
1787735449.008,wrist_roll,-1.701,-1.714,-1.701,0.013,0.013,0
1787735449.008,gripper,4.139,3.844,4.139,0.295,0.295,0
1787735449.058,shoulder_pan,-3.863,-3.516,-3.863,-0.346,-0.346,0
1787735449.058,shoulder_lift,-57.643,-58.901,-57.643,1.258,1.258,0
1787735449.058,elbow_flex,58.560,60.791,58.560,-2.231,-2.231,0
1787735449.058,wrist_flex,-3.942,-3.385,-3.942,-0.558,-0.558,0
1787735449.058,wrist_roll,-1.677,-1.714,-1.677,0.037,0.037,0
1787735449.058,gripper,4.182,3.844,4.182,0.338,0.338,0
1787735449.108,shoulder_pan,-3.855,-3.429,-3.855,-0.426,-0.426,0
1787735449.108,shoulder_lift,-57.096,-58.462,-57.096,1.366,1.366,0
1787735449.108,elbow_flex,58.701,60.791,58.701,-2.090,-2.090,0
1787735449.108,wrist_flex,-4.196,-3.473,-4.196,-0.723,-0.723,0
1787735449.108,wrist_roll,-1.706,-1.714,-1.706,0.009,0.009,0
1787735449.108,gripper,4.285,3.844,4.285,0.441,0.441,0
1787735449.158,shoulder_pan,-3.884,-3.429,-3.884,-0.455,-0.455,0
1787735449.158,shoulder_lift,-56.691,-57.846,-56.691,1.155,1.155,0
1787735449.158,elbow_flex,58.541,60.791,58.541,-2.250,-2.250,0
1787735449.158,wrist_flex,-4.322,-3.473,-4.322,-0.850,-0.850,0
1787735449.158,wrist_roll,-1.705,-1.538,-1.705,-0.166,-0.166,0
1787735449.158,gripper,4.350,3.844,4.350,0.506,0.506,0
1787735449.207,shoulder_pan,-3.927,-3.429,-3.927,-0.498,-0.498,0
1787735449.207,shoulder_lift,-56.268,-57.055,-56.268,0.787,0.787,0
1787735449.207,elbow_flex,58.520,60.879,58.520,-2.359,-2.359,0
1787735449.207,wrist_flex,-4.477,-3.473,-4.477,-1.004,-1.004,0
1787735449.207,wrist_roll,-1.762,-1.538,-1.762,-0.224,-0.224,0
1787735449.207,gripper,4.425,3.910,4.425,0.515,0.515,0
1787735449.257,shoulder_pan,-3.886,-3.429,-3.886,-0.458,-0.458,0
1787735449.257,shoulder_lift,-55.600,-56.615,-55.600,1.016,1.016,0
1787735449.257,elbow_flex,58.566,60.879,58.566,-2.313,-2.313,0
1787735449.257,wrist_flex,-5.403,-3.473,-5.403,-1.930,-1.930,0
1787735449.257,wrist_roll,-1.794,-1.538,-1.794,-0.255,-0.255,0
1787735449.257,gripper,4.500,4.042,4.500,0.457,0.457,0
1787735449.307,shoulder_pan,-3.821,-3.429,-3.821,-0.393,-0.393,0
1787735449.307,shoulder_lift,-55.215,-56.176,-55.215,0.961,0.961,0
1787735449.307,elbow_flex,58.308,60.879,58.308,-2.571,-2.571,0
1787735449.307,wrist_flex,-5.423,-3.648,-5.423,-1.775,-1.775,0
1787735449.307,wrist_roll,-1.803,-1.538,-1.803,-0.265,-0.265,0
1787735449.307,gripper,4.610,4.175,4.610,0.435,0.435,0
1787735449.360,shoulder_pan,-3.804,-3.516,-3.804,-0.288,-0.288,0
1787735449.360,shoulder_lift,-54.840,-55.473,-54.840,0.633,0.633,0
1787735449.360,elbow_flex,58.359,60.879,58.359,-2.520,-2.520,0
1787735449.360,wrist_flex,-5.861,-4.176,-5.861,-1.685,-1.685,0
1787735449.360,wrist_roll,-1.837,-1.538,-1.837,-0.299,-0.299,0
1787735449.360,gripper,4.712,4.241,4.712,0.471,0.471,0
1787735449.408,shoulder_pan,-3.952,-3.516,-3.952,-0.436,-0.436,0
1787735449.408,shoulder_lift,-53.571,-55.297,-53.571,1.726,1.726,0
1787735449.408,elbow_flex,58.200,60.879,58.200,-2.679,-2.679,0
1787735449.408,wrist_flex,-6.324,-4.264,-6.324,-2.060,-2.060,0
1787735449.408,wrist_roll,-1.838,-1.538,-1.838,-0.300,-0.300,0
1787735449.408,gripper,4.884,4.241,4.884,0.643,0.643,0
1787735449.458,shoulder_pan,-3.965,-3.516,-3.965,-0.448,-0.448,0
1787735449.458,shoulder_lift,-53.007,-54.681,-53.007,1.674,1.674,0
1787735449.458,elbow_flex,58.099,60.879,58.099,-2.780,-2.780,0
1787735449.458,wrist_flex,-7.013,-4.791,-7.013,-2.222,-2.222,0
1787735449.458,wrist_roll,-1.897,-1.538,-1.897,-0.358,-0.358,0
1787735449.458,gripper,5.085,4.440,5.085,0.645,0.645,0
1787735449.508,shoulder_pan,-4.061,-3.516,-4.061,-0.544,-0.544,0
1787735449.508,shoulder_lift,-52.165,-54.066,-52.165,1.901,1.901,0
1787735449.508,elbow_flex,57.923,60.879,57.923,-2.957,-2.957,0
1787735449.508,wrist_flex,-6.970,-5.319,-6.970,-1.651,-1.651,0
1787735449.508,wrist_roll,-1.920,-1.538,-1.920,-0.381,-0.381,0
1787735449.508,gripper,5.215,4.639,5.215,0.577,0.577,0
1787735449.560,shoulder_pan,-4.069,-3.429,-4.069,-0.640,-0.640,0
1787735449.560,shoulder_lift,-51.472,-53.451,-51.472,1.979,1.979,0
1787735449.560,elbow_flex,57.773,60.879,57.773,-3.106,-3.106,0
1787735449.560,wrist_flex,-8.109,-5.670,-8.109,-2.439,-2.439,0
1787735449.560,wrist_roll,-2.007,-1.538,-2.007,-0.469,-0.469,0
1787735449.560,gripper,5.420,4.771,5.420,0.649,0.649,0
1787735449.608,shoulder_pan,-4.583,-3.429,-4.583,-1.154,-1.154,0
1787735449.608,shoulder_lift,-48.750,-53.099,-48.750,4.349,4.349,0
1787735449.608,elbow_flex,57.297,60.879,57.297,-3.582,-3.582,0
1787735449.608,wrist_flex,-6.371,-6.110,-6.371,-0.261,-0.261,0
1787735449.608,wrist_roll,-2.078,-1.538,-2.078,-0.540,-0.540,0
1787735449.608,gripper,5.998,4.970,5.998,1.028,1.028,0
1787735449.658,shoulder_pan,-5.159,-3.341,-5.159,-1.819,-1.819,0
1787735449.658,shoulder_lift,-44.642,-52.571,-44.642,7.929,7.929,0
1787735449.658,elbow_flex,57.195,60.879,57.195,-3.684,-3.684,0
1787735449.658,wrist_flex,-5.191,-6.462,-5.191,1.270,1.270,0
1787735449.658,wrist_roll,-2.229,-1.538,-2.229,-0.690,-0.690,0
1787735449.658,gripper,6.908,5.235,6.908,1.673,1.673,0
1787735449.709,shoulder_pan,-5.185,-3.253,-5.185,-1.932,-1.932,0
1787735449.709,shoulder_lift,-43.062,-50.901,-43.062,7.839,7.839,0
1787735449.709,elbow_flex,57.576,60.703,57.576,-3.128,-3.128,0
1787735449.709,wrist_flex,-5.202,-5.846,-5.202,0.644,0.644,0
1787735449.709,wrist_roll,-2.296,-1.714,-2.296,-0.582,-0.582,0
1787735449.709,gripper,7.280,5.832,7.280,1.449,1.449,0
1787735449.758,shoulder_pan,-5.260,-3.429,-5.260,-1.831,-1.831,0
1787735449.758,shoulder_lift,-41.259,-47.033,-41.259,5.774,5.774,0
1787735449.758,elbow_flex,57.996,60.703,57.996,-2.707,-2.707,0
1787735449.758,wrist_flex,-5.461,-5.407,-5.461,-0.055,-0.055,0
1787735449.758,wrist_roll,-2.368,-2.242,-2.368,-0.126,-0.126,0
1787735449.758,gripper,7.598,6.561,7.598,1.038,1.038,0
1787735449.809,shoulder_pan,-5.314,-4.659,-5.314,-0.654,-0.654,0
1787735449.809,shoulder_lift,-40.658,-44.044,-40.658,3.386,3.386,0
1787735449.809,elbow_flex,58.542,60.967,58.542,-2.425,-2.425,0
1787735449.809,wrist_flex,-5.594,-5.231,-5.594,-0.363,-0.363,0
1787735449.809,wrist_roll,-2.359,-1.978,-2.359,-0.381,-0.381,0
1787735449.809,gripper,7.708,6.892,7.708,0.816,0.816,0
1787735449.859,shoulder_pan,-5.286,-4.659,-5.286,-0.627,-0.627,0
1787735449.859,shoulder_lift,-40.588,-42.286,-40.588,1.697,1.697,0
1787735449.859,elbow_flex,59.117,60.440,59.117,-1.323,-1.323,0
1787735449.859,wrist_flex,-6.117,-5.407,-6.117,-0.710,-0.710,0
1787735449.859,wrist_roll,-2.349,-2.330,-2.349,-0.019,-0.019,0
1787735449.859,gripper,7.785,7.290,7.785,0.496,0.496,0
1787735449.909,shoulder_pan,-5.332,-4.923,-5.332,-0.409,-0.409,0
1787735449.909,shoulder_lift,-40.880,-41.143,-40.880,0.263,0.263,0
1787735449.909,elbow_flex,59.696,60.615,59.696,-0.920,-0.920,0
1787735449.909,wrist_flex,-5.920,-5.407,-5.920,-0.514,-0.514,0
1787735449.909,wrist_roll,-2.347,-2.330,-2.347,-0.017,-0.017,0
1787735449.909,gripper,7.831,7.488,7.831,0.342,0.342,0
1787735449.958,shoulder_pan,-5.364,-5.099,-5.364,-0.265,-0.265,0
1787735449.958,shoulder_lift,-41.221,-40.879,-41.221,-0.342,-0.342,0
1787735449.958,elbow_flex,60.141,60.791,60.141,-0.650,-0.650,0
1787735449.958,wrist_flex,-6.775,-5.319,-6.775,-1.457,-1.457,0
1787735449.958,wrist_roll,-2.305,-2.066,-2.305,-0.239,-0.239,0
1787735449.958,gripper,7.799,7.422,7.799,0.377,0.377,0
1787735450.008,shoulder_pan,-5.350,-4.747,-5.350,-0.602,-0.602,0
1787735450.008,shoulder_lift,-42.060,-41.055,-42.060,-1.005,-1.005,0
1787735450.008,elbow_flex,60.636,60.703,60.636,-0.067,-0.067,0
1787735450.008,wrist_flex,-6.035,-5.582,-6.035,-0.453,-0.453,0
1787735450.008,wrist_roll,-2.269,-2.242,-2.269,-0.028,-0.028,0
1787735450.008,gripper,7.875,7.488,7.875,0.386,0.386,0
1787735450.059,shoulder_pan,-5.219,-5.011,-5.219,-0.208,-0.208,0
1787735450.059,shoulder_lift,-43.142,-41.055,-43.142,-2.087,-2.087,0
1787735450.059,elbow_flex,61.301,60.791,61.301,0.510,0.510,0
1787735450.059,wrist_flex,-6.431,-5.846,-6.431,-0.585,-0.585,0
1787735450.059,wrist_roll,-2.238,-2.242,-2.238,0.004,0.004,0
1787735450.059,gripper,7.872,7.555,7.872,0.317,0.317,0
1787735450.110,shoulder_pan,-5.315,-5.099,-5.315,-0.216,-0.216,0
1787735450.110,shoulder_lift,-44.301,-41.055,-44.301,-3.246,-3.246,0
1787735450.110,elbow_flex,61.708,61.231,61.708,0.478,0.478,0
1787735450.110,wrist_flex,-6.606,-5.758,-6.606,-0.847,-0.847,0
1787735450.110,wrist_roll,-2.222,-2.066,-2.222,-0.156,-0.156,0
1787735450.110,gripper,7.905,7.488,7.905,0.417,0.417,0
1787735450.158,shoulder_pan,-5.338,-5.099,-5.338,-0.239,-0.239,0
1787735450.158,shoulder_lift,-45.503,-41.758,-45.503,-3.745,-3.745,0
1787735450.158,elbow_flex,61.985,61.758,61.985,0.227,0.227,0
1787735450.158,wrist_flex,-6.567,-5.758,-6.567,-0.808,-0.808,0
1787735450.158,wrist_roll,-2.205,-2.242,-2.205,0.037,0.037,0
1787735450.158,gripper,8.015,7.488,8.015,0.527,0.527,0
1787735450.209,shoulder_pan,-5.388,-5.099,-5.388,-0.289,-0.289,0
1787735450.209,shoulder_lift,-46.924,-42.725,-46.924,-4.199,-4.199,0
1787735450.209,elbow_flex,62.347,62.286,62.347,0.062,0.062,0
1787735450.209,wrist_flex,-6.558,-5.758,-6.558,-0.800,-0.800,0
1787735450.209,wrist_roll,-2.228,-2.242,-2.228,0.013,0.013,0
1787735450.209,gripper,8.121,7.488,8.121,0.633,0.633,0
1787735450.259,shoulder_pan,-5.463,-5.099,-5.463,-0.365,-0.365,0
1787735450.259,shoulder_lift,-48.308,-43.780,-48.308,-4.527,-4.527,0
1787735450.259,elbow_flex,63.073,62.374,63.073,0.699,0.699,0
1787735450.259,wrist_flex,-6.924,-5.758,-6.924,-1.166,-1.166,0
1787735450.259,wrist_roll,-2.156,-2.154,-2.156,-0.002,-0.002,0
1787735450.259,gripper,8.204,7.621,8.204,0.583,0.583,0
1787735450.309,shoulder_pan,-5.495,-5.099,-5.495,-0.396,-0.396,0
1787735450.309,shoulder_lift,-49.359,-45.275,-49.359,-4.084,-4.084,0
1787735450.309,elbow_flex,63.430,62.989,63.430,0.441,0.441,0
1787735450.309,wrist_flex,-7.014,-5.846,-7.014,-1.168,-1.168,0
1787735450.309,wrist_roll,-2.131,-2.242,-2.131,0.110,0.110,0
1787735450.309,gripper,8.212,7.753,8.212,0.459,0.459,0
1787735450.361,shoulder_pan,-5.417,-5.099,-5.417,-0.318,-0.318,0
1787735450.361,shoulder_lift,-51.823,-46.505,-51.823,-5.317,-5.317,0
1787735450.361,elbow_flex,63.425,63.165,63.425,0.260,0.260,0
1787735450.361,wrist_flex,-6.644,-6.022,-6.644,-0.622,-0.622,0
1787735450.361,wrist_roll,-2.014,-2.242,-2.014,0.227,0.227,0
1787735450.361,gripper,8.163,7.753,8.163,0.409,0.409,0
1787735450.409,shoulder_pan,-5.390,-5.099,-5.390,-0.291,-0.291,0
1787735450.409,shoulder_lift,-52.983,-47.736,-52.983,-5.246,-5.246,0
1787735450.409,elbow_flex,63.478,63.341,63.478,0.137,0.137,0
1787735450.409,wrist_flex,-7.007,-6.022,-7.007,-0.986,-0.986,0
1787735450.409,wrist_roll,-1.983,-2.330,-1.983,0.346,0.346,0
1787735450.409,gripper,8.125,7.753,8.125,0.372,0.372,0
1787735450.459,shoulder_pan,-5.450,-5.099,-5.450,-0.351,-0.351,0
1787735450.459,shoulder_lift,-54.160,-49.670,-54.160,-4.489,-4.489,0
1787735450.459,elbow_flex,63.546,63.429,63.546,0.117,0.117,0
1787735450.459,wrist_flex,-6.825,-6.022,-6.825,-0.803,-0.803,0
1787735450.459,wrist_roll,-1.976,-2.330,-1.976,0.353,0.353,0
1787735450.459,gripper,8.131,7.753,8.131,0.378,0.378,0
1787735450.509,shoulder_pan,-5.449,-5.099,-5.449,-0.350,-0.350,0
1787735450.509,shoulder_lift,-55.276,-51.165,-55.276,-4.111,-4.111,0
1787735450.509,elbow_flex,63.613,63.341,63.613,0.273,0.273,0
1787735450.509,wrist_flex,-6.802,-6.022,-6.802,-0.780,-0.780,0
1787735450.509,wrist_roll,-1.909,-2.330,-1.909,0.421,0.421,0
1787735450.509,gripper,8.089,7.753,8.089,0.335,0.335,0
1787735450.559,shoulder_pan,-4.998,-5.099,-4.998,0.101,0.101,0
1787735450.559,shoulder_lift,-58.313,-52.659,-58.313,-5.654,-5.654,0
1787735450.559,elbow_flex,62.612,63.692,62.612,-1.081,-1.081,0
1787735450.559,wrist_flex,-7.671,-6.022,-7.671,-1.649,-1.649,0
1787735450.559,wrist_roll,-1.732,-2.242,-1.732,0.509,0.509,0
1787735450.559,gripper,8.500,7.753,8.500,0.746,0.746,0
1787735450.610,shoulder_pan,-4.503,-5.099,-4.503,0.595,0.595,0
1787735450.610,shoulder_lift,-60.212,-53.714,-60.212,-6.498,-6.498,0
1787735450.610,elbow_flex,62.032,63.692,62.032,-1.661,-1.661,0
1787735450.610,wrist_flex,-9.274,-6.198,-9.274,-3.076,-3.076,0
1787735450.610,wrist_roll,-1.600,-2.330,-1.600,0.729,0.729,0
1787735450.610,gripper,9.035,7.886,9.035,1.149,1.149,0
1787735450.659,shoulder_pan,-4.277,-5.099,-4.277,0.822,0.822,0
1787735450.659,shoulder_lift,-59.187,-56.000,-59.187,-3.187,-3.187,0
1787735450.659,elbow_flex,61.923,63.692,61.923,-1.770,-1.770,0
1787735450.659,wrist_flex,-10.297,-6.813,-10.297,-3.484,-3.484,0
1787735450.659,wrist_roll,-1.590,-1.978,-1.590,0.388,0.388,0
1787735450.659,gripper,9.165,8.350,9.165,0.816,0.816,0
1787735450.710,shoulder_pan,-4.041,-4.747,-4.041,0.707,0.707,0
1787735450.710,shoulder_lift,-57.457,-57.319,-57.457,-0.138,-0.138,0
1787735450.710,elbow_flex,62.110,63.956,62.110,-1.846,-1.846,0
1787735450.710,wrist_flex,-11.517,-7.692,-11.517,-3.825,-3.825,0
1787735450.710,wrist_roll,-1.619,-1.802,-1.619,0.183,0.183,0
1787735450.710,gripper,9.257,8.681,9.257,0.576,0.576,0
1787735450.760,shoulder_pan,-3.821,-4.396,-3.821,0.575,0.575,0
1787735450.760,shoulder_lift,-56.025,-57.231,-56.025,1.206,1.206,0
1787735450.760,elbow_flex,62.120,63.956,62.120,-1.836,-1.836,0
1787735450.760,wrist_flex,-12.284,-8.571,-12.284,-3.712,-3.712,0
1787735450.760,wrist_roll,-1.628,-1.890,-1.628,0.262,0.262,0
1787735450.760,gripper,9.365,8.880,9.365,0.485,0.485,0
1787735450.811,shoulder_pan,-3.484,-4.044,-3.484,0.560,0.560,0
1787735450.811,shoulder_lift,-53.378,-56.440,-53.378,3.062,3.062,0
1787735450.811,elbow_flex,62.379,63.956,62.379,-1.577,-1.577,0
1787735450.811,wrist_flex,-14.583,-9.538,-14.583,-5.045,-5.045,0
1787735450.811,wrist_roll,-1.646,-1.890,-1.646,0.244,0.244,0
1787735450.811,gripper,9.493,9.013,9.493,0.480,0.480,0
1787735450.860,shoulder_pan,-3.415,-3.780,-3.415,0.365,0.365,0
1787735450.860,shoulder_lift,-50.333,-55.560,-50.333,5.227,5.227,0
1787735450.860,elbow_flex,62.263,63.956,62.263,-1.693,-1.693,0
1787735450.860,wrist_flex,-16.679,-10.505,-16.679,-6.174,-6.174,0
1787735450.860,wrist_roll,-1.687,-1.890,-1.687,0.203,0.203,0
1787735450.860,gripper,9.590,9.079,9.590,0.511,0.511,0
1787735450.911,shoulder_pan,-3.328,-3.516,-3.328,0.188,0.188,0
1787735450.911,shoulder_lift,-46.970,-53.626,-46.970,6.657,6.657,0
1787735450.911,elbow_flex,62.211,63.956,62.211,-1.745,-1.745,0
1787735450.911,wrist_flex,-19.127,-12.791,-19.127,-6.335,-6.335,0
1787735450.911,wrist_roll,-1.732,-1.890,-1.732,0.158,0.158,0
1787735450.911,gripper,9.661,9.145,9.661,0.516,0.516,0
1787735450.960,shoulder_pan,-3.359,-3.341,-3.359,-0.019,-0.019,0
1787735450.960,shoulder_lift,-44.819,-51.692,-44.819,6.873,6.873,0
1787735450.960,elbow_flex,61.885,63.868,61.885,-1.983,-1.983,0
1787735450.960,wrist_flex,-19.837,-14.725,-19.837,-5.112,-5.112,0
1787735450.960,wrist_roll,-1.737,-2.066,-1.737,0.329,0.329,0
1787735450.960,gripper,9.724,9.476,9.724,0.247,0.247,0
1787735451.010,shoulder_pan,-3.365,-3.077,-3.365,-0.288,-0.288,0
1787735451.010,shoulder_lift,-42.869,-49.670,-42.869,6.801,6.801,0
1787735451.010,elbow_flex,61.171,63.868,61.171,-2.698,-2.698,0
1787735451.010,wrist_flex,-19.698,-17.187,-19.698,-2.512,-2.512,0
1787735451.010,wrist_roll,-1.685,-1.978,-1.685,0.293,0.293,0
1787735451.010,gripper,9.812,9.476,9.812,0.335,0.335,0
1787735451.060,shoulder_pan,-3.318,-2.989,-3.318,-0.329,-0.329,0
1787735451.060,shoulder_lift,-42.216,-48.440,-42.216,6.223,6.223,0
1787735451.060,elbow_flex,60.535,63.780,60.535,-3.246,-3.246,0
1787735451.060,wrist_flex,-19.569,-18.330,-19.569,-1.239,-1.239,0
1787735451.060,wrist_roll,-1.742,-2.066,-1.742,0.323,0.323,0
1787735451.060,gripper,9.815,9.476,9.815,0.339,0.339,0
1787735451.110,shoulder_pan,-3.344,-2.901,-3.344,-0.443,-0.443,0
1787735451.110,shoulder_lift,-41.830,-47.297,-41.830,5.467,5.467,0
1787735451.110,elbow_flex,59.827,63.780,59.827,-3.953,-3.953,0
1787735451.110,wrist_flex,-18.483,-19.209,-18.483,0.726,0.726,0
1787735451.110,wrist_roll,-1.712,-2.066,-1.712,0.354,0.354,0
1787735451.110,gripper,9.796,9.543,9.796,0.253,0.253,0
1787735451.160,shoulder_pan,-3.293,-2.813,-3.293,-0.480,-0.480,0
1787735451.160,shoulder_lift,-41.612,-47.033,-41.612,5.421,5.421,0
1787735451.160,elbow_flex,59.050,63.692,59.050,-4.642,-4.642,0
1787735451.160,wrist_flex,-17.630,-19.297,-17.630,1.667,1.667,0
1787735451.160,wrist_roll,-1.703,-2.066,-1.703,0.363,0.363,0
1787735451.160,gripper,9.794,9.543,9.794,0.252,0.252,0
1787735451.210,shoulder_pan,-3.282,-2.813,-3.282,-0.469,-0.469,0
1787735451.210,shoulder_lift,-41.584,-46.945,-41.584,5.361,5.361,0
1787735451.210,elbow_flex,58.323,63.253,58.323,-4.930,-4.930,0
1787735451.210,wrist_flex,-16.656,-18.769,-16.656,2.114,2.114,0
1787735451.210,wrist_roll,-1.694,-2.066,-1.694,0.372,0.372,0
1787735451.210,gripper,9.782,9.543,9.782,0.239,0.239,0
1787735451.260,shoulder_pan,-3.297,-2.813,-3.297,-0.484,-0.484,0
1787735451.260,shoulder_lift,-41.786,-46.857,-41.786,5.071,5.071,0
1787735451.260,elbow_flex,57.870,62.725,57.870,-4.855,-4.855,0
1787735451.260,wrist_flex,-16.228,-18.066,-16.228,1.838,1.838,0
1787735451.260,wrist_roll,-1.716,-2.066,-1.716,0.350,0.350,0
1787735451.260,gripper,9.765,9.543,9.765,0.222,0.222,0
1787735451.310,shoulder_pan,-3.259,-2.813,-3.259,-0.446,-0.446,0
1787735451.310,shoulder_lift,-41.637,-46.857,-41.637,5.220,5.220,0
1787735451.310,elbow_flex,56.382,62.198,56.382,-5.816,-5.816,0
1787735451.310,wrist_flex,-14.410,-17.275,-14.410,2.865,2.865,0
1787735451.310,wrist_roll,-1.650,-2.066,-1.650,0.416,0.416,0
1787735451.310,gripper,9.804,9.543,9.804,0.262,0.262,0
1787735451.361,shoulder_pan,-3.238,-2.813,-3.238,-0.425,-0.425,0
1787735451.361,shoulder_lift,-41.745,-46.857,-41.745,5.112,5.112,0
1787735451.361,elbow_flex,55.749,61.846,55.749,-6.097,-6.097,0
1787735451.361,wrist_flex,-13.301,-16.571,-13.301,3.270,3.270,0
1787735451.361,wrist_roll,-1.636,-2.066,-1.636,0.430,0.430,0
1787735451.361,gripper,9.806,9.543,9.806,0.263,0.263,0
1787735451.411,shoulder_pan,-3.304,-2.813,-3.304,-0.491,-0.491,0
1787735451.411,shoulder_lift,-41.894,-46.857,-41.894,4.963,4.963,0
1787735451.411,elbow_flex,55.192,60.791,55.192,-5.600,-5.600,0
1787735451.411,wrist_flex,-12.727,-14.725,-12.727,1.998,1.998,0
1787735451.411,wrist_roll,-1.657,-2.066,-1.657,0.409,0.409,0
1787735451.411,gripper,9.803,9.543,9.803,0.260,0.260,0
1787735451.461,shoulder_pan,-3.298,-2.813,-3.298,-0.484,-0.484,0
1787735451.461,shoulder_lift,-41.975,-46.857,-41.975,4.883,4.883,0
1787735451.461,elbow_flex,54.710,60.176,54.710,-5.466,-5.466,0
1787735451.461,wrist_flex,-12.123,-13.846,-12.123,1.724,1.724,0
1787735451.461,wrist_roll,-1.649,-2.066,-1.649,0.417,0.417,0
1787735451.461,gripper,9.776,9.543,9.776,0.234,0.234,0
1787735451.511,shoulder_pan,-3.085,-2.813,-3.085,-0.272,-0.272,0
1787735451.511,shoulder_lift,-44.202,-46.857,-44.202,2.656,2.656,0
1787735451.511,elbow_flex,54.051,59.912,54.051,-5.862,-5.862,0
1787735451.511,wrist_flex,-9.203,-13.143,-9.203,3.940,3.940,0
1787735451.511,wrist_roll,-1.387,-2.066,-1.387,0.679,0.679,0
1787735451.511,gripper,9.808,9.543,9.808,0.266,0.266,0
1787735451.561,shoulder_pan,-2.899,-2.813,-2.899,-0.085,-0.085,0
1787735451.561,shoulder_lift,-47.120,-46.857,-47.120,-0.263,-0.263,0
1787735451.561,elbow_flex,53.628,59.648,53.628,-6.021,-6.021,0
1787735451.561,wrist_flex,-5.130,-12.352,-5.130,7.222,7.222,0
1787735451.561,wrist_roll,-0.975,-2.066,-0.975,1.091,1.091,0
1787735451.561,gripper,9.649,9.543,9.649,0.106,0.106,0
1787735451.611,shoulder_pan,-2.857,-2.549,-2.857,-0.307,-0.307,0
1787735451.611,shoulder_lift,-47.625,-47.297,-47.625,-0.328,-0.328,0
1787735451.611,elbow_flex,53.806,58.681,53.806,-4.876,-4.876,0
1787735451.611,wrist_flex,-4.311,-9.978,-4.311,5.667,5.667,0
1787735451.611,wrist_roll,-0.962,-1.714,-0.962,0.752,0.752,0
1787735451.611,gripper,9.514,9.543,9.514,-0.029,-0.029,0
1787735451.661,shoulder_pan,-2.929,-2.462,-2.929,-0.467,-0.467,0
1787735451.661,shoulder_lift,-47.850,-48.615,-47.850,0.765,0.765,0
1787735451.661,elbow_flex,53.800,57.714,53.800,-3.914,-3.914,0
1787735451.661,wrist_flex,-3.916,-6.813,-3.916,2.897,2.897,0
1787735451.661,wrist_roll,-0.983,-1.363,-0.983,0.379,0.379,0
1787735451.661,gripper,9.461,9.543,9.461,-0.082,-0.082,0
1787735451.712,shoulder_pan,-2.991,-2.462,-2.991,-0.529,-0.529,0
1787735451.712,shoulder_lift,-47.843,-48.967,-47.843,1.125,1.125,0
1787735451.712,elbow_flex,53.613,57.626,53.613,-4.013,-4.013,0
1787735451.712,wrist_flex,-2.998,-5.319,-2.998,2.321,2.321,0
1787735451.712,wrist_roll,-0.925,-1.275,-0.925,0.350,0.350,0
1787735451.712,gripper,9.453,9.543,9.453,-0.089,-0.089,0
1787735451.761,shoulder_pan,-2.917,-2.462,-2.917,-0.455,-0.455,0
1787735451.761,shoulder_lift,-48.156,-48.967,-48.156,0.811,0.811,0
1787735451.761,elbow_flex,53.674,57.011,53.674,-3.337,-3.337,0
1787735451.761,wrist_flex,-3.350,-4.352,-3.350,1.001,1.001,0
1787735451.761,wrist_roll,-0.894,-1.363,-0.894,0.468,0.468,0
1787735451.761,gripper,9.381,9.543,9.381,-0.162,-0.162,0
1787735451.811,shoulder_pan,-3.074,-2.462,-3.074,-0.612,-0.612,0
1787735451.811,shoulder_lift,-48.158,-49.055,-48.158,0.897,0.897,0
1787735451.811,elbow_flex,53.734,56.747,53.734,-3.013,-3.013,0
1787735451.811,wrist_flex,-2.813,-3.824,-2.813,1.011,1.011,0
1787735451.811,wrist_roll,-0.849,-1.363,-0.849,0.514,0.514,0
1787735451.811,gripper,9.349,9.543,9.349,-0.193,-0.193,0
1787735451.862,shoulder_pan,-3.031,-2.374,-3.031,-0.657,-0.657,0
1787735451.862,shoulder_lift,-48.098,-49.055,-48.098,0.957,0.957,0
1787735451.862,elbow_flex,53.904,56.659,53.904,-2.755,-2.755,0
1787735451.862,wrist_flex,-2.635,-3.473,-2.635,0.837,0.837,0
1787735451.862,wrist_roll,-0.874,-1.363,-0.874,0.488,0.488,0
1787735451.862,gripper,9.311,9.543,9.311,-0.231,-0.231,0
1787735451.911,shoulder_pan,-3.041,-2.374,-3.041,-0.668,-0.668,0
1787735451.911,shoulder_lift,-48.280,-49.055,-48.280,0.775,0.775,0
1787735451.911,elbow_flex,54.062,56.571,54.062,-2.510,-2.510,0
1787735451.911,wrist_flex,-2.126,-3.121,-2.126,0.994,0.994,0
1787735451.911,wrist_roll,-0.841,-1.363,-0.841,0.521,0.521,0
1787735451.911,gripper,9.290,9.543,9.290,-0.253,-0.253,0
1787735451.962,shoulder_pan,-3.013,-2.374,-3.013,-0.640,-0.640,0
1787735451.962,shoulder_lift,-48.367,-49.055,-48.367,0.688,0.688,0
1787735451.962,elbow_flex,54.004,56.571,54.004,-2.568,-2.568,0
1787735451.962,wrist_flex,-1.609,-2.681,-1.609,1.073,1.073,0
1787735451.962,wrist_roll,-0.843,-1.363,-0.843,0.519,0.519,0
1787735451.962,gripper,9.290,9.543,9.290,-0.253,-0.253,0
1787735452.011,shoulder_pan,-2.963,-2.286,-2.963,-0.678,-0.678,0
1787735452.011,shoulder_lift,-48.730,-48.879,-48.730,0.150,0.150,0
1787735452.011,elbow_flex,54.338,56.571,54.338,-2.233,-2.233,0
1787735452.011,wrist_flex,-1.670,-2.066,-1.670,0.396,0.396,0
1787735452.011,wrist_roll,-0.899,-1.187,-0.899,0.288,0.288,0
1787735452.011,gripper,9.296,9.543,9.296,-0.247,-0.247,0
1787735452.061,shoulder_pan,-3.013,-2.286,-3.013,-0.728,-0.728,0
1787735452.061,shoulder_lift,-48.717,-48.352,-48.717,-0.366,-0.366,0
1787735452.061,elbow_flex,54.300,56.835,54.300,-2.536,-2.536,0
1787735452.061,wrist_flex,-1.041,-1.626,-1.041,0.585,0.585,0
1787735452.061,wrist_roll,-0.810,-0.923,-0.810,0.113,0.113,0
1787735452.061,gripper,9.330,9.543,9.330,-0.212,-0.212,0
1787735452.111,shoulder_pan,-3.107,-2.374,-3.107,-0.733,-0.733,0
1787735452.111,shoulder_lift,-49.291,-48.176,-49.291,-1.115,-1.115,0
1787735452.111,elbow_flex,54.604,56.923,54.604,-2.319,-2.319,0
1787735452.111,wrist_flex,-1.235,-1.363,-1.235,0.128,0.128,0
1787735452.111,wrist_roll,-0.835,-0.923,-0.835,0.089,0.089,0
1787735452.111,gripper,9.283,9.543,9.283,-0.260,-0.260,0
1787735452.162,shoulder_pan,-3.165,-2.374,-3.165,-0.791,-0.791,0
1787735452.162,shoulder_lift,-49.478,-48.176,-49.478,-1.303,-1.303,0
1787735452.162,elbow_flex,54.622,56.923,54.622,-2.301,-2.301,0
1787735452.162,wrist_flex,-0.707,-1.011,-0.707,0.304,0.304,0
1787735452.162,wrist_roll,-0.775,-0.923,-0.775,0.148,0.148,0
1787735452.162,gripper,9.262,9.543,9.262,-0.281,-0.281,0
1787735452.212,shoulder_pan,-3.339,-2.374,-3.339,-0.965,-0.965,0
1787735452.212,shoulder_lift,-49.702,-48.176,-49.702,-1.526,-1.526,0
1787735452.212,elbow_flex,54.581,56.923,54.581,-2.342,-2.342,0
1787735452.212,wrist_flex,-0.706,-0.747,-0.706,0.041,0.041,0
1787735452.212,wrist_roll,-0.804,-0.923,-0.804,0.119,0.119,0
1787735452.212,gripper,9.246,9.543,9.246,-0.296,-0.296,0
1787735452.263,shoulder_pan,-3.647,-2.462,-3.647,-1.186,-1.186,0
1787735452.263,shoulder_lift,-50.084,-48.176,-50.084,-1.908,-1.908,0
1787735452.263,elbow_flex,54.797,56.923,54.797,-2.126,-2.126,0
1787735452.263,wrist_flex,0.531,-0.484,0.531,1.014,1.014,0
1787735452.263,wrist_roll,-0.698,-0.923,-0.698,0.225,0.225,0
1787735452.263,gripper,9.215,9.543,9.215,-0.328,-0.328,0
1787735452.314,shoulder_pan,-3.684,-2.462,-3.684,-1.222,-1.222,0
1787735452.314,shoulder_lift,-50.111,-48.176,-50.111,-1.936,-1.936,0
1787735452.314,elbow_flex,55.184,56.923,55.184,-1.739,-1.739,0
1787735452.314,wrist_flex,0.446,-0.132,0.446,0.578,0.578,0
1787735452.314,wrist_roll,-0.795,-0.923,-0.795,0.128,0.128,0
1787735452.314,gripper,9.197,9.543,9.197,-0.346,-0.346,0
1787735452.362,shoulder_pan,-3.744,-2.549,-3.744,-1.195,-1.195,0
1787735452.362,shoulder_lift,-50.217,-48.527,-50.217,-1.690,-1.690,0
1787735452.362,elbow_flex,55.349,56.923,55.349,-1.574,-1.574,0
1787735452.362,wrist_flex,0.441,0.308,0.441,0.133,0.133,0
1787735452.362,wrist_roll,-0.814,-0.923,-0.814,0.109,0.109,0
1787735452.362,gripper,9.203,9.476,9.203,-0.273,-0.273,0
1787735452.412,shoulder_pan,-3.860,-2.637,-3.860,-1.222,-1.222,0
1787735452.412,shoulder_lift,-50.436,-48.527,-50.436,-1.909,-1.909,0
1787735452.412,elbow_flex,55.605,56.923,55.605,-1.318,-1.318,0
1787735452.412,wrist_flex,0.517,0.308,0.517,0.209,0.209,0
1787735452.412,wrist_roll,-0.823,-0.923,-0.823,0.100,0.100,0
1787735452.412,gripper,9.200,9.476,9.200,-0.277,-0.277,0
1787735452.462,shoulder_pan,-4.948,-2.637,-4.948,-2.310,-2.310,0
1787735452.462,shoulder_lift,-50.318,-48.527,-50.318,-1.791,-1.791,0
1787735452.462,elbow_flex,56.990,56.923,56.990,0.067,0.067,0
1787735452.462,wrist_flex,0.230,0.396,0.230,-0.165,-0.165,0
1787735452.462,wrist_roll,-0.917,-0.923,-0.917,0.006,0.006,0
1787735452.462,gripper,9.440,9.476,9.440,-0.036,-0.036,0
1787735452.513,shoulder_pan,-8.495,-2.901,-8.495,-5.594,-5.594,0
1787735452.513,shoulder_lift,-50.239,-48.615,-50.239,-1.623,-1.623,0
1787735452.513,elbow_flex,59.391,57.099,59.391,2.292,2.292,0
1787735452.513,wrist_flex,-1.040,0.484,-1.040,-1.523,-1.523,0
1787735452.513,wrist_roll,-1.069,-0.923,-1.069,-0.146,-0.146,0
1787735452.513,gripper,9.666,9.543,9.666,0.123,0.123,0
1787735452.562,shoulder_pan,-11.126,-3.956,-11.126,-7.170,-7.170,0
1787735452.562,shoulder_lift,-50.441,-48.703,-50.441,-1.738,-1.738,0
1787735452.562,elbow_flex,61.077,57.978,61.077,3.099,3.099,0
1787735452.562,wrist_flex,-2.247,0.396,-2.247,-2.643,-2.643,0
1787735452.562,wrist_roll,-1.156,-0.923,-1.156,-0.233,-0.233,0
1787735452.562,gripper,9.559,9.543,9.559,0.016,0.016,0
1787735452.613,shoulder_pan,-13.684,-6.769,-13.684,-6.915,-6.915,0
1787735452.613,shoulder_lift,-50.764,-48.879,-50.764,-1.885,-1.885,0
1787735452.613,elbow_flex,62.535,60.264,62.535,2.271,2.271,0
1787735452.613,wrist_flex,-2.586,-0.484,-2.586,-2.103,-2.103,0
1787735452.613,wrist_roll,-1.191,-1.187,-1.191,-0.004,-0.004,0
1787735452.613,gripper,9.423,9.543,9.423,-0.120,-0.120,0
1787735452.663,shoulder_pan,-15.346,-9.846,-15.346,-5.500,-5.500,0
1787735452.663,shoulder_lift,-51.144,-48.967,-51.144,-2.177,-2.177,0
1787735452.663,elbow_flex,64.813,61.495,64.813,3.319,3.319,0
1787735452.663,wrist_flex,-3.791,-1.099,-3.791,-2.692,-2.692,0
1787735452.663,wrist_roll,-1.275,-0.923,-1.275,-0.351,-0.351,0
1787735452.663,gripper,9.303,9.344,9.303,-0.041,-0.041,0
1787735452.713,shoulder_pan,-16.389,-12.044,-16.389,-4.345,-4.345,0
1787735452.713,shoulder_lift,-51.503,-49.582,-51.503,-1.920,-1.920,0
1787735452.713,elbow_flex,66.565,62.901,66.565,3.664,3.664,0
1787735452.713,wrist_flex,-4.606,-1.802,-4.606,-2.804,-2.804,0
1787735452.713,wrist_roll,-1.290,-1.187,-1.290,-0.103,-0.103,0
1787735452.713,gripper,9.190,9.344,9.190,-0.154,-0.154,0
1787735452.764,shoulder_pan,-16.859,-14.154,-16.859,-2.705,-2.705,0
1787735452.764,shoulder_lift,-52.393,-50.022,-52.393,-2.371,-2.371,0
1787735452.764,elbow_flex,68.251,64.659,68.251,3.592,3.592,0
1787735452.764,wrist_flex,-5.309,-2.857,-5.309,-2.452,-2.452,0
1787735452.764,wrist_roll,-1.320,-1.187,-1.320,-0.134,-0.134,0
1787735452.764,gripper,9.006,9.410,9.006,-0.405,-0.405,0
1787735452.813,shoulder_pan,-17.004,-15.473,-17.004,-1.531,-1.531,0
1787735452.813,shoulder_lift,-53.426,-50.374,-53.426,-3.053,-3.053,0
1787735452.813,elbow_flex,69.104,66.505,69.104,2.598,2.598,0
1787735452.813,wrist_flex,-4.440,-3.560,-4.440,-0.880,-0.880,0
1787735452.813,wrist_roll,-1.337,-0.923,-1.337,-0.414,-0.414,0
1787735452.813,gripper,8.848,9.145,8.848,-0.297,-0.297,0
1787735452.863,shoulder_pan,-16.253,-16.000,-16.253,-0.253,-0.253,0
1787735452.863,shoulder_lift,-54.857,-51.253,-54.857,-3.604,-3.604,0
1787735452.863,elbow_flex,69.962,68.264,69.962,1.698,1.698,0
1787735452.863,wrist_flex,-5.296,-3.912,-5.296,-1.384,-1.384,0
1787735452.863,wrist_roll,-1.361,-1.363,-1.361,0.002,0.002,0
1787735452.863,gripper,8.702,9.211,8.702,-0.509,-0.509,0
1787735452.914,shoulder_pan,-15.602,-16.440,-15.602,0.838,0.838,0
1787735452.914,shoulder_lift,-56.587,-52.132,-56.587,-4.455,-4.455,0
1787735452.914,elbow_flex,70.520,69.407,70.520,1.114,1.114,0
1787735452.914,wrist_flex,-5.191,-4.000,-5.191,-1.191,-1.191,0
1787735452.914,wrist_roll,-1.416,-1.187,-1.416,-0.229,-0.229,0
1787735452.914,gripper,8.521,8.946,8.521,-0.425,-0.425,0
1787735452.963,shoulder_pan,-13.818,-16.264,-13.818,2.446,2.446,0
1787735452.963,shoulder_lift,-59.127,-53.363,-59.127,-5.764,-5.764,0
1787735452.963,elbow_flex,70.586,70.198,70.586,0.388,0.388,0
1787735452.963,wrist_flex,-4.384,-4.264,-4.384,-0.120,-0.120,0
1787735452.963,wrist_roll,-1.466,-1.363,-1.466,-0.103,-0.103,0
1787735452.963,gripper,8.354,8.814,8.354,-0.460,-0.460,0
1787735453.013,shoulder_pan,-11.608,-15.736,-11.608,4.128,4.128,0
1787735453.013,shoulder_lift,-61.603,-54.945,-61.603,-6.658,-6.658,0
1787735453.013,elbow_flex,70.406,70.725,70.406,-0.320,-0.320,0
1787735453.013,wrist_flex,-4.542,-4.264,-4.542,-0.278,-0.278,0
1787735453.013,wrist_roll,-1.580,-1.363,-1.580,-0.217,-0.217,0
1787735453.013,gripper,8.222,8.615,8.222,-0.393,-0.393,0
1787735453.063,shoulder_pan,-9.495,-14.505,-9.495,5.010,5.010,0
1787735453.063,shoulder_lift,-64.437,-57.143,-64.437,-7.294,-7.294,0
1787735453.063,elbow_flex,69.843,70.813,69.843,-0.970,-0.970,0
1787735453.063,wrist_flex,-3.179,-4.176,-3.179,0.997,0.997,0
1787735453.063,wrist_roll,-1.617,-1.275,-1.617,-0.342,-0.342,0
1787735453.063,gripper,8.141,8.549,8.141,-0.408,-0.408,0
1787735453.113,shoulder_pan,-7.721,-12.571,-7.721,4.851,4.851,0
1787735453.113,shoulder_lift,-67.180,-59.516,-67.180,-7.663,-7.663,0
1787735453.113,elbow_flex,69.264,70.813,69.264,-1.549,-1.549,0
1787735453.113,wrist_flex,-2.266,-4.000,-2.266,1.734,1.734,0
1787735453.113,wrist_roll,-1.662,-1.363,-1.662,-0.300,-0.300,0
1787735453.113,gripper,8.115,8.549,8.115,-0.434,-0.434,0
1787735453.163,shoulder_pan,-6.427,-10.725,-6.427,4.299,4.299,0
1787735453.163,shoulder_lift,-69.235,-62.330,-69.235,-6.905,-6.905,0
1787735453.163,elbow_flex,68.925,70.813,68.925,-1.888,-1.888,0
1787735453.163,wrist_flex,-1.462,-3.121,-1.462,1.659,1.659,0
1787735453.163,wrist_roll,-1.634,-1.363,-1.634,-0.272,-0.272,0
1787735453.163,gripper,8.144,8.416,8.144,-0.273,-0.273,0
1787735453.214,shoulder_pan,-4.970,-8.791,-4.970,3.821,3.821,0
1787735453.214,shoulder_lift,-72.129,-65.143,-72.129,-6.986,-6.986,0
1787735453.214,elbow_flex,68.850,70.813,68.850,-1.963,-1.963,0
1787735453.214,wrist_flex,0.361,-2.330,0.361,2.691,2.691,0
1787735453.214,wrist_roll,-1.600,-1.275,-1.600,-0.326,-0.326,0
1787735453.214,gripper,8.216,8.350,8.216,-0.134,-0.134,0
1787735453.264,shoulder_pan,-4.404,-7.209,-4.404,2.805,2.805,0
1787735453.264,shoulder_lift,-72.961,-67.429,-72.961,-5.533,-5.533,0
1787735453.264,elbow_flex,69.009,70.725,69.009,-1.716,-1.716,0
1787735453.264,wrist_flex,1.665,-1.538,1.665,3.203,3.203,0
1787735453.264,wrist_roll,-1.554,-1.363,-1.554,-0.192,-0.192,0
1787735453.264,gripper,8.273,8.284,8.273,-0.011,-0.011,0
1787735453.314,shoulder_pan,-4.054,-6.066,-4.054,2.012,2.012,0
1787735453.314,shoulder_lift,-73.641,-69.890,-73.641,-3.750,-3.750,0
1787735453.314,elbow_flex,69.093,70.813,69.093,-1.720,-1.720,0
1787735453.314,wrist_flex,2.381,0.132,2.381,2.249,2.249,0
1787735453.314,wrist_roll,-1.554,-1.451,-1.554,-0.103,-0.103,0
1787735453.314,gripper,8.285,8.284,8.285,0.001,0.001,0
1787735453.364,shoulder_pan,-3.585,-5.099,-3.585,1.514,1.514,0
1787735453.364,shoulder_lift,-74.034,-71.473,-74.034,-2.561,-2.561,0
1787735453.364,elbow_flex,69.324,70.725,69.324,-1.402,-1.402,0
1787735453.364,wrist_flex,3.699,1.187,3.699,2.512,2.512,0
1787735453.364,wrist_roll,-1.544,-1.451,-1.544,-0.094,-0.094,0
1787735453.364,gripper,8.316,8.284,8.316,0.033,0.033,0
1787735453.414,shoulder_pan,-3.043,-4.659,-3.043,1.616,1.616,0
1787735453.414,shoulder_lift,-75.733,-72.527,-75.733,-3.205,-3.205,0
1787735453.414,elbow_flex,70.883,70.725,70.883,0.158,0.158,0
1787735453.414,wrist_flex,9.328,2.154,9.328,7.174,7.174,0
1787735453.414,wrist_roll,-1.405,-1.451,-1.405,0.046,0.046,0
1787735453.414,gripper,8.329,8.284,8.329,0.045,0.045,0
1787735453.465,shoulder_pan,-3.482,-4.044,-3.482,0.562,0.562,0
1787735453.465,shoulder_lift,-77.030,-73.319,-77.030,-3.711,-3.711,0
1787735453.465,elbow_flex,72.930,70.813,72.930,2.117,2.117,0
1787735453.465,wrist_flex,16.117,3.473,16.117,12.644,12.644,0
1787735453.465,wrist_roll,-1.105,-1.451,-1.105,0.346,0.346,0
1787735453.465,gripper,8.502,8.284,8.502,0.219,0.219,0
1787735453.515,shoulder_pan,-4.512,-3.516,-4.512,-0.995,-0.995,0
1787735453.515,shoulder_lift,-77.045,-75.077,-77.045,-1.968,-1.968,0
1787735453.515,elbow_flex,73.236,71.604,73.236,1.632,1.632,0
1787735453.515,wrist_flex,17.956,7.077,17.956,10.879,10.879,0
1787735453.515,wrist_roll,-0.971,-1.451,-0.971,0.479,0.479,0
1787735453.515,gripper,8.680,8.284,8.680,0.397,0.397,0
1787735453.564,shoulder_pan,-6.071,-3.780,-6.071,-2.291,-2.291,0
1787735453.564,shoulder_lift,-76.933,-76.132,-76.933,-0.801,-0.801,0
1787735453.564,elbow_flex,73.540,73.011,73.540,0.529,0.529,0
1787735453.564,wrist_flex,19.455,12.264,19.455,7.191,7.191,0
1787735453.564,wrist_roll,-0.900,-1.363,-0.900,0.463,0.463,0
1787735453.564,gripper,8.877,8.284,8.877,0.593,0.593,0
1787735453.615,shoulder_pan,-7.778,-4.484,-7.778,-3.294,-3.294,0
1787735453.615,shoulder_lift,-76.549,-75.868,-76.549,-0.681,-0.681,0
1787735453.615,elbow_flex,73.817,73.538,73.817,0.278,0.278,0
1787735453.615,wrist_flex,21.373,15.956,21.373,5.417,5.417,0
1787735453.615,wrist_roll,-0.882,-1.626,-0.882,0.744,0.744,0
1787735453.615,gripper,9.165,8.350,9.165,0.815,0.815,0
1787735453.665,shoulder_pan,-9.248,-5.714,-9.248,-3.534,-3.534,0
1787735453.665,shoulder_lift,-76.379,-76.132,-76.379,-0.247,-0.247,0
1787735453.665,elbow_flex,73.939,73.714,73.939,0.225,0.225,0
1787735453.665,wrist_flex,22.569,18.066,22.569,4.503,4.503,0
1787735453.665,wrist_roll,-0.896,-1.275,-0.896,0.379,0.379,0
1787735453.665,gripper,9.436,8.615,9.436,0.821,0.821,0
1787735453.715,shoulder_pan,-10.538,-7.297,-10.538,-3.242,-3.242,0
1787735453.715,shoulder_lift,-75.937,-76.132,-75.937,0.194,0.194,0
1787735453.715,elbow_flex,74.154,73.978,74.154,0.176,0.176,0
1787735453.715,wrist_flex,24.004,20.352,24.004,3.652,3.652,0
1787735453.715,wrist_roll,-0.987,-1.099,-0.987,0.111,0.111,0
1787735453.715,gripper,9.696,8.814,9.696,0.882,0.882,0
1787735453.765,shoulder_pan,-11.109,-8.615,-11.109,-2.494,-2.494,0
1787735453.765,shoulder_lift,-75.936,-76.044,-75.936,0.108,0.108,0
1787735453.765,elbow_flex,74.275,74.154,74.275,0.122,0.122,0
1787735453.765,wrist_flex,24.395,21.934,24.395,2.461,2.461,0
1787735453.765,wrist_roll,-1.004,-1.099,-1.004,0.095,0.095,0
1787735453.765,gripper,9.807,9.211,9.807,0.596,0.596,0
1787735453.816,shoulder_pan,-11.451,-9.934,-11.451,-1.517,-1.517,0
1787735453.816,shoulder_lift,-76.063,-76.132,-76.063,0.069,0.069,0
1787735453.816,elbow_flex,74.335,74.330,74.335,0.005,0.005,0
1787735453.816,wrist_flex,25.291,23.341,25.291,1.950,1.950,0
1787735453.816,wrist_roll,-1.095,-1.099,-1.095,0.004,0.004,0
1787735453.816,gripper,9.860,9.344,9.860,0.517,0.517,0
1787735453.865,shoulder_pan,-11.332,-10.462,-11.332,-0.871,-0.871,0
1787735453.865,shoulder_lift,-76.140,-76.044,-76.140,-0.096,-0.096,0
1787735453.865,elbow_flex,74.264,74.681,74.264,-0.418,-0.418,0
1787735453.865,wrist_flex,25.531,24.132,25.531,1.400,1.400,0
1787735453.865,wrist_roll,-1.163,-1.099,-1.163,-0.064,-0.064,0
1787735453.865,gripper,9.853,9.410,9.853,0.442,0.442,0
1787735453.915,shoulder_pan,-11.275,-10.813,-11.275,-0.462,-0.462,0
1787735453.915,shoulder_lift,-76.366,-76.044,-76.366,-0.322,-0.322,0
1787735453.915,elbow_flex,74.236,74.681,74.236,-0.445,-0.445,0
1787735453.915,wrist_flex,26.104,25.011,26.104,1.093,1.093,0
1787735453.915,wrist_roll,-1.193,-1.187,-1.193,-0.006,-0.006,0
1787735453.915,gripper,9.882,9.675,9.882,0.207,0.207,0
1787735453.965,shoulder_pan,-11.394,-10.989,-11.394,-0.405,-0.405,0
1787735453.965,shoulder_lift,-76.382,-76.044,-76.382,-0.338,-0.338,0
1787735453.965,elbow_flex,74.200,74.681,74.200,-0.481,-0.481,0
1787735453.965,wrist_flex,26.215,25.451,26.215,0.764,0.764,0
1787735453.965,wrist_roll,-1.263,-1.099,-1.263,-0.164,-0.164,0
1787735453.965,gripper,9.843,9.675,9.843,0.167,0.167,0
1787735454.015,shoulder_pan,-11.563,-10.989,-11.563,-0.574,-0.574,0
1787735454.015,shoulder_lift,-76.635,-76.132,-76.635,-0.503,-0.503,0
1787735454.015,elbow_flex,74.328,74.681,74.328,-0.354,-0.354,0
1787735454.015,wrist_flex,26.655,25.890,26.655,0.765,0.765,0
1787735454.015,wrist_roll,-1.264,-1.099,-1.264,-0.166,-0.166,0
1787735454.015,gripper,9.840,9.742,9.840,0.099,0.099,0
1787735454.065,shoulder_pan,-11.875,-10.989,-11.875,-0.886,-0.886,0
1787735454.065,shoulder_lift,-76.781,-76.132,-76.781,-0.649,-0.649,0
1787735454.065,elbow_flex,74.304,74.681,74.304,-0.377,-0.377,0
1787735454.065,wrist_flex,26.283,26.066,26.283,0.217,0.217,0
1787735454.065,wrist_roll,-1.265,-1.099,-1.265,-0.166,-0.166,0
1787735454.065,gripper,9.871,9.742,9.871,0.129,0.129,0
1787735454.115,shoulder_pan,-12.138,-11.341,-12.138,-0.798,-0.798,0
1787735454.115,shoulder_lift,-76.878,-76.132,-76.878,-0.746,-0.746,0
1787735454.115,elbow_flex,74.233,74.681,74.233,-0.448,-0.448,0
1787735454.115,wrist_flex,26.524,26.242,26.524,0.282,0.282,0
1787735454.115,wrist_roll,-1.298,-1.099,-1.298,-0.199,-0.199,0
1787735454.115,gripper,9.846,9.742,9.846,0.104,0.104,0
1787735454.166,shoulder_pan,-13.068,-11.604,-13.068,-1.463,-1.463,0
1787735454.166,shoulder_lift,-76.830,-76.308,-76.830,-0.523,-0.523,0
1787735454.166,elbow_flex,74.011,74.681,74.011,-0.670,-0.670,0
1787735454.166,wrist_flex,26.603,26.418,26.603,0.185,0.185,0
1787735454.166,wrist_roll,-1.286,-1.099,-1.286,-0.187,-0.187,0
1787735454.166,gripper,9.857,9.742,9.857,0.115,0.115,0
1787735454.215,shoulder_pan,-13.462,-12.044,-13.462,-1.418,-1.418,0
1787735454.215,shoulder_lift,-76.745,-76.308,-76.745,-0.437,-0.437,0
1787735454.215,elbow_flex,74.130,74.681,74.130,-0.551,-0.551,0
1787735454.215,wrist_flex,26.624,26.418,26.624,0.206,0.206,0
1787735454.215,wrist_roll,-1.266,-1.099,-1.266,-0.168,-0.168,0
1787735454.215,gripper,9.852,9.742,9.852,0.110,0.110,0
1787735454.265,shoulder_pan,-13.905,-12.659,-13.905,-1.245,-1.245,0
1787735454.265,shoulder_lift,-76.594,-76.308,-76.594,-0.286,-0.286,0
1787735454.265,elbow_flex,74.137,74.681,74.137,-0.544,-0.544,0
1787735454.265,wrist_flex,26.634,26.418,26.634,0.217,0.217,0
1787735454.265,wrist_roll,-1.283,-1.099,-1.283,-0.184,-0.184,0
1787735454.265,gripper,9.825,9.742,9.825,0.083,0.083,0
1787735454.316,shoulder_pan,-14.148,-13.275,-14.148,-0.874,-0.874,0
1787735454.316,shoulder_lift,-76.489,-76.308,-76.489,-0.182,-0.182,0
1787735454.316,elbow_flex,73.880,74.681,73.880,-0.801,-0.801,0
1787735454.316,wrist_flex,26.380,26.418,26.380,-0.038,-0.038,0
1787735454.316,wrist_roll,-1.290,-1.099,-1.290,-0.191,-0.191,0
1787735454.316,gripper,9.773,9.742,9.773,0.031,0.031,0
1787735454.366,shoulder_pan,-13.710,-13.626,-13.710,-0.083,-0.083,0
1787735454.366,shoulder_lift,-76.944,-76.308,-76.944,-0.636,-0.636,0
1787735454.366,elbow_flex,71.831,74.681,71.831,-2.850,-2.850,0
1787735454.366,wrist_flex,27.578,26.418,27.578,1.160,1.160,0
1787735454.366,wrist_roll,-1.747,-1.099,-1.747,-0.648,-0.648,0
1787735454.366,gripper,9.607,9.742,9.607,-0.134,-0.134,0
1787735454.416,shoulder_pan,-12.207,-13.714,-12.207,1.507,1.507,0
1787735454.416,shoulder_lift,-77.556,-76.308,-77.556,-1.248,-1.248,0
1787735454.416,elbow_flex,69.271,74.681,69.271,-5.410,-5.410,0
1787735454.416,wrist_flex,29.863,26.505,29.863,3.358,3.358,0
1787735454.416,wrist_roll,-2.295,-1.187,-2.295,-1.108,-1.108,0
1787735454.416,gripper,9.223,9.742,9.223,-0.519,-0.519,0
1787735454.466,shoulder_pan,-10.852,-13.538,-10.852,2.687,2.687,0
1787735454.466,shoulder_lift,-77.731,-76.484,-77.731,-1.247,-1.247,0
1787735454.466,elbow_flex,68.424,73.890,68.424,-5.466,-5.466,0
1787735454.466,wrist_flex,29.617,27.648,29.617,1.969,1.969,0
1787735454.466,wrist_roll,-2.346,-1.714,-2.346,-0.631,-0.631,0
1787735454.466,gripper,8.999,9.675,8.999,-0.676,-0.676,0
1787735454.516,shoulder_pan,-9.469,-12.571,-9.469,3.102,3.102,0
1787735454.516,shoulder_lift,-77.989,-76.923,-77.989,-1.066,-1.066,0
1787735454.516,elbow_flex,67.636,72.484,67.636,-4.847,-4.847,0
1787735454.516,wrist_flex,30.034,29.055,30.034,0.979,0.979,0
1787735454.516,wrist_roll,-2.354,-2.154,-2.354,-0.200,-0.200,0
1787735454.516,gripper,8.704,9.344,8.704,-0.640,-0.640,0
1787735454.566,shoulder_pan,-8.349,-11.429,-8.349,3.079,3.079,0
1787735454.566,shoulder_lift,-78.206,-77.363,-78.206,-0.844,-0.844,0
1787735454.566,elbow_flex,66.994,71.341,66.994,-4.346,-4.346,0
1787735454.566,wrist_flex,31.023,29.407,31.023,1.616,1.616,0
1787735454.566,wrist_roll,-2.322,-2.066,-2.322,-0.256,-0.256,0
1787735454.566,gripper,8.526,9.079,8.526,-0.553,-0.553,0
1787735454.616,shoulder_pan,-7.161,-10.110,-7.161,2.948,2.948,0
1787735454.616,shoulder_lift,-78.303,-77.626,-78.303,-0.676,-0.676,0
1787735454.616,elbow_flex,66.300,70.462,66.300,-4.162,-4.162,0
1787735454.616,wrist_flex,31.018,30.022,31.018,0.996,0.996,0
1787735454.616,wrist_roll,-2.279,-2.066,-2.279,-0.213,-0.213,0
1787735454.616,gripper,8.377,8.814,8.377,-0.437,-0.437,0
1787735454.666,shoulder_pan,-6.203,-8.967,-6.203,2.764,2.764,0
1787735454.666,shoulder_lift,-78.240,-77.802,-78.240,-0.438,-0.438,0
1787735454.666,elbow_flex,65.837,69.758,65.837,-3.922,-3.922,0
1787735454.666,wrist_flex,31.547,30.725,31.547,0.822,0.822,0
1787735454.666,wrist_roll,-2.246,-2.066,-2.246,-0.180,-0.180,0
1787735454.666,gripper,8.224,8.615,8.224,-0.391,-0.391,0
1787735454.717,shoulder_pan,-5.338,-7.824,-5.338,2.486,2.486,0
1787735454.717,shoulder_lift,-78.570,-77.890,-78.570,-0.680,-0.680,0
1787735454.717,elbow_flex,65.362,69.143,65.362,-3.780,-3.780,0
1787735454.717,wrist_flex,32.330,30.989,32.330,1.341,1.341,0
1787735454.717,wrist_roll,-2.248,-2.066,-2.248,-0.182,-0.182,0
1787735454.717,gripper,8.030,8.549,8.030,-0.519,-0.519,0
1787735454.767,shoulder_pan,-4.497,-6.857,-4.497,2.360,2.360,0
1787735454.767,shoulder_lift,-78.464,-77.890,-78.464,-0.574,-0.574,0
1787735454.767,elbow_flex,64.977,68.615,64.977,-3.639,-3.639,0
1787735454.767,wrist_flex,32.240,31.604,32.240,0.635,0.635,0
1787735454.767,wrist_roll,-2.232,-2.066,-2.232,-0.166,-0.166,0
1787735454.767,gripper,7.941,8.482,7.941,-0.542,-0.542,0
1787735454.816,shoulder_pan,-4.009,-5.978,-4.009,1.969,1.969,0
1787735454.816,shoulder_lift,-78.796,-78.066,-78.796,-0.730,-0.730,0
1787735454.816,elbow_flex,64.617,68.176,64.617,-3.558,-3.558,0
1787735454.816,wrist_flex,33.012,31.956,33.012,1.056,1.056,0
1787735454.816,wrist_roll,-2.237,-2.066,-2.237,-0.171,-0.171,0
1787735454.816,gripper,7.815,8.217,7.815,-0.402,-0.402,0
1787735454.866,shoulder_pan,-3.462,-5.099,-3.462,1.637,1.637,0
1787735454.866,shoulder_lift,-78.915,-78.154,-78.915,-0.761,-0.761,0
1787735454.866,elbow_flex,64.647,67.736,64.647,-3.089,-3.089,0
1787735454.866,wrist_flex,33.475,32.308,33.475,1.167,1.167,0
1787735454.866,wrist_roll,-2.213,-2.066,-2.213,-0.147,-0.147,0
1787735454.866,gripper,7.716,8.085,7.716,-0.369,-0.369,0
1787735454.916,shoulder_pan,-3.171,-4.484,-3.171,1.312,1.312,0
1787735454.916,shoulder_lift,-79.114,-78.330,-79.114,-0.784,-0.784,0
1787735454.916,elbow_flex,64.386,67.560,64.386,-3.175,-3.175,0
1787735454.916,wrist_flex,33.728,33.011,33.728,0.717,0.717,0
1787735454.916,wrist_roll,-2.202,-2.066,-2.202,-0.136,-0.136,0
1787735454.916,gripper,7.666,7.952,7.666,-0.286,-0.286,0
1787735454.966,shoulder_pan,-2.881,-3.956,-2.881,1.075,1.075,0
1787735454.966,shoulder_lift,-79.375,-78.418,-79.375,-0.957,-0.957,0
1787735454.966,elbow_flex,64.186,67.560,64.186,-3.375,-3.375,0
1787735454.966,wrist_flex,33.850,33.363,33.850,0.487,0.487,0
1787735454.966,wrist_roll,-2.232,-2.066,-2.232,-0.166,-0.166,0
1787735454.966,gripper,7.558,7.820,7.558,-0.262,-0.262,0
1787735455.016,shoulder_pan,-2.617,-3.604,-2.617,0.987,0.987,0
1787735455.016,shoulder_lift,-79.535,-78.593,-79.535,-0.942,-0.942,0
1787735455.016,elbow_flex,64.150,67.473,64.150,-3.322,-3.322,0
1787735455.016,wrist_flex,34.158,33.626,34.158,0.532,0.532,0
1787735455.016,wrist_roll,-2.246,-2.066,-2.246,-0.180,-0.180,0
1787735455.016,gripper,7.523,7.820,7.523,-0.296,-0.296,0
1787735455.066,shoulder_pan,-2.157,-3.253,-2.157,1.095,1.095,0
1787735455.066,shoulder_lift,-79.399,-78.945,-79.399,-0.454,-0.454,0
1787735455.066,elbow_flex,63.617,67.385,63.617,-3.768,-3.768,0
1787735455.066,wrist_flex,33.793,33.714,33.793,0.078,0.078,0
1787735455.066,wrist_roll,-2.302,-2.066,-2.302,-0.236,-0.236,0
1787735455.066,gripper,7.484,7.820,7.484,-0.336,-0.336,0
1787735455.117,shoulder_pan,-2.099,-2.813,-2.099,0.714,0.714,0
1787735455.117,shoulder_lift,-79.380,-79.033,-79.380,-0.347,-0.347,0
1787735455.117,elbow_flex,63.345,67.121,63.345,-3.776,-3.776,0
1787735455.117,wrist_flex,34.076,33.978,34.076,0.098,0.098,0
1787735455.117,wrist_roll,-2.310,-2.066,-2.310,-0.244,-0.244,0
1787735455.117,gripper,7.528,7.820,7.528,-0.292,-0.292,0
1787735455.167,shoulder_pan,-1.909,-2.374,-1.909,0.464,0.464,0
1787735455.167,shoulder_lift,-79.225,-79.121,-79.225,-0.104,-0.104,0
1787735455.167,elbow_flex,62.819,66.769,62.819,-3.950,-3.950,0
1787735455.167,wrist_flex,33.471,33.978,33.471,-0.507,-0.507,0
1787735455.167,wrist_roll,-2.389,-2.066,-2.389,-0.323,-0.323,0
1787735455.167,gripper,7.566,7.820,7.566,-0.254,-0.254,0
1787735455.217,shoulder_pan,-1.852,-2.374,-1.852,0.521,0.521,0
1787735455.217,shoulder_lift,-78.926,-79.121,-78.926,0.195,0.195,0
1787735455.217,elbow_flex,62.162,66.242,62.162,-4.080,-4.080,0
1787735455.217,wrist_flex,33.912,33.978,33.912,-0.066,-0.066,0
1787735455.217,wrist_roll,-2.439,-2.066,-2.439,-0.373,-0.373,0
1787735455.217,gripper,7.647,7.820,7.647,-0.173,-0.173,0
1787735455.267,shoulder_pan,-1.755,-2.374,-1.755,0.619,0.619,0
1787735455.267,shoulder_lift,-78.999,-79.121,-78.999,0.122,0.122,0
1787735455.267,elbow_flex,61.840,65.714,61.840,-3.874,-3.874,0
1787735455.267,wrist_flex,33.921,33.978,33.921,-0.057,-0.057,0
1787735455.267,wrist_roll,-2.493,-2.066,-2.493,-0.427,-0.427,0
1787735455.267,gripper,7.692,7.820,7.692,-0.128,-0.128,0
1787735455.318,shoulder_pan,-1.460,-2.198,-1.460,0.738,0.738,0
1787735455.318,shoulder_lift,-79.104,-79.121,-79.104,0.017,0.017,0
1787735455.318,elbow_flex,61.432,65.099,61.432,-3.667,-3.667,0
1787735455.318,wrist_flex,32.801,34.066,32.801,-1.265,-1.265,0
1787735455.318,wrist_roll,-2.214,-2.066,-2.214,-0.148,-0.148,0
1787735455.318,gripper,7.836,7.820,7.836,0.016,0.016,0
1787735455.367,shoulder_pan,-1.283,-2.198,-1.283,0.915,0.915,0
1787735455.367,shoulder_lift,-79.538,-79.121,-79.538,-0.417,-0.417,0
1787735455.367,elbow_flex,61.565,64.659,61.565,-3.095,-3.095,0
1787735455.367,wrist_flex,32.497,33.978,32.497,-1.481,-1.481,0
1787735455.367,wrist_roll,-1.826,-2.066,-1.826,0.240,0.240,0
1787735455.367,gripper,8.027,7.820,8.027,0.207,0.207,0
1787735455.418,shoulder_pan,-1.452,-1.846,-1.452,0.394,0.394,0
1787735455.418,shoulder_lift,-79.584,-79.121,-79.584,-0.463,-0.463,0
1787735455.418,elbow_flex,61.313,64.308,61.313,-2.995,-2.995,0
1787735455.418,wrist_flex,32.794,33.451,32.794,-0.657,-0.657,0
1787735455.418,wrist_roll,-1.856,-2.066,-1.856,0.210,0.210,0
1787735455.418,gripper,8.090,7.820,8.090,0.271,0.271,0
1787735455.467,shoulder_pan,-1.662,-1.495,-1.662,-0.168,-0.168,0
1787735455.467,shoulder_lift,-79.653,-79.121,-79.653,-0.532,-0.532,0
1787735455.467,elbow_flex,61.122,63.956,61.122,-2.834,-2.834,0
1787735455.467,wrist_flex,32.361,33.451,32.361,-1.090,-1.090,0
1787735455.467,wrist_roll,-1.833,-2.066,-1.833,0.232,0.232,0
1787735455.467,gripper,8.124,7.820,8.124,0.304,0.304,0
1787735455.517,shoulder_pan,-2.170,-1.582,-2.170,-0.588,-0.588,0
1787735455.517,shoulder_lift,-79.641,-79.121,-79.641,-0.520,-0.520,0
1787735455.517,elbow_flex,60.906,63.868,60.906,-2.962,-2.962,0
1787735455.517,wrist_flex,32.490,33.451,32.490,-0.960,-0.960,0
1787735455.517,wrist_roll,-1.790,-2.066,-1.790,0.275,0.275,0
1787735455.517,gripper,8.133,7.820,8.133,0.313,0.313,0
1787735455.568,shoulder_pan,-2.569,-1.582,-2.569,-0.987,-0.987,0
1787735455.568,shoulder_lift,-79.701,-79.121,-79.701,-0.581,-0.581,0
1787735455.568,elbow_flex,60.628,63.780,60.628,-3.152,-3.152,0
1787735455.568,wrist_flex,32.543,33.451,32.543,-0.907,-0.907,0
1787735455.568,wrist_roll,-1.794,-2.066,-1.794,0.271,0.271,0
1787735455.568,gripper,8.175,7.820,8.175,0.355,0.355,0
1787735455.618,shoulder_pan,-2.900,-2.022,-2.900,-0.878,-0.878,0
1787735455.618,shoulder_lift,-79.789,-79.121,-79.789,-0.668,-0.668,0
1787735455.618,elbow_flex,60.367,63.429,60.367,-3.062,-3.062,0
1787735455.618,wrist_flex,32.543,33.451,32.543,-0.908,-0.908,0
1787735455.618,wrist_roll,-1.783,-2.066,-1.783,0.283,0.283,0
1787735455.618,gripper,8.189,7.820,8.189,0.370,0.370,0
1787735455.667,shoulder_pan,-3.444,-2.462,-3.444,-0.983,-0.983,0
1787735455.667,shoulder_lift,-79.902,-79.209,-79.902,-0.694,-0.694,0
1787735455.667,elbow_flex,59.921,63.165,59.921,-3.243,-3.243,0
1787735455.667,wrist_flex,32.471,33.451,32.471,-0.979,-0.979,0
1787735455.667,wrist_roll,-1.735,-2.066,-1.735,0.331,0.331,0
1787735455.667,gripper,8.214,7.820,8.214,0.395,0.395,0
1787735455.718,shoulder_pan,-3.833,-2.637,-3.833,-1.196,-1.196,0
1787735455.718,shoulder_lift,-80.058,-79.473,-80.058,-0.585,-0.585,0
1787735455.718,elbow_flex,59.609,62.901,59.609,-3.292,-3.292,0
1787735455.718,wrist_flex,33.036,33.451,33.036,-0.414,-0.414,0
1787735455.718,wrist_roll,-1.700,-2.066,-1.700,0.366,0.366,0
1787735455.718,gripper,8.251,7.820,8.251,0.431,0.431,0
1787735455.768,shoulder_pan,-4.238,-3.253,-4.238,-0.985,-0.985,0
1787735455.768,shoulder_lift,-80.278,-79.473,-80.278,-0.805,-0.805,0
1787735455.768,elbow_flex,59.170,62.549,59.170,-3.380,-3.380,0
1787735455.768,wrist_flex,32.670,33.451,32.670,-0.780,-0.780,0
1787735455.768,wrist_roll,-1.631,-2.066,-1.631,0.435,0.435,0
1787735455.768,gripper,8.277,7.820,8.277,0.457,0.457,0
1787735455.818,shoulder_pan,-4.598,-3.692,-4.598,-0.906,-0.906,0
1787735455.818,shoulder_lift,-80.362,-79.648,-80.362,-0.714,-0.714,0
1787735455.818,elbow_flex,58.756,62.198,58.756,-3.442,-3.442,0
1787735455.818,wrist_flex,32.746,33.451,32.746,-0.705,-0.705,0
1787735455.818,wrist_roll,-1.528,-2.066,-1.528,0.538,0.538,0
1787735455.818,gripper,8.316,7.820,8.316,0.496,0.496,0
1787735455.868,shoulder_pan,-4.933,-4.044,-4.933,-0.889,-0.889,0
1787735455.868,shoulder_lift,-80.579,-80.000,-80.579,-0.579,-0.579,0
1787735455.868,elbow_flex,58.274,61.934,58.274,-3.660,-3.660,0
1787735455.868,wrist_flex,32.967,33.451,32.967,-0.483,-0.483,0
1787735455.868,wrist_roll,-1.419,-2.066,-1.419,0.647,0.647,0
1787735455.868,gripper,8.357,7.820,8.357,0.537,0.537,0
1787735455.918,shoulder_pan,-5.382,-4.396,-5.382,-0.987,-0.987,0
1787735455.918,shoulder_lift,-80.903,-80.000,-80.903,-0.903,-0.903,0
1787735455.918,elbow_flex,57.954,61.495,57.954,-3.541,-3.541,0
1787735455.918,wrist_flex,33.119,33.451,33.119,-0.331,-0.331,0
1787735455.918,wrist_roll,-1.268,-1.802,-1.268,0.534,0.534,0
1787735455.918,gripper,8.404,7.886,8.404,0.518,0.518,0
1787735455.970,shoulder_pan,-5.617,-4.835,-5.617,-0.782,-0.782,0
1787735455.970,shoulder_lift,-80.935,-80.264,-80.935,-0.671,-0.671,0
1787735455.970,elbow_flex,57.386,61.055,57.386,-3.668,-3.668,0
1787735455.970,wrist_flex,33.402,33.451,33.402,-0.049,-0.049,0
1787735455.970,wrist_roll,-1.101,-1.714,-1.101,0.613,0.613,0
1787735455.970,gripper,8.453,8.019,8.453,0.434,0.434,0
1787735456.018,shoulder_pan,-5.896,-5.099,-5.896,-0.797,-0.797,0
1787735456.018,shoulder_lift,-81.218,-80.527,-81.218,-0.690,-0.690,0
1787735456.018,elbow_flex,56.922,60.703,56.922,-3.782,-3.782,0
1787735456.018,wrist_flex,34.199,33.451,34.199,0.749,0.749,0
1787735456.018,wrist_roll,-0.882,-1.626,-0.882,0.744,0.744,0
1787735456.018,gripper,8.511,8.151,8.511,0.360,0.360,0
1787735456.069,shoulder_pan,-6.084,-5.451,-6.084,-0.634,-0.634,0
1787735456.069,shoulder_lift,-82.035,-80.615,-82.035,-1.419,-1.419,0
1787735456.069,elbow_flex,56.143,60.264,56.143,-4.121,-4.121,0
1787735456.069,wrist_flex,33.696,33.626,33.696,0.070,0.070,0
1787735456.069,wrist_roll,-0.472,-1.275,-0.472,0.803,0.803,0
1787735456.069,gripper,8.675,8.151,8.675,0.524,0.524,0
1787735456.119,shoulder_pan,-6.017,-5.714,-6.017,-0.303,-0.303,0
1787735456.119,shoulder_lift,-82.404,-81.143,-82.404,-1.261,-1.261,0
1787735456.119,elbow_flex,55.985,60.000,55.985,-4.015,-4.015,0
1787735456.119,wrist_flex,33.807,33.890,33.807,-0.084,-0.084,0
1787735456.119,wrist_roll,-0.348,-1.011,-0.348,0.663,0.663,0
1787735456.119,gripper,8.707,8.217,8.707,0.489,0.489,0
1787735456.169,shoulder_pan,-5.869,-5.890,-5.869,0.021,0.021,0
1787735456.169,shoulder_lift,-82.561,-81.846,-82.561,-0.715,-0.715,0
1787735456.169,elbow_flex,55.696,59.736,55.696,-4.040,-4.040,0
1787735456.169,wrist_flex,34.187,33.890,34.187,0.297,0.297,0
1787735456.169,wrist_roll,-0.260,-0.747,-0.260,0.488,0.488,0
1787735456.169,gripper,8.741,8.416,8.741,0.325,0.325,0
1787735456.218,shoulder_pan,-5.670,-5.890,-5.670,0.220,0.220,0
1787735456.218,shoulder_lift,-82.748,-82.198,-82.748,-0.551,-0.551,0
1787735456.218,elbow_flex,55.487,59.385,55.487,-3.897,-3.897,0
1787735456.218,wrist_flex,34.130,33.978,34.130,0.152,0.152,0
1787735456.218,wrist_roll,-0.229,-0.571,-0.229,0.343,0.343,0
1787735456.218,gripper,8.745,8.416,8.745,0.329,0.329,0
1787735456.269,shoulder_pan,-6.401,-5.890,-6.401,-0.511,-0.511,0
1787735456.269,shoulder_lift,-82.594,-82.198,-82.594,-0.396,-0.396,0
1787735456.269,elbow_flex,55.694,59.033,55.694,-3.339,-3.339,0
1787735456.269,wrist_flex,30.548,33.978,30.548,-3.430,-3.430,0
1787735456.269,wrist_roll,-0.476,-0.484,-0.476,0.007,0.007,0
1787735456.269,gripper,8.929,8.416,8.929,0.513,0.513,0
1787735456.318,shoulder_pan,-7.213,-5.890,-7.213,-1.323,-1.323,0
1787735456.318,shoulder_lift,-80.067,-82.637,-80.067,2.571,2.571,0
1787735456.318,elbow_flex,55.698,58.945,55.698,-3.247,-3.247,0
1787735456.318,wrist_flex,26.131,33.890,26.131,-7.759,-7.759,0
1787735456.318,wrist_roll,-1.162,-0.571,-1.162,-0.591,-0.591,0
1787735456.318,gripper,8.894,8.549,8.894,0.346,0.346,0
1787735456.369,shoulder_pan,-7.090,-6.418,-7.090,-0.672,-0.672,0
1787735456.369,shoulder_lift,-77.945,-82.462,-77.945,4.517,4.517,0
1787735456.369,elbow_flex,55.155,58.945,55.155,-3.790,-3.790,0
1787735456.369,wrist_flex,25.079,31.604,25.079,-6.525,-6.525,0
1787735456.369,wrist_roll,-1.620,-0.747,-1.620,-0.873,-0.873,0
1787735456.369,gripper,8.764,8.681,8.764,0.083,0.083,0
1787735456.419,shoulder_pan,-6.957,-6.945,-6.957,-0.012,-0.012,0
1787735456.419,shoulder_lift,-75.987,-80.703,-75.987,4.717,4.717,0
1787735456.419,elbow_flex,54.873,58.593,54.873,-3.720,-3.720,0
1787735456.419,wrist_flex,25.220,28.440,25.220,-3.220,-3.220,0
1787735456.419,wrist_roll,-2.108,-1.099,-2.108,-1.009,-1.009,0
1787735456.419,gripper,8.610,8.681,8.610,-0.071,-0.071,0
1787735456.469,shoulder_pan,-6.781,-6.857,-6.781,0.077,0.077,0
1787735456.469,shoulder_lift,-74.825,-78.681,-74.825,3.856,3.856,0
1787735456.469,elbow_flex,53.967,57.890,53.967,-3.923,-3.923,0
1787735456.469,wrist_flex,25.752,27.209,25.752,-1.457,-1.457,0
1787735456.469,wrist_roll,-2.273,-1.451,-2.273,-0.822,-0.822,0
1787735456.469,gripper,8.583,8.681,8.583,-0.098,-0.098,0
1787735456.519,shoulder_pan,-6.605,-6.681,-6.605,0.076,0.076,0
1787735456.519,shoulder_lift,-73.600,-76.835,-73.600,3.235,3.235,0
1787735456.519,elbow_flex,53.558,57.451,53.558,-3.893,-3.893,0
1787735456.519,wrist_flex,25.990,26.769,25.990,-0.779,-0.779,0
1787735456.519,wrist_roll,-2.494,-1.890,-2.494,-0.604,-0.604,0
1787735456.519,gripper,8.516,8.681,8.516,-0.166,-0.166,0
1787735456.569,shoulder_pan,-6.512,-6.681,-6.512,0.170,0.170,0
1787735456.569,shoulder_lift,-72.481,-75.604,-72.481,3.124,3.124,0
1787735456.569,elbow_flex,53.181,56.835,53.181,-3.654,-3.654,0
1787735456.569,wrist_flex,25.667,26.769,25.667,-1.102,-1.102,0
1787735456.569,wrist_roll,-2.688,-2.066,-2.688,-0.622,-0.622,0
1787735456.569,gripper,8.406,8.681,8.406,-0.275,-0.275,0
1787735456.619,shoulder_pan,-6.558,-6.681,-6.558,0.124,0.124,0
1787735456.619,shoulder_lift,-71.522,-74.374,-71.522,2.852,2.852,0
1787735456.619,elbow_flex,52.522,56.308,52.522,-3.786,-3.786,0
1787735456.619,wrist_flex,26.315,26.681,26.315,-0.366,-0.366,0
1787735456.619,wrist_roll,-2.750,-2.242,-2.750,-0.508,-0.508,0
1787735456.619,gripper,8.333,8.681,8.333,-0.348,-0.348,0
1787735456.669,shoulder_pan,-6.442,-6.681,-6.442,0.240,0.240,0
1787735456.669,shoulder_lift,-70.300,-73.055,-70.300,2.755,2.755,0
1787735456.669,elbow_flex,52.215,55.692,52.215,-3.477,-3.477,0
1787735456.669,wrist_flex,26.016,26.593,26.016,-0.578,-0.578,0
1787735456.669,wrist_roll,-2.880,-2.505,-2.880,-0.374,-0.374,0
1787735456.669,gripper,8.243,8.681,8.243,-0.439,-0.439,0
1787735456.719,shoulder_pan,-6.201,-6.681,-6.201,0.480,0.480,0
1787735456.719,shoulder_lift,-69.235,-72.000,-69.235,2.765,2.765,0
1787735456.719,elbow_flex,51.561,55.253,51.561,-3.692,-3.692,0
1787735456.719,wrist_flex,25.923,26.593,25.923,-0.670,-0.670,0
1787735456.719,wrist_roll,-2.921,-2.593,-2.921,-0.327,-0.327,0
1787735456.719,gripper,8.169,8.681,8.169,-0.512,-0.512,0
1787735456.769,shoulder_pan,-6.046,-6.681,-6.046,0.635,0.635,0
1787735456.769,shoulder_lift,-68.636,-70.769,-68.636,2.134,2.134,0
1787735456.769,elbow_flex,51.167,54.725,51.167,-3.558,-3.558,0
1787735456.769,wrist_flex,25.336,26.593,25.336,-1.257,-1.257,0
1787735456.769,wrist_roll,-2.927,-2.593,-2.927,-0.334,-0.334,0
1787735456.769,gripper,8.071,8.482,8.071,-0.411,-0.411,0
1787735456.819,shoulder_pan,-5.842,-6.681,-5.842,0.840,0.840,0
1787735456.819,shoulder_lift,-67.544,-69.714,-67.544,2.170,2.170,0
1787735456.819,elbow_flex,50.803,54.286,50.803,-3.482,-3.482,0
1787735456.819,wrist_flex,25.792,26.505,25.792,-0.713,-0.713,0
1787735456.819,wrist_roll,-2.928,-2.593,-2.928,-0.334,-0.334,0
1787735456.819,gripper,7.996,8.350,7.996,-0.354,-0.354,0
1787735456.869,shoulder_pan,-5.525,-6.681,-5.525,1.156,1.156,0
1787735456.869,shoulder_lift,-66.816,-68.923,-66.816,2.107,2.107,0
1787735456.869,elbow_flex,50.294,54.110,50.294,-3.816,-3.816,0
1787735456.869,wrist_flex,26.463,26.330,26.463,0.133,0.133,0
1787735456.869,wrist_roll,-2.921,-2.593,-2.921,-0.327,-0.327,0
1787735456.869,gripper,7.954,8.151,7.954,-0.197,-0.197,0
1787735456.919,shoulder_pan,-5.340,-6.242,-5.340,0.902,0.902,0
1787735456.919,shoulder_lift,-66.025,-67.868,-66.025,1.843,1.843,0
1787735456.919,elbow_flex,49.937,53.407,49.937,-3.469,-3.469,0
1787735456.919,wrist_flex,26.875,26.418,26.875,0.457,0.457,0
1787735456.919,wrist_roll,-2.891,-2.593,-2.891,-0.298,-0.298,0
1787735456.919,gripper,7.883,8.151,7.883,-0.268,-0.268,0
1787735456.969,shoulder_pan,-5.240,-5.626,-5.240,0.386,0.386,0
1787735456.969,shoulder_lift,-65.364,-67.077,-65.364,1.713,1.713,0
1787735456.969,elbow_flex,49.639,53.055,49.639,-3.416,-3.416,0
1787735456.969,wrist_flex,27.089,26.681,27.089,0.408,0.408,0
1787735456.969,wrist_roll,-2.870,-2.593,-2.870,-0.277,-0.277,0
1787735456.969,gripper,7.828,8.151,7.828,-0.323,-0.323,0
1787735457.020,shoulder_pan,-4.974,-5.626,-4.974,0.653,0.653,0
1787735457.020,shoulder_lift,-64.334,-66.286,-64.334,1.952,1.952,0
1787735457.020,elbow_flex,48.875,52.703,48.875,-3.828,-3.828,0
1787735457.020,wrist_flex,28.748,26.857,28.748,1.891,1.891,0
1787735457.020,wrist_roll,-2.818,-2.593,-2.818,-0.224,-0.224,0
1787735457.020,gripper,7.765,8.085,7.765,-0.320,-0.320,0
1787735457.070,shoulder_pan,-5.007,-5.626,-5.007,0.619,0.619,0
1787735457.070,shoulder_lift,-63.887,-65.495,-63.887,1.607,1.607,0
1787735457.070,elbow_flex,48.165,52.440,48.165,-4.275,-4.275,0
1787735457.070,wrist_flex,28.836,27.297,28.836,1.539,1.539,0
1787735457.070,wrist_roll,-2.794,-2.593,-2.794,-0.200,-0.200,0
1787735457.070,gripper,7.678,8.085,7.678,-0.407,-0.407,0
1787735457.120,shoulder_pan,-5.078,-5.626,-5.078,0.548,0.548,0
1787735457.120,shoulder_lift,-63.753,-64.615,-63.753,0.863,0.863,0
1787735457.120,elbow_flex,48.452,51.736,48.452,-3.284,-3.284,0
1787735457.120,wrist_flex,29.722,28.352,29.722,1.370,1.370,0
1787735457.120,wrist_roll,-2.775,-2.593,-2.775,-0.182,-0.182,0
1787735457.120,gripper,7.587,8.019,7.587,-0.432,-0.432,0
1787735457.171,shoulder_pan,-5.014,-5.451,-5.014,0.437,0.437,0
1787735457.171,shoulder_lift,-63.250,-64.176,-63.250,0.925,0.925,0
1787735457.171,elbow_flex,48.134,51.385,48.134,-3.251,-3.251,0
1787735457.171,wrist_flex,29.717,28.791,29.717,0.926,0.926,0
1787735457.171,wrist_roll,-2.751,-2.593,-2.751,-0.157,-0.157,0
1787735457.171,gripper,7.488,7.820,7.488,-0.331,-0.331,0
1787735457.220,shoulder_pan,-5.550,-5.187,-5.550,-0.364,-0.364,0
1787735457.220,shoulder_lift,-64.794,-63.912,-64.794,-0.882,-0.882,0
1787735457.220,elbow_flex,49.077,51.297,49.077,-2.219,-2.219,0
1787735457.220,wrist_flex,27.900,29.319,27.900,-1.418,-1.418,0
1787735457.220,wrist_roll,-2.564,-2.593,-2.564,0.029,0.029,0
1787735457.220,gripper,7.109,7.820,7.109,-0.711,-0.711,0
1787735457.271,shoulder_pan,-6.422,-5.187,-6.422,-1.235,-1.235,0
1787735457.271,shoulder_lift,-65.369,-63.560,-65.369,-1.808,-1.808,0
1787735457.271,elbow_flex,53.282,51.121,53.282,2.161,2.161,0
1787735457.271,wrist_flex,20.892,29.319,20.892,-8.427,-8.427,0
1787735457.271,wrist_roll,-2.174,-2.593,-2.174,0.419,0.419,0
1787735457.271,gripper,6.105,7.621,6.105,-1.516,-1.516,0
1787735457.320,shoulder_pan,-6.906,-5.538,-6.906,-1.367,-1.367,0
1787735457.320,shoulder_lift,-64.235,-64.176,-64.235,-0.060,-0.060,0
1787735457.320,elbow_flex,55.048,51.121,55.048,3.927,3.927,0
1787735457.320,wrist_flex,18.836,28.264,18.836,-9.427,-9.427,0
1787735457.320,wrist_roll,-2.004,-2.593,-2.004,0.589,0.589,0
1787735457.320,gripper,5.698,7.091,5.698,-1.393,-1.393,0
1787735457.370,shoulder_pan,-7.473,-6.154,-7.473,-1.319,-1.319,0
1787735457.370,shoulder_lift,-63.059,-64.703,-63.059,1.644,1.644,0
1787735457.370,elbow_flex,56.293,52.967,56.293,3.326,3.326,0
1787735457.370,wrist_flex,16.386,24.747,16.386,-8.361,-8.361,0
1787735457.370,wrist_roll,-1.871,-2.593,-1.871,0.723,0.723,0
1787735457.370,gripper,5.361,6.428,5.361,-1.067,-1.067,0
1787735457.420,shoulder_pan,-7.844,-6.857,-7.844,-0.987,-0.987,0
1787735457.420,shoulder_lift,-62.049,-63.912,-62.049,1.863,1.863,0
1787735457.420,elbow_flex,56.813,55.077,56.813,1.736,1.736,0
1787735457.420,wrist_flex,14.607,21.231,14.607,-6.624,-6.624,0
1787735457.420,wrist_roll,-1.729,-2.154,-1.729,0.425,0.425,0
1787735457.420,gripper,5.201,5.898,5.201,-0.697,-0.697,0
1787735457.471,shoulder_pan,-8.378,-7.033,-8.378,-1.345,-1.345,0
1787735457.471,shoulder_lift,-61.235,-62.945,-61.235,1.710,1.710,0
1787735457.471,elbow_flex,56.574,56.571,56.574,0.002,0.002,0
1787735457.471,wrist_flex,13.072,18.681,13.072,-5.610,-5.610,0
1787735457.471,wrist_roll,-1.606,-2.330,-1.606,0.724,0.724,0
1787735457.471,gripper,5.059,5.633,5.059,-0.574,-0.574,0
1787735457.520,shoulder_pan,-8.730,-7.648,-8.730,-1.082,-1.082,0
1787735457.520,shoulder_lift,-60.293,-62.154,-60.293,1.861,1.861,0
1787735457.520,elbow_flex,55.897,56.747,55.897,-0.850,-0.850,0
1787735457.520,wrist_flex,12.961,16.571,12.961,-3.611,-3.611,0
1787735457.520,wrist_roll,-1.504,-2.066,-1.504,0.562,0.562,0
1787735457.520,gripper,5.002,5.368,5.002,-0.366,-0.366,0
1787735457.572,shoulder_pan,-9.097,-8.264,-9.097,-0.833,-0.833,0
1787735457.572,shoulder_lift,-59.611,-61.275,-59.611,1.664,1.664,0
1787735457.572,elbow_flex,55.751,56.747,55.751,-0.996,-0.996,0
1787735457.572,wrist_flex,10.877,14.989,10.877,-4.112,-4.112,0
1787735457.572,wrist_roll,-1.405,-1.978,-1.405,0.573,0.573,0
1787735457.572,gripper,4.960,5.235,4.960,-0.275,-0.275,0
1787735457.621,shoulder_pan,-9.395,-8.440,-9.395,-0.955,-0.955,0
1787735457.621,shoulder_lift,-59.024,-60.484,-59.024,1.459,1.459,0
1787735457.621,elbow_flex,55.410,56.747,55.410,-1.337,-1.337,0
1787735457.621,wrist_flex,9.842,14.022,9.842,-4.180,-4.180,0
1787735457.621,wrist_roll,-1.398,-1.802,-1.398,0.404,0.404,0
1787735457.621,gripper,4.933,5.235,4.933,-0.302,-0.302,0
1787735457.671,shoulder_pan,-9.606,-8.791,-9.606,-0.815,-0.815,0
1787735457.671,shoulder_lift,-58.205,-59.692,-58.205,1.487,1.487,0
1787735457.671,elbow_flex,54.648,56.747,54.648,-2.099,-2.099,0
1787735457.671,wrist_flex,10.721,12.264,10.721,-1.543,-1.543,0
1787735457.671,wrist_roll,-1.351,-1.714,-1.351,0.363,0.363,0
1787735457.671,gripper,4.897,5.103,4.897,-0.205,-0.205,0
1787735457.721,shoulder_pan,-9.660,-9.055,-9.660,-0.605,-0.605,0
1787735457.721,shoulder_lift,-57.668,-59.077,-57.668,1.409,1.409,0
1787735457.721,elbow_flex,54.190,56.659,54.190,-2.470,-2.470,0
1787735457.721,wrist_flex,11.059,11.560,11.059,-0.501,-0.501,0
1787735457.721,wrist_roll,-1.385,-1.626,-1.385,0.241,0.241,0
1787735457.721,gripper,4.860,5.103,4.860,-0.242,-0.242,0
1787735457.770,shoulder_pan,-9.697,-9.319,-9.697,-0.378,-0.378,0
1787735457.770,shoulder_lift,-57.174,-58.374,-57.174,1.200,1.200,0
1787735457.770,elbow_flex,52.836,56.659,52.836,-3.824,-3.824,0
1787735457.770,wrist_flex,13.188,11.560,13.188,1.628,1.628,0
1787735457.770,wrist_roll,-1.491,-1.626,-1.491,0.135,0.135,0
1787735457.770,gripper,4.807,5.103,4.807,-0.296,-0.296,0
1787735457.820,shoulder_pan,-9.736,-9.319,-9.736,-0.417,-0.417,0
1787735457.820,shoulder_lift,-57.076,-57.670,-57.076,0.594,0.594,0
1787735457.820,elbow_flex,52.248,56.659,52.248,-4.412,-4.412,0
1787735457.820,wrist_flex,14.360,11.648,14.360,2.712,2.712,0
1787735457.820,wrist_roll,-1.560,-1.538,-1.560,-0.021,-0.021,0
1787735457.820,gripper,4.699,5.103,4.699,-0.404,-0.404,0
1787735457.871,shoulder_pan,-9.709,-9.319,-9.709,-0.390,-0.390,0
1787735457.871,shoulder_lift,-56.879,-57.319,-56.879,0.439,0.439,0
1787735457.871,elbow_flex,51.368,55.780,51.368,-4.412,-4.412,0
1787735457.871,wrist_flex,16.018,13.143,16.018,2.875,2.875,0
1787735457.871,wrist_roll,-1.625,-1.538,-1.625,-0.087,-0.087,0
1787735457.871,gripper,4.602,5.036,4.602,-0.435,-0.435,0
1787735457.921,shoulder_pan,-9.641,-9.319,-9.641,-0.323,-0.323,0
1787735457.921,shoulder_lift,-56.964,-57.231,-56.964,0.267,0.267,0
1787735457.921,elbow_flex,50.387,55.077,50.387,-4.690,-4.690,0
1787735457.921,wrist_flex,18.024,14.198,18.024,3.826,3.826,0
1787735457.921,wrist_roll,-1.684,-1.451,-1.684,-0.233,-0.233,0
1787735457.921,gripper,4.495,4.904,4.495,-0.409,-0.409,0
1787735457.971,shoulder_pan,-9.232,-9.319,-9.232,0.086,0.086,0
1787735457.971,shoulder_lift,-57.079,-57.055,-57.079,-0.024,-0.024,0
1787735457.971,elbow_flex,48.766,54.198,48.766,-5.431,-5.431,0
1787735457.971,wrist_flex,20.834,15.604,20.834,5.230,5.230,0
1787735457.971,wrist_roll,-1.665,-1.451,-1.665,-0.214,-0.214,0
1787735457.971,gripper,4.332,4.838,4.332,-0.505,-0.505,0
1787735458.021,shoulder_pan,-8.884,-9.319,-8.884,0.435,0.435,0
1787735458.021,shoulder_lift,-57.068,-57.055,-57.068,-0.013,-0.013,0
1787735458.021,elbow_flex,48.184,53.231,48.184,-5.047,-5.047,0
1787735458.021,wrist_flex,22.396,17.451,22.396,4.946,4.946,0
1787735458.021,wrist_roll,-1.698,-1.451,-1.698,-0.248,-0.248,0
1787735458.021,gripper,4.268,4.639,4.268,-0.371,-0.371,0
1787735458.071,shoulder_pan,-8.437,-9.319,-8.437,0.882,0.882,0
1787735458.071,shoulder_lift,-57.013,-57.055,-57.013,0.042,0.042,0
1787735458.071,elbow_flex,47.884,52.000,47.884,-4.116,-4.116,0
1787735458.071,wrist_flex,23.646,19.912,23.646,3.734,3.734,0
1787735458.071,wrist_roll,-1.756,-1.451,-1.756,-0.306,-0.306,0
1787735458.071,gripper,4.275,4.639,4.275,-0.364,-0.364,0
1787735458.122,shoulder_pan,-7.914,-9.319,-7.914,1.405,1.405,0
1787735458.122,shoulder_lift,-56.985,-57.055,-56.985,0.070,0.070,0
1787735458.122,elbow_flex,47.826,51.209,47.826,-3.383,-3.383,0
1787735458.122,wrist_flex,24.281,21.670,24.281,2.610,2.610,0
1787735458.122,wrist_roll,-1.764,-1.451,-1.764,-0.314,-0.314,0
1787735458.122,gripper,4.242,4.639,4.242,-0.397,-0.397,0
1787735458.171,shoulder_pan,-7.515,-8.879,-7.515,1.364,1.364,0
1787735458.171,shoulder_lift,-56.261,-57.055,-56.261,0.794,0.794,0
1787735458.171,elbow_flex,44.732,50.945,44.732,-6.213,-6.213,0
1787735458.171,wrist_flex,24.244,22.989,24.244,1.255,1.255,0
1787735458.171,wrist_roll,-1.871,-1.451,-1.871,-0.420,-0.420,0
1787735458.171,gripper,4.131,4.639,4.131,-0.508,-0.508,0
1787735458.221,shoulder_pan,-7.563,-8.176,-7.563,0.613,0.613,0
1787735458.221,shoulder_lift,-55.711,-56.879,-55.711,1.168,1.168,0
1787735458.221,elbow_flex,42.720,50.593,42.720,-7.874,-7.874,0
1787735458.221,wrist_flex,21.316,23.780,21.316,-2.464,-2.464,0
1787735458.221,wrist_roll,-2.145,-1.451,-2.145,-0.695,-0.695,0
1787735458.221,gripper,4.680,4.639,4.680,0.041,0.041,0
1787735458.272,shoulder_pan,-7.478,-8.000,-7.478,0.522,0.522,0
1787735458.272,shoulder_lift,-55.407,-56.000,-55.407,0.593,0.593,0
1787735458.272,elbow_flex,43.762,48.396,43.762,-4.634,-4.634,0
1787735458.272,wrist_flex,19.070,23.868,19.070,-4.798,-4.798,0
1787735458.272,wrist_roll,-2.298,-1.714,-2.298,-0.584,-0.584,0
1787735458.272,gripper,5.202,4.573,5.202,0.630,0.630,0
1787735458.322,shoulder_pan,-7.481,-8.000,-7.481,0.519,0.519,0
1787735458.322,shoulder_lift,-55.271,-55.912,-55.271,0.641,0.641,0
1787735458.322,elbow_flex,45.237,46.901,45.237,-1.664,-1.664,0
1787735458.322,wrist_flex,17.063,21.934,17.063,-4.871,-4.871,0
1787735458.322,wrist_roll,-2.423,-1.978,-2.423,-0.445,-0.445,0
1787735458.322,gripper,5.715,4.705,5.715,1.010,1.010,0
1787735458.371,shoulder_pan,-7.500,-8.000,-7.500,0.500,0.500,0
1787735458.371,shoulder_lift,-55.440,-55.824,-55.440,0.384,0.384,0
1787735458.371,elbow_flex,46.589,46.725,46.589,-0.137,-0.137,0
1787735458.371,wrist_flex,15.066,20.352,15.066,-5.286,-5.286,0
1787735458.371,wrist_roll,-2.482,-2.154,-2.482,-0.328,-0.328,0
1787735458.371,gripper,6.323,4.970,6.323,1.353,1.353,0
1787735458.422,shoulder_pan,-7.501,-7.736,-7.501,0.235,0.235,0
1787735458.422,shoulder_lift,-55.645,-55.736,-55.645,0.091,0.091,0
1787735458.422,elbow_flex,48.299,46.901,48.299,1.398,1.398,0
1787735458.422,wrist_flex,12.036,18.593,12.036,-6.557,-6.557,0
1787735458.422,wrist_roll,-2.542,-2.242,-2.542,-0.300,-0.300,0
1787735458.422,gripper,6.928,5.434,6.928,1.494,1.494,0
1787735458.472,shoulder_pan,-7.543,-7.736,-7.543,0.194,0.194,0
1787735458.472,shoulder_lift,-55.498,-55.736,-55.498,0.239,0.239,0
1787735458.472,elbow_flex,49.487,47.429,49.487,2.058,2.058,0
1787735458.472,wrist_flex,9.674,16.659,9.674,-6.985,-6.985,0
1787735458.472,wrist_roll,-2.610,-2.330,-2.610,-0.281,-0.281,0
1787735458.472,gripper,7.394,6.030,7.394,1.364,1.364,0
1787735458.522,shoulder_pan,-7.586,-7.736,-7.586,0.151,0.151,0
1787735458.522,shoulder_lift,-55.154,-55.824,-55.154,0.670,0.670,0
1787735458.522,elbow_flex,50.428,48.571,50.428,1.857,1.857,0
1787735458.522,wrist_flex,7.416,13.934,7.416,-6.518,-6.518,0
1787735458.522,wrist_roll,-2.675,-2.242,-2.675,-0.433,-0.433,0
1787735458.522,gripper,7.754,6.627,7.754,1.127,1.127,0
1787735458.572,shoulder_pan,-7.557,-7.736,-7.557,0.180,0.180,0
1787735458.572,shoulder_lift,-54.715,-55.736,-54.715,1.021,1.021,0
1787735458.572,elbow_flex,51.192,49.538,51.192,1.654,1.654,0
1787735458.572,wrist_flex,5.715,11.209,5.715,-5.494,-5.494,0
1787735458.572,wrist_roll,-2.714,-2.330,-2.714,-0.384,-0.384,0
1787735458.572,gripper,8.049,7.157,8.049,0.892,0.892,0
1787735458.623,shoulder_pan,-7.586,-7.736,-7.586,0.150,0.150,0
1787735458.623,shoulder_lift,-54.049,-55.473,-54.049,1.424,1.424,0
1787735458.623,elbow_flex,51.319,50.505,51.319,0.813,0.813,0
1787735458.623,wrist_flex,4.714,8.747,4.714,-4.033,-4.033,0
1787735458.623,wrist_roll,-2.705,-2.418,-2.705,-0.287,-0.287,0
1787735458.623,gripper,8.205,7.555,8.205,0.650,0.650,0
1787735458.672,shoulder_pan,-7.495,-7.736,-7.495,0.242,0.242,0
1787735458.672,shoulder_lift,-53.556,-55.033,-53.556,1.476,1.476,0
1787735458.672,elbow_flex,51.885,51.121,51.885,0.764,0.764,0
1787735458.672,wrist_flex,3.586,6.901,3.586,-3.315,-3.315,0
1787735458.672,wrist_roll,-2.785,-2.505,-2.785,-0.279,-0.279,0
1787735458.672,gripper,8.242,7.820,8.242,0.422,0.422,0
1787735458.722,shoulder_pan,-7.483,-7.736,-7.483,0.253,0.253,0
1787735458.722,shoulder_lift,-52.710,-54.418,-52.710,1.707,1.707,0
1787735458.722,elbow_flex,51.778,51.385,51.778,0.394,0.394,0
1787735458.722,wrist_flex,3.352,5.582,3.352,-2.230,-2.230,0
1787735458.722,wrist_roll,-2.748,-2.593,-2.748,-0.154,-0.154,0
1787735458.722,gripper,8.291,7.952,8.291,0.339,0.339,0
1787735458.772,shoulder_pan,-7.453,-7.736,-7.453,0.284,0.284,0
1787735458.772,shoulder_lift,-52.251,-54.066,-52.251,1.815,1.815,0
1787735458.772,elbow_flex,51.923,51.736,51.923,0.187,0.187,0
1787735458.772,wrist_flex,2.700,4.527,2.700,-1.828,-1.828,0
1787735458.772,wrist_roll,-2.753,-2.857,-2.753,0.104,0.104,0
1787735458.772,gripper,8.329,8.019,8.329,0.311,0.311,0
1787735458.822,shoulder_pan,-7.453,-7.736,-7.453,0.283,0.283,0
1787735458.822,shoulder_lift,-51.491,-53.714,-51.491,2.224,2.224,0
1787735458.822,elbow_flex,51.842,51.824,51.842,0.017,0.017,0
1787735458.822,wrist_flex,2.387,3.824,2.387,-1.437,-1.437,0
1787735458.822,wrist_roll,-2.774,-2.945,-2.774,0.171,0.171,0
1787735458.822,gripper,8.333,7.952,8.333,0.380,0.380,0
1787735458.872,shoulder_pan,-7.452,-7.736,-7.452,0.284,0.284,0
1787735458.872,shoulder_lift,-50.519,-53.451,-50.519,2.932,2.932,0
1787735458.872,elbow_flex,51.590,51.912,51.590,-0.322,-0.322,0
1787735458.872,wrist_flex,2.058,3.209,2.058,-1.151,-1.151,0
1787735458.872,wrist_roll,-2.748,-2.945,-2.748,0.197,0.197,0
1787735458.872,gripper,8.337,7.952,8.337,0.385,0.385,0
1787735458.923,shoulder_pan,-7.546,-7.736,-7.546,0.191,0.191,0
1787735458.923,shoulder_lift,-49.492,-53.011,-49.492,3.519,3.519,0
1787735458.923,elbow_flex,51.433,51.912,51.433,-0.479,-0.479,0
1787735458.923,wrist_flex,0.992,2.593,0.992,-1.601,-1.601,0
1787735458.923,wrist_roll,-2.785,-2.945,-2.785,0.160,0.160,0
1787735458.923,gripper,8.401,7.952,8.401,0.449,0.449,0
1787735458.973,shoulder_pan,-7.618,-7.736,-7.618,0.119,0.119,0
1787735458.973,shoulder_lift,-48.334,-52.484,-48.334,4.149,4.149,0
1787735458.973,elbow_flex,51.037,51.912,51.037,-0.875,-0.875,0
1787735458.973,wrist_flex,0.936,1.890,0.936,-0.954,-0.954,0
1787735458.973,wrist_roll,-2.774,-2.945,-2.774,0.171,0.171,0
1787735458.973,gripper,8.439,7.952,8.439,0.487,0.487,0
1787735459.023,shoulder_pan,-7.649,-7.736,-7.649,0.087,0.087,0
1787735459.023,shoulder_lift,-47.075,-51.868,-47.075,4.793,4.793,0
1787735459.023,elbow_flex,50.606,51.736,50.606,-1.130,-1.130,0
1787735459.023,wrist_flex,0.807,1.275,0.807,-0.467,-0.467,0
1787735459.023,wrist_roll,-2.793,-2.945,-2.793,0.152,0.152,0
1787735459.023,gripper,8.465,7.952,8.465,0.513,0.513,0
1787735459.073,shoulder_pan,-7.571,-7.736,-7.571,0.165,0.165,0
1787735459.073,shoulder_lift,-46.156,-51.253,-46.156,5.097,5.097,0
1787735459.073,elbow_flex,50.586,51.473,50.586,-0.886,-0.886,0
1787735459.073,wrist_flex,-0.491,0.923,-0.491,-1.414,-1.414,0
1787735459.073,wrist_roll,-2.760,-2.945,-2.760,0.186,0.186,0
1787735459.073,gripper,8.488,8.019,8.488,0.470,0.470,0
1787735459.123,shoulder_pan,-7.626,-7.736,-7.626,0.110,0.110,0
1787735459.123,shoulder_lift,-45.575,-50.462,-45.575,4.886,4.886,0
1787735459.123,elbow_flex,50.736,50.505,50.736,0.231,0.231,0
1787735459.123,wrist_flex,-0.819,0.396,-0.819,-1.214,-1.214,0
1787735459.123,wrist_roll,-2.828,-2.945,-2.828,0.118,0.118,0
1787735459.123,gripper,8.544,8.151,8.544,0.393,0.393,0
1787735459.174,shoulder_pan,-7.454,-7.736,-7.454,0.282,0.282,0
1787735459.174,shoulder_lift,-43.248,-49.758,-43.248,6.511,6.511,0
1787735459.174,elbow_flex,49.835,50.418,49.835,-0.583,-0.583,0
1787735459.174,wrist_flex,-4.148,-0.571,-4.148,-3.577,-3.577,0
1787735459.174,wrist_roll,-3.386,-3.033,-3.386,-0.353,-0.353,0
1787735459.174,gripper,8.408,8.151,8.408,0.257,0.257,0
1787735459.223,shoulder_pan,-6.188,-7.736,-6.188,1.548,1.548,0
1787735459.223,shoulder_lift,-41.923,-49.231,-41.923,7.308,7.308,0
1787735459.223,elbow_flex,49.436,50.242,49.436,-0.805,-0.805,0
1787735459.223,wrist_flex,-6.862,-1.099,-6.862,-5.763,-5.763,0
1787735459.223,wrist_roll,-4.404,-3.033,-4.404,-1.371,-1.371,0
1787735459.223,gripper,7.879,8.151,7.879,-0.272,-0.272,0
1787735459.273,shoulder_pan,-5.125,-7.297,-5.125,2.172,2.172,0
1787735459.273,shoulder_lift,-42.002,-47.385,-42.002,5.383,5.383,0
1787735459.273,elbow_flex,49.442,49.538,49.442,-0.096,-0.096,0
1787735459.273,wrist_flex,-6.468,-3.824,-6.468,-2.644,-2.644,0
1787735459.273,wrist_roll,-4.911,-3.560,-4.911,-1.351,-1.351,0
1787735459.273,gripper,7.619,8.151,7.619,-0.532,-0.532,0
1787735459.324,shoulder_pan,-4.489,-6.593,-4.489,2.105,2.105,0
1787735459.324,shoulder_lift,-42.081,-46.418,-42.081,4.337,4.337,0
1787735459.324,elbow_flex,49.479,49.451,49.479,0.029,0.029,0
1787735459.324,wrist_flex,-5.591,-5.758,-5.591,0.167,0.167,0
1787735459.324,wrist_roll,-5.251,-4.264,-5.251,-0.987,-0.987,0
1787735459.324,gripper,7.444,7.952,7.444,-0.508,-0.508,0
1787735459.373,shoulder_pan,-4.044,-5.890,-4.044,1.846,1.846,0
1787735459.373,shoulder_lift,-41.520,-46.154,-41.520,4.634,4.634,0
1787735459.373,elbow_flex,49.572,49.451,49.572,0.121,0.121,0
1787735459.373,wrist_flex,-5.468,-5.846,-5.468,0.378,0.378,0
1787735459.373,wrist_roll,-5.549,-4.791,-5.549,-0.757,-0.757,0
1787735459.373,gripper,7.278,7.753,7.278,-0.476,-0.476,0
1787735459.423,shoulder_pan,-3.949,-5.187,-3.949,1.238,1.238,0
1787735459.423,shoulder_lift,-41.593,-45.802,-41.593,4.209,4.209,0
1787735459.423,elbow_flex,49.532,49.451,49.532,0.081,0.081,0
1787735459.423,wrist_flex,-4.304,-5.846,-4.304,1.543,1.543,0
1787735459.423,wrist_roll,-5.874,-5.143,-5.874,-0.731,-0.731,0
1787735459.423,gripper,7.157,7.555,7.157,-0.397,-0.397,0
1787735459.473,shoulder_pan,-3.896,-4.484,-3.896,0.588,0.588,0
1787735459.473,shoulder_lift,-41.205,-45.714,-41.205,4.510,4.510,0
1787735459.473,elbow_flex,49.510,49.363,49.510,0.148,0.148,0
1787735459.473,wrist_flex,-4.013,-5.846,-4.013,1.833,1.833,0
1787735459.473,wrist_roll,-6.222,-5.495,-6.222,-0.728,-0.728,0
1787735459.473,gripper,7.051,7.422,7.051,-0.371,-0.371,0
1787735459.523,shoulder_pan,-3.921,-4.132,-3.921,0.211,0.211,0
1787735459.523,shoulder_lift,-40.929,-45.538,-40.929,4.610,4.610,0
1787735459.523,elbow_flex,49.511,49.363,49.511,0.148,0.148,0
1787735459.523,wrist_flex,-3.281,-5.846,-3.281,2.565,2.565,0
1787735459.523,wrist_roll,-6.484,-5.846,-6.484,-0.638,-0.638,0
1787735459.523,gripper,6.941,7.290,6.941,-0.349,-0.349,0
1787735459.574,shoulder_pan,-3.966,-4.132,-3.966,0.165,0.165,0
1787735459.574,shoulder_lift,-40.616,-45.363,-40.616,4.747,4.747,0
1787735459.574,elbow_flex,49.438,49.363,49.438,0.075,0.075,0
1787735459.574,wrist_flex,-2.156,-5.670,-2.156,3.514,3.514,0
1787735459.574,wrist_roll,-6.704,-6.198,-6.704,-0.506,-0.506,0
1787735459.574,gripper,6.816,7.223,6.816,-0.407,-0.407,0
1787735459.624,shoulder_pan,-4.034,-4.132,-4.034,0.098,0.098,0
1787735459.624,shoulder_lift,-40.475,-45.363,-40.475,4.888,4.888,0
1787735459.624,elbow_flex,49.512,49.275,49.512,0.237,0.237,0
1787735459.624,wrist_flex,-1.522,-5.231,-1.522,3.708,3.708,0
1787735459.624,wrist_roll,-6.874,-6.462,-6.874,-0.412,-0.412,0
1787735459.624,gripper,6.695,6.958,6.695,-0.264,-0.264,0
1787735459.674,shoulder_pan,-4.179,-4.132,-4.179,-0.048,-0.048,0
1787735459.674,shoulder_lift,-40.742,-45.363,-40.742,4.620,4.620,0
1787735459.674,elbow_flex,49.595,49.099,49.595,0.496,0.496,0
1787735459.674,wrist_flex,-0.819,-4.527,-0.819,3.709,3.709,0
1787735459.674,wrist_roll,-6.815,-6.637,-6.815,-0.177,-0.177,0
1787735459.674,gripper,6.636,6.958,6.636,-0.322,-0.322,0
1787735459.723,shoulder_pan,-4.420,-4.044,-4.420,-0.376,-0.376,0
1787735459.723,shoulder_lift,-40.431,-45.363,-40.431,4.931,4.931,0
1787735459.723,elbow_flex,49.501,49.099,49.501,0.402,0.402,0
1787735459.723,wrist_flex,-0.073,-3.912,-0.073,3.839,3.839,0
1787735459.723,wrist_roll,-6.698,-6.725,-6.698,0.027,0.027,0
1787735459.723,gripper,6.557,6.958,6.557,-0.401,-0.401,0
1787735459.773,shoulder_pan,-4.696,-4.044,-4.696,-0.652,-0.652,0
1787735459.773,shoulder_lift,-40.302,-45.363,-40.302,5.061,5.061,0
1787735459.773,elbow_flex,49.563,49.099,49.563,0.464,0.464,0
1787735459.773,wrist_flex,1.086,-3.385,1.086,4.470,4.470,0
1787735459.773,wrist_roll,-6.481,-6.725,-6.481,0.244,0.244,0
1787735459.773,gripper,6.525,6.958,6.525,-0.433,-0.433,0
1787735459.824,shoulder_pan,-4.993,-4.044,-4.993,-0.949,-0.949,0
1787735459.824,shoulder_lift,-40.183,-45.363,-40.183,5.179,5.179,0
1787735459.824,elbow_flex,49.498,49.011,49.498,0.487,0.487,0
1787735459.824,wrist_flex,1.343,-2.769,1.343,4.113,4.113,0
1787735459.824,wrist_roll,-6.324,-6.725,-6.324,0.402,0.402,0
1787735459.824,gripper,6.470,6.759,6.470,-0.289,-0.289,0
1787735459.874,shoulder_pan,-5.320,-4.044,-5.320,-1.276,-1.276,0
1787735459.874,shoulder_lift,-40.046,-45.451,-40.046,5.405,5.405,0
1787735459.874,elbow_flex,49.618,49.011,49.618,0.607,0.607,0
1787735459.874,wrist_flex,2.965,-2.066,2.965,5.031,5.031,0
1787735459.874,wrist_roll,-6.164,-6.725,-6.164,0.561,0.561,0
1787735459.874,gripper,6.469,6.759,6.469,-0.291,-0.291,0
1787735459.925,shoulder_pan,-5.650,-4.044,-5.650,-1.606,-1.606,0
1787735459.925,shoulder_lift,-39.510,-45.451,-39.510,5.940,5.940,0
1787735459.925,elbow_flex,49.171,49.011,49.171,0.160,0.160,0
1787735459.925,wrist_flex,3.521,-1.538,3.521,5.060,5.060,0
1787735459.925,wrist_roll,-6.075,-6.725,-6.075,0.650,0.650,0
1787735459.925,gripper,6.353,6.759,6.353,-0.407,-0.407,0
1787735459.974,shoulder_pan,-5.899,-4.044,-5.899,-1.855,-1.855,0
1787735459.974,shoulder_lift,-39.728,-45.451,-39.728,5.723,5.723,0
1787735459.974,elbow_flex,49.168,48.571,49.168,0.597,0.597,0
1787735459.974,wrist_flex,4.482,-0.484,4.482,4.966,4.966,0
1787735459.974,wrist_roll,-5.971,-6.725,-5.971,0.754,0.754,0
1787735459.974,gripper,6.262,6.693,6.262,-0.431,-0.431,0
1787735460.025,shoulder_pan,-6.007,-4.044,-6.007,-1.963,-1.963,0
1787735460.025,shoulder_lift,-39.686,-45.451,-39.686,5.764,5.764,0
1787735460.025,elbow_flex,49.206,48.308,49.206,0.898,0.898,0
1787735460.025,wrist_flex,5.217,0.308,5.217,4.910,4.910,0
1787735460.025,wrist_roll,-5.955,-6.549,-5.955,0.594,0.594,0
1787735460.025,gripper,6.177,6.494,6.177,-0.318,-0.318,0
1787735460.074,shoulder_pan,-6.116,-4.044,-6.116,-2.072,-2.072,0
1787735460.074,shoulder_lift,-40.053,-45.538,-40.053,5.485,5.485,0
1787735460.074,elbow_flex,49.501,48.308,49.501,1.193,1.193,0
1787735460.074,wrist_flex,5.501,1.011,5.501,4.490,4.490,0
1787735460.074,wrist_roll,-5.863,-6.549,-5.863,0.687,0.687,0
1787735460.074,gripper,6.026,6.494,6.026,-0.469,-0.469,0
1787735460.124,shoulder_pan,-6.117,-4.044,-6.117,-2.073,-2.073,0
1787735460.124,shoulder_lift,-40.306,-45.538,-40.306,5.233,5.233,0
1787735460.124,elbow_flex,49.567,48.220,49.567,1.348,1.348,0
1787735460.124,wrist_flex,6.342,1.626,6.342,4.715,4.715,0
1787735460.124,wrist_roll,-5.800,-6.549,-5.800,0.750,0.750,0
1787735460.124,gripper,5.828,6.362,5.828,-0.534,-0.534,0
1787735460.174,shoulder_pan,-6.418,-4.044,-6.418,-2.374,-2.374,0
1787735460.174,shoulder_lift,-38.687,-45.538,-38.687,6.852,6.852,0
1787735460.174,elbow_flex,47.152,48.220,47.152,-1.068,-1.068,0
1787735460.174,wrist_flex,3.747,2.066,3.747,1.681,1.681,0
1787735460.174,wrist_roll,-5.951,-6.549,-5.951,0.599,0.599,0
1787735460.174,gripper,5.716,6.097,5.716,-0.381,-0.381,0
1787735460.224,shoulder_pan,-6.879,-4.044,-6.879,-2.835,-2.835,0
1787735460.224,shoulder_lift,-36.898,-45.538,-36.898,8.640,8.640,0
1787735460.224,elbow_flex,45.144,47.956,45.144,-2.812,-2.812,0
1787735460.224,wrist_flex,-0.075,2.418,-0.075,-2.493,-2.493,0
1787735460.224,wrist_roll,-6.190,-6.462,-6.190,0.271,0.271,0
1787735460.224,gripper,5.820,6.030,5.820,-0.210,-0.210,0
1787735460.275,shoulder_pan,-6.948,-4.220,-6.948,-2.728,-2.728,0
1787735460.275,shoulder_lift,-38.028,-45.099,-38.028,7.071,7.071,0
1787735460.275,elbow_flex,46.475,46.286,46.475,0.189,0.189,0
1787735460.275,wrist_flex,-1.663,1.890,-1.663,-3.553,-3.553,0
1787735460.275,wrist_roll,-6.278,-6.462,-6.278,0.183,0.183,0
1787735460.275,gripper,5.821,6.030,5.821,-0.210,-0.210,0
1787735460.324,shoulder_pan,-7.079,-4.396,-7.079,-2.684,-2.684,0
1787735460.324,shoulder_lift,-39.794,-43.604,-39.794,3.811,3.811,0
1787735460.324,elbow_flex,48.295,45.407,48.295,2.889,2.889,0
1787735460.324,wrist_flex,-3.601,-0.396,-3.601,-3.206,-3.206,0
1787735460.324,wrist_roll,-6.349,-6.462,-6.349,0.113,0.113,0
1787735460.324,gripper,5.824,6.030,5.824,-0.207,-0.207,0
1787735460.375,shoulder_pan,-7.137,-4.659,-7.137,-2.477,-2.477,0
1787735460.375,shoulder_lift,-43.166,-43.516,-43.166,0.351,0.351,0
1787735460.375,elbow_flex,50.769,45.582,50.769,5.186,5.186,0
1787735460.375,wrist_flex,-5.466,-1.890,-5.466,-3.576,-3.576,0
1787735460.375,wrist_roll,-6.403,-6.549,-6.403,0.146,0.146,0
1787735460.375,gripper,5.811,6.030,5.811,-0.219,-0.219,0
1787735460.425,shoulder_pan,-7.064,-4.747,-7.064,-2.316,-2.316,0
1787735460.425,shoulder_lift,-47.885,-43.429,-47.885,-4.456,-4.456,0
1787735460.425,elbow_flex,54.073,46.462,54.073,7.612,7.612,0
1787735460.425,wrist_flex,-6.749,-3.824,-6.749,-2.924,-2.924,0
1787735460.425,wrist_roll,-6.434,-6.549,-6.434,0.116,0.116,0
1787735460.425,gripper,5.879,6.030,5.879,-0.151,-0.151,0
1787735460.475,shoulder_pan,-7.047,-4.835,-7.047,-2.212,-2.212,0
1787735460.475,shoulder_lift,-51.702,-44.923,-51.702,-6.779,-6.779,0
1787735460.475,elbow_flex,55.858,48.571,55.858,7.286,7.286,0
1787735460.475,wrist_flex,-5.935,-5.407,-5.935,-0.529,-0.529,0
1787735460.475,wrist_roll,-6.508,-6.549,-6.508,0.041,0.041,0
1787735460.475,gripper,6.060,6.030,6.060,0.030,0.030,0
1787735460.525,shoulder_pan,-6.966,-5.363,-6.966,-1.604,-1.604,0
1787735460.525,shoulder_lift,-55.012,-48.000,-55.012,-7.012,-7.012,0
1787735460.525,elbow_flex,57.486,51.824,57.486,5.662,5.662,0
1787735460.525,wrist_flex,-5.218,-6.110,-5.218,0.892,0.892,0
1787735460.525,wrist_roll,-6.540,-6.549,-6.540,0.009,0.009,0
1787735460.525,gripper,6.283,6.030,6.283,0.252,0.252,0
1787735460.575,shoulder_pan,-7.036,-5.802,-7.036,-1.234,-1.234,0
1787735460.575,shoulder_lift,-57.114,-51.077,-57.114,-6.037,-6.037,0
1787735460.575,elbow_flex,58.406,54.989,58.406,3.417,3.417,0
1787735460.575,wrist_flex,-4.509,-5.846,-4.509,1.337,1.337,0
1787735460.575,wrist_roll,-6.587,-6.549,-6.587,-0.037,-0.037,0
1787735460.575,gripper,6.540,6.030,6.540,0.510,0.510,0
1787735460.625,shoulder_pan,-6.848,-6.242,-6.848,-0.606,-0.606,0
1787735460.625,shoulder_lift,-59.119,-53.538,-59.119,-5.580,-5.580,0
1787735460.625,elbow_flex,59.472,56.835,59.472,2.636,2.636,0
1787735460.625,wrist_flex,-3.417,-5.055,-3.417,1.638,1.638,0
1787735460.625,wrist_roll,-6.662,-6.549,-6.662,-0.112,-0.112,0
1787735460.625,gripper,6.819,6.097,6.819,0.722,0.722,0
1787735460.675,shoulder_pan,-6.661,-6.505,-6.661,-0.156,-0.156,0
1787735460.675,shoulder_lift,-60.272,-55.560,-60.272,-4.711,-4.711,0
1787735460.675,elbow_flex,60.089,58.242,60.089,1.848,1.848,0
1787735460.675,wrist_flex,-2.700,-4.527,-2.700,1.827,1.827,0
1787735460.675,wrist_roll,-6.733,-6.286,-6.733,-0.447,-0.447,0
1787735460.675,gripper,7.068,6.362,7.068,0.706,0.706,0
1787735460.725,shoulder_pan,-6.552,-6.505,-6.552,-0.047,-0.047,0
1787735460.725,shoulder_lift,-60.461,-57.758,-60.461,-2.703,-2.703,0
1787735460.725,elbow_flex,60.376,59.824,60.376,0.551,0.551,0
1787735460.725,wrist_flex,-2.405,-3.648,-2.405,1.244,1.244,0
1787735460.725,wrist_roll,-6.817,-6.637,-6.817,-0.180,-0.180,0
1787735460.725,gripper,7.191,6.561,7.191,0.630,0.630,0
1787735460.775,shoulder_pan,-6.229,-6.681,-6.229,0.452,0.452,0
1787735460.775,shoulder_lift,-60.180,-58.813,-60.180,-1.367,-1.367,0
1787735460.775,elbow_flex,60.296,60.440,60.296,-0.143,-0.143,0
1787735460.775,wrist_flex,-1.322,-2.945,-1.322,1.623,1.623,0
1787735460.775,wrist_roll,-6.876,-6.462,-6.876,-0.415,-0.415,0
1787735460.775,gripper,7.256,6.826,7.256,0.430,0.430,0
1787735460.825,shoulder_pan,-5.692,-6.681,-5.692,0.990,0.990,0
1787735460.825,shoulder_lift,-60.054,-59.253,-60.054,-0.801,-0.801,0
1787735460.825,elbow_flex,60.429,60.615,60.429,-0.186,-0.186,0
1787735460.825,wrist_flex,-0.805,-2.330,-0.805,1.525,1.525,0
1787735460.825,wrist_roll,-6.973,-6.549,-6.973,-0.423,-0.423,0
1787735460.825,gripper,7.337,6.892,7.337,0.445,0.445,0
1787735460.875,shoulder_pan,-4.016,-6.681,-4.016,2.665,2.665,0
1787735460.875,shoulder_lift,-59.238,-59.341,-59.238,0.102,0.102,0
1787735460.875,elbow_flex,60.213,60.615,60.213,-0.403,-0.403,0
1787735460.875,wrist_flex,0.749,-1.538,0.749,2.287,2.287,0
1787735460.875,wrist_roll,-7.281,-6.725,-7.281,-0.556,-0.556,0
1787735460.875,gripper,7.341,7.025,7.341,0.317,0.317,0
1787735460.926,shoulder_pan,-3.417,-6.330,-3.417,2.913,2.913,0
1787735460.926,shoulder_lift,-58.995,-59.429,-58.995,0.434,0.434,0
1787735460.926,elbow_flex,60.034,60.615,60.034,-0.581,-0.581,0
1787735460.926,wrist_flex,1.344,-0.835,1.344,2.179,2.179,0
1787735460.926,wrist_roll,-7.433,-6.813,-7.433,-0.620,-0.620,0
1787735460.926,gripper,7.393,7.025,7.393,0.369,0.369,0
1787735460.975,shoulder_pan,-2.775,-5.714,-2.775,2.939,2.939,0
1787735460.975,shoulder_lift,-58.751,-59.429,-58.751,0.678,0.678,0
1787735460.975,elbow_flex,60.060,60.527,60.060,-0.468,-0.468,0
1787735460.975,wrist_flex,2.125,0.220,2.125,1.906,1.906,0
1787735460.975,wrist_roll,-7.543,-7.165,-7.543,-0.378,-0.378,0
1787735460.975,gripper,7.426,7.025,7.426,0.402,0.402,0
1787735461.026,shoulder_pan,-2.455,-5.363,-2.455,2.908,2.908,0
1787735461.026,shoulder_lift,-58.278,-59.516,-58.278,1.238,1.238,0
1787735461.026,elbow_flex,60.133,60.440,60.133,-0.306,-0.306,0
1787735461.026,wrist_flex,2.392,0.747,2.392,1.645,1.645,0
1787735461.026,wrist_roll,-7.701,-7.253,-7.701,-0.448,-0.448,0
1787735461.026,gripper,7.458,7.025,7.458,0.433,0.433,0
1787735461.077,shoulder_pan,-2.248,-4.044,-2.248,1.796,1.796,0
1787735461.077,shoulder_lift,-57.936,-59.429,-57.936,1.492,1.492,0
1787735461.077,elbow_flex,60.148,60.527,60.148,-0.380,-0.380,0
1787735461.077,wrist_flex,2.658,1.802,2.658,0.855,0.855,0
1787735461.077,wrist_roll,-7.806,-7.253,-7.806,-0.553,-0.553,0
1787735461.077,gripper,7.472,7.157,7.472,0.315,0.315,0
1787735461.126,shoulder_pan,-3.713,-3.077,-3.713,-0.636,-0.636,0
1787735461.126,shoulder_lift,-54.738,-58.286,-54.738,3.548,3.548,0
1787735461.126,elbow_flex,59.639,60.703,59.639,-1.064,-1.064,0
1787735461.126,wrist_flex,-0.436,2.242,-0.436,-2.678,-2.678,0
1787735461.126,wrist_roll,-8.061,-7.516,-8.061,-0.545,-0.545,0
1787735461.126,gripper,7.867,7.422,7.867,0.445,0.445,0
1787735461.177,shoulder_pan,-5.758,-3.253,-5.758,-2.505,-2.505,0
1787735461.177,shoulder_lift,-46.428,-57.934,-46.428,11.506,11.506,0
1787735461.177,elbow_flex,59.483,60.791,59.483,-1.308,-1.308,0
1787735461.177,wrist_flex,-6.776,2.330,-6.776,-9.106,-9.106,0
1787735461.177,wrist_roll,-8.312,-7.516,-8.312,-0.796,-0.796,0
1787735461.177,gripper,8.914,7.356,8.914,1.558,1.558,0
1787735461.226,shoulder_pan,-6.087,-3.692,-6.087,-2.395,-2.395,0
1787735461.226,shoulder_lift,-42.157,-55.824,-42.157,13.667,13.667,0
1787735461.226,elbow_flex,59.816,60.615,59.816,-0.799,-0.799,0
1787735461.226,wrist_flex,-8.973,0.132,-8.973,-9.105,-9.105,0
1787735461.226,wrist_roll,-8.236,-7.956,-8.236,-0.280,-0.280,0
1787735461.226,gripper,9.367,7.753,9.367,1.613,1.613,0
1787735461.276,shoulder_pan,-6.368,-4.659,-6.368,-1.709,-1.709,0
1787735461.276,shoulder_lift,-38.789,-51.077,-38.789,12.288,12.288,0
1787735461.276,elbow_flex,60.002,61.055,60.002,-1.053,-1.053,0
1787735461.276,wrist_flex,-11.474,-3.385,-11.474,-8.089,-8.089,0
1787735461.276,wrist_roll,-8.106,-8.044,-8.106,-0.062,-0.062,0
1787735461.276,gripper,9.689,8.549,9.689,1.140,1.140,0
1787735461.326,shoulder_pan,-6.591,-5.011,-6.591,-1.580,-1.580,0
1787735461.326,shoulder_lift,-35.853,-45.187,-35.853,9.334,9.334,0
1787735461.326,elbow_flex,60.547,60.967,60.547,-0.420,-0.420,0
1787735461.326,wrist_flex,-13.118,-6.374,-13.118,-6.744,-6.744,0
1787735461.326,wrist_roll,-8.112,-8.308,-8.112,0.196,0.196,0
1787735461.326,gripper,10.011,9.145,10.011,0.866,0.866,0
1787735461.376,shoulder_pan,-6.612,-6.066,-6.612,-0.546,-0.546,0
1787735461.376,shoulder_lift,-34.317,-40.791,-34.317,6.474,6.474,0
1787735461.376,elbow_flex,60.856,60.967,60.856,-0.111,-0.111,0
1787735461.376,wrist_flex,-14.473,-9.099,-14.473,-5.374,-5.374,0
1787735461.376,wrist_roll,-8.111,-8.044,-8.111,-0.067,-0.067,0
1787735461.376,gripper,10.179,9.344,10.179,0.835,0.835,0
1787735461.426,shoulder_pan,-6.591,-6.154,-6.591,-0.437,-0.437,0
1787735461.426,shoulder_lift,-33.434,-37.538,-33.434,4.104,4.104,0
1787735461.426,elbow_flex,61.249,61.055,61.249,0.194,0.194,0
1787735461.426,wrist_flex,-15.453,-11.297,-15.453,-4.157,-4.157,0
1787735461.426,wrist_roll,-8.074,-8.044,-8.074,-0.030,-0.030,0
1787735461.426,gripper,10.280,9.675,10.280,0.605,0.605,0
1787735461.477,shoulder_pan,-6.530,-6.066,-6.530,-0.464,-0.464,0
1787735461.477,shoulder_lift,-33.041,-35.165,-33.041,2.124,2.124,0
1787735461.477,elbow_flex,61.604,61.495,61.604,0.109,0.109,0
1787735461.477,wrist_flex,-16.680,-12.791,-16.680,-3.889,-3.889,0
1787735461.477,wrist_roll,-8.071,-8.308,-8.071,0.237,0.237,0
1787735461.477,gripper,10.365,10.073,10.365,0.292,0.292,0
1787735461.526,shoulder_pan,-6.417,-6.418,-6.417,0.001,0.001,0
1787735461.526,shoulder_lift,-32.717,-33.846,-32.717,1.129,1.129,0
1787735461.526,elbow_flex,61.976,61.758,61.976,0.218,0.218,0
1787735461.526,wrist_flex,-18.296,-14.110,-18.296,-4.186,-4.186,0
1787735461.526,wrist_roll,-8.018,-8.308,-8.018,0.289,0.289,0
1787735461.526,gripper,10.422,10.073,10.422,0.349,0.349,0
1787735461.576,shoulder_pan,-6.302,-6.418,-6.302,0.116,0.116,0
1787735461.576,shoulder_lift,-33.153,-33.055,-33.153,-0.098,-0.098,0
1787735461.576,elbow_flex,62.311,62.198,62.311,0.113,0.113,0
1787735461.576,wrist_flex,-19.080,-15.516,-19.080,-3.564,-3.564,0
1787735461.576,wrist_roll,-7.949,-8.044,-7.949,0.095,0.095,0
1787735461.576,gripper,10.482,10.073,10.482,0.409,0.409,0
1787735461.626,shoulder_pan,-6.186,-6.242,-6.186,0.056,0.056,0
1787735461.626,shoulder_lift,-33.856,-32.967,-33.856,-0.889,-0.889,0
1787735461.626,elbow_flex,62.652,62.637,62.652,0.015,0.015,0
1787735461.626,wrist_flex,-20.490,-16.923,-20.490,-3.567,-3.567,0
1787735461.626,wrist_roll,-7.866,-8.308,-7.866,0.441,0.441,0
1787735461.626,gripper,10.549,10.272,10.549,0.277,0.277,0
1787735461.676,shoulder_pan,-6.116,-6.242,-6.116,0.126,0.126,0
1787735461.676,shoulder_lift,-35.123,-32.967,-35.123,-2.156,-2.156,0
1787735461.676,elbow_flex,63.143,62.813,63.143,0.330,0.330,0
1787735461.676,wrist_flex,-22.239,-17.978,-22.239,-4.261,-4.261,0
1787735461.676,wrist_roll,-7.816,-8.308,-7.816,0.492,0.492,0
1787735461.676,gripper,10.729,10.272,10.729,0.457,0.457,0
1787735461.727,shoulder_pan,-6.011,-6.242,-6.011,0.230,0.230,0
1787735461.727,shoulder_lift,-36.776,-33.143,-36.776,-3.633,-3.633,0
1787735461.727,elbow_flex,63.488,62.989,63.488,0.499,0.499,0
1787735461.727,wrist_flex,-22.709,-19.385,-22.709,-3.324,-3.324,0
1787735461.727,wrist_roll,-7.687,-8.220,-7.687,0.533,0.533,0
1787735461.727,gripper,10.830,10.272,10.830,0.558,0.558,0
1787735461.776,shoulder_pan,-5.978,-6.242,-5.978,0.263,0.263,0
1787735461.776,shoulder_lift,-39.281,-33.670,-39.281,-5.611,-5.611,0
1787735461.776,elbow_flex,64.163,63.253,64.163,0.910,0.910,0
1787735461.776,wrist_flex,-23.505,-20.703,-23.505,-2.802,-2.802,0
1787735461.776,wrist_roll,-7.592,-8.044,-7.592,0.452,0.452,0
1787735461.776,gripper,11.098,10.272,11.098,0.827,0.827,0
1787735461.826,shoulder_pan,-5.929,-6.242,-5.929,0.312,0.312,0
1787735461.826,shoulder_lift,-42.566,-34.989,-42.566,-7.577,-7.577,0
1787735461.826,elbow_flex,64.602,63.780,64.602,0.822,0.822,0
1787735461.826,wrist_flex,-24.337,-21.582,-24.337,-2.755,-2.755,0
1787735461.826,wrist_roll,-7.484,-8.044,-7.484,0.560,0.560,0
1787735461.826,gripper,11.378,10.537,11.378,0.841,0.841,0
1787735461.877,shoulder_pan,-5.600,-6.242,-5.600,0.642,0.642,0
1787735461.877,shoulder_lift,-48.549,-37.099,-48.549,-11.450,-11.450,0
1787735461.877,elbow_flex,65.567,64.484,65.567,1.083,1.083,0
1787735461.877,wrist_flex,-22.258,-22.374,-22.258,0.115,0.115,0
1787735461.877,wrist_roll,-7.495,-7.780,-7.495,0.285,0.285,0
1787735461.877,gripper,11.673,10.802,11.673,0.871,0.871,0
1787735461.927,shoulder_pan,-5.553,-6.242,-5.553,0.689,0.689,0
1787735461.927,shoulder_lift,-51.487,-39.297,-51.487,-12.190,-12.190,0
1787735461.927,elbow_flex,66.131,65.363,66.131,0.769,0.769,0
1787735461.927,wrist_flex,-21.498,-22.462,-21.498,0.963,0.963,0
1787735461.927,wrist_roll,-7.493,-7.780,-7.493,0.287,0.287,0
1787735461.927,gripper,11.679,11.133,11.679,0.546,0.546,0
1787735461.978,shoulder_pan,-5.526,-5.890,-5.526,0.364,0.364,0
1787735461.978,shoulder_lift,-53.476,-43.165,-53.476,-10.311,-10.311,0
1787735461.978,elbow_flex,66.528,66.681,66.528,-0.154,-0.154,0
1787735461.978,wrist_flex,-20.527,-21.407,-20.527,0.879,0.879,0
1787735461.978,wrist_roll,-7.485,-7.692,-7.485,0.207,0.207,0
1787735461.978,gripper,11.560,11.332,11.560,0.228,0.228,0
1787735462.028,shoulder_pan,-5.497,-5.626,-5.497,0.129,0.129,0
1787735462.028,shoulder_lift,-54.690,-46.505,-54.690,-8.184,-8.184,0
1787735462.028,elbow_flex,66.773,67.824,66.773,-1.051,-1.051,0
1787735462.028,wrist_flex,-20.084,-20.967,-20.084,0.883,0.883,0
1787735462.028,wrist_roll,-7.453,-7.692,-7.453,0.239,0.239,0
1787735462.028,gripper,11.430,11.465,11.430,-0.035,-0.035,0
1787735462.077,shoulder_pan,-5.044,-5.626,-5.044,0.582,0.582,0
1787735462.077,shoulder_lift,-54.045,-48.879,-54.045,-5.166,-5.166,0
1787735462.077,elbow_flex,64.830,68.352,64.830,-3.521,-3.521,0
1787735462.077,wrist_flex,-16.038,-20.176,-16.038,4.138,4.138,0
1787735462.077,wrist_roll,-7.766,-7.692,-7.766,-0.073,-0.073,0
1787735462.077,gripper,11.969,11.597,11.969,0.372,0.372,0
1787735462.128,shoulder_pan,-4.614,-5.363,-4.614,0.749,0.749,0
1787735462.128,shoulder_lift,-51.531,-50.374,-51.531,-1.157,-1.157,0
1787735462.128,elbow_flex,61.982,68.527,61.982,-6.545,-6.545,0
1787735462.128,wrist_flex,-10.006,-19.473,-10.006,9.467,9.467,0
1787735462.128,wrist_roll,-7.811,-7.692,-7.811,-0.119,-0.119,0
1787735462.128,gripper,12.027,11.597,12.027,0.430,0.430,0
1787735462.178,shoulder_pan,-4.676,-5.099,-4.676,0.423,0.423,0
1787735462.178,shoulder_lift,-50.435,-50.989,-50.435,0.554,0.554,0
1787735462.178,elbow_flex,60.985,68.000,60.985,-7.015,-7.015,0
1787735462.178,wrist_flex,-8.802,-16.659,-8.802,7.858,7.858,0
1787735462.178,wrist_roll,-7.346,-7.692,-7.346,0.346,0.346,0
1787735462.178,gripper,11.112,11.663,11.112,-0.551,-0.551,0
1787735462.227,shoulder_pan,-4.697,-4.923,-4.697,0.226,0.226,0
1787735462.227,shoulder_lift,-49.209,-50.549,-49.209,1.340,1.340,0
1787735462.227,elbow_flex,59.503,66.154,59.503,-6.650,-6.650,0
1787735462.227,wrist_flex,-7.596,-12.527,-7.596,4.932,4.932,0
1787735462.227,wrist_roll,-6.750,-7.692,-6.750,0.942,0.942,0
1787735462.227,gripper,9.971,11.730,9.971,-1.759,-1.759,0
1787735462.278,shoulder_pan,-4.505,-4.835,-4.505,0.330,0.330,0
1787735462.278,shoulder_lift,-48.206,-49.934,-48.206,1.729,1.729,0
1787735462.278,elbow_flex,57.937,64.923,57.937,-6.986,-6.986,0
1787735462.278,wrist_flex,-7.180,-10.066,-7.180,2.886,2.886,0
1787735462.278,wrist_roll,-6.348,-7.604,-6.348,1.257,1.257,0
1787735462.278,gripper,9.031,11.133,9.031,-2.102,-2.102,0
1787735462.328,shoulder_pan,-4.278,-4.835,-4.278,0.557,0.557,0
1787735462.328,shoulder_lift,-47.846,-49.143,-47.846,1.297,1.297,0
1787735462.328,elbow_flex,56.321,63.516,56.321,-7.195,-7.195,0
1787735462.328,wrist_flex,-7.707,-8.396,-7.707,0.689,0.689,0
1787735462.328,wrist_roll,-6.127,-6.989,-6.127,0.862,0.862,0
1787735462.328,gripper,8.336,10.272,8.336,-1.936,-1.936,0
1787735462.378,shoulder_pan,-3.943,-4.659,-3.943,0.716,0.716,0
1787735462.378,shoulder_lift,-48.088,-48.088,-48.088,-0.000,-0.000,0
1787735462.378,elbow_flex,55.316,62.374,55.316,-7.057,-7.057,0
1787735462.378,wrist_flex,-8.044,-7.868,-8.044,-0.175,-0.175,0
1787735462.378,wrist_roll,-6.040,-6.637,-6.040,0.597,0.597,0
1787735462.378,gripper,7.844,9.476,7.844,-1.632,-1.632,0
1787735462.428,shoulder_pan,-3.613,-4.396,-3.613,0.782,0.782,0
1787735462.428,shoulder_lift,-49.367,-47.912,-49.367,-1.455,-1.455,0
1787735462.428,elbow_flex,54.902,61.846,54.902,-6.944,-6.944,0
1787735462.428,wrist_flex,-7.865,-7.780,-7.865,-0.084,-0.084,0
1787735462.428,wrist_roll,-6.049,-6.462,-6.049,0.413,0.413,0
1787735462.428,gripper,7.523,8.681,7.523,-1.158,-1.158,0
1787735462.479,shoulder_pan,-3.391,-3.956,-3.391,0.565,0.565,0
1787735462.479,shoulder_lift,-51.484,-47.912,-51.484,-3.572,-3.572,0
1787735462.479,elbow_flex,54.603,61.495,54.603,-6.891,-6.891,0
1787735462.479,wrist_flex,-7.514,-7.604,-7.514,0.090,0.090,0
1787735462.479,wrist_roll,-6.259,-6.374,-6.259,0.115,0.115,0
1787735462.479,gripper,7.259,8.151,7.259,-0.892,-0.892,0
1787735462.528,shoulder_pan,-3.234,-3.780,-3.234,0.546,0.546,0
1787735462.528,shoulder_lift,-52.993,-47.912,-52.993,-5.081,-5.081,0
1787735462.528,elbow_flex,53.636,61.231,53.636,-7.594,-7.594,0
1787735462.528,wrist_flex,-7.142,-7.341,-7.142,0.199,0.199,0
1787735462.528,wrist_roll,-6.473,-6.286,-6.473,-0.187,-0.187,0
1787735462.528,gripper,7.018,7.753,7.018,-0.735,-0.735,0
1787735462.578,shoulder_pan,-3.085,-3.429,-3.085,0.344,0.344,0
1787735462.578,shoulder_lift,-54.268,-48.879,-54.268,-5.389,-5.389,0
1787735462.578,elbow_flex,52.219,61.231,52.219,-9.011,-9.011,0
1787735462.578,wrist_flex,-7.004,-6.989,-7.004,-0.015,-0.015,0
1787735462.578,wrist_roll,-6.589,-6.286,-6.589,-0.304,-0.304,0
1787735462.578,gripper,6.876,7.422,6.876,-0.546,-0.546,0
1787735462.628,shoulder_pan,-3.067,-3.253,-3.067,0.186,0.186,0
1787735462.628,shoulder_lift,-54.684,-50.022,-54.684,-4.662,-4.662,0
1787735462.628,elbow_flex,51.279,60.791,51.279,-9.512,-9.512,0
1787735462.628,wrist_flex,-6.314,-6.725,-6.314,0.411,0.411,0
1787735462.628,wrist_roll,-6.567,-6.286,-6.567,-0.282,-0.282,0
1787735462.628,gripper,6.742,7.157,6.742,-0.415,-0.415,0
1787735462.678,shoulder_pan,-3.051,-3.165,-3.051,0.114,0.114,0
1787735462.678,shoulder_lift,-55.416,-51.165,-55.416,-4.251,-4.251,0
1787735462.678,elbow_flex,51.017,60.615,51.017,-9.599,-9.599,0
1787735462.678,wrist_flex,-5.531,-6.374,-5.531,0.842,0.842,0
1787735462.678,wrist_roll,-6.388,-6.286,-6.388,-0.102,-0.102,0
1787735462.678,gripper,6.597,6.958,6.597,-0.361,-0.361,0
1787735462.728,shoulder_pan,-3.008,-2.813,-3.008,-0.195,-0.195,0
1787735462.728,shoulder_lift,-56.406,-52.308,-56.406,-4.099,-4.099,0
1787735462.728,elbow_flex,51.440,60.176,51.440,-8.736,-8.736,0
1787735462.728,wrist_flex,-4.024,-5.758,-4.024,1.734,1.734,0
1787735462.728,wrist_roll,-6.133,-6.286,-6.133,0.152,0.152,0
1787735462.728,gripper,6.409,6.826,6.409,-0.416,-0.416,0
1787735462.778,shoulder_pan,-2.796,-2.813,-2.796,0.018,0.018,0
1787735462.778,shoulder_lift,-58.067,-53.626,-58.067,-4.441,-4.441,0
1787735462.778,elbow_flex,51.839,59.033,51.839,-7.194,-7.194,0
1787735462.778,wrist_flex,-3.803,-4.967,-3.803,1.164,1.164,0
1787735462.778,wrist_roll,-5.688,-6.286,-5.688,0.597,0.597,0
1787735462.778,gripper,6.033,6.693,6.033,-0.660,-0.660,0
1787735462.830,shoulder_pan,-2.620,-2.901,-2.620,0.281,0.281,0
1787735462.830,shoulder_lift,-59.049,-54.505,-59.049,-4.543,-4.543,0
1787735462.830,elbow_flex,52.549,58.505,52.549,-5.957,-5.957,0
1787735462.830,wrist_flex,-3.230,-3.912,-3.230,0.682,0.682,0
1787735462.830,wrist_roll,-5.199,-6.374,-5.199,1.175,1.175,0
1787735462.830,gripper,5.713,6.494,5.713,-0.782,-0.782,0
1787735462.878,shoulder_pan,-2.538,-2.901,-2.538,0.363,0.363,0
1787735462.878,shoulder_lift,-59.699,-55.297,-59.699,-4.402,-4.402,0
1787735462.878,elbow_flex,53.624,58.505,53.624,-4.881,-4.881,0
1787735462.878,wrist_flex,-2.111,-3.473,-2.111,1.361,1.361,0
1787735462.878,wrist_roll,-4.901,-6.022,-4.901,1.121,1.121,0
1787735462.878,gripper,5.544,6.097,5.544,-0.553,-0.553,0
1787735462.929,shoulder_pan,-2.387,-2.901,-2.387,0.514,0.514,0
1787735462.929,shoulder_lift,-61.144,-56.440,-61.144,-4.704,-4.704,0
1787735462.929,elbow_flex,54.841,57.978,54.841,-3.137,-3.137,0
1787735462.929,wrist_flex,-1.392,-3.033,-1.392,1.640,1.640,0
1787735462.929,wrist_roll,-4.849,-5.319,-4.849,0.470,0.470,0
1787735462.929,gripper,5.367,5.964,5.367,-0.598,-0.598,0
1787735462.979,shoulder_pan,-2.342,-3.077,-2.342,0.735,0.735,0
1787735462.979,shoulder_lift,-62.326,-58.374,-62.326,-3.953,-3.953,0
1787735462.979,elbow_flex,55.903,57.363,55.903,-1.460,-1.460,0
1787735462.979,wrist_flex,-0.938,-2.154,-0.938,1.215,1.215,0
1787735462.979,wrist_roll,-5.088,-5.231,-5.088,0.143,0.143,0
1787735462.979,gripper,5.309,5.633,5.309,-0.323,-0.323,0
1787735463.029,shoulder_pan,-2.329,-3.253,-2.329,0.924,0.924,0
1787735463.029,shoulder_lift,-63.754,-59.868,-63.754,-3.886,-3.886,0
1787735463.029,elbow_flex,56.782,57.275,56.782,-0.493,-0.493,0
1787735463.029,wrist_flex,-0.370,-1.538,-0.370,1.168,1.168,0
1787735463.029,wrist_roll,-5.466,-5.143,-5.466,-0.323,-0.323,0
1787735463.029,gripper,5.321,5.633,5.321,-0.312,-0.312,0
1787735463.080,shoulder_pan,-2.546,-2.637,-2.546,0.091,0.091,0
1787735463.080,shoulder_lift,-65.424,-61.011,-65.424,-4.413,-4.413,0
1787735463.080,elbow_flex,60.358,57.451,60.358,2.907,2.907,0
1787735463.080,wrist_flex,-1.586,-0.923,-1.586,-0.663,-0.663,0
1787735463.080,wrist_roll,-5.912,-5.319,-5.912,-0.594,-0.594,0
1787735463.080,gripper,4.639,5.633,4.639,-0.994,-0.994,0
1787735463.129,shoulder_pan,-2.896,-2.637,-2.896,-0.258,-0.258,0
1787735463.129,shoulder_lift,-68.423,-62.418,-68.423,-6.006,-6.006,0
1787735463.129,elbow_flex,68.609,57.714,68.609,10.895,10.895,0
1787735463.129,wrist_flex,-3.086,-0.747,-3.086,-2.339,-2.339,0
1787735463.129,wrist_roll,-6.266,-5.407,-6.266,-0.859,-0.859,0
1787735463.129,gripper,3.417,5.368,3.417,-1.951,-1.951,0
1787735463.179,shoulder_pan,-2.877,-2.901,-2.877,0.024,0.024,0
1787735463.179,shoulder_lift,-70.715,-64.615,-70.715,-6.099,-6.099,0
1787735463.179,elbow_flex,72.696,60.615,72.696,12.081,12.081,0
1787735463.179,wrist_flex,-3.302,-1.451,-3.302,-1.852,-1.852,0
1787735463.179,wrist_roll,-6.308,-5.670,-6.308,-0.638,-0.638,0
1787735463.179,gripper,2.911,4.771,2.911,-1.860,-1.860,0
1787735463.230,shoulder_pan,-2.820,-2.901,-2.820,0.081,0.081,0
1787735463.230,shoulder_lift,-72.453,-66.901,-72.453,-5.551,-5.551,0
1787735463.230,elbow_flex,75.388,65.275,75.388,10.113,10.113,0
1787735463.230,wrist_flex,-3.256,-2.242,-3.256,-1.014,-1.014,0
1787735463.230,wrist_roll,-6.311,-5.934,-6.311,-0.377,-0.377,0
1787735463.230,gripper,2.684,3.910,2.684,-1.226,-1.226,0
1787735463.279,shoulder_pan,-2.901,-2.725,-2.901,-0.176,-0.176,0
1787735463.279,shoulder_lift,-73.613,-69.011,-73.613,-4.602,-4.602,0
1787735463.279,elbow_flex,77.537,70.462,77.537,7.076,7.076,0
1787735463.279,wrist_flex,-3.888,-2.330,-3.888,-1.558,-1.558,0
1787735463.279,wrist_roll,-6.353,-6.374,-6.353,0.021,0.021,0
1787735463.279,gripper,2.601,3.446,2.601,-0.845,-0.845,0
1787735463.330,shoulder_pan,-2.815,-2.725,-2.815,-0.089,-0.089,0
1787735463.330,shoulder_lift,-74.297,-70.769,-74.297,-3.528,-3.528,0
1787735463.330,elbow_flex,78.762,74.242,78.762,4.521,4.521,0
1787735463.330,wrist_flex,-3.276,-2.418,-3.276,-0.859,-0.859,0
1787735463.330,wrist_roll,-6.370,-6.198,-6.370,-0.173,-0.173,0
1787735463.330,gripper,2.773,3.247,2.773,-0.474,-0.474,0
1787735463.379,shoulder_pan,-2.766,-2.725,-2.766,-0.041,-0.041,0
1787735463.379,shoulder_lift,-75.054,-72.176,-75.054,-2.878,-2.878,0
1787735463.379,elbow_flex,80.027,76.791,80.027,3.235,3.235,0
1787735463.379,wrist_flex,-2.981,-2.681,-2.981,-0.300,-0.300,0
1787735463.379,wrist_roll,-6.372,-6.286,-6.372,-0.086,-0.086,0
1787735463.379,gripper,2.965,3.247,2.965,-0.282,-0.282,0
1787735463.430,shoulder_pan,-2.831,-2.725,-2.831,-0.105,-0.105,0
1787735463.430,shoulder_lift,-75.766,-73.231,-75.766,-2.535,-2.535,0
1787735463.430,elbow_flex,81.216,78.725,81.216,2.490,2.490,0
1787735463.430,wrist_flex,-3.329,-2.681,-3.329,-0.647,-0.647,0
1787735463.430,wrist_roll,-6.392,-6.198,-6.392,-0.194,-0.194,0
1787735463.430,gripper,3.203,3.247,3.203,-0.044,-0.044,0
1787735463.480,shoulder_pan,-2.819,-2.725,-2.819,-0.094,-0.094,0
1787735463.480,shoulder_lift,-76.423,-74.110,-76.423,-2.313,-2.313,0
1787735463.480,elbow_flex,83.315,80.220,83.315,3.096,3.096,0
1787735463.480,wrist_flex,-3.097,-2.681,-3.097,-0.416,-0.416,0
1787735463.480,wrist_roll,-6.461,-6.198,-6.461,-0.263,-0.263,0
1787735463.480,gripper,3.401,3.247,3.401,0.154,0.154,0
1787735463.530,shoulder_pan,-2.795,-2.725,-2.795,-0.070,-0.070,0
1787735463.530,shoulder_lift,-77.236,-74.901,-77.236,-2.335,-2.335,0
1787735463.530,elbow_flex,85.246,81.451,85.246,3.795,3.795,0
1787735463.530,wrist_flex,-3.032,-2.681,-3.032,-0.351,-0.351,0
1787735463.530,wrist_roll,-6.517,-6.198,-6.517,-0.319,-0.319,0
1787735463.530,gripper,3.566,3.247,3.566,0.318,0.318,0
1787735463.580,shoulder_pan,-2.864,-2.725,-2.864,-0.139,-0.139,0
1787735463.580,shoulder_lift,-78.169,-75.868,-78.169,-2.301,-2.301,0
1787735463.580,elbow_flex,86.796,83.473,86.796,3.324,3.324,0
1787735463.580,wrist_flex,-2.776,-2.681,-2.776,-0.094,-0.094,0
1787735463.580,wrist_roll,-6.560,-6.198,-6.560,-0.362,-0.362,0
1787735463.580,gripper,3.637,3.247,3.637,0.390,0.390,0
1787735463.629,shoulder_pan,-2.904,-2.725,-2.904,-0.179,-0.179,0
1787735463.629,shoulder_lift,-79.413,-76.484,-79.413,-2.930,-2.930,0
1787735463.629,elbow_flex,88.270,85.319,88.270,2.951,2.951,0
1787735463.629,wrist_flex,-2.745,-2.681,-2.745,-0.064,-0.064,0
1787735463.629,wrist_roll,-6.608,-6.198,-6.608,-0.410,-0.410,0
1787735463.629,gripper,3.622,3.247,3.622,0.375,0.375,0
1787735463.679,shoulder_pan,-2.871,-2.725,-2.871,-0.145,-0.145,0
1787735463.679,shoulder_lift,-80.760,-77.538,-80.760,-3.222,-3.222,0
1787735463.679,elbow_flex,88.998,86.989,88.998,2.009,2.009,0
1787735463.679,wrist_flex,-3.054,-2.681,-3.054,-0.373,-0.373,0
1787735463.679,wrist_roll,-6.597,-6.198,-6.597,-0.399,-0.399,0
1787735463.679,gripper,3.614,3.247,3.614,0.367,0.367,0
1787735463.730,shoulder_pan,-2.879,-2.725,-2.879,-0.154,-0.154,0
1787735463.730,shoulder_lift,-82.143,-78.681,-82.143,-3.461,-3.461,0
1787735463.730,elbow_flex,89.703,88.571,89.703,1.131,1.131,0
1787735463.730,wrist_flex,-2.772,-2.681,-2.772,-0.091,-0.091,0
1787735463.730,wrist_roll,-6.558,-6.198,-6.558,-0.361,-0.361,0
1787735463.730,gripper,3.598,3.247,3.598,0.351,0.351,0
1787735463.779,shoulder_pan,-2.870,-2.725,-2.870,-0.144,-0.144,0
1787735463.779,shoulder_lift,-83.723,-79.824,-83.723,-3.899,-3.899,0
1787735463.779,elbow_flex,90.302,89.275,90.302,1.027,1.027,0
1787735463.779,wrist_flex,-2.762,-2.681,-2.762,-0.081,-0.081,0
1787735463.779,wrist_roll,-6.536,-6.198,-6.536,-0.339,-0.339,0
1787735463.779,gripper,3.616,3.247,3.616,0.369,0.369,0
1787735463.830,shoulder_pan,-2.801,-2.725,-2.801,-0.075,-0.075,0
1787735463.830,shoulder_lift,-86.641,-81.319,-86.641,-5.322,-5.322,0
1787735463.830,elbow_flex,91.278,90.154,91.278,1.124,1.124,0
1787735463.830,wrist_flex,-2.792,-2.681,-2.792,-0.110,-0.110,0
1787735463.830,wrist_roll,-6.551,-6.198,-6.551,-0.353,-0.353,0
1787735463.830,gripper,3.511,3.247,3.511,0.263,0.263,0
1787735463.880,shoulder_pan,-2.814,-2.725,-2.814,-0.088,-0.088,0
1787735463.880,shoulder_lift,-88.360,-82.725,-88.360,-5.635,-5.635,0
1787735463.880,elbow_flex,91.494,90.769,91.494,0.725,0.725,0
1787735463.880,wrist_flex,-2.197,-2.681,-2.197,0.484,0.484,0
1787735463.880,wrist_roll,-6.538,-6.198,-6.538,-0.340,-0.340,0
1787735463.880,gripper,3.535,3.247,3.535,0.288,0.288,0
1787735463.930,shoulder_pan,-2.863,-2.725,-2.863,-0.137,-0.137,0
1787735463.930,shoulder_lift,-90.526,-85.187,-90.526,-5.339,-5.339,0
1787735463.930,elbow_flex,92.010,91.560,92.010,0.449,0.449,0
1787735463.930,wrist_flex,-1.873,-2.505,-1.873,0.632,0.632,0
1787735463.930,wrist_roll,-6.491,-6.198,-6.491,-0.293,-0.293,0
1787735463.930,gripper,3.549,3.247,3.549,0.302,0.302,0
1787735463.980,shoulder_pan,-2.805,-2.725,-2.805,-0.079,-0.079,0
1787735463.980,shoulder_lift,-93.031,-87.033,-93.031,-5.998,-5.998,0
1787735463.980,elbow_flex,92.255,91.824,92.255,0.431,0.431,0
1787735463.980,wrist_flex,-1.804,-2.242,-1.804,0.437,0.437,0
1787735463.980,wrist_roll,-6.456,-6.198,-6.456,-0.258,-0.258,0
1787735463.980,gripper,3.554,3.247,3.554,0.307,0.307,0
1787735464.030,shoulder_pan,-2.775,-2.813,-2.775,0.039,0.039,0
1787735464.030,shoulder_lift,-96.869,-89.319,-96.869,-7.550,-7.550,0
1787735464.030,elbow_flex,94.789,92.440,94.789,2.349,2.349,0
1787735464.030,wrist_flex,-5.391,-1.978,-5.391,-3.413,-3.413,0
1787735464.030,wrist_roll,-6.495,-6.198,-6.495,-0.298,-0.298,0
1787735464.030,gripper,3.419,3.247,3.419,0.172,0.172,0
1787735464.081,shoulder_pan,-2.538,-2.813,-2.538,0.276,0.276,0
1787735464.081,shoulder_lift,-99.615,-91.516,-99.615,-8.098,-8.098,0
1787735464.081,elbow_flex,96.358,92.615,96.358,3.743,3.743,0
1787735464.081,wrist_flex,-11.262,-2.154,-11.262,-9.108,-9.108,0
1787735464.081,wrist_roll,-6.222,-6.198,-6.222,-0.024,-0.024,0
1787735464.081,gripper,3.855,3.247,3.855,0.607,0.607,0
1787735464.130,shoulder_pan,-2.378,-2.901,-2.378,0.523,0.523,0
1787735464.130,shoulder_lift,-99.749,-94.857,-99.749,-4.892,-4.892,0
1787735464.130,elbow_flex,94.794,95.077,94.794,-0.283,-0.283,0
1787735464.130,wrist_flex,-12.910,-4.352,-12.910,-8.559,-8.559,0
1787735464.130,wrist_roll,-5.753,-6.110,-5.753,0.356,0.356,0
1787735464.130,gripper,4.258,3.313,4.258,0.945,0.945,0
1787735464.181,shoulder_pan,-2.380,-2.901,-2.380,0.521,0.521,0
1787735464.181,shoulder_lift,-99.810,-97.055,-99.810,-2.755,-2.755,0
1787735464.181,elbow_flex,93.753,96.132,93.753,-2.379,-2.379,0
1787735464.181,wrist_flex,-13.921,-8.044,-13.921,-5.877,-5.877,0
1787735464.181,wrist_roll,-5.409,-6.286,-5.409,0.877,0.877,0
1787735464.181,gripper,4.424,3.645,4.424,0.779,0.779,0
1787735464.230,shoulder_pan,-2.354,-2.813,-2.354,0.459,0.459,0
1787735464.230,shoulder_lift,-99.605,-98.725,-99.605,-0.879,-0.879,0
1787735464.230,elbow_flex,91.876,95.692,91.876,-3.816,-3.816,0
1787735464.230,wrist_flex,-15.470,-10.681,-15.470,-4.788,-4.788,0
1787735464.230,wrist_roll,-4.924,-5.670,-4.924,0.746,0.746,0
1787735464.230,gripper,4.630,3.976,4.630,0.654,0.654,0
1787735464.281,shoulder_pan,-2.439,-2.901,-2.439,0.462,0.462,0
1787735464.281,shoulder_lift,-99.032,-98.637,-99.032,-0.395,-0.395,0
1787735464.281,elbow_flex,89.797,95.516,89.797,-5.720,-5.720,0
1787735464.281,wrist_flex,-16.173,-12.352,-16.173,-3.821,-3.821,0
1787735464.281,wrist_roll,-4.539,-5.670,-4.539,1.132,1.132,0
1787735464.281,gripper,4.816,4.109,4.816,0.707,0.707,0
1787735464.331,shoulder_pan,-2.568,-2.813,-2.568,0.245,0.245,0
1787735464.331,shoulder_lift,-99.128,-98.813,-99.128,-0.315,-0.315,0
1787735464.331,elbow_flex,89.580,94.637,89.580,-5.057,-5.057,0
1787735464.331,wrist_flex,-16.695,-13.846,-16.695,-2.849,-2.849,0
1787735464.331,wrist_roll,-4.213,-5.319,-4.213,1.106,1.106,0
1787735464.331,gripper,4.949,4.307,4.949,0.642,0.642,0
1787735464.381,shoulder_pan,-2.562,-2.813,-2.562,0.251,0.251,0
1787735464.381,shoulder_lift,-98.517,-99.077,-98.517,0.560,0.560,0
1787735464.381,elbow_flex,88.769,93.143,88.769,-4.374,-4.374,0
1787735464.381,wrist_flex,-17.342,-14.901,-17.342,-2.441,-2.441,0
1787735464.381,wrist_roll,-4.012,-4.791,-4.012,0.779,0.779,0
1787735464.381,gripper,5.065,4.573,5.065,0.492,0.492,0
1787735464.431,shoulder_pan,-2.599,-2.813,-2.599,0.214,0.214,0
1787735464.431,shoulder_lift,-97.602,-99.165,-97.602,1.562,1.562,0
1787735464.431,elbow_flex,87.743,92.352,87.743,-4.608,-4.608,0
1787735464.431,wrist_flex,-18.328,-15.780,-18.328,-2.548,-2.548,0
1787735464.431,wrist_roll,-3.761,-4.527,-3.761,0.766,0.766,0
1787735464.431,gripper,5.296,4.771,5.296,0.524,0.524,0
1787735464.481,shoulder_pan,-2.632,-2.725,-2.632,0.093,0.093,0
1787735464.481,shoulder_lift,-96.706,-98.374,-96.706,1.668,1.668,0
1787735464.481,elbow_flex,86.097,91.648,86.097,-5.551,-5.551,0
1787735464.481,wrist_flex,-18.981,-16.571,-18.981,-2.410,-2.410,0
1787735464.481,wrist_roll,-3.499,-4.527,-3.499,1.028,1.028,0
1787735464.481,gripper,5.540,4.838,5.540,0.702,0.702,0
1787735464.531,shoulder_pan,-2.700,-2.725,-2.700,0.026,0.026,0
1787735464.531,shoulder_lift,-96.464,-97.758,-96.464,1.294,1.294,0
1787735464.531,elbow_flex,86.228,90.681,86.228,-4.454,-4.454,0
1787735464.531,wrist_flex,-19.306,-17.451,-19.306,-1.856,-1.856,0
1787735464.531,wrist_roll,-3.284,-4.000,-3.284,0.716,0.716,0
1787735464.531,gripper,5.674,5.036,5.674,0.638,0.638,0
1787735464.580,shoulder_pan,-2.674,-2.725,-2.674,0.052,0.052,0
1787735464.580,shoulder_lift,-96.404,-97.231,-96.404,0.827,0.827,0
1787735464.580,elbow_flex,87.324,89.363,87.324,-2.039,-2.039,0
1787735464.580,wrist_flex,-19.131,-18.066,-19.131,-1.065,-1.065,0
1787735464.580,wrist_roll,-3.014,-3.824,-3.014,0.810,0.810,0
1787735464.580,gripper,5.782,5.235,5.782,0.547,0.547,0
