timestamp,joint,goal_pos,present_pos,sent_pos,goal_present_diff,sent_present_diff,clamped
1787801939.429,shoulder_pan,8.927,-5.231,8.927,14.158,14.158,0
1787801939.429,shoulder_lift,46.535,52.264,46.535,-5.729,-5.729,0
1787801939.429,elbow_flex,20.117,78.637,58.637,-58.520,-20.000,1
1787801939.429,wrist_flex,-61.280,-98.901,-78.901,37.621,20.000,1
1787801939.429,wrist_roll,-1.103,-1.363,-1.103,0.259,0.259,0
1787801939.429,gripper,36.585,2.042,22.042,34.543,20.000,1
1787801939.440,shoulder_pan,8.748,-5.231,8.748,13.978,13.978,0
1787801939.440,shoulder_lift,46.024,52.264,46.024,-6.240,-6.240,0
1787801939.440,elbow_flex,20.486,78.637,58.637,-58.151,-20.000,1
1787801939.440,wrist_flex,-61.484,-98.901,-78.901,37.418,20.000,1
1787801939.440,wrist_roll,-1.143,-1.363,-1.143,0.220,0.220,0
1787801939.440,gripper,36.591,2.042,22.042,34.549,20.000,1
1787801939.491,shoulder_pan,9.262,-5.055,9.262,14.317,14.317,0
1787801939.491,shoulder_lift,46.674,52.264,46.674,-5.589,-5.589,0
1787801939.491,elbow_flex,20.153,78.110,58.110,-57.957,-20.000,1
1787801939.491,wrist_flex,-61.509,-98.637,-78.637,37.129,20.000,1
1787801939.491,wrist_roll,-1.153,-1.363,-1.153,0.209,0.209,0
1787801939.491,gripper,37.190,2.178,22.178,35.011,20.000,1
1787801939.540,shoulder_pan,9.093,-2.418,9.093,11.510,11.510,0
1787801939.540,shoulder_lift,46.170,50.593,46.170,-4.424,-4.424,0
1787801939.540,elbow_flex,20.183,75.209,55.209,-55.025,-20.000,1
1787801939.540,wrist_flex,-61.361,-95.912,-75.912,34.551,20.000,1
1787801939.540,wrist_roll,-1.211,-1.363,-1.211,0.152,0.152,0
1787801939.540,gripper,36.975,4.561,24.561,32.415,20.000,1
1787801939.589,shoulder_pan,9.371,1.538,9.371,7.833,7.833,0
1787801939.589,shoulder_lift,46.369,49.363,46.369,-2.994,-2.994,0
1787801939.589,elbow_flex,20.144,69.319,49.319,-49.175,-20.000,1
1787801939.589,wrist_flex,-61.308,-90.637,-70.637,29.330,20.000,1
1787801939.589,wrist_roll,-1.215,-1.363,-1.215,0.148,0.148,0
1787801939.589,gripper,37.269,9.122,29.122,28.148,20.000,1
1787801939.640,shoulder_pan,9.465,5.055,9.465,4.410,4.410,0
1787801939.640,shoulder_lift,46.340,48.396,46.340,-2.056,-2.056,0
1787801939.640,elbow_flex,20.133,63.077,43.077,-42.944,-20.000,1
1787801939.640,wrist_flex,-61.433,-84.571,-64.571,23.139,20.000,1
1787801939.640,wrist_roll,-1.243,-1.363,-1.243,0.120,0.120,0
1787801939.640,gripper,37.357,14.227,34.227,23.129,20.000,1
1787801939.690,shoulder_pan,9.493,6.989,9.493,2.504,2.504,0
1787801939.690,shoulder_lift,46.322,47.956,46.322,-1.634,-1.634,0
1787801939.690,elbow_flex,19.941,56.484,36.484,-36.543,-20.000,1
1787801939.690,wrist_flex,-61.228,-78.769,-61.228,17.541,17.541,0
1787801939.690,wrist_roll,-1.256,-1.363,-1.256,0.107,0.107,0
1787801939.690,gripper,37.347,19.265,37.347,18.082,18.082,0
1787801939.740,shoulder_pan,9.481,7.253,9.481,2.229,2.229,0
1787801939.740,shoulder_lift,46.361,47.780,46.361,-1.419,-1.419,0
1787801939.740,elbow_flex,20.088,51.033,31.033,-30.945,-20.000,1
1787801939.740,wrist_flex,-61.358,-73.055,-61.358,11.697,11.697,0
1787801939.740,wrist_roll,-1.291,-0.835,-1.291,-0.456,-0.456,0
1787801939.740,gripper,37.427,23.894,37.427,13.533,13.533,0
1787801939.790,shoulder_pan,9.456,6.989,9.456,2.467,2.467,0
1787801939.790,shoulder_lift,46.282,47.604,46.282,-1.323,-1.323,0
1787801939.790,elbow_flex,20.141,45.055,25.055,-24.914,-20.000,1
1787801939.790,wrist_flex,-61.320,-68.396,-61.320,7.075,7.075,0
1787801939.790,wrist_roll,-1.284,-0.747,-1.284,-0.537,-0.537,0
1787801939.790,gripper,37.501,28.251,37.501,9.251,9.251,0
1787801939.841,shoulder_pan,9.453,6.901,9.453,2.552,2.552,0
1787801939.841,shoulder_lift,46.181,47.868,46.181,-1.687,-1.687,0
1787801939.841,elbow_flex,20.046,39.165,20.046,-19.118,-19.118,0
1787801939.841,wrist_flex,-61.149,-64.879,-61.149,3.730,3.730,0
1787801939.841,wrist_roll,-1.291,-0.923,-1.291,-0.368,-0.368,0
1787801939.841,gripper,37.448,31.382,37.448,6.066,6.066,0
1787801939.889,shoulder_pan,9.487,6.637,9.487,2.849,2.849,0
1787801939.889,shoulder_lift,46.221,48.220,46.221,-1.999,-1.999,0
1787801939.889,elbow_flex,20.062,34.242,20.062,-14.180,-14.180,0
1787801939.889,wrist_flex,-61.303,-63.033,-61.303,1.730,1.730,0
1787801939.889,wrist_roll,-1.304,-1.099,-1.304,-0.205,-0.205,0
1787801939.889,gripper,37.452,33.152,37.452,4.300,4.300,0
1787801939.942,shoulder_pan,9.507,6.110,9.507,3.397,3.397,0
1787801939.942,shoulder_lift,46.182,48.308,46.182,-2.126,-2.126,0
1787801939.942,elbow_flex,19.950,29.670,19.950,-9.721,-9.721,0
1787801939.942,wrist_flex,-61.140,-61.978,-61.140,0.838,0.838,0
1787801939.942,wrist_roll,-1.303,-1.099,-1.303,-0.204,-0.204,0
1787801939.942,gripper,37.405,34.173,37.405,3.232,3.232,0
1787801939.990,shoulder_pan,9.459,5.934,9.459,3.525,3.525,0
1787801939.990,shoulder_lift,46.058,48.220,46.058,-2.162,-2.162,0
1787801939.990,elbow_flex,20.064,26.505,20.064,-6.441,-6.441,0
1787801939.990,wrist_flex,-61.248,-61.714,-61.248,0.466,0.466,0
1787801939.990,wrist_roll,-1.313,-0.835,-1.313,-0.478,-0.478,0
1787801939.990,gripper,37.422,34.854,37.422,2.568,2.568,0
1787801940.040,shoulder_pan,9.480,6.901,9.480,2.579,2.579,0
1787801940.040,shoulder_lift,45.903,48.132,45.903,-2.229,-2.229,0
1787801940.040,elbow_flex,20.095,24.484,20.095,-4.388,-4.388,0
1787801940.040,wrist_flex,-61.181,-61.978,-61.181,0.797,0.797,0
1787801940.040,wrist_roll,-1.314,-1.363,-1.314,0.048,0.048,0
1787801940.040,gripper,37.460,35.671,37.460,1.790,1.790,0
1787801940.090,shoulder_pan,9.572,6.989,9.572,2.583,2.583,0
1787801940.090,shoulder_lift,45.819,48.220,45.819,-2.401,-2.401,0
1787801940.090,elbow_flex,20.133,23.341,20.133,-3.208,-3.208,0
1787801940.090,wrist_flex,-61.160,-61.187,-61.160,0.027,0.027,0
1787801940.090,wrist_roll,-1.327,-1.275,-1.327,-0.052,-0.052,0
1787801940.090,gripper,37.545,36.215,37.545,1.330,1.330,0
1787801940.141,shoulder_pan,9.511,6.989,9.511,2.522,2.522,0
1787801940.141,shoulder_lift,45.753,48.308,45.753,-2.555,-2.555,0
1787801940.141,elbow_flex,20.243,22.989,20.243,-2.746,-2.746,0
1787801940.141,wrist_flex,-61.224,-61.099,-61.224,-0.125,-0.125,0
1787801940.141,wrist_roll,-1.333,-1.451,-1.333,0.118,0.118,0
1787801940.141,gripper,37.450,36.624,37.450,0.826,0.826,0
1787801940.189,shoulder_pan,9.636,6.989,9.636,2.647,2.647,0
1787801940.189,shoulder_lift,45.769,48.308,45.769,-2.539,-2.539,0
1787801940.189,elbow_flex,20.164,22.989,20.164,-2.825,-2.825,0
1787801940.189,wrist_flex,-61.243,-61.099,-61.243,-0.144,-0.144,0
1787801940.189,wrist_roll,-1.330,-1.451,-1.330,0.121,0.121,0
1787801940.189,gripper,37.470,36.760,37.470,0.710,0.710,0
1787801940.241,shoulder_pan,9.644,6.989,9.644,2.655,2.655,0
1787801940.241,shoulder_lift,45.627,48.308,45.627,-2.681,-2.681,0
1787801940.241,elbow_flex,20.273,22.989,20.273,-2.716,-2.716,0
1787801940.241,wrist_flex,-61.322,-61.099,-61.322,-0.223,-0.223,0
1787801940.241,wrist_roll,-1.335,-1.451,-1.335,0.115,0.115,0
1787801940.241,gripper,37.518,36.896,37.518,0.622,0.622,0
1787801940.291,shoulder_pan,9.689,6.989,9.689,2.700,2.700,0
1787801940.291,shoulder_lift,45.487,48.308,45.487,-2.820,-2.820,0
1787801940.291,elbow_flex,20.422,22.989,20.422,-2.567,-2.567,0
1787801940.291,wrist_flex,-61.435,-61.099,-61.435,-0.336,-0.336,0
1787801940.291,wrist_roll,-1.348,-1.451,-1.348,0.103,0.103,0
1787801940.291,gripper,37.534,36.896,37.534,0.639,0.639,0
1787801940.342,shoulder_pan,9.774,6.989,9.774,2.785,2.785,0
1787801940.342,shoulder_lift,45.527,48.308,45.527,-2.780,-2.780,0
1787801940.342,elbow_flex,20.332,22.989,20.332,-2.657,-2.657,0
1787801940.342,wrist_flex,-61.378,-61.099,-61.378,-0.279,-0.279,0
1787801940.342,wrist_roll,-1.341,-1.451,-1.341,0.110,0.110,0
1787801940.342,gripper,37.461,36.896,37.461,0.565,0.565,0
1787801940.390,shoulder_pan,9.727,6.989,9.727,2.738,2.738,0
1787801940.390,shoulder_lift,45.183,48.308,45.183,-3.125,-3.125,0
1787801940.390,elbow_flex,20.725,22.989,20.725,-2.264,-2.264,0
1787801940.390,wrist_flex,-61.555,-61.099,-61.555,-0.456,-0.456,0
1787801940.390,wrist_roll,-1.356,-1.451,-1.356,0.095,0.095,0
1787801940.390,gripper,37.600,36.896,37.600,0.704,0.704,0
1787801940.441,shoulder_pan,9.748,6.989,9.748,2.759,2.759,0
1787801940.441,shoulder_lift,45.321,48.308,45.321,-2.986,-2.986,0
1787801940.441,elbow_flex,20.667,22.989,20.667,-2.322,-2.322,0
1787801940.441,wrist_flex,-61.657,-61.099,-61.657,-0.559,-0.559,0
1787801940.441,wrist_roll,-1.368,-1.451,-1.368,0.083,0.083,0
1787801940.441,gripper,37.551,36.896,37.551,0.655,0.655,0
1787801940.491,shoulder_pan,9.741,6.989,9.741,2.752,2.752,0
1787801940.491,shoulder_lift,45.230,48.308,45.230,-3.078,-3.078,0
1787801940.491,elbow_flex,20.708,22.989,20.708,-2.281,-2.281,0
1787801940.491,wrist_flex,-61.686,-61.099,-61.686,-0.587,-0.587,0
1787801940.491,wrist_roll,-1.372,-1.451,-1.372,0.078,0.078,0
1787801940.491,gripper,37.513,36.896,37.513,0.618,0.618,0
1787801940.542,shoulder_pan,9.738,6.989,9.738,2.749,2.749,0
1787801940.542,shoulder_lift,45.168,48.308,45.168,-3.140,-3.140,0
1787801940.542,elbow_flex,20.896,22.989,20.896,-2.093,-2.093,0
1787801940.542,wrist_flex,-61.839,-61.099,-61.839,-0.740,-0.740,0
1787801940.542,wrist_roll,-1.376,-1.451,-1.376,0.074,0.074,0
1787801940.542,gripper,37.520,36.896,37.520,0.624,0.624,0
1787801940.591,shoulder_pan,9.802,6.989,9.802,2.813,2.813,0
1787801940.591,shoulder_lift,44.961,48.308,44.961,-3.347,-3.347,0
1787801940.591,elbow_flex,21.094,22.989,21.094,-1.895,-1.895,0
1787801940.591,wrist_flex,-61.952,-61.099,-61.952,-0.853,-0.853,0
1787801940.591,wrist_roll,-1.381,-1.451,-1.381,0.070,0.070,0
1787801940.591,gripper,37.477,36.896,37.477,0.582,0.582,0
1787801940.642,shoulder_pan,9.687,6.989,9.687,2.698,2.698,0
1787801940.642,shoulder_lift,44.742,48.308,44.742,-3.565,-3.565,0
1787801940.642,elbow_flex,21.499,22.989,21.499,-1.490,-1.490,0
1787801940.642,wrist_flex,-62.214,-61.099,-62.214,-1.115,-1.115,0
1787801940.642,wrist_roll,-1.403,-1.451,-1.403,0.047,0.047,0
1787801940.642,gripper,37.566,36.896,37.566,0.670,0.670,0
1787801940.690,shoulder_pan,9.636,6.989,9.636,2.647,2.647,0
1787801940.690,shoulder_lift,44.688,48.308,44.688,-3.619,-3.619,0
1787801940.690,elbow_flex,21.698,22.989,21.698,-1.291,-1.291,0
1787801940.690,wrist_flex,-62.495,-61.099,-62.495,-1.397,-1.397,0
1787801940.690,wrist_roll,-1.418,-1.451,-1.418,0.033,0.033,0
1787801940.690,gripper,37.443,36.896,37.443,0.548,0.548,0
1787801940.742,shoulder_pan,9.761,6.989,9.761,2.772,2.772,0
1787801940.742,shoulder_lift,44.558,48.308,44.558,-3.750,-3.750,0
1787801940.742,elbow_flex,21.786,22.989,21.786,-1.203,-1.203,0
1787801940.742,wrist_flex,-62.489,-61.099,-62.489,-1.390,-1.390,0
1787801940.742,wrist_roll,-1.408,-1.451,-1.408,0.043,0.043,0
1787801940.742,gripper,37.509,36.896,37.509,0.613,0.613,0
1787801940.791,shoulder_pan,9.660,6.989,9.660,2.671,2.671,0
1787801940.791,shoulder_lift,44.545,48.308,44.545,-3.763,-3.763,0
1787801940.791,elbow_flex,22.051,22.989,22.051,-0.938,-0.938,0
1787801940.791,wrist_flex,-62.773,-61.099,-62.773,-1.674,-1.674,0
1787801940.791,wrist_roll,-1.422,-1.451,-1.422,0.029,0.029,0
1787801940.791,gripper,37.478,36.964,37.478,0.514,0.514,0
1787801940.842,shoulder_pan,9.508,6.989,9.508,2.519,2.519,0
1787801940.842,shoulder_lift,44.492,48.308,44.492,-3.815,-3.815,0
1787801940.842,elbow_flex,22.351,22.989,22.351,-0.638,-0.638,0
1787801940.842,wrist_flex,-63.068,-61.099,-63.068,-1.969,-1.969,0
1787801940.842,wrist_roll,-1.437,-1.451,-1.437,0.013,0.013,0
1787801940.842,gripper,37.463,36.964,37.463,0.499,0.499,0
1787801940.891,shoulder_pan,9.484,6.989,9.484,2.495,2.495,0
1787801940.891,shoulder_lift,44.327,48.308,44.327,-3.981,-3.981,0
1787801940.891,elbow_flex,22.632,22.989,22.632,-0.357,-0.357,0
1787801940.891,wrist_flex,-63.235,-61.099,-63.235,-2.137,-2.137,0
1787801940.891,wrist_roll,-1.439,-1.451,-1.439,0.011,0.011,0
1787801940.891,gripper,37.433,36.964,37.433,0.470,0.470,0
1787801940.941,shoulder_pan,9.285,6.989,9.285,2.296,2.296,0
1787801940.941,shoulder_lift,44.204,48.308,44.204,-4.103,-4.103,0
1787801940.941,elbow_flex,23.177,22.989,23.177,0.188,0.188,0
1787801940.941,wrist_flex,-63.680,-61.275,-63.680,-2.406,-2.406,0
1787801940.941,wrist_roll,-1.444,-1.451,-1.444,0.007,0.007,0
1787801940.941,gripper,37.370,36.964,37.370,0.406,0.406,0
1787801940.992,shoulder_pan,9.270,6.989,9.270,2.281,2.281,0
1787801940.992,shoulder_lift,44.261,48.308,44.261,-4.047,-4.047,0
1787801940.992,elbow_flex,23.202,23.165,23.202,0.037,0.037,0
1787801940.992,wrist_flex,-63.827,-61.626,-63.827,-2.200,-2.200,0
1787801940.992,wrist_roll,-1.440,-1.451,-1.440,0.010,0.010,0
1787801940.992,gripper,37.326,36.964,37.326,0.362,0.362,0
1787801941.043,shoulder_pan,9.157,6.989,9.157,2.168,2.168,0
1787801941.043,shoulder_lift,44.020,48.308,44.020,-4.288,-4.288,0
1787801941.043,elbow_flex,23.595,23.429,23.595,0.167,0.167,0
1787801941.043,wrist_flex,-64.048,-61.978,-64.048,-2.070,-2.070,0
1787801941.043,wrist_roll,-1.445,-1.451,-1.445,0.006,0.006,0
1787801941.043,gripper,37.341,36.964,37.341,0.377,0.377,0
1787801941.091,shoulder_pan,8.929,6.989,8.929,1.940,1.940,0
1787801941.091,shoulder_lift,43.919,48.308,43.919,-4.389,-4.389,0
1787801941.091,elbow_flex,24.138,23.604,24.138,0.534,0.534,0
1787801941.091,wrist_flex,-64.547,-62.242,-64.547,-2.306,-2.306,0
1787801941.091,wrist_roll,-1.441,-1.451,-1.441,0.009,0.009,0
1787801941.091,gripper,37.243,36.964,37.243,0.279,0.279,0
1787801941.142,shoulder_pan,8.854,6.989,8.854,1.865,1.865,0
1787801941.142,shoulder_lift,43.751,48.308,43.751,-4.557,-4.557,0
1787801941.142,elbow_flex,24.387,24.044,24.387,0.343,0.343,0
1787801941.142,wrist_flex,-64.654,-62.681,-64.654,-1.973,-1.973,0
1787801941.142,wrist_roll,-1.451,-1.451,-1.451,-0.001,-0.001,0
1787801941.142,gripper,37.276,36.964,37.276,0.312,0.312,0
1787801941.192,shoulder_pan,8.875,6.989,8.875,1.886,1.886,0
1787801941.192,shoulder_lift,43.758,48.308,43.758,-4.549,-4.549,0
1787801941.192,elbow_flex,24.442,24.571,24.442,-0.129,-0.129,0
1787801941.192,wrist_flex,-64.831,-62.945,-64.831,-1.886,-1.886,0
1787801941.192,wrist_roll,-1.435,-1.363,-1.435,-0.072,-0.072,0
1787801941.192,gripper,37.144,36.964,37.144,0.180,0.180,0
1787801941.243,shoulder_pan,8.357,6.989,8.357,1.368,1.368,0
1787801941.243,shoulder_lift,43.652,48.308,43.652,-4.656,-4.656,0
1787801941.243,elbow_flex,25.093,24.571,25.093,0.522,0.522,0
1787801941.243,wrist_flex,-65.368,-63.297,-65.368,-2.072,-2.072,0
1787801941.243,wrist_roll,-1.434,-1.451,-1.434,0.016,0.016,0
1787801941.243,gripper,37.057,36.964,37.057,0.093,0.093,0
1787801941.292,shoulder_pan,8.274,6.989,8.274,1.285,1.285,0
1787801941.292,shoulder_lift,43.628,48.308,43.628,-4.680,-4.680,0
1787801941.292,elbow_flex,25.365,24.747,25.365,0.617,0.617,0
1787801941.292,wrist_flex,-65.617,-63.473,-65.617,-2.145,-2.145,0
1787801941.292,wrist_roll,-1.438,-1.451,-1.438,0.012,0.012,0
1787801941.292,gripper,37.062,36.964,37.062,0.098,0.098,0
1787801941.344,shoulder_pan,8.023,6.989,8.023,1.034,1.034,0
1787801941.344,shoulder_lift,43.534,48.308,43.534,-4.773,-4.773,0
1787801941.344,elbow_flex,25.662,25.275,25.662,0.387,0.387,0
1787801941.344,wrist_flex,-65.825,-63.912,-65.825,-1.913,-1.913,0
1787801941.344,wrist_roll,-1.428,-1.451,-1.428,0.022,0.022,0
1787801941.344,gripper,36.973,36.964,36.973,0.009,0.009,0
1787801941.392,shoulder_pan,8.168,6.989,8.168,1.179,1.179,0
1787801941.392,shoulder_lift,43.521,48.220,43.521,-4.698,-4.698,0
1787801941.392,elbow_flex,25.685,25.714,25.685,-0.029,-0.029,0
1787801941.392,wrist_flex,-65.804,-64.264,-65.804,-1.540,-1.540,0
1787801941.392,wrist_roll,-1.408,-1.451,-1.408,0.043,0.043,0
1787801941.392,gripper,36.955,36.964,36.955,-0.009,-0.009,0
1787801941.441,shoulder_pan,8.131,6.989,8.131,1.142,1.142,0
1787801941.441,shoulder_lift,43.380,48.220,43.380,-4.840,-4.840,0
1787801941.441,elbow_flex,25.967,25.802,25.967,0.165,0.165,0
1787801941.441,wrist_flex,-65.981,-64.527,-65.981,-1.454,-1.454,0
1787801941.441,wrist_roll,-1.392,-1.451,-1.392,0.059,0.059,0
1787801941.441,gripper,36.896,36.964,36.896,-0.068,-0.068,0
1787801941.492,shoulder_pan,7.790,6.989,7.790,0.801,0.801,0
1787801941.492,shoulder_lift,43.260,48.220,43.260,-4.960,-4.960,0
1787801941.492,elbow_flex,26.362,25.890,26.362,0.472,0.472,0
1787801941.492,wrist_flex,-66.366,-64.703,-66.366,-1.662,-1.662,0
1787801941.492,wrist_roll,-1.397,-1.451,-1.397,0.053,0.053,0
1787801941.492,gripper,36.846,36.964,36.846,-0.118,-0.118,0
1787801941.542,shoulder_pan,7.486,6.989,7.486,0.497,0.497,0
1787801941.542,shoulder_lift,43.111,48.220,43.111,-5.108,-5.108,0
1787801941.542,elbow_flex,26.782,26.154,26.782,0.629,0.629,0
1787801941.542,wrist_flex,-66.496,-64.967,-66.496,-1.529,-1.529,0
1787801941.542,wrist_roll,-1.375,-1.451,-1.375,0.076,0.076,0
1787801941.542,gripper,36.713,36.964,36.713,-0.251,-0.251,0
1787801941.593,shoulder_pan,7.365,6.989,7.365,0.376,0.376,0
1787801941.593,shoulder_lift,43.153,48.220,43.153,-5.067,-5.067,0
1787801941.593,elbow_flex,26.973,26.593,26.973,0.380,0.380,0
1787801941.593,wrist_flex,-66.666,-65.231,-66.666,-1.436,-1.436,0
1787801941.593,wrist_roll,-1.375,-1.451,-1.375,0.075,0.075,0
1787801941.593,gripper,36.825,36.964,36.825,-0.138,-0.138,0
1787801941.642,shoulder_pan,7.063,6.989,7.063,0.074,0.074,0
1787801941.642,shoulder_lift,42.972,48.220,42.972,-5.247,-5.247,0
1787801941.642,elbow_flex,27.320,26.945,27.320,0.375,0.375,0
1787801941.642,wrist_flex,-66.944,-65.495,-66.944,-1.449,-1.449,0
1787801941.642,wrist_roll,-1.361,-1.187,-1.361,-0.174,-0.174,0
1787801941.642,gripper,36.695,36.964,36.695,-0.269,-0.269,0
1787801941.694,shoulder_pan,7.013,6.989,7.013,0.023,0.023,0
1787801941.694,shoulder_lift,42.801,48.220,42.801,-5.418,-5.418,0
1787801941.694,elbow_flex,27.563,27.297,27.563,0.266,0.266,0
1787801941.694,wrist_flex,-66.964,-65.846,-66.964,-1.117,-1.117,0
1787801941.694,wrist_roll,-1.341,-1.099,-1.341,-0.242,-0.242,0
1787801941.694,gripper,36.711,36.964,36.711,-0.253,-0.253,0
1787801941.743,shoulder_pan,6.639,6.989,6.639,-0.350,-0.350,0
1787801941.743,shoulder_lift,42.557,48.220,42.557,-5.662,-5.662,0
1787801941.743,elbow_flex,27.904,27.560,27.904,0.343,0.343,0
1787801941.743,wrist_flex,-67.127,-66.022,-67.127,-1.105,-1.105,0
1787801941.743,wrist_roll,-1.322,-1.011,-1.322,-0.311,-0.311,0
1787801941.743,gripper,36.661,36.964,36.661,-0.303,-0.303,0
1787801941.792,shoulder_pan,6.670,6.989,6.670,-0.319,-0.319,0
1787801941.792,shoulder_lift,42.588,48.044,42.588,-5.455,-5.455,0
1787801941.792,elbow_flex,28.042,27.736,28.042,0.306,0.306,0
1787801941.792,wrist_flex,-67.178,-66.198,-67.178,-0.981,-0.981,0
1787801941.792,wrist_roll,-1.306,-1.011,-1.306,-0.295,-0.295,0
1787801941.792,gripper,36.536,36.964,36.536,-0.428,-0.428,0
1787801941.843,shoulder_pan,6.341,6.813,6.341,-0.472,-0.472,0
1787801941.843,shoulder_lift,42.423,47.780,42.423,-5.357,-5.357,0
1787801941.843,elbow_flex,28.463,28.000,28.463,0.463,0.463,0
1787801941.843,wrist_flex,-67.374,-66.286,-67.374,-1.088,-1.088,0
1787801941.843,wrist_roll,-1.298,-1.011,-1.298,-0.287,-0.287,0
1787801941.843,gripper,36.610,36.964,36.610,-0.354,-0.354,0
1787801941.894,shoulder_pan,6.403,6.813,6.403,-0.410,-0.410,0
1787801941.894,shoulder_lift,42.353,47.692,42.353,-5.339,-5.339,0
1787801941.894,elbow_flex,28.312,28.264,28.312,0.049,0.049,0
1787801941.894,wrist_flex,-67.251,-66.286,-67.251,-0.965,-0.965,0
1787801941.894,wrist_roll,-1.288,-1.011,-1.288,-0.277,-0.277,0
1787801941.894,gripper,36.746,36.964,36.746,-0.218,-0.218,0
1787801941.944,shoulder_pan,6.233,6.725,6.233,-0.492,-0.492,0
1787801941.944,shoulder_lift,42.233,47.692,42.233,-5.460,-5.460,0
1787801941.944,elbow_flex,28.592,28.440,28.592,0.153,0.153,0
1787801941.944,wrist_flex,-67.275,-66.286,-67.275,-0.990,-0.990,0
1787801941.944,wrist_roll,-1.276,-1.011,-1.276,-0.265,-0.265,0
1787801941.944,gripper,36.718,36.964,36.718,-0.246,-0.246,0
1787801941.992,shoulder_pan,6.064,6.725,6.064,-0.662,-0.662,0
1787801941.992,shoulder_lift,42.136,47.692,42.136,-5.556,-5.556,0
1787801941.992,elbow_flex,28.737,28.527,28.737,0.209,0.209,0
1787801941.992,wrist_flex,-67.366,-66.286,-67.366,-1.081,-1.081,0
1787801941.992,wrist_roll,-1.257,-1.011,-1.257,-0.246,-0.246,0
1787801941.992,gripper,36.616,36.964,36.616,-0.348,-0.348,0
1787801942.046,shoulder_pan,5.845,6.637,5.845,-0.792,-0.792,0
1787801942.046,shoulder_lift,41.974,47.516,41.974,-5.543,-5.543,0
1787801942.046,elbow_flex,28.999,28.527,28.999,0.471,0.471,0
1787801942.046,wrist_flex,-67.390,-66.286,-67.390,-1.104,-1.104,0
1787801942.046,wrist_roll,-1.243,-1.011,-1.243,-0.232,-0.232,0
1787801942.046,gripper,36.541,36.964,36.541,-0.423,-0.423,0
1787801942.092,shoulder_pan,5.655,6.549,5.655,-0.894,-0.894,0
1787801942.092,shoulder_lift,41.768,47.165,41.768,-5.397,-5.397,0
1787801942.092,elbow_flex,29.388,28.967,29.388,0.420,0.420,0
1787801942.092,wrist_flex,-67.395,-66.286,-67.395,-1.109,-1.109,0
1787801942.092,wrist_roll,-1.196,-1.011,-1.196,-0.185,-0.185,0
1787801942.092,gripper,36.524,36.964,36.524,-0.440,-0.440,0
1787801942.144,shoulder_pan,5.615,6.286,5.615,-0.671,-0.671,0
1787801942.144,shoulder_lift,41.884,46.901,41.884,-5.017,-5.017,0
1787801942.144,elbow_flex,29.331,29.495,29.331,-0.163,-0.163,0
1787801942.144,wrist_flex,-67.427,-66.286,-67.427,-1.141,-1.141,0
1787801942.144,wrist_roll,-1.213,-1.011,-1.213,-0.202,-0.202,0
1787801942.144,gripper,36.534,36.964,36.534,-0.430,-0.430,0
1787801942.194,shoulder_pan,5.495,6.022,5.495,-0.527,-0.527,0
1787801942.194,shoulder_lift,41.944,46.813,41.944,-4.869,-4.869,0
1787801942.194,elbow_flex,29.480,29.582,29.480,-0.103,-0.103,0
1787801942.194,wrist_flex,-67.519,-66.286,-67.519,-1.234,-1.234,0
1787801942.194,wrist_roll,-1.216,-1.011,-1.216,-0.205,-0.205,0
1787801942.194,gripper,36.474,36.964,36.474,-0.490,-0.490,0
1787801942.243,shoulder_pan,5.256,5.934,5.256,-0.678,-0.678,0
1787801942.243,shoulder_lift,41.838,46.725,41.838,-4.887,-4.887,0
1787801942.243,elbow_flex,29.599,29.582,29.599,0.017,0.017,0
1787801942.243,wrist_flex,-67.357,-66.286,-67.357,-1.071,-1.071,0
1787801942.243,wrist_roll,-1.178,-1.011,-1.178,-0.167,-0.167,0
1787801942.243,gripper,36.529,36.964,36.529,-0.435,-0.435,0
1787801942.295,shoulder_pan,5.286,5.846,5.286,-0.560,-0.560,0
1787801942.295,shoulder_lift,41.646,46.725,41.646,-5.079,-5.079,0
1787801942.295,elbow_flex,29.784,29.582,29.784,0.201,0.201,0
1787801942.295,wrist_flex,-67.488,-66.286,-67.488,-1.202,-1.202,0
1787801942.295,wrist_roll,-1.193,-1.011,-1.193,-0.182,-0.182,0
1787801942.295,gripper,36.462,36.964,36.462,-0.501,-0.501,0
1787801942.344,shoulder_pan,4.978,5.758,4.978,-0.781,-0.781,0
1787801942.344,shoulder_lift,41.568,46.725,41.568,-5.157,-5.157,0
1787801942.344,elbow_flex,30.133,29.670,30.133,0.462,0.462,0
1787801942.344,wrist_flex,-67.619,-66.286,-67.619,-1.333,-1.333,0
1787801942.344,wrist_roll,-1.166,-1.011,-1.166,-0.155,-0.155,0
1787801942.344,gripper,36.334,36.964,36.334,-0.630,-0.630,0
1787801942.393,shoulder_pan,4.868,5.670,4.868,-0.802,-0.802,0
1787801942.393,shoulder_lift,41.640,46.725,41.640,-5.086,-5.086,0
1787801942.393,elbow_flex,30.194,30.022,30.194,0.172,0.172,0
1787801942.393,wrist_flex,-67.538,-66.286,-67.538,-1.253,-1.253,0
1787801942.393,wrist_roll,-1.155,-1.011,-1.155,-0.144,-0.144,0
1787801942.393,gripper,36.405,36.964,36.405,-0.559,-0.559,0
1787801942.443,shoulder_pan,4.564,5.495,4.564,-0.930,-0.930,0
1787801942.443,shoulder_lift,41.354,46.637,41.354,-5.284,-5.284,0
1787801942.443,elbow_flex,30.618,30.286,30.618,0.332,0.332,0
1787801942.443,wrist_flex,-67.692,-66.374,-67.692,-1.318,-1.318,0
1787801942.443,wrist_roll,-1.118,-1.011,-1.118,-0.107,-0.107,0
1787801942.443,gripper,36.169,36.964,36.169,-0.795,-0.795,0
1787801942.494,shoulder_pan,4.585,5.319,4.585,-0.734,-0.734,0
1787801942.494,shoulder_lift,41.424,46.637,41.424,-5.214,-5.214,0
1787801942.494,elbow_flex,30.518,30.374,30.518,0.144,0.144,0
1787801942.494,wrist_flex,-67.657,-66.462,-67.657,-1.195,-1.195,0
1787801942.494,wrist_roll,-1.131,-1.011,-1.131,-0.120,-0.120,0
1787801942.494,gripper,36.291,36.760,36.291,-0.469,-0.469,0
1787801942.544,shoulder_pan,4.389,5.055,4.389,-0.666,-0.666,0
1787801942.544,shoulder_lift,41.460,46.637,41.460,-5.177,-5.177,0
1787801942.544,elbow_flex,30.699,30.462,30.699,0.238,0.238,0
1787801942.544,wrist_flex,-67.728,-66.462,-67.728,-1.267,-1.267,0
1787801942.544,wrist_roll,-1.122,-1.011,-1.122,-0.111,-0.111,0
1787801942.544,gripper,36.307,36.692,36.307,-0.385,-0.385,0
1787801942.594,shoulder_pan,4.176,4.879,4.176,-0.703,-0.703,0
1787801942.594,shoulder_lift,41.494,46.637,41.494,-5.144,-5.144,0
1787801942.594,elbow_flex,30.722,30.462,30.722,0.260,0.260,0
1787801942.594,wrist_flex,-67.586,-66.462,-67.586,-1.124,-1.124,0
1787801942.594,wrist_roll,-1.094,-1.011,-1.094,-0.083,-0.083,0
1787801942.594,gripper,36.267,36.692,36.267,-0.425,-0.425,0
1787801942.644,shoulder_pan,4.016,4.791,4.016,-0.776,-0.776,0
1787801942.644,shoulder_lift,41.204,46.637,41.204,-5.434,-5.434,0
1787801942.644,elbow_flex,31.200,30.462,31.200,0.739,0.739,0
1787801942.644,wrist_flex,-67.854,-66.462,-67.854,-1.393,-1.393,0
1787801942.644,wrist_roll,-1.080,-1.011,-1.080,-0.069,-0.069,0
1787801942.644,gripper,35.988,36.692,35.988,-0.704,-0.704,0
1787801942.695,shoulder_pan,3.883,4.527,3.883,-0.645,-0.645,0
1787801942.695,shoulder_lift,41.415,46.637,41.415,-5.222,-5.222,0
1787801942.695,elbow_flex,31.247,30.637,31.247,0.610,0.610,0
1787801942.695,wrist_flex,-67.888,-66.462,-67.888,-1.426,-1.426,0
1787801942.695,wrist_roll,-1.091,-1.011,-1.091,-0.080,-0.080,0
1787801942.695,gripper,36.085,36.692,36.085,-0.606,-0.606,0
1787801942.745,shoulder_pan,3.893,4.176,3.893,-0.283,-0.283,0
1787801942.745,shoulder_lift,41.424,46.637,41.424,-5.213,-5.213,0
1787801942.745,elbow_flex,31.234,31.077,31.234,0.157,0.157,0
1787801942.745,wrist_flex,-67.867,-66.637,-67.867,-1.230,-1.230,0
1787801942.745,wrist_roll,-1.069,-1.011,-1.069,-0.058,-0.058,0
1787801942.745,gripper,35.905,36.555,35.905,-0.651,-0.651,0
1787801942.796,shoulder_pan,3.726,3.824,3.726,-0.099,-0.099,0
1787801942.796,shoulder_lift,41.375,46.637,41.375,-5.262,-5.262,0
1787801942.796,elbow_flex,31.414,31.341,31.414,0.073,0.073,0
1787801942.796,wrist_flex,-67.926,-66.725,-67.926,-1.201,-1.201,0
1787801942.796,wrist_roll,-1.058,-1.011,-1.058,-0.047,-0.047,0
1787801942.796,gripper,35.695,36.419,35.695,-0.725,-0.725,0
1787801942.844,shoulder_pan,3.514,3.824,3.514,-0.310,-0.310,0
1787801942.844,shoulder_lift,41.197,46.637,41.197,-5.440,-5.440,0
1787801942.844,elbow_flex,31.807,31.516,31.807,0.291,0.291,0
1787801942.844,wrist_flex,-67.913,-66.725,-67.913,-1.188,-1.188,0
1787801942.844,wrist_roll,-1.036,-1.011,-1.036,-0.025,-0.025,0
1787801942.844,gripper,35.685,36.215,35.685,-0.530,-0.530,0
1787801942.895,shoulder_pan,3.545,3.824,3.545,-0.279,-0.279,0
1787801942.895,shoulder_lift,41.407,46.637,41.407,-5.231,-5.231,0
1787801942.895,elbow_flex,31.572,31.604,31.572,-0.033,-0.033,0
1787801942.895,wrist_flex,-67.813,-66.725,-67.813,-1.088,-1.088,0
1787801942.895,wrist_roll,-1.045,-1.011,-1.045,-0.034,-0.034,0
1787801942.895,gripper,35.720,36.079,35.720,-0.359,-0.359,0
1787801942.945,shoulder_pan,3.396,3.736,3.396,-0.340,-0.340,0
1787801942.945,shoulder_lift,41.474,46.637,41.474,-5.163,-5.163,0
1787801942.945,elbow_flex,31.620,31.780,31.620,-0.160,-0.160,0
1787801942.945,wrist_flex,-67.811,-66.725,-67.811,-1.086,-1.086,0
1787801942.945,wrist_roll,-1.038,-1.011,-1.038,-0.027,-0.027,0
1787801942.945,gripper,35.676,36.079,35.676,-0.403,-0.403,0
1787801942.994,shoulder_pan,3.168,3.736,3.168,-0.568,-0.568,0
1787801942.994,shoulder_lift,41.537,46.637,41.537,-5.100,-5.100,0
1787801942.994,elbow_flex,31.853,31.780,31.853,0.073,0.073,0
1787801942.994,wrist_flex,-67.861,-66.725,-67.861,-1.135,-1.135,0
1787801942.994,wrist_roll,-1.034,-1.011,-1.034,-0.023,-0.023,0
1787801942.994,gripper,35.691,36.079,35.691,-0.388,-0.388,0
1787801943.045,shoulder_pan,3.180,3.736,3.180,-0.556,-0.556,0
1787801943.045,shoulder_lift,41.545,46.637,41.545,-5.092,-5.092,0
1787801943.045,elbow_flex,31.764,31.780,31.764,-0.016,-0.016,0
1787801943.045,wrist_flex,-67.778,-66.725,-67.778,-1.053,-1.053,0
1787801943.045,wrist_roll,-1.025,-1.011,-1.025,-0.014,-0.014,0
1787801943.045,gripper,35.575,36.079,35.575,-0.504,-0.504,0
1787801943.094,shoulder_pan,3.133,3.648,3.133,-0.516,-0.516,0
1787801943.094,shoulder_lift,41.707,46.637,41.707,-4.931,-4.931,0
1787801943.094,elbow_flex,31.577,31.780,31.577,-0.203,-0.203,0
1787801943.094,wrist_flex,-67.598,-66.725,-67.598,-0.873,-0.873,0
1787801943.094,wrist_roll,-1.033,-1.011,-1.033,-0.022,-0.022,0
1787801943.094,gripper,35.768,36.011,35.768,-0.243,-0.243,0
1787801943.145,shoulder_pan,2.932,3.560,2.932,-0.629,-0.629,0
1787801943.145,shoulder_lift,41.760,46.637,41.760,-4.877,-4.877,0
1787801943.145,elbow_flex,31.717,31.780,31.717,-0.064,-0.064,0
1787801943.145,wrist_flex,-67.598,-66.725,-67.598,-0.873,-0.873,0
1787801943.145,wrist_roll,-1.036,-1.275,-1.036,0.239,0.239,0
1787801943.145,gripper,35.718,35.943,35.718,-0.224,-0.224,0
1787801943.196,shoulder_pan,2.935,3.560,2.935,-0.625,-0.625,0
1787801943.196,shoulder_lift,41.842,46.637,41.842,-4.796,-4.796,0
1787801943.196,elbow_flex,31.444,31.780,31.444,-0.336,-0.336,0
1787801943.196,wrist_flex,-67.327,-66.725,-67.327,-0.602,-0.602,0
1787801943.196,wrist_roll,-1.035,-1.451,-1.035,0.415,0.415,0
1787801943.196,gripper,35.800,35.943,35.800,-0.143,-0.143,0
1787801943.245,shoulder_pan,2.873,3.473,2.873,-0.599,-0.599,0
1787801943.245,shoulder_lift,41.953,46.637,41.953,-4.684,-4.684,0
1787801943.245,elbow_flex,31.336,31.780,31.336,-0.444,-0.444,0
1787801943.245,wrist_flex,-67.285,-66.725,-67.285,-0.559,-0.559,0
1787801943.245,wrist_roll,-1.046,-1.451,-1.046,0.405,0.405,0
1787801943.245,gripper,35.892,35.943,35.892,-0.051,-0.051,0
1787801943.297,shoulder_pan,2.729,3.297,2.729,-0.567,-0.567,0
1787801943.297,shoulder_lift,42.008,46.637,42.008,-4.629,-4.629,0
1787801943.297,elbow_flex,31.450,31.868,31.450,-0.418,-0.418,0
1787801943.297,wrist_flex,-67.244,-66.725,-67.244,-0.519,-0.519,0
1787801943.297,wrist_roll,-1.058,-1.451,-1.058,0.392,0.392,0
1787801943.297,gripper,35.926,35.943,35.926,-0.017,-0.017,0
1787801943.346,shoulder_pan,2.660,3.209,2.660,-0.549,-0.549,0
1787801943.346,shoulder_lift,42.222,46.725,42.222,-4.504,-4.504,0
1787801943.346,elbow_flex,31.150,31.868,31.150,-0.718,-0.718,0
1787801943.346,wrist_flex,-67.156,-66.725,-67.156,-0.431,-0.431,0
1787801943.346,wrist_roll,-1.068,-1.451,-1.068,0.382,0.382,0
1787801943.346,gripper,36.036,35.943,36.036,0.093,0.093,0
1787801943.396,shoulder_pan,2.589,3.209,2.589,-0.620,-0.620,0
1787801943.396,shoulder_lift,42.367,46.725,42.367,-4.358,-4.358,0
1787801943.396,elbow_flex,30.917,31.868,30.917,-0.951,-0.951,0
1787801943.396,wrist_flex,-67.023,-66.725,-67.023,-0.297,-0.297,0
1787801943.396,wrist_roll,-1.098,-1.451,-1.098,0.353,0.353,0
1787801943.396,gripper,36.132,35.943,36.132,0.189,0.189,0
1787801943.445,shoulder_pan,2.398,3.209,2.398,-0.811,-0.811,0
1787801943.445,shoulder_lift,42.414,46.725,42.414,-4.311,-4.311,0
1787801943.445,elbow_flex,31.103,31.956,31.103,-0.853,-0.853,0
1787801943.445,wrist_flex,-67.080,-66.725,-67.080,-0.355,-0.355,0
1787801943.445,wrist_roll,-1.128,-1.451,-1.128,0.322,0.322,0
1787801943.445,gripper,36.204,35.943,36.204,0.261,0.261,0
1787801943.496,shoulder_pan,2.299,3.121,2.299,-0.822,-0.822,0
1787801943.496,shoulder_lift,42.416,46.725,42.416,-4.309,-4.309,0
1787801943.496,elbow_flex,31.225,32.044,31.225,-0.819,-0.819,0
1787801943.496,wrist_flex,-67.076,-66.725,-67.076,-0.350,-0.350,0
1787801943.496,wrist_roll,-1.123,-1.451,-1.123,0.327,0.327,0
1787801943.496,gripper,36.150,36.011,36.150,0.139,0.139,0
1787801943.546,shoulder_pan,2.249,2.769,2.249,-0.521,-0.521,0
1787801943.546,shoulder_lift,42.558,46.725,42.558,-4.168,-4.168,0
1787801943.546,elbow_flex,30.971,32.132,30.971,-1.161,-1.161,0
1787801943.546,wrist_flex,-66.952,-66.725,-66.952,-0.227,-0.227,0
1787801943.546,wrist_roll,-1.141,-1.451,-1.141,0.310,0.310,0
1787801943.546,gripper,36.225,36.011,36.225,0.214,0.214,0
1787801943.595,shoulder_pan,2.077,2.593,2.077,-0.517,-0.517,0
1787801943.595,shoulder_lift,42.618,46.725,42.618,-4.107,-4.107,0
1787801943.595,elbow_flex,31.184,32.132,31.184,-0.947,-0.947,0
1787801943.595,wrist_flex,-67.119,-66.725,-67.119,-0.394,-0.394,0
1787801943.595,wrist_roll,-1.171,-1.451,-1.171,0.279,0.279,0
1787801943.595,gripper,36.257,36.011,36.257,0.246,0.246,0
1787801943.645,shoulder_pan,1.908,2.593,1.908,-0.685,-0.685,0
1787801943.645,shoulder_lift,42.626,46.725,42.626,-4.099,-4.099,0
1787801943.645,elbow_flex,31.173,32.132,31.173,-0.959,-0.959,0
1787801943.645,wrist_flex,-66.956,-66.725,-66.956,-0.230,-0.230,0
1787801943.645,wrist_roll,-1.188,-1.275,-1.188,0.087,0.087,0
1787801943.645,gripper,36.377,36.011,36.377,0.366,0.366,0
1787801943.696,shoulder_pan,1.728,2.505,1.728,-0.777,-0.777,0
1787801943.696,shoulder_lift,42.685,46.813,42.685,-4.128,-4.128,0
1787801943.696,elbow_flex,31.219,32.220,31.219,-1.001,-1.001,0
1787801943.696,wrist_flex,-67.024,-66.725,-67.024,-0.299,-0.299,0
1787801943.696,wrist_roll,-1.202,-1.275,-1.202,0.073,0.073,0
1787801943.696,gripper,36.573,36.079,36.573,0.494,0.494,0
1787801943.747,shoulder_pan,1.576,2.066,1.576,-0.490,-0.490,0
1787801943.747,shoulder_lift,42.821,46.813,42.821,-3.993,-3.993,0
1787801943.747,elbow_flex,31.179,32.220,31.179,-1.041,-1.041,0
1787801943.747,wrist_flex,-67.019,-66.725,-67.019,-0.294,-0.294,0
1787801943.747,wrist_roll,-1.221,-1.363,-1.221,0.142,0.142,0
1787801943.747,gripper,36.532,36.215,36.532,0.317,0.317,0
1787801943.797,shoulder_pan,1.476,1.538,1.476,-0.063,-0.063,0
1787801943.797,shoulder_lift,42.896,46.813,42.896,-3.917,-3.917,0
1787801943.797,elbow_flex,31.109,32.220,31.109,-1.111,-1.111,0
1787801943.797,wrist_flex,-67.075,-66.725,-67.075,-0.350,-0.350,0
1787801943.797,wrist_roll,-1.227,-1.451,-1.227,0.223,0.223,0
1787801943.797,gripper,36.605,36.419,36.605,0.186,0.186,0
1787801943.847,shoulder_pan,1.251,1.363,1.251,-0.112,-0.112,0
1787801943.847,shoulder_lift,43.064,46.725,43.064,-3.662,-3.662,0
1787801943.847,elbow_flex,31.189,32.220,31.189,-1.031,-1.031,0
1787801943.847,wrist_flex,-67.233,-66.813,-67.233,-0.420,-0.420,0
1787801943.847,wrist_roll,-1.237,-1.363,-1.237,0.125,0.125,0
1787801943.847,gripper,36.579,36.487,36.579,0.092,0.092,0
1787801943.895,shoulder_pan,1.019,1.099,1.019,-0.080,-0.080,0
1787801943.895,shoulder_lift,43.164,46.725,43.164,-3.561,-3.561,0
1787801943.895,elbow_flex,31.327,32.220,31.327,-0.893,-0.893,0
1787801943.895,wrist_flex,-67.444,-66.901,-67.444,-0.543,-0.543,0
1787801943.895,wrist_roll,-1.238,-1.363,-1.238,0.125,0.125,0
1787801943.895,gripper,36.710,36.487,36.710,0.222,0.222,0
1787801943.947,shoulder_pan,0.764,0.923,0.764,-0.159,-0.159,0
1787801943.947,shoulder_lift,43.363,46.725,43.363,-3.362,-3.362,0
1787801943.947,elbow_flex,31.451,32.220,31.451,-0.769,-0.769,0
1787801943.947,wrist_flex,-67.776,-66.901,-67.776,-0.875,-0.875,0
1787801943.947,wrist_roll,-1.276,-1.187,-1.276,-0.089,-0.089,0
1787801943.947,gripper,36.726,36.624,36.726,0.103,0.103,0
1787801943.998,shoulder_pan,0.589,0.835,0.589,-0.246,-0.246,0
1787801943.998,shoulder_lift,43.492,46.813,43.492,-3.321,-3.321,0
1787801943.998,elbow_flex,31.524,32.220,31.524,-0.696,-0.696,0
1787801943.998,wrist_flex,-67.917,-66.813,-67.917,-1.104,-1.104,0
1787801943.998,wrist_roll,-1.256,-1.451,-1.256,0.195,0.195,0
1787801943.998,gripper,36.643,36.624,36.643,0.020,0.020,0
1787801944.047,shoulder_pan,0.321,1.275,0.321,-0.954,-0.954,0
1787801944.047,shoulder_lift,43.832,46.813,43.832,-2.981,-2.981,0
1787801944.047,elbow_flex,31.563,32.220,31.563,-0.657,-0.657,0
1787801944.047,wrist_flex,-68.257,-66.725,-68.257,-1.532,-1.532,0
1787801944.047,wrist_roll,-1.262,-1.451,-1.262,0.188,0.188,0
1787801944.047,gripper,36.783,36.624,36.783,0.159,0.159,0
1787801944.097,shoulder_pan,-0.037,1.363,-0.037,-1.399,-1.399,0
1787801944.097,shoulder_lift,44.123,46.813,44.123,-2.690,-2.690,0
1787801944.097,elbow_flex,31.685,32.132,31.685,-0.446,-0.446,0
1787801944.097,wrist_flex,-68.716,-66.725,-68.716,-1.990,-1.990,0
1787801944.097,wrist_roll,-1.278,-1.451,-1.278,0.172,0.172,0
1787801944.097,gripper,36.909,36.692,36.909,0.218,0.218,0
1787801944.146,shoulder_pan,-0.325,1.275,-0.325,-1.600,-1.600,0
1787801944.146,shoulder_lift,44.323,46.813,44.323,-2.491,-2.491,0
1787801944.146,elbow_flex,31.825,32.044,31.825,-0.219,-0.219,0
1787801944.146,wrist_flex,-69.068,-66.725,-69.068,-2.343,-2.343,0
1787801944.146,wrist_roll,-1.264,-1.451,-1.264,0.186,0.186,0
1787801944.146,gripper,36.971,36.828,36.971,0.143,0.143,0
1787801944.196,shoulder_pan,-0.697,0.835,-0.697,-1.532,-1.532,0
1787801944.196,shoulder_lift,44.848,46.813,44.848,-1.965,-1.965,0
1787801944.196,elbow_flex,31.952,32.044,31.952,-0.092,-0.092,0
1787801944.196,wrist_flex,-69.731,-66.901,-69.731,-2.830,-2.830,0
1787801944.196,wrist_roll,-1.270,-1.451,-1.270,0.180,0.180,0
1787801944.196,gripper,37.041,36.964,37.041,0.077,0.077,0
1787801944.247,shoulder_pan,-1.074,0.396,-1.074,-1.469,-1.469,0
1787801944.247,shoulder_lift,45.262,46.813,45.262,-1.551,-1.551,0
1787801944.247,elbow_flex,32.119,32.044,32.119,0.075,0.075,0
1787801944.247,wrist_flex,-70.325,-67.429,-70.325,-2.896,-2.896,0
1787801944.247,wrist_roll,-1.273,-1.451,-1.273,0.178,0.178,0
1787801944.247,gripper,37.129,36.964,37.129,0.165,0.165,0
1787801944.297,shoulder_pan,-1.317,-0.132,-1.317,-1.186,-1.186,0
1787801944.297,shoulder_lift,45.562,46.813,45.562,-1.251,-1.251,0
1787801944.297,elbow_flex,32.221,32.044,32.221,0.177,0.177,0
1787801944.297,wrist_flex,-70.700,-68.044,-70.700,-2.656,-2.656,0
1787801944.297,wrist_roll,-1.257,-1.451,-1.257,0.194,0.194,0
1787801944.297,gripper,37.269,37.032,37.269,0.237,0.237,0
1787801944.347,shoulder_pan,-1.626,-0.484,-1.626,-1.143,-1.143,0
1787801944.347,shoulder_lift,45.964,46.813,45.964,-0.849,-0.849,0
1787801944.347,elbow_flex,32.325,32.044,32.325,0.281,0.281,0
1787801944.347,wrist_flex,-71.262,-68.659,-71.262,-2.603,-2.603,0
1787801944.347,wrist_roll,-1.250,-1.451,-1.250,0.201,0.201,0
1787801944.347,gripper,37.207,37.168,37.207,0.039,0.039,0
1787801944.410,shoulder_pan,-4.631,-0.923,-4.631,-3.708,-3.708,0
1787801944.410,shoulder_lift,38.870,46.813,38.870,-7.943,-7.943,0
1787801944.410,elbow_flex,34.636,32.659,34.636,1.977,1.977,0
1787801944.410,wrist_flex,-72.215,-69.275,-72.215,-2.940,-2.940,0
1787801944.410,wrist_roll,-1.524,-1.451,-1.524,-0.073,-0.073,0
1787801944.410,gripper,36.875,37.168,36.875,-0.293,-0.293,0
1787801944.446,shoulder_pan,-4.766,-1.187,-4.766,-3.580,-3.580,0
1787801944.446,shoulder_lift,39.679,46.813,39.679,-7.134,-7.134,0
1787801944.446,elbow_flex,34.319,32.747,34.319,1.571,1.571,0
1787801944.446,wrist_flex,-72.243,-69.626,-72.243,-2.616,-2.616,0
1787801944.446,wrist_roll,-1.544,-1.451,-1.544,-0.093,-0.093,0
1787801944.446,gripper,36.961,37.168,36.961,-0.208,-0.208,0
1787801944.501,shoulder_pan,-4.933,-2.242,-4.933,-2.691,-2.691,0
1787801944.501,shoulder_lift,40.821,46.462,40.821,-5.640,-5.640,0
1787801944.501,elbow_flex,33.845,33.890,33.845,-0.045,-0.045,0
1787801944.501,wrist_flex,-72.328,-70.242,-72.328,-2.087,-2.087,0
1787801944.501,wrist_roll,-1.562,-1.451,-1.562,-0.111,-0.111,0
1787801944.501,gripper,37.055,37.168,37.055,-0.114,-0.114,0
1787801944.547,shoulder_pan,-5.027,-3.560,-5.027,-1.467,-1.467,0
1787801944.547,shoulder_lift,41.696,46.110,41.696,-4.414,-4.414,0
1787801944.547,elbow_flex,33.452,34.242,33.452,-0.790,-0.790,0
1787801944.547,wrist_flex,-72.392,-70.505,-72.392,-1.887,-1.887,0
1787801944.547,wrist_roll,-1.573,-1.451,-1.573,-0.122,-0.122,0
1787801944.547,gripper,37.094,37.168,37.094,-0.074,-0.074,0
1787801944.597,shoulder_pan,-5.131,-4.352,-5.131,-0.779,-0.779,0
1787801944.597,shoulder_lift,42.619,46.022,42.619,-3.403,-3.403,0
1787801944.597,elbow_flex,33.086,34.154,33.086,-1.068,-1.068,0
1787801944.597,wrist_flex,-72.496,-70.593,-72.496,-1.903,-1.903,0
1787801944.597,wrist_roll,-1.583,-1.451,-1.583,-0.132,-0.132,0
1787801944.597,gripper,37.155,37.168,37.155,-0.013,-0.013,0
1787801944.647,shoulder_pan,-5.222,-4.615,-5.222,-0.607,-0.607,0
1787801944.647,shoulder_lift,43.718,46.022,43.718,-2.304,-2.304,0
1787801944.647,elbow_flex,32.573,34.154,32.573,-1.581,-1.581,0
1787801944.647,wrist_flex,-72.592,-70.857,-72.592,-1.735,-1.735,0
1787801944.647,wrist_roll,-1.596,-1.451,-1.596,-0.146,-0.146,0
1787801944.647,gripper,37.225,37.168,37.225,0.056,0.056,0
1787801944.697,shoulder_pan,-5.262,-4.527,-5.262,-0.734,-0.734,0
1787801944.697,shoulder_lift,44.458,46.022,44.458,-1.564,-1.564,0
1787801944.697,elbow_flex,32.305,34.154,32.305,-1.849,-1.849,0
1787801944.697,wrist_flex,-72.650,-71.033,-72.650,-1.617,-1.617,0
1787801944.697,wrist_roll,-1.604,-1.451,-1.604,-0.154,-0.154,0
1787801944.697,gripper,37.244,37.168,37.244,0.075,0.075,0
1787801944.749,shoulder_pan,-5.318,-4.791,-5.318,-0.527,-0.527,0
1787801944.749,shoulder_lift,45.294,46.022,45.294,-0.728,-0.728,0
1787801944.749,elbow_flex,31.988,34.154,31.988,-2.166,-2.166,0
1787801944.749,wrist_flex,-72.776,-71.121,-72.776,-1.655,-1.655,0
1787801944.749,wrist_roll,-1.622,-1.451,-1.622,-0.171,-0.171,0
1787801944.749,gripper,37.311,37.168,37.311,0.142,0.142,0
1787801944.797,shoulder_pan,-5.357,-5.055,-5.357,-0.302,-0.302,0
1787801944.797,shoulder_lift,46.256,46.022,46.256,0.234,0.234,0
1787801944.797,elbow_flex,31.595,34.154,31.595,-2.559,-2.559,0
1787801944.797,wrist_flex,-72.905,-71.121,-72.905,-1.784,-1.784,0
1787801944.797,wrist_roll,-1.624,-1.451,-1.624,-0.174,-0.174,0
1787801944.797,gripper,37.374,37.168,37.374,0.206,0.206,0
1787801944.848,shoulder_pan,-5.405,-5.055,-5.405,-0.350,-0.350,0
1787801944.848,shoulder_lift,46.820,46.374,46.820,0.446,0.446,0
1787801944.848,elbow_flex,31.438,34.066,31.438,-2.627,-2.627,0
1787801944.848,wrist_flex,-72.969,-71.121,-72.969,-1.848,-1.848,0
1787801944.848,wrist_roll,-1.633,-1.451,-1.633,-0.183,-0.183,0
1787801944.848,gripper,37.410,37.168,37.410,0.242,0.242,0
1787801944.897,shoulder_pan,-5.432,-4.967,-5.432,-0.465,-0.465,0
1787801944.897,shoulder_lift,47.526,47.165,47.526,0.361,0.361,0
1787801944.897,elbow_flex,31.133,33.978,31.133,-2.845,-2.845,0
1787801944.897,wrist_flex,-73.069,-71.209,-73.069,-1.860,-1.860,0
1787801944.897,wrist_roll,-1.635,-1.451,-1.635,-0.184,-0.184,0
1787801944.897,gripper,37.442,37.304,37.442,0.138,0.138,0
1787801944.948,shoulder_pan,-5.472,-4.879,-5.472,-0.593,-0.593,0
1787801944.948,shoulder_lift,48.143,48.044,48.143,0.099,0.099,0
1787801944.948,elbow_flex,30.911,33.978,30.911,-3.067,-3.067,0
1787801944.948,wrist_flex,-73.092,-71.385,-73.092,-1.707,-1.707,0
1787801944.948,wrist_roll,-1.644,-1.451,-1.644,-0.194,-0.194,0
1787801944.948,gripper,37.481,37.372,37.481,0.109,0.109,0
1787801944.997,shoulder_pan,-5.521,-4.879,-5.521,-0.642,-0.642,0
1787801944.997,shoulder_lift,48.918,48.659,48.918,0.258,0.258,0
1787801944.997,elbow_flex,30.730,33.890,30.730,-3.160,-3.160,0
1787801944.997,wrist_flex,-73.311,-71.473,-73.311,-1.838,-1.838,0
1787801944.997,wrist_roll,-1.642,-1.451,-1.642,-0.192,-0.192,0
1787801944.997,gripper,37.554,37.440,37.554,0.113,0.113,0
1787801945.050,shoulder_pan,-5.551,-4.967,-5.551,-0.584,-0.584,0
1787801945.050,shoulder_lift,49.563,49.363,49.563,0.200,0.200,0
1787801945.050,elbow_flex,30.597,33.626,30.597,-3.029,-3.029,0
1787801945.050,wrist_flex,-73.488,-71.473,-73.488,-2.015,-2.015,0
1787801945.050,wrist_roll,-1.641,-1.451,-1.641,-0.190,-0.190,0
1787801945.050,gripper,37.626,37.440,37.626,0.186,0.186,0
1787801945.098,shoulder_pan,-5.582,-5.055,-5.582,-0.527,-0.527,0
1787801945.098,shoulder_lift,50.060,50.066,50.060,-0.006,-0.006,0
1787801945.098,elbow_flex,30.478,33.363,30.478,-2.885,-2.885,0
1787801945.098,wrist_flex,-73.540,-71.736,-73.540,-1.804,-1.804,0
1787801945.098,wrist_roll,-1.645,-1.451,-1.645,-0.195,-0.195,0
1787801945.098,gripper,37.660,37.440,37.660,0.219,0.219,0
1787801945.150,shoulder_pan,-5.603,-5.231,-5.603,-0.372,-0.372,0
1787801945.150,shoulder_lift,50.622,50.681,50.622,-0.059,-0.059,0
1787801945.150,elbow_flex,30.393,33.011,30.393,-2.618,-2.618,0
1787801945.150,wrist_flex,-73.699,-72.000,-73.699,-1.699,-1.699,0
1787801945.150,wrist_roll,-1.643,-1.451,-1.643,-0.193,-0.193,0
1787801945.150,gripper,37.754,37.440,37.754,0.313,0.313,0
1787801945.197,shoulder_pan,-5.622,-5.231,-5.622,-0.391,-0.391,0
1787801945.197,shoulder_lift,51.124,51.121,51.124,0.003,0.003,0
1787801945.197,elbow_flex,30.287,33.011,30.287,-2.724,-2.724,0
1787801945.197,wrist_flex,-73.840,-72.176,-73.840,-1.665,-1.665,0
1787801945.197,wrist_roll,-1.649,-1.451,-1.649,-0.198,-0.198,0
1787801945.197,gripper,37.830,37.440,37.830,0.390,0.390,0
1787801945.249,shoulder_pan,-5.606,-5.143,-5.606,-0.463,-0.463,0
1787801945.249,shoulder_lift,51.640,51.736,51.640,-0.096,-0.096,0
1787801945.249,elbow_flex,30.214,32.747,30.214,-2.533,-2.533,0
1787801945.249,wrist_flex,-73.982,-72.264,-73.982,-1.718,-1.718,0
1787801945.249,wrist_roll,-1.638,-1.451,-1.638,-0.187,-0.187,0
1787801945.249,gripper,37.854,37.440,37.854,0.414,0.414,0
1787801945.299,shoulder_pan,-5.595,-5.143,-5.595,-0.452,-0.452,0
1787801945.299,shoulder_lift,52.011,52.264,52.011,-0.252,-0.252,0
1787801945.299,elbow_flex,30.182,32.571,30.182,-2.389,-2.389,0
1787801945.299,wrist_flex,-74.157,-72.527,-74.157,-1.629,-1.629,0
1787801945.299,wrist_roll,-1.640,-1.451,-1.640,-0.190,-0.190,0
1787801945.299,gripper,37.950,37.440,37.950,0.510,0.510,0
1787801945.349,shoulder_pan,-5.606,-5.143,-5.606,-0.463,-0.463,0
1787801945.349,shoulder_lift,52.306,52.527,52.306,-0.222,-0.222,0
1787801945.349,elbow_flex,30.129,32.396,30.129,-2.267,-2.267,0
1787801945.349,wrist_flex,-74.267,-72.703,-74.267,-1.564,-1.564,0
1787801945.349,wrist_roll,-1.649,-1.451,-1.649,-0.198,-0.198,0
1787801945.349,gripper,38.077,37.509,38.077,0.568,0.568,0
1787801945.399,shoulder_pan,-5.592,-5.143,-5.592,-0.449,-0.449,0
1787801945.399,shoulder_lift,52.586,52.703,52.586,-0.117,-0.117,0
1787801945.399,elbow_flex,30.135,32.220,30.135,-2.084,-2.084,0
1787801945.399,wrist_flex,-74.399,-72.879,-74.399,-1.520,-1.520,0
1787801945.399,wrist_roll,-1.651,-1.451,-1.651,-0.200,-0.200,0
1787801945.399,gripper,38.183,37.713,38.183,0.470,0.470,0
1787801945.449,shoulder_pan,-5.570,-5.143,-5.570,-0.427,-0.427,0
1787801945.449,shoulder_lift,52.884,52.879,52.884,0.005,0.005,0
1787801945.449,elbow_flex,30.137,32.220,30.137,-2.082,-2.082,0
1787801945.449,wrist_flex,-74.568,-73.143,-74.568,-1.425,-1.425,0
1787801945.449,wrist_roll,-1.653,-1.451,-1.653,-0.202,-0.202,0
1787801945.449,gripper,38.299,37.849,38.299,0.450,0.450,0
1787801945.499,shoulder_pan,-5.546,-5.143,-5.546,-0.403,-0.403,0
1787801945.499,shoulder_lift,53.110,53.231,53.110,-0.121,-0.121,0
1787801945.499,elbow_flex,30.263,32.220,30.263,-1.957,-1.957,0
1787801945.499,wrist_flex,-74.778,-73.319,-74.778,-1.460,-1.460,0
1787801945.499,wrist_roll,-1.647,-1.451,-1.647,-0.196,-0.196,0
1787801945.499,gripper,38.391,37.985,38.391,0.406,0.406,0
1787801945.548,shoulder_pan,-5.558,-5.143,-5.558,-0.415,-0.415,0
1787801945.548,shoulder_lift,53.316,53.495,53.316,-0.179,-0.179,0
1787801945.548,elbow_flex,30.383,32.132,30.383,-1.749,-1.749,0
1787801945.548,wrist_flex,-75.003,-73.582,-75.003,-1.420,-1.420,0
1787801945.548,wrist_roll,-1.667,-1.451,-1.667,-0.217,-0.217,0
1787801945.548,gripper,38.669,38.053,38.669,0.616,0.616,0
1787801945.598,shoulder_pan,-5.556,-5.143,-5.556,-0.413,-0.413,0
1787801945.598,shoulder_lift,53.468,53.495,53.468,-0.027,-0.027,0
1787801945.598,elbow_flex,30.528,32.132,30.528,-1.604,-1.604,0
1787801945.598,wrist_flex,-75.214,-73.846,-75.214,-1.368,-1.368,0
1787801945.598,wrist_roll,-1.676,-1.451,-1.676,-0.225,-0.225,0
1787801945.598,gripper,38.832,38.121,38.832,0.711,0.711,0
1787801945.648,shoulder_pan,-5.571,-5.143,-5.571,-0.428,-0.428,0
1787801945.648,shoulder_lift,53.659,53.670,53.659,-0.011,-0.011,0
1787801945.648,elbow_flex,30.753,32.132,30.753,-1.379,-1.379,0
1787801945.648,wrist_flex,-75.559,-74.110,-75.559,-1.449,-1.449,0
1787801945.648,wrist_roll,-1.702,-1.451,-1.702,-0.251,-0.251,0
1787801945.648,gripper,39.335,38.325,39.335,1.010,1.010,0
1787801945.698,shoulder_pan,-5.597,-5.143,-5.597,-0.454,-0.454,0
1787801945.698,shoulder_lift,53.788,53.846,53.788,-0.059,-0.059,0
1787801945.698,elbow_flex,31.150,32.132,31.150,-0.982,-0.982,0
1787801945.698,wrist_flex,-76.029,-74.286,-76.029,-1.743,-1.743,0
1787801945.698,wrist_roll,-1.727,-1.451,-1.727,-0.277,-0.277,0
1787801945.698,gripper,39.863,38.393,39.863,1.469,1.469,0
1787801945.751,shoulder_pan,-5.628,-5.143,-5.628,-0.485,-0.485,0
1787801945.751,shoulder_lift,53.913,54.198,53.913,-0.285,-0.285,0
1787801945.751,elbow_flex,31.597,32.132,31.597,-0.535,-0.535,0
1787801945.751,wrist_flex,-76.554,-74.637,-76.554,-1.917,-1.917,0
1787801945.751,wrist_roll,-1.747,-1.451,-1.747,-0.296,-0.296,0
1787801945.751,gripper,40.558,38.734,40.558,1.824,1.824,0
1787801945.798,shoulder_pan,-5.693,-5.143,-5.693,-0.550,-0.550,0
1787801945.798,shoulder_lift,54.028,54.198,54.028,-0.170,-0.170,0
1787801945.798,elbow_flex,32.188,32.132,32.188,0.057,0.057,0
1787801945.798,wrist_flex,-77.166,-74.901,-77.166,-2.265,-2.265,0
1787801945.798,wrist_roll,-1.769,-1.451,-1.769,-0.318,-0.318,0
1787801945.798,gripper,41.533,39.142,41.533,2.391,2.391,0
1787801945.848,shoulder_pan,-5.933,-5.143,-5.933,-0.790,-0.790,0
1787801945.848,shoulder_lift,54.155,54.374,54.155,-0.219,-0.219,0
1787801945.848,elbow_flex,33.469,32.220,33.469,1.249,1.249,0
1787801945.848,wrist_flex,-78.315,-75.341,-78.315,-2.975,-2.975,0
1787801945.848,wrist_roll,-1.810,-1.451,-1.810,-0.359,-0.359,0
1787801945.848,gripper,43.549,39.823,43.549,3.726,3.726,0
1787801945.901,shoulder_pan,-6.377,-5.143,-6.377,-1.234,-1.234,0
1787801945.901,shoulder_lift,54.187,54.549,54.187,-0.363,-0.363,0
1787801945.901,elbow_flex,35.346,32.396,35.346,2.950,2.950,0
1787801945.901,wrist_flex,-79.806,-76.044,-79.806,-3.762,-3.762,0
1787801945.901,wrist_roll,-1.871,-1.451,-1.871,-0.420,-0.420,0
1787801945.901,gripper,46.214,40.776,46.214,5.438,5.438,0
1787801945.949,shoulder_pan,-6.539,-5.319,-6.539,-1.221,-1.221,0
1787801945.949,shoulder_lift,54.240,54.549,54.240,-0.310,-0.310,0
1787801945.949,elbow_flex,36.205,33.187,36.205,3.019,3.019,0
1787801945.949,wrist_flex,-80.655,-76.923,-80.655,-3.732,-3.732,0
1787801945.949,wrist_roll,-1.916,-1.451,-1.916,-0.466,-0.466,0
1787801945.949,gripper,47.942,42.206,47.942,5.736,5.736,0
1787801946.000,shoulder_pan,-6.620,-5.670,-6.620,-0.950,-0.950,0
1787801946.000,shoulder_lift,54.287,54.549,54.287,-0.263,-0.263,0
1787801946.000,elbow_flex,37.672,34.593,37.672,3.078,3.078,0
1787801946.000,wrist_flex,-82.069,-78.066,-82.069,-4.003,-4.003,0
1787801946.000,wrist_roll,-1.903,-1.451,-1.903,-0.453,-0.453,0
1787801946.000,gripper,48.644,44.180,48.644,4.464,4.464,0
1787801946.049,shoulder_pan,-6.685,-5.934,-6.685,-0.751,-0.751,0
1787801946.049,shoulder_lift,54.269,54.549,54.269,-0.280,-0.280,0
1787801946.049,elbow_flex,38.181,35.560,38.181,2.620,2.620,0
1787801946.049,wrist_flex,-82.505,-79.297,-82.505,-3.208,-3.208,0
1787801946.049,wrist_roll,-1.915,-1.363,-1.915,-0.553,-0.553,0
1787801946.049,gripper,49.247,45.950,49.247,3.298,3.298,0
1787801946.100,shoulder_pan,-6.727,-6.198,-6.727,-0.529,-0.529,0
1787801946.100,shoulder_lift,54.293,54.549,54.293,-0.256,-0.256,0
1787801946.100,elbow_flex,39.038,36.703,39.038,2.334,2.334,0
1787801946.100,wrist_flex,-83.351,-80.440,-83.351,-2.912,-2.912,0
1787801946.100,wrist_roll,-1.910,-1.538,-1.910,-0.372,-0.372,0
1787801946.100,gripper,49.497,47.175,49.497,2.322,2.322,0
1787801946.149,shoulder_pan,-6.749,-6.198,-6.749,-0.551,-0.551,0
1787801946.149,shoulder_lift,54.323,54.549,54.323,-0.227,-0.227,0
1787801946.149,elbow_flex,39.932,37.407,39.932,2.526,2.526,0
1787801946.149,wrist_flex,-84.277,-81.319,-84.277,-2.959,-2.959,0
1787801946.149,wrist_roll,-1.894,-1.626,-1.894,-0.268,-0.268,0
1787801946.149,gripper,49.668,47.992,49.668,1.676,1.676,0
1787801946.200,shoulder_pan,-6.740,-6.286,-6.740,-0.454,-0.454,0
1787801946.200,shoulder_lift,54.358,54.549,54.358,-0.191,-0.191,0
1787801946.200,elbow_flex,40.770,38.286,40.770,2.484,2.484,0
1787801946.200,wrist_flex,-85.126,-82.198,-85.126,-2.928,-2.928,0
1787801946.200,wrist_roll,-1.883,-1.626,-1.883,-0.257,-0.257,0
1787801946.200,gripper,49.788,48.536,49.788,1.252,1.252,0
1787801946.249,shoulder_pan,-6.754,-6.286,-6.754,-0.469,-0.469,0
1787801946.249,shoulder_lift,54.397,54.549,54.397,-0.152,-0.152,0
1787801946.249,elbow_flex,41.690,39.077,41.690,2.613,2.613,0
1787801946.249,wrist_flex,-86.046,-83.077,-86.046,-2.969,-2.969,0
1787801946.249,wrist_roll,-1.871,-1.626,-1.871,-0.245,-0.245,0
1787801946.249,gripper,49.892,48.809,49.892,1.083,1.083,0
1787801946.302,shoulder_pan,-6.745,-6.286,-6.745,-0.459,-0.459,0
1787801946.302,shoulder_lift,54.454,54.549,54.454,-0.096,-0.096,0
1787801946.302,elbow_flex,42.536,40.044,42.536,2.492,2.492,0
1787801946.302,wrist_flex,-86.972,-84.044,-86.972,-2.928,-2.928,0
1787801946.302,wrist_roll,-1.855,-1.802,-1.855,-0.052,-0.052,0
1787801946.302,gripper,49.935,49.081,49.935,0.854,0.854,0
1787801946.349,shoulder_pan,-6.743,-6.286,-6.743,-0.457,-0.457,0
1787801946.349,shoulder_lift,54.483,54.549,54.483,-0.066,-0.066,0
1787801946.349,elbow_flex,43.383,40.923,43.383,2.460,2.460,0
1787801946.349,wrist_flex,-87.803,-84.923,-87.803,-2.880,-2.880,0
1787801946.349,wrist_roll,-1.830,-1.802,-1.830,-0.028,-0.028,0
1787801946.349,gripper,49.965,49.285,49.965,0.680,0.680,0
1787801946.400,shoulder_pan,-6.728,-6.286,-6.728,-0.442,-0.442,0
1787801946.400,shoulder_lift,54.552,54.549,54.552,0.003,0.003,0
1787801946.400,elbow_flex,44.149,41.714,44.149,2.435,2.435,0
1787801946.400,wrist_flex,-88.589,-85.890,-88.589,-2.699,-2.699,0
1787801946.400,wrist_roll,-1.816,-1.802,-1.816,-0.014,-0.014,0
1787801946.400,gripper,49.960,49.285,49.960,0.675,0.675,0
1787801946.450,shoulder_pan,-6.724,-6.286,-6.724,-0.438,-0.438,0
1787801946.450,shoulder_lift,54.605,54.549,54.605,0.056,0.056,0
1787801946.450,elbow_flex,44.858,42.505,44.858,2.352,2.352,0
1787801946.450,wrist_flex,-89.313,-86.593,-89.313,-2.720,-2.720,0
1787801946.450,wrist_roll,-1.796,-1.802,-1.796,0.006,0.006,0
1787801946.450,gripper,49.951,49.285,49.951,0.666,0.666,0
1787801946.500,shoulder_pan,-6.720,-6.286,-6.720,-0.435,-0.435,0
1787801946.500,shoulder_lift,54.658,54.462,54.658,0.196,0.196,0
1787801946.500,elbow_flex,45.496,43.209,45.496,2.288,2.288,0
1787801946.500,wrist_flex,-89.875,-87.385,-89.875,-2.490,-2.490,0
1787801946.500,wrist_roll,-1.786,-1.802,-1.786,0.016,0.016,0
1787801946.500,gripper,49.955,49.285,49.955,0.670,0.670,0
1787801946.551,shoulder_pan,-6.709,-6.286,-6.709,-0.423,-0.423,0
1787801946.551,shoulder_lift,54.703,54.637,54.703,0.066,0.066,0
1787801946.551,elbow_flex,46.051,43.912,46.051,2.139,2.139,0
1787801946.551,wrist_flex,-90.396,-88.176,-90.396,-2.220,-2.220,0
1787801946.551,wrist_roll,-1.770,-1.802,-1.770,0.033,0.033,0
1787801946.551,gripper,49.963,49.285,49.963,0.678,0.678,0
1787801946.600,shoulder_pan,-6.682,-6.286,-6.682,-0.396,-0.396,0
1787801946.600,shoulder_lift,54.770,54.901,54.770,-0.131,-0.131,0
1787801946.600,elbow_flex,46.527,44.176,46.527,2.351,2.351,0
1787801946.600,wrist_flex,-90.832,-88.879,-90.832,-1.952,-1.952,0
1787801946.600,wrist_roll,-1.756,-1.802,-1.756,0.046,0.046,0
1787801946.600,gripper,49.946,49.285,49.946,0.661,0.661,0
1787801946.651,shoulder_pan,-6.684,-6.286,-6.684,-0.398,-0.398,0
1787801946.651,shoulder_lift,54.814,54.901,54.814,-0.087,-0.087,0
1787801946.651,elbow_flex,46.865,44.967,46.865,1.898,1.898,0
1787801946.651,wrist_flex,-91.127,-89.495,-91.127,-1.632,-1.632,0
1787801946.651,wrist_roll,-1.740,-1.802,-1.740,0.062,0.062,0
1787801946.651,gripper,49.900,49.285,49.900,0.615,0.615,0
1787801946.700,shoulder_pan,-6.684,-6.286,-6.684,-0.398,-0.398,0
1787801946.700,shoulder_lift,54.836,54.901,54.836,-0.065,-0.065,0
1787801946.700,elbow_flex,47.542,45.495,47.542,2.047,2.047,0
1787801946.700,wrist_flex,-91.692,-90.022,-91.692,-1.670,-1.670,0
1787801946.700,wrist_roll,-1.717,-1.802,-1.717,0.085,0.085,0
1787801946.700,gripper,49.867,49.285,49.867,0.581,0.581,0
1787801946.751,shoulder_pan,-6.660,-6.286,-6.660,-0.375,-0.375,0
1787801946.751,shoulder_lift,54.912,54.901,54.912,0.011,0.011,0
1787801946.751,elbow_flex,47.911,46.110,47.911,1.801,1.801,0
1787801946.751,wrist_flex,-92.019,-90.462,-92.019,-1.558,-1.558,0
1787801946.751,wrist_roll,-1.711,-1.802,-1.711,0.091,0.091,0
1787801946.751,gripper,49.832,49.285,49.832,0.546,0.546,0
1787801946.800,shoulder_pan,-6.648,-6.286,-6.648,-0.362,-0.362,0
1787801946.800,shoulder_lift,54.946,54.901,54.946,0.045,0.045,0
1787801946.800,elbow_flex,48.350,46.549,48.350,1.801,1.801,0
1787801946.800,wrist_flex,-92.322,-90.901,-92.322,-1.421,-1.421,0
1787801946.800,wrist_roll,-1.691,-1.802,-1.691,0.112,0.112,0
1787801946.800,gripper,49.743,49.285,49.743,0.458,0.458,0
1787801946.852,shoulder_pan,-6.629,-6.286,-6.629,-0.344,-0.344,0
1787801946.852,shoulder_lift,54.988,54.901,54.988,0.087,0.087,0
1787801946.852,elbow_flex,49.013,47.077,49.013,1.936,1.936,0
1787801946.852,wrist_flex,-92.838,-91.341,-92.838,-1.497,-1.497,0
1787801946.852,wrist_roll,-1.665,-1.802,-1.665,0.137,0.137,0
1787801946.852,gripper,49.627,49.285,49.627,0.342,0.342,0
1787801946.900,shoulder_pan,-6.639,-6.286,-6.639,-0.353,-0.353,0
1787801946.900,shoulder_lift,55.013,54.901,55.013,0.112,0.112,0
1787801946.900,elbow_flex,49.511,47.516,49.511,1.995,1.995,0
1787801946.900,wrist_flex,-93.229,-91.780,-93.229,-1.449,-1.449,0
1787801946.900,wrist_roll,-1.645,-1.802,-1.645,0.157,0.157,0
1787801946.900,gripper,49.531,49.285,49.531,0.246,0.246,0
1787801946.951,shoulder_pan,-6.601,-6.286,-6.601,-0.316,-0.316,0
1787801946.951,shoulder_lift,55.083,54.901,55.083,0.182,0.182,0
1787801946.951,elbow_flex,50.085,48.044,50.085,2.041,2.041,0
1787801946.951,wrist_flex,-93.665,-92.132,-93.665,-1.533,-1.533,0
1787801946.951,wrist_roll,-1.619,-1.802,-1.619,0.184,0.184,0
1787801946.951,gripper,49.368,49.285,49.368,0.083,0.083,0
1787801947.002,shoulder_pan,-6.589,-6.286,-6.589,-0.303,-0.303,0
1787801947.002,shoulder_lift,55.124,54.901,55.124,0.223,0.223,0
1787801947.002,elbow_flex,50.612,48.484,50.612,2.128,2.128,0
1787801947.002,wrist_flex,-94.048,-92.396,-94.048,-1.652,-1.652,0
1787801947.002,wrist_roll,-1.589,-1.802,-1.589,0.213,0.213,0
1787801947.002,gripper,49.168,49.285,49.168,-0.117,-0.117,0
1787801947.053,shoulder_pan,-6.574,-6.286,-6.574,-0.289,-0.289,0
1787801947.053,shoulder_lift,55.135,54.901,55.135,0.234,0.234,0
1787801947.053,elbow_flex,51.301,49.099,51.301,2.203,2.203,0
1787801947.053,wrist_flex,-94.481,-92.659,-94.481,-1.821,-1.821,0
1787801947.053,wrist_roll,-1.554,-1.802,-1.554,0.248,0.248,0
1787801947.053,gripper,48.878,49.285,48.878,-0.407,-0.407,0
1787801947.101,shoulder_pan,-6.530,-6.286,-6.530,-0.244,-0.244,0
1787801947.101,shoulder_lift,55.182,54.901,55.182,0.281,0.281,0
1787801947.101,elbow_flex,51.892,49.626,51.892,2.266,2.266,0
1787801947.101,wrist_flex,-94.846,-92.923,-94.846,-1.923,-1.923,0
1787801947.101,wrist_roll,-1.520,-1.714,-1.520,0.194,0.194,0
1787801947.101,gripper,48.611,49.285,48.611,-0.675,-0.675,0
1787801947.152,shoulder_pan,-6.520,-6.286,-6.520,-0.234,-0.234,0
1787801947.152,shoulder_lift,55.199,54.901,55.199,0.297,0.297,0
1787801947.152,elbow_flex,52.287,50.242,52.287,2.045,2.045,0
1787801947.152,wrist_flex,-95.084,-93.187,-95.084,-1.897,-1.897,0
1787801947.152,wrist_roll,-1.496,-1.714,-1.496,0.218,0.218,0
1787801947.152,gripper,48.439,49.285,48.439,-0.846,-0.846,0
1787801947.202,shoulder_pan,-6.491,-6.286,-6.491,-0.205,-0.205,0
1787801947.202,shoulder_lift,55.223,54.901,55.223,0.322,0.322,0
1787801947.202,elbow_flex,53.055,50.681,53.055,2.373,2.373,0
1787801947.202,wrist_flex,-95.551,-93.451,-95.551,-2.100,-2.100,0
1787801947.202,wrist_roll,-1.444,-1.714,-1.444,0.270,0.270,0
1787801947.202,gripper,47.999,49.149,47.999,-1.150,-1.150,0
1787801947.251,shoulder_pan,-6.481,-6.286,-6.481,-0.195,-0.195,0
1787801947.251,shoulder_lift,55.239,54.901,55.239,0.338,0.338,0
1787801947.251,elbow_flex,53.649,51.209,53.649,2.440,2.440,0
1787801947.251,wrist_flex,-95.905,-93.538,-95.905,-2.366,-2.366,0
1787801947.251,wrist_roll,-1.414,-1.714,-1.414,0.301,0.301,0
1787801947.251,gripper,47.782,48.877,47.782,-1.094,-1.094,0
1787801947.300,shoulder_pan,-6.458,-6.286,-6.458,-0.172,-0.172,0
1787801947.300,shoulder_lift,55.257,54.901,55.257,0.355,0.355,0
1787801947.300,elbow_flex,54.464,51.736,54.464,2.727,2.727,0
1787801947.300,wrist_flex,-96.359,-93.714,-96.359,-2.645,-2.645,0
1787801947.300,wrist_roll,-1.367,-1.714,-1.367,0.348,0.348,0
1787801947.300,gripper,47.380,48.604,47.380,-1.224,-1.224,0
1787801947.352,shoulder_pan,-6.466,-6.286,-6.466,-0.180,-0.180,0
1787801947.352,shoulder_lift,55.255,54.813,55.255,0.441,0.441,0
1787801947.352,elbow_flex,55.001,52.352,55.001,2.650,2.650,0
1787801947.352,wrist_flex,-96.663,-94.154,-96.663,-2.509,-2.509,0
1787801947.352,wrist_roll,-1.326,-1.714,-1.326,0.389,0.389,0
1787801947.352,gripper,47.090,48.264,47.090,-1.174,-1.174,0
1787801947.401,shoulder_pan,-6.426,-6.286,-6.426,-0.140,-0.140,0
1787801947.401,shoulder_lift,55.289,54.813,55.289,0.475,0.475,0
1787801947.401,elbow_flex,55.515,53.055,55.515,2.460,2.460,0
1787801947.401,wrist_flex,-96.956,-94.505,-96.956,-2.451,-2.451,0
1787801947.401,wrist_roll,-1.304,-1.714,-1.304,0.410,0.410,0
1787801947.401,gripper,46.552,47.992,46.552,-1.440,-1.440,0
1787801947.452,shoulder_pan,-6.388,-6.286,-6.388,-0.102,-0.102,0
1787801947.452,shoulder_lift,55.318,54.813,55.318,0.505,0.505,0
1787801947.452,elbow_flex,56.415,53.582,56.415,2.833,2.833,0
1787801947.452,wrist_flex,-97.505,-94.945,-97.505,-2.560,-2.560,0
1787801947.452,wrist_roll,-1.266,-1.714,-1.266,0.448,0.448,0
1787801947.452,gripper,46.050,47.583,46.050,-1.534,-1.534,0
1787801947.502,shoulder_pan,-6.357,-6.286,-6.357,-0.071,-0.071,0
1787801947.502,shoulder_lift,55.336,54.813,55.336,0.522,0.522,0
1787801947.502,elbow_flex,57.214,54.198,57.214,3.017,3.017,0
1787801947.502,wrist_flex,-97.925,-95.385,-97.925,-2.541,-2.541,0
1787801947.502,wrist_roll,-1.205,-1.714,-1.205,0.510,0.510,0
1787801947.502,gripper,45.477,47.107,45.477,-1.630,-1.630,0
1787801947.551,shoulder_pan,-6.318,-6.286,-6.318,-0.032,-0.032,0
1787801947.551,shoulder_lift,55.386,54.813,55.386,0.573,0.573,0
1787801947.551,elbow_flex,58.002,54.989,58.002,3.013,3.013,0
1787801947.551,wrist_flex,-98.422,-95.824,-98.422,-2.597,-2.597,0
1787801947.551,wrist_roll,-1.173,-1.626,-1.173,0.453,0.453,0
1787801947.551,gripper,44.830,46.630,44.830,-1.801,-1.801,0
1787801947.602,shoulder_pan,-6.239,-6.286,-6.239,0.047,0.047,0
1787801947.602,shoulder_lift,55.445,54.813,55.445,0.632,0.632,0
1787801947.602,elbow_flex,58.720,55.780,58.720,2.939,2.939,0
1787801947.602,wrist_flex,-98.829,-96.352,-98.829,-2.478,-2.478,0
1787801947.602,wrist_roll,-1.154,-1.626,-1.154,0.472,0.472,0
1787801947.602,gripper,44.232,46.086,44.232,-1.853,-1.853,0
1787801947.652,shoulder_pan,-6.195,-6.286,-6.195,0.091,0.091,0
1787801947.652,shoulder_lift,55.511,54.813,55.511,0.698,0.698,0
1787801947.652,elbow_flex,59.318,56.659,59.318,2.658,2.658,0
1787801947.652,wrist_flex,-99.222,-96.879,-99.222,-2.342,-2.342,0
1787801947.652,wrist_roll,-1.141,-1.626,-1.141,0.485,0.485,0
1787801947.652,gripper,43.298,45.473,43.298,-2.175,-2.175,0
1787801947.702,shoulder_pan,-6.140,-6.286,-6.140,0.145,0.145,0
1787801947.702,shoulder_lift,55.596,54.813,55.596,0.783,0.783,0
1787801947.702,elbow_flex,60.009,57.363,60.009,2.646,2.646,0
1787801947.702,wrist_flex,-99.646,-97.319,-99.646,-2.327,-2.327,0
1787801947.702,wrist_roll,-1.113,-1.626,-1.113,0.514,0.514,0
1787801947.702,gripper,42.373,44.792,42.373,-2.419,-2.419,0
1787801947.752,shoulder_pan,-6.085,-6.286,-6.085,0.200,0.200,0
1787801947.752,shoulder_lift,55.677,54.813,55.677,0.864,0.864,0
1787801947.752,elbow_flex,60.396,57.978,60.396,2.418,2.418,0
1787801947.752,wrist_flex,-99.899,-97.495,-99.899,-2.404,-2.404,0
1787801947.752,wrist_roll,-1.097,-1.626,-1.097,0.529,0.529,0
1787801947.752,gripper,40.985,43.975,40.985,-2.990,-2.990,0
1787801947.802,shoulder_pan,-6.017,-6.286,-6.017,0.269,0.269,0
1787801947.802,shoulder_lift,55.744,55.077,55.744,0.667,0.667,0
1787801947.802,elbow_flex,60.843,58.593,60.843,2.250,2.250,0
1787801947.802,wrist_flex,-100.203,-97.758,-100.203,-2.445,-2.445,0
1787801947.802,wrist_roll,-1.091,-1.538,-1.091,0.447,0.447,0
1787801947.802,gripper,40.279,43.091,40.279,-2.812,-2.812,0
1787801947.852,shoulder_pan,-5.931,-6.286,-5.931,0.355,0.355,0
1787801947.852,shoulder_lift,55.845,55.077,55.845,0.768,0.768,0
1787801947.852,elbow_flex,61.415,58.945,61.415,2.470,2.470,0
1787801947.852,wrist_flex,-100.582,-97.758,-100.582,-2.823,-2.823,0
1787801947.852,wrist_roll,-1.084,-1.538,-1.084,0.455,0.455,0
1787801947.852,gripper,38.981,42.001,38.981,-3.020,-3.020,0
1787801947.903,shoulder_pan,-5.854,-6.286,-5.854,0.432,0.432,0
1787801947.903,shoulder_lift,55.955,55.077,55.955,0.878,0.878,0
1787801947.903,elbow_flex,61.956,59.473,61.956,2.484,2.484,0
1787801947.903,wrist_flex,-100.938,-97.758,-100.938,-3.180,-3.180,0
1787801947.903,wrist_roll,-1.065,-1.538,-1.065,0.473,0.473,0
1787801947.903,gripper,37.207,41.048,37.207,-3.841,-3.841,0
1787801947.954,shoulder_pan,-5.760,-6.286,-5.760,0.526,0.526,0
1787801947.954,shoulder_lift,56.041,55.253,56.041,0.789,0.789,0
1787801947.954,elbow_flex,62.314,59.912,62.314,2.402,2.402,0
1787801947.954,wrist_flex,-101.116,-97.758,-101.116,-3.358,-3.358,0
1787801947.954,wrist_roll,-1.052,-1.451,-1.052,0.399,0.399,0
1787801947.954,gripper,35.510,39.891,35.510,-4.381,-4.381,0
1787801948.002,shoulder_pan,-5.670,-6.286,-5.670,0.616,0.616,0
1787801948.002,shoulder_lift,56.143,55.341,56.143,0.802,0.802,0
1787801948.002,elbow_flex,62.952,60.352,62.952,2.601,2.601,0
1787801948.002,wrist_flex,-101.495,-97.758,-101.495,-3.737,-3.737,0
1787801948.002,wrist_roll,-1.030,-1.451,-1.030,0.420,0.420,0
1787801948.002,gripper,33.951,38.462,33.951,-4.510,-4.510,0
1787801948.053,shoulder_pan,-5.608,-6.286,-5.608,0.678,0.678,0
1787801948.053,shoulder_lift,56.162,55.341,56.162,0.821,0.821,0
1787801948.053,elbow_flex,63.289,60.879,63.289,2.410,2.410,0
1787801948.053,wrist_flex,-101.621,-97.846,-101.621,-3.775,-3.775,0
1787801948.053,wrist_roll,-1.016,-1.451,-1.016,0.435,0.435,0
1787801948.053,gripper,32.472,36.760,32.472,-4.288,-4.288,0
1787801948.103,shoulder_pan,-5.543,-6.286,-5.543,0.743,0.743,0
1787801948.103,shoulder_lift,56.180,55.341,56.180,0.839,0.839,0
1787801948.103,elbow_flex,63.682,61.319,63.682,2.364,2.364,0
1787801948.103,wrist_flex,-101.793,-97.934,-101.793,-3.859,-3.859,0
1787801948.103,wrist_roll,-0.996,-1.451,-0.996,0.454,0.454,0
1787801948.103,gripper,31.338,35.330,31.338,-3.992,-3.992,0
1787801948.152,shoulder_pan,-5.503,-6.286,-5.503,0.783,0.783,0
1787801948.152,shoulder_lift,56.189,55.341,56.189,0.849,0.849,0
1787801948.152,elbow_flex,64.151,61.670,64.151,2.480,2.480,0
1787801948.152,wrist_flex,-102.023,-98.110,-102.023,-3.913,-3.913,0
1787801948.152,wrist_roll,-0.967,-1.451,-0.967,0.484,0.484,0
1787801948.152,gripper,30.357,33.833,30.357,-3.475,-3.475,0
1787801948.204,shoulder_pan,-5.474,-6.286,-5.474,0.811,0.811,0
1787801948.204,shoulder_lift,56.197,55.341,56.197,0.856,0.856,0
1787801948.204,elbow_flex,64.402,62.110,64.402,2.292,2.292,0
1787801948.204,wrist_flex,-102.101,-98.286,-102.101,-3.815,-3.815,0
1787801948.204,wrist_roll,-0.953,-1.451,-0.953,0.498,0.498,0
1787801948.204,gripper,29.129,32.539,29.129,-3.410,-3.410,0
1787801948.254,shoulder_pan,-5.401,-6.286,-5.401,0.885,0.885,0
1787801948.254,shoulder_lift,56.173,55.341,56.173,0.832,0.832,0
1787801948.254,elbow_flex,64.664,62.549,64.664,2.115,2.115,0
1787801948.254,wrist_flex,-102.160,-98.286,-102.160,-3.874,-3.874,0
1787801948.254,wrist_roll,-0.916,-1.451,-0.916,0.534,0.534,0
1787801948.254,gripper,27.724,31.382,27.724,-3.658,-3.658,0
1787801948.303,shoulder_pan,-5.368,-6.286,-5.368,0.918,0.918,0
1787801948.303,shoulder_lift,56.149,55.341,56.149,0.808,0.808,0
1787801948.303,elbow_flex,65.010,62.901,65.010,2.109,2.109,0
1787801948.303,wrist_flex,-102.205,-98.286,-102.205,-3.920,-3.920,0
1787801948.303,wrist_roll,-0.886,-1.451,-0.886,0.564,0.564,0
1787801948.303,gripper,26.226,30.088,26.226,-3.863,-3.863,0
1787801948.352,shoulder_pan,-5.358,-6.286,-5.358,0.928,0.928,0
1787801948.352,shoulder_lift,56.105,55.341,56.105,0.764,0.764,0
1787801948.352,elbow_flex,65.235,63.077,65.235,2.158,2.158,0
1787801948.352,wrist_flex,-102.250,-98.286,-102.250,-3.964,-3.964,0
1787801948.352,wrist_roll,-0.854,-1.187,-0.854,0.333,0.333,0
1787801948.352,gripper,25.280,28.727,25.280,-3.447,-3.447,0
1787801948.404,shoulder_pan,-5.295,-6.286,-5.295,0.991,0.991,0
1787801948.404,shoulder_lift,56.101,55.341,56.101,0.760,0.760,0
1787801948.404,elbow_flex,65.400,63.429,65.400,1.972,1.972,0
1787801948.404,wrist_flex,-102.255,-98.286,-102.255,-3.969,-3.969,0
1787801948.404,wrist_roll,-0.831,-1.099,-0.831,0.268,0.268,0
1787801948.404,gripper,24.268,27.366,24.268,-3.097,-3.097,0
1787801948.453,shoulder_pan,-5.293,-6.286,-5.293,0.993,0.993,0
1787801948.453,shoulder_lift,56.024,55.253,56.024,0.771,0.771,0
1787801948.453,elbow_flex,65.669,63.604,65.669,2.064,2.064,0
1787801948.453,wrist_flex,-102.301,-98.286,-102.301,-4.015,-4.015,0
1787801948.453,wrist_roll,-0.792,-1.099,-0.792,0.307,0.307,0
1787801948.453,gripper,22.751,26.276,22.751,-3.525,-3.525,0
1787801948.503,shoulder_pan,-5.242,-6.286,-5.242,1.044,1.044,0
1787801948.503,shoulder_lift,55.967,55.253,55.967,0.715,0.715,0
1787801948.503,elbow_flex,65.774,63.604,65.774,2.169,2.169,0
1787801948.503,wrist_flex,-102.262,-98.286,-102.262,-3.976,-3.976,0
1787801948.503,wrist_roll,-0.763,-1.099,-0.763,0.336,0.336,0
1787801948.503,gripper,21.398,25.187,21.398,-3.790,-3.790,0
1787801948.554,shoulder_pan,-5.222,-6.286,-5.222,1.064,1.064,0
1787801948.554,shoulder_lift,55.931,55.253,55.931,0.678,0.678,0
1787801948.554,elbow_flex,65.987,63.604,65.987,2.382,2.382,0
1787801948.554,wrist_flex,-102.289,-98.286,-102.289,-4.004,-4.004,0
1787801948.554,wrist_roll,-0.745,-1.099,-0.745,0.354,0.354,0
1787801948.554,gripper,20.422,23.758,20.422,-3.336,-3.336,0
1787801948.604,shoulder_pan,-5.207,-6.286,-5.207,1.079,1.079,0
1787801948.604,shoulder_lift,55.870,55.253,55.870,0.617,0.617,0
1787801948.604,elbow_flex,66.088,63.780,66.088,2.307,2.307,0
1787801948.604,wrist_flex,-102.263,-98.286,-102.263,-3.978,-3.978,0
1787801948.604,wrist_roll,-0.726,-1.099,-0.726,0.373,0.373,0
1787801948.604,gripper,18.928,22.464,18.928,-3.536,-3.536,0
1787801948.654,shoulder_pan,-5.173,-6.286,-5.173,1.113,1.113,0
1787801948.654,shoulder_lift,55.834,55.253,55.834,0.581,0.581,0
1787801948.654,elbow_flex,66.257,63.956,66.257,2.301,2.301,0
1787801948.654,wrist_flex,-102.263,-98.286,-102.263,-3.977,-3.977,0
1787801948.654,wrist_roll,-0.716,-1.275,-0.716,0.559,0.559,0
1787801948.654,gripper,17.437,21.443,17.437,-4.006,-4.006,0
1787801948.705,shoulder_pan,-5.152,-6.286,-5.152,1.134,1.134,0
1787801948.705,shoulder_lift,55.749,55.253,55.749,0.496,0.496,0
1787801948.705,elbow_flex,66.360,64.132,66.360,2.228,2.228,0
1787801948.705,wrist_flex,-102.269,-98.286,-102.269,-3.984,-3.984,0
1787801948.705,wrist_roll,-0.709,-1.187,-0.709,0.478,0.478,0
1787801948.705,gripper,16.339,20.014,16.339,-3.674,-3.674,0
1787801948.754,shoulder_pan,-5.159,-6.286,-5.159,1.126,1.126,0
1787801948.754,shoulder_lift,55.845,55.253,55.845,0.592,0.592,0
1787801948.754,elbow_flex,66.682,64.220,66.682,2.462,2.462,0
1787801948.754,wrist_flex,-102.259,-98.374,-102.259,-3.885,-3.885,0
1787801948.754,wrist_roll,-0.716,-1.099,-0.716,0.383,0.383,0
1787801948.754,gripper,14.658,18.652,14.658,-3.994,-3.994,0
1787801948.803,shoulder_pan,-5.125,-6.286,-5.125,1.160,1.160,0
1787801948.803,shoulder_lift,55.756,55.253,55.756,0.503,0.503,0
1787801948.803,elbow_flex,66.783,64.308,66.783,2.475,2.475,0
1787801948.803,wrist_flex,-102.270,-98.374,-102.270,-3.897,-3.897,0
1787801948.803,wrist_roll,-0.723,-1.099,-0.723,0.376,0.376,0
1787801948.803,gripper,13.018,17.427,13.018,-4.409,-4.409,0
1787801948.853,shoulder_pan,-5.164,-6.198,-5.164,1.034,1.034,0
1787801948.853,shoulder_lift,55.715,55.253,55.715,0.462,0.462,0
1787801948.853,elbow_flex,66.998,64.308,66.998,2.690,2.690,0
1787801948.853,wrist_flex,-102.253,-98.374,-102.253,-3.879,-3.879,0
1787801948.853,wrist_roll,-0.730,-1.099,-0.730,0.369,0.369,0
1787801948.853,gripper,12.332,15.861,12.332,-3.529,-3.529,0
1787801948.904,shoulder_pan,-5.136,-6.198,-5.136,1.062,1.062,0
1787801948.904,shoulder_lift,55.594,55.253,55.594,0.342,0.342,0
1787801948.904,elbow_flex,67.180,64.396,67.180,2.785,2.785,0
1787801948.904,wrist_flex,-102.244,-98.374,-102.244,-3.871,-3.871,0
1787801948.904,wrist_roll,-0.743,-1.099,-0.743,0.356,0.356,0
1787801948.904,gripper,10.530,14.432,10.530,-3.902,-3.902,0
1787801948.956,shoulder_pan,-5.109,-6.022,-5.109,0.913,0.913,0
1787801948.956,shoulder_lift,55.472,55.165,55.472,0.307,0.307,0
1787801948.956,elbow_flex,67.368,64.659,67.368,2.709,2.709,0
1787801948.956,wrist_flex,-102.223,-98.374,-102.223,-3.849,-3.849,0
1787801948.956,wrist_roll,-0.759,-1.099,-0.759,0.340,0.340,0
1787801948.956,gripper,8.823,13.138,8.823,-4.315,-4.315,0
1787801949.004,shoulder_pan,-5.099,-5.846,-5.099,0.747,0.747,0
1787801949.004,shoulder_lift,55.369,55.165,55.369,0.205,0.205,0
1787801949.004,elbow_flex,67.476,65.011,67.476,2.465,2.465,0
1787801949.004,wrist_flex,-102.216,-98.374,-102.216,-3.843,-3.843,0
1787801949.004,wrist_roll,-0.763,-1.099,-0.763,0.336,0.336,0
1787801949.004,gripper,8.289,11.641,8.289,-3.351,-3.351,0
1787801949.054,shoulder_pan,-5.067,-5.846,-5.067,0.779,0.779,0
1787801949.054,shoulder_lift,55.139,55.165,55.139,-0.026,-0.026,0
1787801949.054,elbow_flex,67.824,65.187,67.824,2.638,2.638,0
1787801949.054,wrist_flex,-102.186,-98.374,-102.186,-3.812,-3.812,0
1787801949.054,wrist_roll,-0.807,-1.099,-0.807,0.292,0.292,0
1787801949.054,gripper,5.824,10.211,5.824,-4.387,-4.387,0
1787801949.105,shoulder_pan,-5.033,-5.846,-5.033,0.813,0.813,0
1787801949.105,shoulder_lift,54.987,55.165,54.987,-0.178,-0.178,0
1787801949.105,elbow_flex,68.042,65.538,68.042,2.504,2.504,0
1787801949.105,wrist_flex,-102.180,-98.374,-102.180,-3.807,-3.807,0
1787801949.105,wrist_roll,-0.813,-1.099,-0.813,0.286,0.286,0
1787801949.105,gripper,5.059,9.054,5.059,-3.995,-3.995,0
1787801949.155,shoulder_pan,-5.073,-5.846,-5.073,0.774,0.774,0
1787801949.155,shoulder_lift,54.775,55.077,54.775,-0.302,-0.302,0
1787801949.155,elbow_flex,68.319,65.714,68.319,2.604,2.604,0
1787801949.155,wrist_flex,-102.190,-98.462,-102.190,-3.729,-3.729,0
1787801949.155,wrist_roll,-0.842,-1.099,-0.842,0.257,0.257,0
1787801949.155,gripper,3.724,7.420,3.724,-3.696,-3.696,0
1787801949.206,shoulder_pan,-5.036,-5.846,-5.036,0.810,0.810,0
1787801949.206,shoulder_lift,54.448,55.077,54.448,-0.629,-0.629,0
1787801949.206,elbow_flex,68.546,65.978,68.546,2.568,2.568,0
1787801949.206,wrist_flex,-102.167,-98.462,-102.167,-3.706,-3.706,0
1787801949.206,wrist_roll,-0.869,-1.099,-0.869,0.230,0.230,0
1787801949.206,gripper,2.717,6.127,2.717,-3.409,-3.409,0
1787801949.255,shoulder_pan,-4.983,-5.846,-4.983,0.863,0.863,0
1787801949.255,shoulder_lift,54.073,54.989,54.073,-0.916,-0.916,0
1787801949.255,elbow_flex,68.819,66.154,68.819,2.665,2.665,0
1787801949.255,wrist_flex,-102.143,-98.462,-102.143,-3.681,-3.681,0
1787801949.255,wrist_roll,-0.887,-1.099,-0.887,0.212,0.212,0
1787801949.255,gripper,1.872,4.765,1.872,-2.893,-2.893,0
1787801949.306,shoulder_pan,-4.991,-5.846,-4.991,0.855,0.855,0
1787801949.306,shoulder_lift,53.872,54.725,53.872,-0.853,-0.853,0
1787801949.306,elbow_flex,69.007,66.593,69.007,2.413,2.413,0
1787801949.306,wrist_flex,-102.133,-98.462,-102.133,-3.671,-3.671,0
1787801949.306,wrist_roll,-0.897,-1.099,-0.897,0.202,0.202,0
1787801949.306,gripper,1.484,3.676,1.484,-2.192,-2.192,0
1787801949.355,shoulder_pan,-4.976,-5.758,-4.976,0.782,0.782,0
1787801949.355,shoulder_lift,53.589,54.549,53.589,-0.960,-0.960,0
1787801949.355,elbow_flex,69.240,67.033,69.240,2.207,2.207,0
1787801949.355,wrist_flex,-102.098,-98.462,-102.098,-3.636,-3.636,0
1787801949.355,wrist_roll,-0.911,-1.099,-0.911,0.188,0.188,0
1787801949.355,gripper,1.320,2.791,1.320,-1.471,-1.471,0
1787801949.418,shoulder_pan,-4.525,-5.670,-4.525,1.146,1.146,0
1787801949.418,shoulder_lift,53.743,54.462,53.743,-0.719,-0.719,0
1787801949.418,elbow_flex,71.502,67.385,71.502,4.117,4.117,0
1787801949.418,wrist_flex,-102.305,-98.462,-102.305,-3.844,-3.844,0
1787801949.418,wrist_roll,-0.986,-1.099,-0.986,0.113,0.113,0
1787801949.418,gripper,0.622,2.314,0.622,-1.692,-1.692,0
1787801949.455,shoulder_pan,-4.349,-5.670,-4.349,1.321,1.321,0
1787801949.455,shoulder_lift,54.115,54.286,54.115,-0.171,-0.171,0
1787801949.455,elbow_flex,71.429,67.736,71.429,3.693,3.693,0
1787801949.455,wrist_flex,-102.320,-98.462,-102.320,-3.858,-3.858,0
1787801949.455,wrist_roll,-0.984,-1.099,-0.984,0.115,0.115,0
1787801949.455,gripper,0.633,2.110,0.633,-1.477,-1.477,0
1787801949.505,shoulder_pan,-4.123,-5.407,-4.123,1.284,1.284,0
1787801949.505,shoulder_lift,54.432,54.198,54.432,0.234,0.234,0
1787801949.505,elbow_flex,71.391,68.703,71.391,2.688,2.688,0
1787801949.505,wrist_flex,-102.290,-98.462,-102.290,-3.829,-3.829,0
1787801949.505,wrist_roll,-0.969,-1.099,-0.969,0.130,0.130,0
1787801949.505,gripper,0.662,1.974,0.662,-1.313,-1.313,0
1787801949.555,shoulder_pan,-4.018,-5.055,-4.018,1.037,1.037,0
1787801949.555,shoulder_lift,54.736,54.022,54.736,0.714,0.714,0
1787801949.555,elbow_flex,71.383,69.319,71.383,2.065,2.065,0
1787801949.555,wrist_flex,-102.317,-98.462,-102.317,-3.855,-3.855,0
1787801949.555,wrist_roll,-0.967,-1.099,-0.967,0.132,0.132,0
1787801949.555,gripper,0.710,1.974,0.710,-1.265,-1.265,0
1787801949.605,shoulder_pan,-3.863,-4.791,-3.863,0.929,0.929,0
1787801949.605,shoulder_lift,54.899,53.934,54.899,0.965,0.965,0
1787801949.605,elbow_flex,71.394,69.582,71.394,1.811,1.811,0
1787801949.605,wrist_flex,-102.301,-98.462,-102.301,-3.840,-3.840,0
1787801949.605,wrist_roll,-0.952,-1.099,-0.952,0.147,0.147,0
1787801949.605,gripper,0.741,1.974,0.741,-1.233,-1.233,0
1787801949.656,shoulder_pan,-3.707,-4.703,-3.707,0.997,0.997,0
1787801949.656,shoulder_lift,55.098,53.934,55.098,1.163,1.163,0
1787801949.656,elbow_flex,71.356,69.758,71.356,1.598,1.598,0
1787801949.656,wrist_flex,-102.279,-98.462,-102.279,-3.817,-3.817,0
1787801949.656,wrist_roll,-0.936,-1.099,-0.936,0.163,0.163,0
1787801949.656,gripper,0.755,1.974,0.755,-1.219,-1.219,0
1787801949.707,shoulder_pan,-3.609,-4.703,-3.609,1.095,1.095,0
1787801949.707,shoulder_lift,55.246,53.934,55.246,1.312,1.312,0
1787801949.707,elbow_flex,71.333,69.758,71.333,1.575,1.575,0
1787801949.707,wrist_flex,-102.262,-98.462,-102.262,-3.800,-3.800,0
1787801949.707,wrist_roll,-0.916,-1.099,-0.916,0.183,0.183,0
1787801949.707,gripper,0.774,1.974,0.774,-1.200,-1.200,0
1787801949.756,shoulder_pan,-3.557,-4.703,-3.557,1.146,1.146,0
1787801949.756,shoulder_lift,55.217,53.934,55.217,1.283,1.283,0
1787801949.756,elbow_flex,71.326,69.758,71.326,1.568,1.568,0
1787801949.756,wrist_flex,-102.270,-98.462,-102.270,-3.809,-3.809,0
1787801949.756,wrist_roll,-0.902,-1.099,-0.902,0.197,0.197,0
1787801949.756,gripper,0.780,1.974,0.780,-1.194,-1.194,0
1787801949.805,shoulder_pan,-3.462,-4.703,-3.462,1.242,1.242,0
1787801949.805,shoulder_lift,55.304,53.934,55.304,1.370,1.370,0
1787801949.805,elbow_flex,71.312,69.758,71.312,1.554,1.554,0
1787801949.805,wrist_flex,-102.265,-98.462,-102.265,-3.804,-3.804,0
1787801949.805,wrist_roll,-0.882,-1.099,-0.882,0.217,0.217,0
1787801949.805,gripper,0.801,1.974,0.801,-1.173,-1.173,0
1787801949.857,shoulder_pan,-3.448,-4.615,-3.448,1.167,1.167,0
1787801949.857,shoulder_lift,55.323,53.934,55.323,1.389,1.389,0
1787801949.857,elbow_flex,71.336,69.758,71.336,1.578,1.578,0
1787801949.857,wrist_flex,-102.282,-98.462,-102.282,-3.821,-3.821,0
1787801949.857,wrist_roll,-0.874,-1.099,-0.874,0.225,0.225,0
1787801949.857,gripper,0.816,1.974,0.816,-1.159,-1.159,0
1787801949.905,shoulder_pan,-3.418,-4.440,-3.418,1.022,1.022,0
1787801949.905,shoulder_lift,55.258,53.934,55.258,1.324,1.324,0
1787801949.905,elbow_flex,71.338,69.758,71.338,1.580,1.580,0
1787801949.905,wrist_flex,-102.303,-98.462,-102.303,-3.842,-3.842,0
1787801949.905,wrist_roll,-0.847,-1.099,-0.847,0.252,0.252,0
1787801949.905,gripper,0.800,1.974,0.800,-1.174,-1.174,0
1787801949.956,shoulder_pan,-3.381,-4.352,-3.381,0.971,0.971,0
1787801949.956,shoulder_lift,55.301,53.934,55.301,1.367,1.367,0
1787801949.956,elbow_flex,71.327,69.758,71.327,1.569,1.569,0
1787801949.956,wrist_flex,-102.311,-98.462,-102.311,-3.850,-3.850,0
1787801949.956,wrist_roll,-0.827,-1.099,-0.827,0.272,0.272,0
1787801949.956,gripper,0.812,1.974,0.812,-1.162,-1.162,0
1787801950.006,shoulder_pan,-3.341,-4.352,-3.341,1.010,1.010,0
1787801950.006,shoulder_lift,55.289,53.934,55.289,1.354,1.354,0
1787801950.006,elbow_flex,71.330,69.758,71.330,1.572,1.572,0
1787801950.006,wrist_flex,-102.318,-98.462,-102.318,-3.857,-3.857,0
1787801950.006,wrist_roll,-0.802,-1.099,-0.802,0.297,0.297,0
1787801950.006,gripper,0.810,1.974,0.810,-1.164,-1.164,0
1787801950.056,shoulder_pan,-3.314,-4.352,-3.314,1.038,1.038,0
1787801950.056,shoulder_lift,55.287,53.934,55.287,1.353,1.353,0
1787801950.056,elbow_flex,71.316,69.758,71.316,1.558,1.558,0
1787801950.056,wrist_flex,-102.327,-98.462,-102.327,-3.866,-3.866,0
1787801950.056,wrist_roll,-0.775,-1.099,-0.775,0.324,0.324,0
1787801950.056,gripper,0.804,1.974,0.804,-1.170,-1.170,0
1787801950.107,shoulder_pan,-3.282,-4.352,-3.282,1.069,1.069,0
1787801950.107,shoulder_lift,55.279,53.934,55.279,1.345,1.345,0
1787801950.107,elbow_flex,71.288,69.758,71.288,1.530,1.530,0
1787801950.107,wrist_flex,-102.336,-98.462,-102.336,-3.874,-3.874,0
1787801950.107,wrist_roll,-0.758,-1.099,-0.758,0.341,0.341,0
1787801950.107,gripper,0.811,1.974,0.811,-1.163,-1.163,0
1787801950.156,shoulder_pan,-3.255,-4.352,-3.255,1.097,1.097,0
1787801950.156,shoulder_lift,55.274,53.934,55.274,1.340,1.340,0
1787801950.156,elbow_flex,71.291,69.758,71.291,1.532,1.532,0
1787801950.156,wrist_flex,-102.329,-98.462,-102.329,-3.867,-3.867,0
1787801950.156,wrist_roll,-0.724,-1.099,-0.724,0.375,0.375,0
1787801950.156,gripper,0.801,1.974,0.801,-1.174,-1.174,0
1787801950.205,shoulder_pan,-3.228,-4.352,-3.228,1.123,1.123,0
1787801950.205,shoulder_lift,55.246,53.934,55.246,1.312,1.312,0
1787801950.205,elbow_flex,71.274,69.758,71.274,1.516,1.516,0
1787801950.205,wrist_flex,-102.334,-98.462,-102.334,-3.872,-3.872,0
1787801950.205,wrist_roll,-0.708,-1.099,-0.708,0.391,0.391,0
1787801950.205,gripper,0.796,1.974,0.796,-1.178,-1.178,0
1787801950.257,shoulder_pan,-3.218,-4.352,-3.218,1.134,1.134,0
1787801950.257,shoulder_lift,55.200,53.934,55.200,1.266,1.266,0
1787801950.257,elbow_flex,71.272,69.758,71.272,1.514,1.514,0
1787801950.257,wrist_flex,-102.346,-98.462,-102.346,-3.884,-3.884,0
1787801950.257,wrist_roll,-0.675,-1.099,-0.675,0.424,0.424,0
1787801950.257,gripper,0.788,1.974,0.788,-1.186,-1.186,0
1787801950.306,shoulder_pan,-3.189,-4.352,-3.189,1.163,1.163,0
1787801950.306,shoulder_lift,55.196,53.934,55.196,1.262,1.262,0
1787801950.306,elbow_flex,71.247,69.758,71.247,1.488,1.488,0
1787801950.306,wrist_flex,-102.346,-98.462,-102.346,-3.884,-3.884,0
1787801950.306,wrist_roll,-0.656,-1.099,-0.656,0.443,0.443,0
1787801950.306,gripper,0.791,1.974,0.791,-1.183,-1.183,0
1787801950.358,shoulder_pan,-3.178,-4.352,-3.178,1.174,1.174,0
1787801950.358,shoulder_lift,55.153,53.934,55.153,1.219,1.219,0
1787801950.358,elbow_flex,71.249,69.758,71.249,1.491,1.491,0
1787801950.358,wrist_flex,-102.349,-98.462,-102.349,-3.887,-3.887,0
1787801950.358,wrist_roll,-0.633,-1.099,-0.633,0.465,0.465,0
1787801950.358,gripper,0.784,1.974,0.784,-1.190,-1.190,0
1787801950.406,shoulder_pan,-3.163,-4.176,-3.163,1.013,1.013,0
1787801950.406,shoulder_lift,55.142,53.934,55.142,1.208,1.208,0
1787801950.406,elbow_flex,71.245,69.758,71.245,1.487,1.487,0
1787801950.406,wrist_flex,-102.337,-98.462,-102.337,-3.876,-3.876,0
1787801950.406,wrist_roll,-0.606,-1.099,-0.606,0.493,0.493,0
1787801950.406,gripper,0.780,1.974,0.780,-1.194,-1.194,0
1787801950.455,shoulder_pan,-3.150,-4.000,-3.150,0.850,0.850,0
1787801950.455,shoulder_lift,55.095,53.934,55.095,1.161,1.161,0
1787801950.455,elbow_flex,71.236,69.758,71.236,1.478,1.478,0
1787801950.455,wrist_flex,-102.344,-98.462,-102.344,-3.883,-3.883,0
1787801950.455,wrist_roll,-0.589,-1.099,-0.589,0.510,0.510,0
1787801950.455,gripper,0.788,1.974,0.788,-1.186,-1.186,0
1787801950.509,shoulder_pan,-3.134,-4.000,-3.134,0.866,0.866,0
1787801950.509,shoulder_lift,55.088,53.934,55.088,1.154,1.154,0
1787801950.509,elbow_flex,71.228,69.758,71.228,1.470,1.470,0
1787801950.509,wrist_flex,-102.337,-98.462,-102.337,-3.875,-3.875,0
1787801950.509,wrist_roll,-0.562,-1.099,-0.562,0.537,0.537,0
1787801950.509,gripper,0.779,1.974,0.779,-1.195,-1.195,0
1787801950.556,shoulder_pan,-3.127,-4.000,-3.127,0.873,0.873,0
1787801950.556,shoulder_lift,55.044,53.934,55.044,1.110,1.110,0
1787801950.556,elbow_flex,71.248,69.758,71.248,1.490,1.490,0
1787801950.556,wrist_flex,-102.338,-98.462,-102.338,-3.877,-3.877,0
1787801950.556,wrist_roll,-0.533,-1.099,-0.533,0.566,0.566,0
1787801950.556,gripper,0.768,1.974,0.768,-1.206,-1.206,0
1787801950.608,shoulder_pan,-3.112,-4.000,-3.112,0.888,0.888,0
1787801950.608,shoulder_lift,55.031,53.934,55.031,1.097,1.097,0
1787801950.608,elbow_flex,71.241,69.758,71.241,1.483,1.483,0
1787801950.608,wrist_flex,-102.322,-98.462,-102.322,-3.861,-3.861,0
1787801950.608,wrist_roll,-0.511,-1.099,-0.511,0.588,0.588,0
1787801950.608,gripper,0.757,1.974,0.757,-1.217,-1.217,0
1787801950.656,shoulder_pan,-3.114,-4.000,-3.114,0.886,0.886,0
1787801950.656,shoulder_lift,54.976,53.934,54.976,1.042,1.042,0
1787801950.656,elbow_flex,71.256,69.758,71.256,1.498,1.498,0
1787801950.656,wrist_flex,-102.319,-98.462,-102.319,-3.858,-3.858,0
1787801950.656,wrist_roll,-0.491,-1.099,-0.491,0.608,0.608,0
1787801950.656,gripper,0.749,1.974,0.749,-1.225,-1.225,0
1787801950.708,shoulder_pan,-3.107,-4.000,-3.107,0.893,0.893,0
1787801950.708,shoulder_lift,54.950,53.934,54.950,1.015,1.015,0
1787801950.708,elbow_flex,71.277,69.758,71.277,1.519,1.519,0
1787801950.708,wrist_flex,-102.308,-98.462,-102.308,-3.847,-3.847,0
1787801950.708,wrist_roll,-0.461,-1.099,-0.461,0.638,0.638,0
1787801950.708,gripper,0.729,1.974,0.729,-1.245,-1.245,0
1787801950.758,shoulder_pan,-3.108,-4.000,-3.108,0.892,0.892,0
1787801950.758,shoulder_lift,54.915,53.934,54.915,0.980,0.980,0
1787801950.758,elbow_flex,71.275,69.758,71.275,1.516,1.516,0
1787801950.758,wrist_flex,-102.309,-98.462,-102.309,-3.848,-3.848,0
1787801950.758,wrist_roll,-0.450,-1.099,-0.450,0.649,0.649,0
1787801950.758,gripper,0.729,1.974,0.729,-1.245,-1.245,0
1787801950.806,shoulder_pan,-3.109,-4.000,-3.109,0.891,0.891,0
1787801950.806,shoulder_lift,54.863,53.934,54.863,0.929,0.929,0
1787801950.806,elbow_flex,71.294,69.758,71.294,1.535,1.535,0
1787801950.806,wrist_flex,-102.290,-98.462,-102.290,-3.828,-3.828,0
1787801950.806,wrist_roll,-0.423,-1.099,-0.423,0.676,0.676,0
1787801950.806,gripper,0.708,1.974,0.708,-1.267,-1.267,0
1787801950.859,shoulder_pan,-3.115,-4.000,-3.115,0.885,0.885,0
1787801950.859,shoulder_lift,54.822,53.934,54.822,0.888,0.888,0
1787801950.859,elbow_flex,71.285,69.758,71.285,1.526,1.526,0
1787801950.859,wrist_flex,-102.297,-98.462,-102.297,-3.836,-3.836,0
1787801950.859,wrist_roll,-0.418,-1.099,-0.418,0.681,0.681,0
1787801950.859,gripper,0.710,1.974,0.710,-1.264,-1.264,0
1787801950.907,shoulder_pan,-3.123,-4.000,-3.123,0.877,0.877,0
1787801950.907,shoulder_lift,54.784,53.934,54.784,0.850,0.850,0
1787801950.907,elbow_flex,71.288,69.758,71.288,1.529,1.529,0
1787801950.907,wrist_flex,-102.290,-98.462,-102.290,-3.828,-3.828,0
1787801950.907,wrist_roll,-0.398,-1.099,-0.398,0.701,0.701,0
1787801950.907,gripper,0.688,1.974,0.688,-1.286,-1.286,0
1787801950.958,shoulder_pan,-3.150,-4.000,-3.150,0.850,0.850,0
1787801950.958,shoulder_lift,54.702,53.934,54.702,0.767,0.767,0
1787801950.958,elbow_flex,71.284,69.846,71.284,1.438,1.438,0
1787801950.958,wrist_flex,-102.289,-98.462,-102.289,-3.827,-3.827,0
1787801950.958,wrist_roll,-0.384,-1.099,-0.384,0.714,0.714,0
1787801950.958,gripper,0.668,1.974,0.668,-1.306,-1.306,0
1787801951.008,shoulder_pan,-3.165,-4.000,-3.165,0.835,0.835,0
1787801951.008,shoulder_lift,54.601,53.934,54.601,0.667,0.667,0
1787801951.008,elbow_flex,71.232,69.846,71.232,1.386,1.386,0
1787801951.008,wrist_flex,-102.275,-98.462,-102.275,-3.814,-3.814,0
1787801951.008,wrist_roll,-0.355,-1.099,-0.355,0.743,0.743,0
1787801951.008,gripper,0.619,1.974,0.619,-1.355,-1.355,0
1787801951.057,shoulder_pan,-3.190,-4.000,-3.190,0.810,0.810,0
1787801951.057,shoulder_lift,54.513,53.934,54.513,0.579,0.579,0
1787801951.057,elbow_flex,71.196,69.846,71.196,1.350,1.350,0
1787801951.057,wrist_flex,-102.281,-98.462,-102.281,-3.819,-3.819,0
1787801951.057,wrist_roll,-0.346,-1.099,-0.346,0.753,0.753,0
1787801951.057,gripper,0.598,1.974,0.598,-1.376,-1.376,0
1787801951.108,shoulder_pan,-3.259,-4.000,-3.259,0.741,0.741,0
1787801951.108,shoulder_lift,54.182,53.846,54.182,0.335,0.335,0
1787801951.108,elbow_flex,70.865,69.846,70.865,1.019,1.019,0
1787801951.108,wrist_flex,-102.320,-98.462,-102.320,-3.859,-3.859,0
1787801951.108,wrist_roll,-0.318,-1.099,-0.318,0.781,0.781,0
1787801951.108,gripper,0.546,1.974,0.546,-1.428,-1.428,0
1787801951.158,shoulder_pan,-3.355,-4.000,-3.355,0.645,0.645,0
1787801951.158,shoulder_lift,53.865,53.846,53.865,0.019,0.019,0
1787801951.158,elbow_flex,70.441,69.846,70.441,0.595,0.595,0
1787801951.158,wrist_flex,-102.378,-98.462,-102.378,-3.916,-3.916,0
1787801951.158,wrist_roll,-0.291,-1.099,-0.291,0.808,0.808,0
1787801951.158,gripper,0.538,1.974,0.538,-1.437,-1.437,0
1787801951.208,shoulder_pan,-3.481,-4.000,-3.481,0.519,0.519,0
1787801951.208,shoulder_lift,53.396,53.846,53.396,-0.450,-0.450,0
1787801951.208,elbow_flex,69.843,69.846,69.843,-0.003,-0.003,0
1787801951.208,wrist_flex,-102.409,-98.462,-102.409,-3.947,-3.947,0
1787801951.208,wrist_roll,-0.270,-1.099,-0.270,0.829,0.829,0
1787801951.208,gripper,0.908,1.974,0.908,-1.066,-1.066,0
1787801951.259,shoulder_pan,-3.542,-4.000,-3.542,0.458,0.458,0
1787801951.259,shoulder_lift,53.094,53.846,53.094,-0.752,-0.752,0
1787801951.259,elbow_flex,69.465,69.846,69.465,-0.381,-0.381,0
1787801951.259,wrist_flex,-102.386,-98.462,-102.386,-3.925,-3.925,0
1787801951.259,wrist_roll,-0.258,-1.099,-0.258,0.841,0.841,0
1787801951.259,gripper,1.409,1.974,1.409,-0.565,-0.565,0
1787801951.307,shoulder_pan,-3.624,-4.000,-3.624,0.376,0.376,0
1787801951.307,shoulder_lift,52.696,53.846,52.696,-1.150,-1.150,0
1787801951.307,elbow_flex,69.090,69.846,69.090,-0.756,-0.756,0
1787801951.307,wrist_flex,-102.430,-98.462,-102.430,-3.968,-3.968,0
1787801951.307,wrist_roll,-0.260,-1.099,-0.260,0.839,0.839,0
1787801951.307,gripper,1.567,1.974,1.567,-0.407,-0.407,0
1787801951.359,shoulder_pan,-3.653,-4.000,-3.653,0.347,0.347,0
1787801951.359,shoulder_lift,52.525,53.846,52.525,-1.321,-1.321,0
1787801951.359,elbow_flex,68.757,69.758,68.757,-1.001,-1.001,0
1787801951.359,wrist_flex,-102.349,-98.462,-102.349,-3.888,-3.888,0
1787801951.359,wrist_roll,-0.250,-1.099,-0.250,0.849,0.849,0
1787801951.359,gripper,2.225,1.974,2.225,0.251,0.251,0
1787801951.408,shoulder_pan,-3.694,-3.912,-3.694,0.218,0.218,0
1787801951.408,shoulder_lift,52.378,53.846,52.378,-1.469,-1.469,0
1787801951.408,elbow_flex,68.567,69.407,68.567,-0.840,-0.840,0
1787801951.408,wrist_flex,-102.316,-98.462,-102.316,-3.854,-3.854,0
1787801951.408,wrist_roll,-0.244,-1.099,-0.244,0.854,0.854,0
1787801951.408,gripper,2.460,2.042,2.460,0.417,0.417,0
1787801951.458,shoulder_pan,-3.714,-3.912,-3.714,0.198,0.198,0
1787801951.458,shoulder_lift,52.323,53.758,52.323,-1.436,-1.436,0
1787801951.458,elbow_flex,68.456,69.055,68.456,-0.599,-0.599,0
1787801951.458,wrist_flex,-102.271,-98.462,-102.271,-3.809,-3.809,0
1787801951.458,wrist_roll,-0.239,-1.099,-0.239,0.860,0.860,0
1787801951.458,gripper,2.695,2.110,2.695,0.585,0.585,0
1787801951.508,shoulder_pan,-3.729,-3.912,-3.729,0.183,0.183,0
1787801951.508,shoulder_lift,52.267,53.582,52.267,-1.316,-1.316,0
1787801951.508,elbow_flex,68.295,68.791,68.295,-0.497,-0.497,0
1787801951.508,wrist_flex,-102.215,-98.462,-102.215,-3.754,-3.754,0
1787801951.508,wrist_roll,-0.236,-1.099,-0.236,0.863,0.863,0
1787801951.508,gripper,2.955,2.178,2.955,0.776,0.776,0
1787801951.557,shoulder_pan,-3.737,-3.912,-3.737,0.175,0.175,0
1787801951.557,shoulder_lift,52.252,53.495,52.252,-1.243,-1.243,0
1787801951.557,elbow_flex,68.240,68.615,68.240,-0.376,-0.376,0
1787801951.557,wrist_flex,-102.188,-98.462,-102.188,-3.727,-3.727,0
1787801951.557,wrist_roll,-0.233,-1.099,-0.233,0.865,0.865,0
1787801951.557,gripper,3.089,2.178,3.089,0.910,0.910,0
1787801951.609,shoulder_pan,-3.760,-3.912,-3.760,0.152,0.152,0
1787801951.609,shoulder_lift,52.231,53.495,52.231,-1.264,-1.264,0
1787801951.609,elbow_flex,68.171,68.527,68.171,-0.356,-0.356,0
1787801951.609,wrist_flex,-102.161,-98.462,-102.161,-3.699,-3.699,0
1787801951.609,wrist_roll,-0.229,-1.099,-0.229,0.870,0.870,0
1787801951.609,gripper,3.260,2.383,3.260,0.878,0.878,0
1787801951.658,shoulder_pan,-3.767,-3.912,-3.767,0.145,0.145,0
1787801951.658,shoulder_lift,52.243,53.495,52.243,-1.251,-1.251,0
1787801951.658,elbow_flex,68.092,68.440,68.092,-0.347,-0.347,0
1787801951.658,wrist_flex,-102.126,-98.462,-102.126,-3.664,-3.664,0
1787801951.658,wrist_roll,-0.229,-1.099,-0.229,0.870,0.870,0
1787801951.658,gripper,3.387,2.519,3.387,0.868,0.868,0
1787801951.709,shoulder_pan,-3.802,-3.912,-3.802,0.110,0.110,0
1787801951.709,shoulder_lift,52.241,53.495,52.241,-1.253,-1.253,0
1787801951.709,elbow_flex,67.933,68.352,67.933,-0.418,-0.418,0
1787801951.709,wrist_flex,-102.089,-98.462,-102.089,-3.627,-3.627,0
1787801951.709,wrist_roll,-0.231,-1.099,-0.231,0.868,0.868,0
1787801951.709,gripper,3.612,2.723,3.612,0.889,0.889,0
1787801951.759,shoulder_pan,-3.849,-3.912,-3.849,0.063,0.063,0
1787801951.759,shoulder_lift,52.234,53.495,52.234,-1.261,-1.261,0
1787801951.759,elbow_flex,67.713,68.176,67.713,-0.463,-0.463,0
1787801951.759,wrist_flex,-102.027,-98.462,-102.027,-3.566,-3.566,0
1787801951.759,wrist_roll,-0.233,-1.099,-0.233,0.866,0.866,0
1787801951.759,gripper,3.903,2.927,3.903,0.976,0.976,0
1787801951.808,shoulder_pan,-3.888,-3.912,-3.888,0.024,0.024,0
1787801951.808,shoulder_lift,52.183,53.495,52.183,-1.312,-1.312,0
1787801951.808,elbow_flex,67.497,68.000,67.497,-0.503,-0.503,0
1787801951.808,wrist_flex,-101.966,-98.462,-101.966,-3.505,-3.505,0
1787801951.808,wrist_roll,-0.241,-1.099,-0.241,0.858,0.858,0
1787801951.808,gripper,4.047,3.199,4.047,0.848,0.848,0
1787801951.860,shoulder_pan,-3.943,-3.912,-3.943,-0.031,-0.031,0
1787801951.860,shoulder_lift,52.119,53.495,52.119,-1.376,-1.376,0
1787801951.860,elbow_flex,67.172,67.824,67.172,-0.652,-0.652,0
1787801951.860,wrist_flex,-101.860,-98.462,-101.860,-3.399,-3.399,0
1787801951.860,wrist_roll,-0.248,-1.011,-0.248,0.763,0.763,0
1787801951.860,gripper,4.506,3.404,4.506,1.103,1.103,0
1787801951.910,shoulder_pan,-3.962,-3.912,-3.962,-0.050,-0.050,0
1787801951.910,shoulder_lift,51.988,53.495,51.988,-1.506,-1.506,0
1787801951.910,elbow_flex,66.498,67.648,66.498,-1.150,-1.150,0
1787801951.910,wrist_flex,-101.636,-98.462,-101.636,-3.175,-3.175,0
1787801951.910,wrist_roll,-0.278,-0.835,-0.278,0.557,0.557,0
1787801951.910,gripper,5.079,3.608,5.079,1.471,1.471,0
1787801951.958,shoulder_pan,-3.992,-3.912,-3.992,-0.080,-0.080,0
1787801951.958,shoulder_lift,51.956,53.495,51.956,-1.539,-1.539,0
1787801951.958,elbow_flex,66.004,67.385,66.004,-1.381,-1.381,0
1787801951.958,wrist_flex,-101.468,-98.462,-101.468,-3.007,-3.007,0
1787801951.958,wrist_roll,-0.299,-0.747,-0.299,0.449,0.449,0
1787801951.958,gripper,5.702,4.016,5.702,1.686,1.686,0
1787801952.008,shoulder_pan,-4.032,-3.912,-4.032,-0.120,-0.120,0
1787801952.008,shoulder_lift,51.935,53.495,51.935,-1.559,-1.559,0
1787801952.008,elbow_flex,65.604,66.857,65.604,-1.253,-1.253,0
1787801952.008,wrist_flex,-101.295,-98.462,-101.295,-2.834,-2.834,0
1787801952.008,wrist_roll,-0.311,-0.747,-0.311,0.437,0.437,0
1787801952.008,gripper,6.158,4.493,6.158,1.666,1.666,0
1787801952.058,shoulder_pan,-4.059,-3.824,-4.059,-0.235,-0.235,0
1787801952.058,shoulder_lift,51.901,53.495,51.901,-1.593,-1.593,0
1787801952.058,elbow_flex,65.147,66.505,65.147,-1.359,-1.359,0
1787801952.058,wrist_flex,-101.142,-98.462,-101.142,-2.680,-2.680,0
1787801952.058,wrist_roll,-0.330,-0.747,-0.330,0.418,0.418,0
1787801952.058,gripper,6.807,4.969,6.807,1.838,1.838,0
1787801952.110,shoulder_pan,-4.156,-3.824,-4.156,-0.332,-0.332,0
1787801952.110,shoulder_lift,51.905,53.495,51.905,-1.589,-1.589,0
1787801952.110,elbow_flex,64.797,65.978,64.797,-1.181,-1.181,0
1787801952.110,wrist_flex,-100.970,-98.462,-100.970,-2.509,-2.509,0
1787801952.110,wrist_roll,-0.334,-0.747,-0.334,0.413,0.413,0
1787801952.110,gripper,7.388,5.514,7.388,1.874,1.874,0
1787801952.160,shoulder_pan,-4.236,-3.824,-4.236,-0.411,-0.411,0
1787801952.160,shoulder_lift,51.899,53.495,51.899,-1.596,-1.596,0
1787801952.160,elbow_flex,64.538,65.626,64.538,-1.089,-1.089,0
1787801952.160,wrist_flex,-100.807,-98.462,-100.807,-2.345,-2.345,0
1787801952.160,wrist_roll,-0.328,-0.747,-0.328,0.419,0.419,0
1787801952.160,gripper,7.778,6.127,7.778,1.652,1.652,0
1787801952.208,shoulder_pan,-4.443,-3.824,-4.443,-0.618,-0.618,0
1787801952.208,shoulder_lift,51.932,53.495,51.932,-1.563,-1.563,0
1787801952.208,elbow_flex,64.035,65.275,64.035,-1.239,-1.239,0
1787801952.208,wrist_flex,-100.488,-98.462,-100.488,-2.026,-2.026,0
1787801952.208,wrist_roll,-0.320,-0.747,-0.320,0.428,0.428,0
1787801952.208,gripper,8.859,6.671,8.859,2.188,2.188,0
1787801952.261,shoulder_pan,-4.641,-3.824,-4.641,-0.816,-0.816,0
1787801952.261,shoulder_lift,51.935,53.495,51.935,-1.559,-1.559,0
1787801952.261,elbow_flex,63.460,64.923,63.460,-1.463,-1.463,0
1787801952.261,wrist_flex,-100.027,-98.462,-100.027,-1.565,-1.565,0
1787801952.261,wrist_roll,-0.305,-0.747,-0.305,0.442,0.442,0
1787801952.261,gripper,9.510,7.352,9.510,2.159,2.159,0
1787801952.310,shoulder_pan,-5.008,-3.824,-5.008,-1.184,-1.184,0
1787801952.310,shoulder_lift,51.984,53.582,51.984,-1.598,-1.598,0
1787801952.310,elbow_flex,62.470,64.571,62.470,-2.101,-2.101,0
1787801952.310,wrist_flex,-99.250,-98.462,-99.250,-0.788,-0.788,0
1787801952.310,wrist_roll,-0.276,-0.747,-0.276,0.471,0.471,0
1787801952.310,gripper,11.273,8.033,11.273,3.241,3.241,0
1787801952.359,shoulder_pan,-5.265,-4.088,-5.265,-1.177,-1.177,0
1787801952.359,shoulder_lift,52.001,53.582,52.001,-1.581,-1.581,0
1787801952.359,elbow_flex,61.775,64.132,61.775,-2.357,-2.357,0
1787801952.359,wrist_flex,-98.665,-98.462,-98.665,-0.204,-0.204,0
1787801952.359,wrist_roll,-0.255,-0.747,-0.255,0.492,0.492,0
1787801952.359,gripper,12.514,8.850,12.514,3.665,3.665,0
1787801952.410,shoulder_pan,-5.504,-4.527,-5.504,-0.976,-0.976,0
1787801952.410,shoulder_lift,52.044,53.582,52.044,-1.539,-1.539,0
1787801952.410,elbow_flex,61.317,63.429,61.317,-2.111,-2.111,0
1787801952.410,wrist_flex,-98.317,-98.374,-98.317,0.057,0.057,0
1787801952.410,wrist_roll,-0.238,-0.747,-0.238,0.509,0.509,0
1787801952.410,gripper,14.519,10.143,14.519,4.376,4.376,0
1787801952.459,shoulder_pan,-5.715,-4.879,-5.715,-0.836,-0.836,0
1787801952.459,shoulder_lift,52.021,53.670,52.021,-1.649,-1.649,0
1787801952.459,elbow_flex,60.749,62.813,60.749,-2.064,-2.064,0
1787801952.459,wrist_flex,-97.844,-98.374,-97.844,0.530,0.530,0
1787801952.459,wrist_roll,-0.218,-0.747,-0.218,0.530,0.530,0
1787801952.459,gripper,15.476,11.368,15.476,4.108,4.108,0
1787801952.510,shoulder_pan,-5.958,-5.143,-5.958,-0.816,-0.816,0
1787801952.510,shoulder_lift,52.025,53.670,52.025,-1.645,-1.645,0
1787801952.510,elbow_flex,60.095,62.198,60.095,-2.103,-2.103,0
1787801952.510,wrist_flex,-97.347,-98.286,-97.347,0.939,0.939,0
1787801952.510,wrist_roll,-0.207,-0.747,-0.207,0.540,0.540,0
1787801952.510,gripper,17.448,12.934,17.448,4.514,4.514,0
1787801952.561,shoulder_pan,-6.127,-5.495,-6.127,-0.633,-0.633,0
1787801952.561,shoulder_lift,52.037,53.670,52.037,-1.634,-1.634,0
1787801952.561,elbow_flex,59.765,61.582,59.765,-1.818,-1.818,0
1787801952.561,wrist_flex,-97.091,-97.934,-97.091,0.843,0.843,0
1787801952.561,wrist_roll,-0.195,-0.659,-0.195,0.464,0.464,0
1787801952.561,gripper,19.203,14.364,19.203,4.839,4.839,0
1787801952.611,shoulder_pan,-6.189,-5.670,-6.189,-0.519,-0.519,0
1787801952.611,shoulder_lift,52.061,53.670,52.061,-1.610,-1.610,0
1787801952.611,elbow_flex,59.545,61.055,59.545,-1.510,-1.510,0
1787801952.611,wrist_flex,-96.949,-97.670,-96.949,0.721,0.721,0
1787801952.611,wrist_roll,-0.185,-0.659,-0.185,0.474,0.474,0
1787801952.611,gripper,20.417,15.997,20.417,4.420,4.420,0
1787801952.659,shoulder_pan,-6.263,-5.846,-6.263,-0.416,-0.416,0
1787801952.659,shoulder_lift,52.068,53.670,52.068,-1.603,-1.603,0
1787801952.659,elbow_flex,59.370,60.615,59.370,-1.246,-1.246,0
1787801952.659,wrist_flex,-96.813,-97.407,-96.813,0.594,0.594,0
1787801952.659,wrist_roll,-0.180,-0.659,-0.180,0.479,0.479,0
1787801952.659,gripper,21.225,17.495,21.225,3.730,3.730,0
1787801952.712,shoulder_pan,-6.313,-5.934,-6.313,-0.379,-0.379,0
1787801952.712,shoulder_lift,52.083,53.670,52.083,-1.587,-1.587,0
1787801952.712,elbow_flex,59.207,60.264,59.207,-1.057,-1.057,0
1787801952.712,wrist_flex,-96.708,-97.231,-96.708,0.523,0.523,0
1787801952.712,wrist_roll,-0.175,-0.659,-0.175,0.484,0.484,0
1787801952.712,gripper,22.222,18.924,22.222,3.298,3.298,0
1787801952.761,shoulder_pan,-6.386,-5.934,-6.386,-0.452,-0.452,0
1787801952.761,shoulder_lift,52.086,53.670,52.086,-1.584,-1.584,0
1787801952.761,elbow_flex,59.088,60.000,59.088,-0.912,-0.912,0
1787801952.761,wrist_flex,-96.612,-97.055,-96.612,0.443,0.443,0
1787801952.761,wrist_roll,-0.166,-0.659,-0.166,0.493,0.493,0
1787801952.761,gripper,22.804,20.082,22.804,2.723,2.723,0
1787801952.811,shoulder_pan,-6.448,-5.934,-6.448,-0.514,-0.514,0
1787801952.811,shoulder_lift,52.092,53.670,52.092,-1.578,-1.578,0
1787801952.811,elbow_flex,58.968,59.824,58.968,-0.856,-0.856,0
1787801952.811,wrist_flex,-96.543,-97.055,-96.543,0.512,0.512,0
1787801952.811,wrist_roll,-0.160,-0.659,-0.160,0.500,0.500,0
1787801952.811,gripper,23.321,21.103,23.321,2.218,2.218,0
1787801952.859,shoulder_pan,-6.516,-5.934,-6.516,-0.582,-0.582,0
1787801952.859,shoulder_lift,52.084,53.670,52.084,-1.587,-1.587,0
1787801952.859,elbow_flex,58.822,59.736,58.822,-0.914,-0.914,0
1787801952.859,wrist_flex,-96.453,-97.055,-96.453,0.602,0.602,0
1787801952.859,wrist_roll,-0.151,-0.659,-0.151,0.508,0.508,0
1787801952.859,gripper,24.073,21.852,24.073,2.221,2.221,0
1787801952.912,shoulder_pan,-6.611,-5.934,-6.611,-0.677,-0.677,0
1787801952.912,shoulder_lift,52.081,53.670,52.081,-1.589,-1.589,0
1787801952.912,elbow_flex,58.689,59.736,58.689,-1.047,-1.047,0
1787801952.912,wrist_flex,-96.362,-97.055,-96.362,0.693,0.693,0
1787801952.912,wrist_roll,-0.137,-0.659,-0.137,0.523,0.523,0
1787801952.912,gripper,24.852,22.600,24.852,2.251,2.251,0
1787801952.960,shoulder_pan,-6.720,-5.934,-6.720,-0.786,-0.786,0
1787801952.960,shoulder_lift,52.069,53.670,52.069,-1.601,-1.601,0
1787801952.960,elbow_flex,58.519,59.560,58.519,-1.041,-1.041,0
1787801952.960,wrist_flex,-96.233,-96.879,-96.233,0.646,0.646,0
1787801952.960,wrist_roll,-0.129,-0.659,-0.129,0.531,0.531,0
1787801952.960,gripper,25.080,23.213,25.080,1.867,1.867,0
1787801953.012,shoulder_pan,-6.858,-5.934,-6.858,-0.924,-0.924,0
1787801953.012,shoulder_lift,52.042,53.670,52.042,-1.629,-1.629,0
1787801953.012,elbow_flex,58.319,59.385,58.319,-1.065,-1.065,0
1787801953.012,wrist_flex,-96.074,-96.615,-96.074,0.541,0.541,0
1787801953.012,wrist_roll,-0.114,-0.659,-0.114,0.545,0.545,0
1787801953.012,gripper,25.462,23.962,25.462,1.501,1.501,0
1787801953.061,shoulder_pan,-6.994,-6.022,-6.994,-0.972,-0.972,0
1787801953.061,shoulder_lift,52.076,53.670,52.076,-1.594,-1.594,0
1787801953.061,elbow_flex,58.316,59.297,58.316,-0.981,-0.981,0
1787801953.061,wrist_flex,-96.104,-96.527,-96.104,0.424,0.424,0
1787801953.061,wrist_roll,-0.108,-0.659,-0.108,0.551,0.551,0
1787801953.061,gripper,25.794,24.370,25.794,1.424,1.424,0
1787801953.110,shoulder_pan,-7.201,-6.286,-7.201,-0.916,-0.916,0
1787801953.110,shoulder_lift,52.098,53.670,52.098,-1.572,-1.572,0
1787801953.110,elbow_flex,58.071,59.297,58.071,-1.226,-1.226,0
1787801953.110,wrist_flex,-95.969,-96.440,-95.969,0.471,0.471,0
1787801953.110,wrist_roll,-0.099,-0.571,-0.099,0.473,0.473,0
1787801953.110,gripper,26.627,24.779,26.627,1.848,1.848,0
1787801953.160,shoulder_pan,-7.506,-6.549,-7.506,-0.957,-0.957,0
1787801953.160,shoulder_lift,52.086,53.670,52.086,-1.585,-1.585,0
1787801953.160,elbow_flex,57.635,59.297,57.635,-1.661,-1.661,0
1787801953.160,wrist_flex,-95.663,-96.440,-95.663,0.777,0.777,0
1787801953.160,wrist_roll,-0.091,-0.571,-0.091,0.480,0.480,0
1787801953.160,gripper,27.382,25.323,27.382,2.059,2.059,0
1787801953.212,shoulder_pan,-7.801,-6.813,-7.801,-0.988,-0.988,0
1787801953.212,shoulder_lift,52.166,53.670,52.166,-1.505,-1.505,0
1787801953.212,elbow_flex,57.458,58.945,57.458,-1.487,-1.487,0
1787801953.212,wrist_flex,-95.686,-96.264,-95.686,0.578,0.578,0
1787801953.212,wrist_roll,-0.083,-0.571,-0.083,0.489,0.489,0
1787801953.212,gripper,28.807,26.004,28.807,2.803,2.803,0
1787801953.260,shoulder_pan,-8.029,-7.165,-8.029,-0.864,-0.864,0
1787801953.260,shoulder_lift,52.262,53.670,52.262,-1.408,-1.408,0
1787801953.260,elbow_flex,57.428,58.593,57.428,-1.165,-1.165,0
1787801953.260,wrist_flex,-95.782,-96.088,-95.782,0.306,0.306,0
1787801953.260,wrist_roll,-0.074,-0.484,-0.074,0.410,0.410,0
1787801953.260,gripper,29.858,26.753,29.858,3.105,3.105,0
1787801953.311,shoulder_pan,-8.554,-7.429,-8.554,-1.125,-1.125,0
1787801953.311,shoulder_lift,52.505,53.670,52.505,-1.165,-1.165,0
1787801953.311,elbow_flex,56.795,58.242,56.795,-1.446,-1.446,0
1787801953.311,wrist_flex,-95.751,-96.000,-95.751,0.249,0.249,0
1787801953.311,wrist_roll,-0.063,-0.484,-0.063,0.421,0.421,0
1787801953.311,gripper,32.327,27.842,32.327,4.485,4.485,0
1787801953.361,shoulder_pan,-8.605,-7.692,-8.605,-0.913,-0.913,0
1787801953.361,shoulder_lift,52.683,53.670,52.683,-0.988,-0.988,0
1787801953.361,elbow_flex,57.262,57.978,57.262,-0.716,-0.716,0
1787801953.361,wrist_flex,-96.301,-96.000,-96.301,-0.301,-0.301,0
1787801953.361,wrist_roll,-0.056,-0.484,-0.056,0.428,0.428,0
1787801953.361,gripper,32.687,28.931,32.687,3.756,3.756,0
1787801953.412,shoulder_pan,-8.836,-8.044,-8.836,-0.792,-0.792,0
1787801953.412,shoulder_lift,52.818,53.670,52.818,-0.852,-0.852,0
1787801953.412,elbow_flex,57.067,57.802,57.067,-0.735,-0.735,0
1787801953.412,wrist_flex,-96.455,-96.000,-96.455,-0.455,-0.455,0
1787801953.412,wrist_roll,-0.053,-0.484,-0.053,0.431,0.431,0
1787801953.412,gripper,34.153,30.429,34.153,3.724,3.724,0
1787801953.462,shoulder_pan,-8.977,-8.308,-8.977,-0.669,-0.669,0
1787801953.462,shoulder_lift,52.786,53.670,52.786,-0.884,-0.884,0
1787801953.462,elbow_flex,56.586,57.802,56.586,-1.216,-1.216,0
1787801953.462,wrist_flex,-96.071,-96.000,-96.071,-0.071,-0.071,0
1787801953.462,wrist_roll,-0.061,-0.484,-0.061,0.422,0.422,0
1787801953.462,gripper,34.520,31.518,34.520,3.002,3.002,0
1787801953.512,shoulder_pan,-9.135,-8.484,-9.135,-0.651,-0.651,0
1787801953.512,shoulder_lift,52.996,53.670,52.996,-0.674,-0.674,0
1787801953.512,elbow_flex,56.663,57.802,56.663,-1.139,-1.139,0
1787801953.512,wrist_flex,-96.440,-96.000,-96.440,-0.440,-0.440,0
1787801953.512,wrist_roll,-0.058,-0.484,-0.058,0.425,0.425,0
1787801953.512,gripper,35.467,32.743,35.467,2.724,2.724,0
1787801953.562,shoulder_pan,-9.240,-8.659,-9.240,-0.581,-0.581,0
1787801953.562,shoulder_lift,53.087,53.670,53.087,-0.583,-0.583,0
1787801953.562,elbow_flex,56.592,57.802,56.592,-1.211,-1.211,0
1787801953.562,wrist_flex,-96.475,-96.000,-96.475,-0.475,-0.475,0
1787801953.562,wrist_roll,-0.061,-0.484,-0.061,0.422,0.422,0
1787801953.562,gripper,35.766,33.696,35.766,2.070,2.070,0
1787801953.611,shoulder_pan,-9.401,-8.835,-9.401,-0.566,-0.566,0
1787801953.611,shoulder_lift,53.020,53.670,53.020,-0.650,-0.650,0
1787801953.611,elbow_flex,56.057,57.802,56.057,-1.745,-1.745,0
1787801953.611,wrist_flex,-95.929,-96.000,-95.929,0.071,0.071,0
1787801953.611,wrist_roll,-0.070,-0.484,-0.070,0.414,0.414,0
1787801953.611,gripper,35.761,34.445,35.761,1.316,1.316,0
1787801953.661,shoulder_pan,-9.417,-8.835,-9.417,-0.581,-0.581,0
1787801953.661,shoulder_lift,53.255,53.670,53.255,-0.416,-0.416,0
1787801953.661,elbow_flex,56.950,57.626,56.950,-0.677,-0.677,0
1787801953.661,wrist_flex,-96.676,-96.000,-96.676,-0.676,-0.676,0
1787801953.661,wrist_roll,-0.059,-0.484,-0.059,0.425,0.425,0
1787801953.661,gripper,34.669,34.854,34.669,-0.185,-0.185,0
1787801953.712,shoulder_pan,-9.468,-8.835,-9.468,-0.633,-0.633,0
1787801953.712,shoulder_lift,53.321,53.670,53.321,-0.349,-0.349,0
1787801953.712,elbow_flex,57.254,57.363,57.254,-0.108,-0.108,0
1787801953.712,wrist_flex,-96.804,-96.000,-96.804,-0.804,-0.804,0
1787801953.712,wrist_roll,-0.055,-0.484,-0.055,0.429,0.429,0
1787801953.712,gripper,34.273,34.922,34.273,-0.648,-0.648,0
1787801953.762,shoulder_pan,-9.502,-8.835,-9.502,-0.667,-0.667,0
1787801953.762,shoulder_lift,53.584,53.670,53.584,-0.086,-0.086,0
1787801953.762,elbow_flex,58.175,57.451,58.175,0.725,0.725,0
1787801953.762,wrist_flex,-97.606,-96.000,-97.606,-1.606,-1.606,0
1787801953.762,wrist_roll,-0.041,-0.484,-0.041,0.443,0.443,0
1787801953.762,gripper,33.637,34.922,33.637,-1.285,-1.285,0
1787801953.813,shoulder_pan,-9.540,-8.835,-9.540,-0.705,-0.705,0
1787801953.813,shoulder_lift,53.711,53.758,53.711,-0.047,-0.047,0
1787801953.813,elbow_flex,58.845,57.451,58.845,1.395,1.395,0
1787801953.813,wrist_flex,-97.988,-96.000,-97.988,-1.988,-1.988,0
1787801953.813,wrist_roll,-0.030,-0.484,-0.030,0.454,0.454,0
1787801953.813,gripper,32.279,34.786,32.279,-2.507,-2.507,0
1787801953.863,shoulder_pan,-9.481,-8.835,-9.481,-0.646,-0.646,0
1787801953.863,shoulder_lift,53.972,53.846,53.972,0.126,0.126,0
1787801953.863,elbow_flex,60.102,57.714,60.102,2.388,2.388,0
1787801953.863,wrist_flex,-99.052,-96.088,-99.052,-2.964,-2.964,0
1787801953.863,wrist_roll,-0.002,-0.484,-0.002,0.482,0.482,0
1787801953.863,gripper,31.782,34.173,31.782,-2.391,-2.391,0
1787801953.912,shoulder_pan,-9.510,-8.835,-9.510,-0.675,-0.675,0
1787801953.912,shoulder_lift,54.116,53.846,54.116,0.270,0.270,0
1787801953.912,elbow_flex,60.803,57.978,60.803,2.825,2.825,0
1787801953.912,wrist_flex,-99.396,-96.352,-99.396,-3.044,-3.044,0
1787801953.912,wrist_roll,0.004,-0.571,0.004,0.575,0.575,0
1787801953.912,gripper,30.137,33.288,30.137,-3.151,-3.151,0
1787801953.963,shoulder_pan,-9.465,-8.835,-9.465,-0.630,-0.630,0
1787801953.963,shoulder_lift,54.264,54.110,54.264,0.154,0.154,0
1787801953.963,elbow_flex,61.973,58.769,61.973,3.204,3.204,0
1787801953.963,wrist_flex,-100.191,-96.703,-100.191,-3.488,-3.488,0
1787801953.963,wrist_roll,0.018,-0.571,0.018,0.590,0.590,0
1787801953.963,gripper,28.142,32.403,28.142,-4.261,-4.261,0
1787801954.013,shoulder_pan,-9.397,-8.835,-9.397,-0.562,-0.562,0
1787801954.013,shoulder_lift,54.652,54.374,54.652,0.278,0.278,0
1787801954.013,elbow_flex,63.224,59.560,63.224,3.664,3.664,0
1787801954.013,wrist_flex,-100.814,-97.143,-100.814,-3.671,-3.671,0
1787801954.013,wrist_roll,0.052,-0.484,0.052,0.535,0.535,0
1787801954.013,gripper,26.730,31.042,26.730,-4.311,-4.311,0
1787801954.062,shoulder_pan,-9.439,-8.835,-9.439,-0.604,-0.604,0
1787801954.062,shoulder_lift,54.990,54.374,54.990,0.617,0.617,0
1787801954.062,elbow_flex,64.306,60.440,64.306,3.866,3.866,0
1787801954.062,wrist_flex,-101.244,-97.407,-101.244,-3.838,-3.838,0
1787801954.062,wrist_roll,0.067,-0.396,0.067,0.462,0.462,0
1787801954.062,gripper,24.811,29.544,24.811,-4.733,-4.733,0
1787801954.113,shoulder_pan,-9.324,-8.835,-9.324,-0.489,-0.489,0
1787801954.113,shoulder_lift,55.138,54.637,55.138,0.500,0.500,0
1787801954.113,elbow_flex,65.190,61.495,65.190,3.695,3.695,0
1787801954.113,wrist_flex,-101.574,-97.670,-101.574,-3.904,-3.904,0
1787801954.113,wrist_roll,0.084,-0.396,0.084,0.480,0.480,0
1787801954.113,gripper,22.876,27.910,22.876,-5.034,-5.034,0
1787801954.163,shoulder_pan,-9.222,-8.923,-9.222,-0.299,-0.299,0
1787801954.163,shoulder_lift,55.362,54.637,55.362,0.725,0.725,0
1787801954.163,elbow_flex,66.590,62.462,66.590,4.128,4.128,0
1787801954.163,wrist_flex,-101.903,-97.758,-101.903,-4.144,-4.144,0
1787801954.163,wrist_roll,0.101,-0.396,0.101,0.497,0.497,0
1787801954.163,gripper,20.307,26.208,20.307,-5.901,-5.901,0
1787801954.213,shoulder_pan,-9.040,-8.923,-9.040,-0.117,-0.117,0
1787801954.213,shoulder_lift,55.418,54.637,55.418,0.781,0.781,0
1787801954.213,elbow_flex,67.251,63.341,67.251,3.910,3.910,0
1787801954.213,wrist_flex,-102.008,-97.758,-102.008,-4.250,-4.250,0
1787801954.213,wrist_roll,0.113,-0.484,0.113,0.597,0.597,0
1787801954.213,gripper,17.665,24.370,17.665,-6.706,-6.706,0
1787801954.264,shoulder_pan,-8.991,-8.923,-8.991,-0.068,-0.068,0
1787801954.264,shoulder_lift,55.894,54.637,55.894,1.257,1.257,0
1787801954.264,elbow_flex,68.812,64.308,68.812,4.504,4.504,0
1787801954.264,wrist_flex,-102.531,-97.846,-102.531,-4.685,-4.685,0
1787801954.264,wrist_roll,0.138,-0.396,0.138,0.534,0.534,0
1787801954.264,gripper,15.509,22.192,15.509,-6.683,-6.683,0
1787801954.313,shoulder_pan,-8.787,-8.923,-8.787,0.137,0.137,0
1787801954.313,shoulder_lift,56.022,54.725,56.022,1.297,1.297,0
1787801954.313,elbow_flex,69.245,65.099,69.245,4.146,4.146,0
1787801954.313,wrist_flex,-102.420,-98.110,-102.420,-4.310,-4.310,0
1787801954.313,wrist_roll,0.149,-0.396,0.149,0.544,0.544,0
1787801954.313,gripper,12.394,19.809,12.394,-7.415,-7.415,0
1787801954.364,shoulder_pan,-8.503,-8.923,-8.503,0.420,0.420,0
1787801954.364,shoulder_lift,56.336,54.813,56.336,1.523,1.523,0
1787801954.364,elbow_flex,70.998,66.154,70.998,4.844,4.844,0
1787801954.364,wrist_flex,-102.751,-98.462,-102.751,-4.290,-4.290,0
1787801954.364,wrist_roll,0.170,-0.396,0.170,0.565,0.565,0
1787801954.364,gripper,9.464,17.359,9.464,-7.894,-7.894,0
1787801954.425,shoulder_pan,-7.165,-8.923,-7.165,1.758,1.758,0
1787801954.425,shoulder_lift,49.852,54.813,49.852,-4.961,-4.961,0
1787801954.425,elbow_flex,67.564,67.297,67.564,0.268,0.268,0
1787801954.425,wrist_flex,-102.085,-98.725,-102.085,-3.360,-3.360,0
1787801954.425,wrist_roll,-0.427,-0.396,-0.427,-0.031,-0.031,0
1787801954.425,gripper,8.086,14.227,8.086,-6.142,-6.142,0
1787801954.462,shoulder_pan,-7.077,-8.923,-7.077,1.846,1.846,0
1787801954.462,shoulder_lift,49.718,54.813,49.718,-5.096,-5.096,0
1787801954.462,elbow_flex,67.384,67.912,67.384,-0.528,-0.528,0
1787801954.462,wrist_flex,-102.081,-98.989,-102.081,-3.092,-3.092,0
1787801954.462,wrist_roll,-0.422,-0.484,-0.422,0.061,0.061,0
1787801954.462,gripper,8.314,12.321,8.314,-4.007,-4.007,0
1787801954.514,shoulder_pan,-7.005,-8.659,-7.005,1.654,1.654,0
1787801954.514,shoulder_lift,49.566,54.374,49.566,-4.808,-4.808,0
1787801954.514,elbow_flex,67.165,67.912,67.165,-0.747,-0.747,0
1787801954.514,wrist_flex,-102.078,-98.989,-102.078,-3.089,-3.089,0
1787801954.514,wrist_roll,-0.417,-0.484,-0.417,0.067,0.067,0
1787801954.514,gripper,8.613,10.415,8.613,-1.802,-1.802,0
1787801954.562,shoulder_pan,-6.942,-8.132,-6.942,1.190,1.190,0
1787801954.562,shoulder_lift,49.436,53.055,49.436,-3.619,-3.619,0
1787801954.562,elbow_flex,66.896,67.473,66.896,-0.576,-0.576,0
1787801954.562,wrist_flex,-102.068,-98.725,-102.068,-3.343,-3.343,0
1787801954.562,wrist_roll,-0.408,-0.484,-0.408,0.075,0.075,0
1787801954.562,gripper,8.948,9.598,8.948,-0.650,-0.650,0
1787801954.613,shoulder_pan,-6.899,-7.604,-6.899,0.706,0.706,0
1787801954.613,shoulder_lift,49.337,52.703,49.337,-3.367,-3.367,0
1787801954.613,elbow_flex,66.594,67.473,66.594,-0.878,-0.878,0
1787801954.613,wrist_flex,-102.069,-98.725,-102.069,-3.344,-3.344,0
1787801954.613,wrist_roll,-0.405,-0.396,-0.405,-0.010,-0.010,0
1787801954.613,gripper,9.245,9.326,9.245,-0.081,-0.081,0
1787801954.664,shoulder_pan,-6.803,-7.429,-6.803,0.626,0.626,0
1787801954.664,shoulder_lift,49.250,52.703,49.250,-3.453,-3.453,0
1787801954.664,elbow_flex,66.175,67.297,66.175,-1.122,-1.122,0
1787801954.664,wrist_flex,-102.051,-98.725,-102.051,-3.326,-3.326,0
1787801954.664,wrist_roll,-0.404,-0.396,-0.404,-0.008,-0.008,0
1787801954.664,gripper,9.636,9.326,9.636,0.310,0.310,0
1787801954.712,shoulder_pan,-6.752,-7.429,-6.752,0.676,0.676,0
1787801954.712,shoulder_lift,49.099,52.703,49.099,-3.604,-3.604,0
1787801954.712,elbow_flex,65.785,67.033,65.785,-1.248,-1.248,0
1787801954.712,wrist_flex,-101.985,-98.725,-101.985,-3.260,-3.260,0
1787801954.712,wrist_roll,-0.400,-0.396,-0.400,-0.004,-0.004,0
1787801954.712,gripper,9.845,9.326,9.845,0.519,0.519,0
1787801954.764,shoulder_pan,-6.684,-7.341,-6.684,0.656,0.656,0
1787801954.764,shoulder_lift,49.050,52.703,49.050,-3.653,-3.653,0
1787801954.764,elbow_flex,65.454,66.769,65.454,-1.315,-1.315,0
1787801954.764,wrist_flex,-101.981,-98.725,-101.981,-3.255,-3.255,0
1787801954.764,wrist_roll,-0.402,-0.396,-0.402,-0.006,-0.006,0
1787801954.764,gripper,10.283,9.326,10.283,0.957,0.957,0
1787801954.814,shoulder_pan,-6.589,-7.165,-6.589,0.576,0.576,0
1787801954.814,shoulder_lift,48.979,52.703,48.979,-3.724,-3.724,0
1787801954.814,elbow_flex,65.042,66.418,65.042,-1.376,-1.376,0
1787801954.814,wrist_flex,-101.943,-98.725,-101.943,-3.218,-3.218,0
1787801954.814,wrist_roll,-0.408,-0.396,-0.408,-0.012,-0.012,0
1787801954.814,gripper,10.531,9.326,10.531,1.205,1.205,0
1787801954.864,shoulder_pan,-6.521,-7.165,-6.521,0.644,0.644,0
1787801954.864,shoulder_lift,48.944,52.703,48.944,-3.759,-3.759,0
1787801954.864,elbow_flex,64.741,66.066,64.741,-1.325,-1.325,0
1787801954.864,wrist_flex,-101.961,-98.725,-101.961,-3.236,-3.236,0
1787801954.864,wrist_roll,-0.408,-0.396,-0.408,-0.012,-0.012,0
1787801954.864,gripper,10.817,9.598,10.817,1.219,1.219,0
1787801954.915,shoulder_pan,-6.412,-7.165,-6.412,0.753,0.753,0
1787801954.915,shoulder_lift,48.838,52.703,48.838,-3.866,-3.866,0
1787801954.915,elbow_flex,64.432,65.714,64.432,-1.282,-1.282,0
1787801954.915,wrist_flex,-101.968,-98.637,-101.968,-3.331,-3.331,0
1787801954.915,wrist_roll,-0.411,-0.396,-0.411,-0.015,-0.015,0
1787801954.915,gripper,11.077,9.939,11.077,1.138,1.138,0
1787801954.963,shoulder_pan,-6.311,-7.165,-6.311,0.854,0.854,0
1787801954.963,shoulder_lift,48.889,52.703,48.889,-3.814,-3.814,0
1787801954.963,elbow_flex,64.131,65.451,64.131,-1.320,-1.320,0
1787801954.963,wrist_flex,-101.996,-98.637,-101.996,-3.359,-3.359,0
1787801954.963,wrist_roll,-0.408,-0.396,-0.408,-0.012,-0.012,0
1787801954.963,gripper,11.314,10.211,11.314,1.103,1.103,0
1787801955.014,shoulder_pan,-6.183,-6.989,-6.183,0.806,0.806,0
1787801955.014,shoulder_lift,48.903,52.703,48.903,-3.800,-3.800,0
1787801955.014,elbow_flex,63.796,65.011,63.796,-1.215,-1.215,0
1787801955.014,wrist_flex,-102.025,-98.637,-102.025,-3.388,-3.388,0
1787801955.014,wrist_roll,-0.410,-0.396,-0.410,-0.014,-0.014,0
1787801955.014,gripper,11.470,10.551,11.470,0.918,0.918,0
1787801955.064,shoulder_pan,-6.023,-6.725,-6.023,0.703,0.703,0
1787801955.064,shoulder_lift,48.931,52.703,48.931,-3.772,-3.772,0
1787801955.064,elbow_flex,63.471,64.747,63.471,-1.276,-1.276,0
1787801955.064,wrist_flex,-102.051,-98.637,-102.051,-3.413,-3.413,0
1787801955.064,wrist_roll,-0.403,-0.396,-0.403,-0.008,-0.008,0
1787801955.064,gripper,11.765,10.824,11.765,0.941,0.941,0
1787801955.114,shoulder_pan,-5.802,-6.725,-5.802,0.923,0.923,0
1787801955.114,shoulder_lift,48.989,52.703,48.989,-3.714,-3.714,0
1787801955.114,elbow_flex,62.929,64.484,62.929,-1.554,-1.554,0
1787801955.114,wrist_flex,-102.077,-98.637,-102.077,-3.439,-3.439,0
1787801955.114,wrist_roll,-0.385,-0.396,-0.385,0.011,0.011,0
1787801955.114,gripper,11.949,11.028,11.949,0.922,0.922,0
1787801955.164,shoulder_pan,-5.616,-6.549,-5.616,0.934,0.934,0
1787801955.164,shoulder_lift,49.060,52.703,49.060,-3.643,-3.643,0
1787801955.164,elbow_flex,62.522,64.044,62.522,-1.522,-1.522,0
1787801955.164,wrist_flex,-102.118,-98.637,-102.118,-3.481,-3.481,0
1787801955.164,wrist_roll,-0.373,-0.396,-0.373,0.023,0.023,0
1787801955.164,gripper,12.146,11.300,12.146,0.846,0.846,0
1787801955.213,shoulder_pan,-5.363,-6.198,-5.363,0.835,0.835,0
1787801955.213,shoulder_lift,49.142,52.703,49.142,-3.561,-3.561,0
1787801955.213,elbow_flex,62.122,63.692,62.122,-1.570,-1.570,0
1787801955.213,wrist_flex,-102.152,-98.637,-102.152,-3.515,-3.515,0
1787801955.213,wrist_roll,-0.360,-0.308,-0.360,-0.053,-0.053,0
1787801955.213,gripper,12.138,11.504,12.138,0.633,0.633,0
1787801955.263,shoulder_pan,-5.201,-6.022,-5.201,0.821,0.821,0
1787801955.263,shoulder_lift,49.206,52.703,49.206,-3.497,-3.497,0
1787801955.263,elbow_flex,61.780,63.253,61.780,-1.473,-1.473,0
1787801955.263,wrist_flex,-102.180,-98.637,-102.180,-3.543,-3.543,0
1787801955.263,wrist_roll,-0.347,-0.308,-0.347,-0.040,-0.040,0
1787801955.263,gripper,12.457,11.641,12.457,0.817,0.817,0
1787801955.318,shoulder_pan,-5.005,-5.934,-5.005,0.929,0.929,0
1787801955.318,shoulder_lift,49.331,52.703,49.331,-3.373,-3.373,0
1787801955.318,elbow_flex,61.461,62.901,61.461,-1.440,-1.440,0
1787801955.318,wrist_flex,-102.244,-98.637,-102.244,-3.607,-3.607,0
1787801955.318,wrist_roll,-0.334,-0.308,-0.334,-0.026,-0.026,0
1787801955.318,gripper,12.392,11.709,12.392,0.683,0.683,0
1787801955.364,shoulder_pan,-4.914,-5.582,-4.914,0.668,0.668,0
1787801955.364,shoulder_lift,49.338,52.703,49.338,-3.365,-3.365,0
1787801955.364,elbow_flex,61.180,62.549,61.180,-1.370,-1.370,0
1787801955.364,wrist_flex,-102.249,-98.637,-102.249,-3.612,-3.612,0
1787801955.364,wrist_roll,-0.321,-0.308,-0.321,-0.014,-0.014,0
1787801955.364,gripper,12.671,11.709,12.671,0.963,0.963,0
1787801955.415,shoulder_pan,-4.777,-5.319,-4.777,0.542,0.542,0
1787801955.415,shoulder_lift,49.381,52.703,49.381,-3.322,-3.322,0
1787801955.415,elbow_flex,60.903,62.198,60.903,-1.295,-1.295,0
1787801955.415,wrist_flex,-102.284,-98.637,-102.284,-3.647,-3.647,0
1787801955.415,wrist_roll,-0.299,-0.308,-0.299,0.009,0.009,0
1787801955.415,gripper,12.725,11.845,12.725,0.880,0.880,0
1787801955.465,shoulder_pan,-4.691,-5.319,-4.691,0.628,0.628,0
1787801955.465,shoulder_lift,49.459,52.703,49.459,-3.244,-3.244,0
1787801955.465,elbow_flex,60.739,61.846,60.739,-1.107,-1.107,0
1787801955.465,wrist_flex,-102.333,-98.637,-102.333,-3.695,-3.695,0
1787801955.465,wrist_roll,-0.280,-0.308,-0.280,0.028,0.028,0
1787801955.465,gripper,13.050,12.049,13.050,1.001,1.001,0
1787801955.515,shoulder_pan,-4.590,-5.407,-4.590,0.816,0.816,0
1787801955.515,shoulder_lift,49.491,52.703,49.491,-3.213,-3.213,0
1787801955.515,elbow_flex,60.364,61.670,60.364,-1.306,-1.306,0
1787801955.515,wrist_flex,-102.315,-98.637,-102.315,-3.677,-3.677,0
1787801955.515,wrist_roll,-0.261,-0.308,-0.261,0.047,0.047,0
1787801955.515,gripper,13.351,12.321,13.351,1.030,1.030,0
1787801955.566,shoulder_pan,-4.582,-5.407,-4.582,0.824,0.824,0
1787801955.566,shoulder_lift,49.529,52.703,49.529,-3.175,-3.175,0
1787801955.566,elbow_flex,59.989,61.407,59.989,-1.418,-1.418,0
1787801955.566,wrist_flex,-102.203,-98.637,-102.203,-3.565,-3.565,0
1787801955.566,wrist_roll,-0.228,-0.308,-0.228,0.080,0.080,0
1787801955.566,gripper,14.048,12.594,14.048,1.454,1.454,0
1787801955.615,shoulder_pan,-4.530,-5.407,-4.530,0.876,0.876,0
1787801955.615,shoulder_lift,49.498,52.703,49.498,-3.206,-3.206,0
1787801955.615,elbow_flex,59.822,61.143,59.822,-1.321,-1.321,0
1787801955.615,wrist_flex,-102.160,-98.637,-102.160,-3.523,-3.523,0
1787801955.615,wrist_roll,-0.218,-0.308,-0.218,0.090,0.090,0
1787801955.615,gripper,14.186,13.002,14.186,1.184,1.184,0
1787801955.666,shoulder_pan,-4.586,-5.407,-4.586,0.820,0.820,0
1787801955.666,shoulder_lift,49.441,52.703,49.441,-3.262,-3.262,0
1787801955.666,elbow_flex,59.599,60.791,59.599,-1.192,-1.192,0
1787801955.666,wrist_flex,-102.038,-98.637,-102.038,-3.401,-3.401,0
1787801955.666,wrist_roll,-0.199,-0.220,-0.199,0.021,0.021,0
1787801955.666,gripper,14.613,13.342,14.613,1.271,1.271,0
1787801955.716,shoulder_pan,-4.637,-5.407,-4.637,0.770,0.770,0
1787801955.716,shoulder_lift,49.387,52.703,49.387,-3.317,-3.317,0
1787801955.716,elbow_flex,59.403,60.615,59.403,-1.213,-1.213,0
1787801955.716,wrist_flex,-101.862,-98.637,-101.862,-3.225,-3.225,0
1787801955.716,wrist_roll,-0.168,-0.220,-0.168,0.052,0.052,0
1787801955.716,gripper,15.165,13.683,15.165,1.482,1.482,0
1787801955.764,shoulder_pan,-4.669,-5.407,-4.669,0.737,0.737,0
1787801955.764,shoulder_lift,49.316,52.703,49.316,-3.387,-3.387,0
1787801955.764,elbow_flex,59.075,60.352,59.075,-1.276,-1.276,0
1787801955.764,wrist_flex,-101.684,-98.637,-101.684,-3.046,-3.046,0
1787801955.764,wrist_roll,-0.155,-0.220,-0.155,0.065,0.065,0
1787801955.764,gripper,15.261,14.091,15.261,1.170,1.170,0
1787801955.815,shoulder_pan,-4.739,-5.407,-4.739,0.667,0.667,0
1787801955.815,shoulder_lift,49.221,52.703,49.221,-3.482,-3.482,0
1787801955.815,elbow_flex,58.883,60.088,58.883,-1.205,-1.205,0
1787801955.815,wrist_flex,-101.465,-98.637,-101.465,-2.828,-2.828,0
1787801955.815,wrist_roll,-0.149,-0.220,-0.149,0.071,0.071,0
1787801955.815,gripper,15.872,14.432,15.872,1.441,1.441,0
1787801955.865,shoulder_pan,-4.739,-5.407,-4.739,0.668,0.668,0
1787801955.865,shoulder_lift,49.178,52.703,49.178,-3.525,-3.525,0
1787801955.865,elbow_flex,58.543,59.912,58.543,-1.370,-1.370,0
1787801955.865,wrist_flex,-101.202,-98.637,-101.202,-2.564,-2.564,0
1787801955.865,wrist_roll,-0.144,-0.220,-0.144,0.076,0.076,0
1787801955.865,gripper,16.116,14.840,16.116,1.276,1.276,0
1787801955.915,shoulder_pan,-4.770,-5.407,-4.770,0.637,0.637,0
1787801955.915,shoulder_lift,49.080,52.703,49.080,-3.623,-3.623,0
1787801955.915,elbow_flex,58.156,59.736,58.156,-1.580,-1.580,0
1787801955.915,wrist_flex,-100.768,-98.637,-100.768,-2.131,-2.131,0
1787801955.915,wrist_roll,-0.144,-0.220,-0.144,0.076,0.076,0
1787801955.915,gripper,16.517,15.248,16.517,1.268,1.268,0
1787801955.965,shoulder_pan,-4.822,-5.407,-4.822,0.584,0.584,0
1787801955.965,shoulder_lift,49.018,52.703,49.018,-3.685,-3.685,0
1787801955.965,elbow_flex,57.782,59.385,57.782,-1.602,-1.602,0
1787801955.965,wrist_flex,-100.360,-98.637,-100.360,-1.723,-1.723,0
1787801955.965,wrist_roll,-0.149,-0.220,-0.149,0.070,0.070,0
1787801955.965,gripper,16.917,15.589,16.917,1.328,1.328,0
1787801956.017,shoulder_pan,-4.888,-5.407,-4.888,0.518,0.518,0
1787801956.017,shoulder_lift,49.022,52.703,49.022,-3.681,-3.681,0
1787801956.017,elbow_flex,57.457,59.033,57.457,-1.576,-1.576,0
1787801956.017,wrist_flex,-100.071,-98.637,-100.071,-1.433,-1.433,0
1787801956.017,wrist_roll,-0.147,-0.220,-0.147,0.073,0.073,0
1787801956.017,gripper,17.454,15.997,17.454,1.456,1.456,0
1787801956.066,shoulder_pan,-4.940,-5.407,-4.940,0.466,0.466,0
1787801956.066,shoulder_lift,49.016,52.703,49.016,-3.688,-3.688,0
1787801956.066,elbow_flex,57.146,58.681,57.146,-1.535,-1.535,0
1787801956.066,wrist_flex,-99.758,-98.637,-99.758,-1.121,-1.121,0
1787801956.066,wrist_roll,-0.151,-0.220,-0.151,0.069,0.069,0
1787801956.066,gripper,17.868,16.406,17.868,1.462,1.462,0
1787801956.116,shoulder_pan,-5.004,-5.407,-5.004,0.403,0.403,0
1787801956.116,shoulder_lift,49.023,52.703,49.023,-3.681,-3.681,0
1787801956.116,elbow_flex,56.841,58.330,56.841,-1.489,-1.489,0
1787801956.116,wrist_flex,-99.441,-98.637,-99.441,-0.803,-0.803,0
1787801956.116,wrist_roll,-0.155,-0.220,-0.155,0.065,0.065,0
1787801956.116,gripper,18.205,16.814,18.205,1.391,1.391,0
1787801956.166,shoulder_pan,-5.091,-5.407,-5.091,0.315,0.315,0
1787801956.166,shoulder_lift,49.000,52.703,49.000,-3.703,-3.703,0
1787801956.166,elbow_flex,56.579,58.154,56.579,-1.575,-1.575,0
1787801956.166,wrist_flex,-99.085,-98.637,-99.085,-0.447,-0.447,0
1787801956.166,wrist_roll,-0.161,-0.220,-0.161,0.058,0.058,0
1787801956.166,gripper,18.606,17.223,18.606,1.383,1.383,0
1787801956.217,shoulder_pan,-5.157,-5.407,-5.157,0.249,0.249,0
1787801956.217,shoulder_lift,49.000,52.703,49.000,-3.703,-3.703,0
1787801956.217,elbow_flex,56.214,57.802,56.214,-1.589,-1.589,0
1787801956.217,wrist_flex,-98.698,-98.637,-98.698,-0.060,-0.060,0
1787801956.217,wrist_roll,-0.168,-0.220,-0.168,0.052,0.052,0
1787801956.217,gripper,19.016,17.631,19.016,1.385,1.385,0
1787801956.267,shoulder_pan,-5.225,-5.407,-5.225,0.181,0.181,0
1787801956.267,shoulder_lift,48.922,52.703,48.922,-3.782,-3.782,0
1787801956.267,elbow_flex,55.908,57.451,55.908,-1.543,-1.543,0
1787801956.267,wrist_flex,-98.317,-98.637,-98.317,0.320,0.320,0
1787801956.267,wrist_roll,-0.181,-0.132,-0.181,-0.049,-0.049,0
1787801956.267,gripper,19.537,18.039,19.537,1.497,1.497,0
1787801956.316,shoulder_pan,-5.314,-5.407,-5.314,0.093,0.093,0
1787801956.316,shoulder_lift,48.886,52.703,48.886,-3.817,-3.817,0
1787801956.316,elbow_flex,55.787,57.099,55.787,-1.312,-1.312,0
1787801956.316,wrist_flex,-98.097,-98.637,-98.097,0.541,0.541,0
1787801956.316,wrist_roll,-0.195,-0.132,-0.195,-0.063,-0.063,0
1787801956.316,gripper,19.902,18.448,19.902,1.454,1.454,0
1787801956.367,shoulder_pan,-5.450,-5.407,-5.450,-0.044,-0.044,0
1787801956.367,shoulder_lift,48.889,52.703,48.889,-3.814,-3.814,0
1787801956.367,elbow_flex,55.530,56.923,55.530,-1.393,-1.393,0
1787801956.367,wrist_flex,-97.750,-98.549,-97.750,0.800,0.800,0
1787801956.367,wrist_roll,-0.207,-0.132,-0.207,-0.075,-0.075,0
1787801956.367,gripper,20.144,18.924,20.144,1.220,1.220,0
1787801956.416,shoulder_pan,-5.505,-5.407,-5.505,-0.099,-0.099,0
1787801956.416,shoulder_lift,48.874,52.703,48.874,-3.829,-3.829,0
1787801956.416,elbow_flex,55.405,56.659,55.405,-1.255,-1.255,0
1787801956.416,wrist_flex,-97.506,-98.462,-97.506,0.955,0.955,0
1787801956.416,wrist_roll,-0.217,-0.132,-0.217,-0.085,-0.085,0
1787801956.416,gripper,20.502,19.265,20.502,1.237,1.237,0
1787801956.468,shoulder_pan,-5.629,-5.407,-5.629,-0.222,-0.222,0
1787801956.468,shoulder_lift,48.775,52.703,48.775,-3.928,-3.928,0
1787801956.468,elbow_flex,55.243,56.484,55.243,-1.240,-1.240,0
1787801956.468,wrist_flex,-97.137,-98.110,-97.137,0.973,0.973,0
1787801956.468,wrist_roll,-0.231,-0.132,-0.231,-0.099,-0.099,0
1787801956.468,gripper,20.683,19.673,20.683,1.009,1.009,0
1787801956.516,shoulder_pan,-5.716,-5.407,-5.716,-0.309,-0.309,0
1787801956.516,shoulder_lift,48.731,52.703,48.731,-3.972,-3.972,0
1787801956.516,elbow_flex,54.981,56.308,54.981,-1.327,-1.327,0
1787801956.516,wrist_flex,-96.749,-97.758,-96.749,1.010,1.010,0
1787801956.516,wrist_roll,-0.238,-0.132,-0.238,-0.106,-0.106,0
1787801956.516,gripper,21.359,19.946,21.359,1.413,1.413,0
1787801956.567,shoulder_pan,-5.835,-5.407,-5.835,-0.428,-0.428,0
1787801956.567,shoulder_lift,48.716,52.703,48.716,-3.988,-3.988,0
1787801956.567,elbow_flex,54.759,56.132,54.759,-1.373,-1.373,0
1787801956.567,wrist_flex,-96.404,-97.407,-96.404,1.003,1.003,0
1787801956.567,wrist_roll,-0.245,-0.132,-0.245,-0.113,-0.113,0
1787801956.567,gripper,21.833,20.286,21.833,1.547,1.547,0
1787801956.616,shoulder_pan,-5.934,-5.407,-5.934,-0.528,-0.528,0
1787801956.616,shoulder_lift,48.591,52.703,48.591,-4.112,-4.112,0
1787801956.616,elbow_flex,54.541,56.044,54.541,-1.503,-1.503,0
1787801956.616,wrist_flex,-96.015,-97.055,-96.015,1.040,1.040,0
1787801956.616,wrist_roll,-0.260,-0.132,-0.260,-0.128,-0.128,0
1787801956.616,gripper,22.543,20.762,22.543,1.780,1.780,0
1787801956.667,shoulder_pan,-6.069,-5.407,-6.069,-0.663,-0.663,0
1787801956.667,shoulder_lift,48.509,52.703,48.509,-4.195,-4.195,0
1787801956.667,elbow_flex,54.364,55.780,54.364,-1.416,-1.416,0
1787801956.667,wrist_flex,-95.627,-96.615,-95.627,0.989,0.989,0
1787801956.667,wrist_roll,-0.272,-0.132,-0.272,-0.140,-0.140,0
1787801956.667,gripper,22.775,21.307,22.775,1.468,1.468,0
1787801956.716,shoulder_pan,-6.195,-5.407,-6.195,-0.788,-0.788,0
1787801956.716,shoulder_lift,48.467,52.703,48.467,-4.236,-4.236,0
1787801956.716,elbow_flex,53.987,55.429,53.987,-1.441,-1.441,0
1787801956.716,wrist_flex,-95.105,-96.176,-95.105,1.071,1.071,0
1787801956.716,wrist_roll,-0.281,-0.132,-0.281,-0.149,-0.149,0
1787801956.716,gripper,23.856,21.715,23.856,2.140,2.140,0
1787801956.766,shoulder_pan,-6.316,-5.582,-6.316,-0.734,-0.734,0
1787801956.766,shoulder_lift,48.442,52.703,48.442,-4.261,-4.261,0
1787801956.766,elbow_flex,53.702,55.253,53.702,-1.551,-1.551,0
1787801956.766,wrist_flex,-94.724,-95.648,-94.724,0.925,0.925,0
1787801956.766,wrist_roll,-0.292,-0.132,-0.292,-0.160,-0.160,0
1787801956.766,gripper,24.240,22.260,24.240,1.980,1.980,0
1787801956.816,shoulder_pan,-6.443,-5.846,-6.443,-0.597,-0.597,0
1787801956.816,shoulder_lift,48.370,52.703,48.370,-4.333,-4.333,0
1787801956.816,elbow_flex,53.385,54.901,53.385,-1.516,-1.516,0
1787801956.816,wrist_flex,-94.168,-95.209,-94.168,1.041,1.041,0
1787801956.816,wrist_roll,-0.301,-0.132,-0.301,-0.169,-0.169,0
1787801956.816,gripper,25.045,22.941,25.045,2.105,2.105,0
1787801956.868,shoulder_pan,-6.571,-6.110,-6.571,-0.461,-0.461,0
1787801956.868,shoulder_lift,48.306,52.703,48.306,-4.397,-4.397,0
1787801956.868,elbow_flex,53.078,54.637,53.078,-1.559,-1.559,0
1787801956.868,wrist_flex,-93.731,-94.681,-93.731,0.950,0.950,0
1787801956.868,wrist_roll,-0.311,-0.132,-0.311,-0.179,-0.179,0
1787801956.868,gripper,26.004,23.622,26.004,2.382,2.382,0
1787801956.917,shoulder_pan,-6.691,-6.110,-6.691,-0.581,-0.581,0
1787801956.917,shoulder_lift,48.325,52.703,48.325,-4.378,-4.378,0
1787801956.917,elbow_flex,52.862,54.374,52.862,-1.512,-1.512,0
1787801956.917,wrist_flex,-93.344,-94.242,-93.344,0.898,0.898,0
1787801956.917,wrist_roll,-0.316,-0.132,-0.316,-0.184,-0.184,0
1787801956.917,gripper,26.279,24.302,26.279,1.977,1.977,0
1787801956.968,shoulder_pan,-6.792,-6.110,-6.792,-0.682,-0.682,0
1787801956.968,shoulder_lift,48.281,52.703,48.281,-4.422,-4.422,0
1787801956.968,elbow_flex,52.483,54.110,52.483,-1.627,-1.627,0
1787801956.968,wrist_flex,-92.894,-93.714,-92.894,0.820,0.820,0
1787801956.968,wrist_roll,-0.326,-0.132,-0.326,-0.194,-0.194,0
1787801956.968,gripper,26.997,25.051,26.997,1.946,1.946,0
1787801957.018,shoulder_pan,-6.920,-6.110,-6.920,-0.810,-0.810,0
1787801957.018,shoulder_lift,48.245,52.703,48.245,-4.459,-4.459,0
1787801957.018,elbow_flex,52.370,53.846,52.370,-1.477,-1.477,0
1787801957.018,wrist_flex,-92.556,-93.275,-92.556,0.719,0.719,0
1787801957.018,wrist_roll,-0.336,-0.132,-0.336,-0.204,-0.204,0
1787801957.018,gripper,27.776,25.664,27.776,2.112,2.112,0
1787801957.068,shoulder_pan,-6.987,-6.198,-6.987,-0.789,-0.789,0
1787801957.068,shoulder_lift,48.305,52.703,48.305,-4.399,-4.399,0
1787801957.068,elbow_flex,52.165,53.582,52.165,-1.418,-1.418,0
1787801957.068,wrist_flex,-92.327,-92.835,-92.327,0.508,0.508,0
1787801957.068,wrist_roll,-0.337,-0.220,-0.337,-0.117,-0.117,0
1787801957.068,gripper,28.066,26.276,28.066,1.790,1.790,0
1787801957.117,shoulder_pan,-7.126,-6.462,-7.126,-0.664,-0.664,0
1787801957.117,shoulder_lift,48.373,52.703,48.373,-4.330,-4.330,0
1787801957.117,elbow_flex,52.052,53.407,52.052,-1.354,-1.354,0
1787801957.117,wrist_flex,-92.062,-92.571,-92.062,0.510,0.510,0
1787801957.117,wrist_roll,-0.348,-0.220,-0.348,-0.128,-0.128,0
1787801957.117,gripper,29.254,26.889,29.254,2.365,2.365,0
1787801957.169,shoulder_pan,-7.206,-6.637,-7.206,-0.568,-0.568,0
1787801957.169,shoulder_lift,48.298,52.703,48.298,-4.405,-4.405,0
1787801957.169,elbow_flex,51.657,53.231,51.657,-1.573,-1.573,0
1787801957.169,wrist_flex,-91.684,-92.220,-91.684,0.536,0.536,0
1787801957.169,wrist_roll,-0.349,-0.220,-0.349,-0.129,-0.129,0
1787801957.169,gripper,29.428,27.570,29.428,1.858,1.858,0
1787801957.218,shoulder_pan,-7.355,-6.725,-7.355,-0.630,-0.630,0
1787801957.218,shoulder_lift,48.340,52.703,48.340,-4.363,-4.363,0
1787801957.218,elbow_flex,51.527,53.143,51.527,-1.616,-1.616,0
1787801957.218,wrist_flex,-91.424,-91.956,-91.424,0.532,0.532,0
1787801957.218,wrist_roll,-0.365,-0.308,-0.365,-0.057,-0.057,0
1787801957.218,gripper,30.513,28.251,30.513,2.263,2.263,0
1787801957.267,shoulder_pan,-7.462,-6.813,-7.462,-0.649,-0.649,0
1787801957.267,shoulder_lift,48.411,52.703,48.411,-4.293,-4.293,0
1787801957.267,elbow_flex,51.085,52.967,51.085,-1.882,-1.882,0
1787801957.267,wrist_flex,-91.097,-91.604,-91.097,0.508,0.508,0
1787801957.267,wrist_roll,-0.372,-0.308,-0.372,-0.065,-0.065,0
1787801957.267,gripper,31.188,28.863,31.188,2.325,2.325,0
1787801957.317,shoulder_pan,-7.596,-6.813,-7.596,-0.782,-0.782,0
1787801957.317,shoulder_lift,48.497,52.703,48.497,-4.206,-4.206,0
1787801957.317,elbow_flex,50.832,52.615,50.832,-1.784,-1.784,0
1787801957.317,wrist_flex,-90.852,-91.341,-90.852,0.489,0.489,0
1787801957.317,wrist_roll,-0.381,-0.308,-0.381,-0.073,-0.073,0
1787801957.317,gripper,31.864,29.680,31.864,2.184,2.184,0
1787801957.369,shoulder_pan,-7.689,-7.077,-7.689,-0.612,-0.612,0
1787801957.369,shoulder_lift,48.551,52.703,48.551,-4.152,-4.152,0
1787801957.369,elbow_flex,50.562,52.264,50.562,-1.702,-1.702,0
1787801957.369,wrist_flex,-90.573,-91.077,-90.573,0.504,0.504,0
1787801957.369,wrist_roll,-0.390,-0.308,-0.390,-0.082,-0.082,0
1787801957.369,gripper,32.760,30.429,32.760,2.331,2.331,0
1787801957.419,shoulder_pan,-7.811,-7.253,-7.811,-0.558,-0.558,0
1787801957.419,shoulder_lift,48.623,52.703,48.623,-4.080,-4.080,0
1787801957.419,elbow_flex,50.249,52.000,50.249,-1.751,-1.751,0
1787801957.419,wrist_flex,-90.323,-90.813,-90.323,0.490,0.490,0
1787801957.419,wrist_roll,-0.395,-0.308,-0.395,-0.087,-0.087,0
1787801957.419,gripper,33.411,31.110,33.411,2.301,2.301,0
1787801957.468,shoulder_pan,-7.958,-7.253,-7.958,-0.705,-0.705,0
1787801957.468,shoulder_lift,48.848,52.703,48.848,-3.855,-3.855,0
1787801957.468,elbow_flex,49.879,51.648,49.879,-1.770,-1.770,0
1787801957.468,wrist_flex,-90.156,-90.549,-90.156,0.393,0.393,0
1787801957.468,wrist_roll,-0.403,-0.308,-0.403,-0.095,-0.095,0
1787801957.468,gripper,34.356,31.926,34.356,2.430,2.430,0
1787801957.519,shoulder_pan,-8.048,-7.429,-8.048,-0.619,-0.619,0
1787801957.519,shoulder_lift,48.898,52.703,48.898,-3.806,-3.806,0
1787801957.519,elbow_flex,49.528,51.385,49.528,-1.856,-1.856,0
1787801957.519,wrist_flex,-89.891,-90.286,-89.891,0.394,0.394,0
1787801957.519,wrist_roll,-0.420,-0.308,-0.420,-0.112,-0.112,0
1787801957.519,gripper,34.919,32.675,34.919,2.244,2.244,0
1787801957.568,shoulder_pan,-8.215,-7.692,-8.215,-0.523,-0.523,0
1787801957.568,shoulder_lift,49.185,52.703,49.185,-3.518,-3.518,0
1787801957.568,elbow_flex,48.814,51.033,48.814,-2.219,-2.219,0
1787801957.568,wrist_flex,-89.539,-90.022,-89.539,0.483,0.483,0
1787801957.568,wrist_roll,-0.436,-0.308,-0.436,-0.128,-0.128,0
1787801957.568,gripper,36.049,33.424,36.049,2.625,2.625,0
1787801957.618,shoulder_pan,-8.306,-7.692,-8.306,-0.613,-0.613,0
1787801957.618,shoulder_lift,49.396,52.703,49.396,-3.308,-3.308,0
1787801957.618,elbow_flex,48.411,50.681,48.411,-2.271,-2.271,0
1787801957.618,wrist_flex,-89.361,-89.670,-89.361,0.309,0.309,0
1787801957.618,wrist_roll,-0.455,-0.308,-0.455,-0.147,-0.147,0
1787801957.618,gripper,36.632,34.173,36.632,2.459,2.459,0
1787801957.667,shoulder_pan,-8.388,-7.604,-8.388,-0.784,-0.784,0
1787801957.667,shoulder_lift,49.604,52.703,49.604,-3.099,-3.099,0
1787801957.667,elbow_flex,47.937,50.154,47.937,-2.217,-2.217,0
1787801957.667,wrist_flex,-89.133,-89.407,-89.133,0.274,0.274,0
1787801957.667,wrist_roll,-0.477,-0.308,-0.477,-0.169,-0.169,0
1787801957.667,gripper,37.316,34.990,37.316,2.326,2.326,0
1787801957.719,shoulder_pan,-8.474,-7.692,-8.474,-0.781,-0.781,0
1787801957.719,shoulder_lift,49.873,52.703,49.873,-2.831,-2.831,0
1787801957.719,elbow_flex,47.295,49.714,47.295,-2.420,-2.420,0
1787801957.719,wrist_flex,-88.891,-89.231,-88.891,0.340,0.340,0
1787801957.719,wrist_roll,-0.498,-0.308,-0.498,-0.190,-0.190,0
1787801957.719,gripper,38.426,35.807,38.426,2.619,2.619,0
1787801957.768,shoulder_pan,-8.609,-8.044,-8.609,-0.565,-0.565,0
1787801957.768,shoulder_lift,50.335,52.703,50.335,-2.368,-2.368,0
1787801957.768,elbow_flex,46.447,49.275,46.447,-2.828,-2.828,0
1787801957.768,wrist_flex,-88.815,-89.055,-88.815,0.240,0.240,0
1787801957.768,wrist_roll,-0.543,-0.308,-0.543,-0.236,-0.236,0
1787801957.768,gripper,39.726,36.555,39.726,3.171,3.171,0
1787801957.820,shoulder_pan,-8.735,-8.044,-8.735,-0.691,-0.691,0
1787801957.820,shoulder_lift,50.698,52.703,50.698,-2.005,-2.005,0
1787801957.820,elbow_flex,44.980,48.659,44.980,-3.679,-3.679,0
1787801957.820,wrist_flex,-88.177,-88.879,-88.177,0.702,0.702,0
1787801957.820,wrist_roll,-0.613,-0.308,-0.613,-0.305,-0.305,0
1787801957.820,gripper,41.671,37.577,41.671,4.095,4.095,0
1787801957.867,shoulder_pan,-8.811,-7.956,-8.811,-0.855,-0.855,0
1787801957.867,shoulder_lift,51.058,52.703,51.058,-1.646,-1.646,0
1787801957.867,elbow_flex,43.756,47.956,43.756,-4.200,-4.200,0
1787801957.867,wrist_flex,-87.657,-88.703,-87.657,1.046,1.046,0
1787801957.867,wrist_roll,-0.671,-0.308,-0.671,-0.363,-0.363,0
1787801957.867,gripper,43.067,38.598,43.067,4.469,4.469,0
1787801957.918,shoulder_pan,-8.851,-8.132,-8.851,-0.719,-0.719,0
1787801957.918,shoulder_lift,51.300,52.791,51.300,-1.491,-1.491,0
1787801957.918,elbow_flex,43.543,46.901,43.543,-3.358,-3.358,0
1787801957.918,wrist_flex,-87.726,-88.264,-87.726,0.538,0.538,0
1787801957.918,wrist_roll,-0.671,-0.308,-0.671,-0.363,-0.363,0
1787801957.918,gripper,43.398,40.231,43.398,3.166,3.166,0
1787801957.969,shoulder_pan,-8.915,-8.396,-8.915,-0.520,-0.520,0
1787801957.969,shoulder_lift,51.782,52.791,51.782,-1.009,-1.009,0
1787801957.969,elbow_flex,42.081,45.934,42.081,-3.853,-3.853,0
1787801957.969,wrist_flex,-87.196,-87.912,-87.196,0.716,0.716,0
1787801957.969,wrist_roll,-0.755,-0.308,-0.755,-0.447,-0.447,0
1787801957.969,gripper,45.114,41.457,45.114,3.657,3.657,0
1787801958.019,shoulder_pan,-8.932,-8.484,-8.932,-0.448,-0.448,0
1787801958.019,shoulder_lift,52.223,52.791,52.223,-0.568,-0.568,0
1787801958.019,elbow_flex,41.121,45.055,41.121,-3.934,-3.934,0
1787801958.019,wrist_flex,-86.814,-87.560,-86.814,0.747,0.747,0
1787801958.019,wrist_roll,-0.789,-0.220,-0.789,-0.569,-0.569,0
1787801958.019,gripper,45.847,42.478,45.847,3.370,3.370,0
1787801958.068,shoulder_pan,-8.967,-8.571,-8.967,-0.396,-0.396,0
1787801958.068,shoulder_lift,52.528,52.791,52.528,-0.263,-0.263,0
1787801958.068,elbow_flex,40.114,44.088,40.114,-3.974,-3.974,0
1787801958.068,wrist_flex,-86.296,-87.209,-86.296,0.912,0.912,0
1787801958.068,wrist_roll,-0.816,-0.396,-0.816,-0.420,-0.420,0
1787801958.068,gripper,46.637,43.703,46.637,2.934,2.934,0
1787801958.120,shoulder_pan,-8.999,-8.747,-8.999,-0.251,-0.251,0
1787801958.120,shoulder_lift,52.806,52.879,52.806,-0.073,-0.073,0
1787801958.120,elbow_flex,39.946,43.033,39.946,-3.087,-3.087,0
1787801958.120,wrist_flex,-86.315,-86.769,-86.315,0.455,0.455,0
1787801958.120,wrist_roll,-0.804,-0.571,-0.804,-0.233,-0.233,0
1787801958.120,gripper,46.804,44.724,46.804,2.079,2.079,0
1787801958.170,shoulder_pan,-9.090,-8.747,-9.090,-0.343,-0.343,0
1787801958.170,shoulder_lift,53.127,53.143,53.127,-0.016,-0.016,0
1787801958.170,elbow_flex,39.271,42.242,39.271,-2.971,-2.971,0
1787801958.170,wrist_flex,-85.901,-86.505,-85.901,0.605,0.605,0
1787801958.170,wrist_roll,-0.803,-0.571,-0.803,-0.231,-0.231,0
1787801958.170,gripper,46.696,45.473,46.696,1.223,1.223,0
1787801958.220,shoulder_pan,-9.049,-8.747,-9.049,-0.301,-0.301,0
1787801958.220,shoulder_lift,53.406,53.495,53.406,-0.088,-0.088,0
1787801958.220,elbow_flex,38.128,41.626,38.128,-3.498,-3.498,0
1787801958.220,wrist_flex,-85.220,-86.154,-85.220,0.934,0.934,0
1787801958.220,wrist_roll,-0.816,-0.571,-0.816,-0.244,-0.244,0
1787801958.220,gripper,47.287,45.813,47.287,1.473,1.473,0
1787801958.269,shoulder_pan,-9.121,-8.747,-9.121,-0.374,-0.374,0
1787801958.269,shoulder_lift,53.757,53.846,53.757,-0.089,-0.089,0
1787801958.269,elbow_flex,38.232,41.011,38.232,-2.779,-2.779,0
1787801958.269,wrist_flex,-85.446,-85.802,-85.446,0.356,0.356,0
1787801958.269,wrist_roll,-0.773,-0.571,-0.773,-0.202,-0.202,0
1787801958.269,gripper,47.272,46.222,47.272,1.051,1.051,0
1787801958.319,shoulder_pan,-9.173,-8.747,-9.173,-0.426,-0.426,0
1787801958.319,shoulder_lift,54.083,54.198,54.083,-0.115,-0.115,0
1787801958.319,elbow_flex,37.394,40.396,37.394,-3.001,-3.001,0
1787801958.319,wrist_flex,-84.933,-85.538,-84.933,0.606,0.606,0
1787801958.319,wrist_roll,-0.783,-0.571,-0.783,-0.212,-0.212,0
1787801958.319,gripper,47.468,46.494,47.468,0.974,0.974,0
1787801958.368,shoulder_pan,-9.296,-8.747,-9.296,-0.549,-0.549,0
1787801958.368,shoulder_lift,54.506,54.637,54.506,-0.131,-0.131,0
1787801958.368,elbow_flex,38.103,39.868,38.103,-1.765,-1.765,0
1787801958.368,wrist_flex,-85.763,-85.363,-85.763,-0.400,-0.400,0
1787801958.368,wrist_roll,-0.732,-0.571,-0.732,-0.161,-0.161,0
1787801958.368,gripper,47.172,46.698,47.172,0.474,0.474,0
1787801958.418,shoulder_pan,-9.274,-8.747,-9.274,-0.527,-0.527,0
1787801958.418,shoulder_lift,54.696,54.989,54.696,-0.293,-0.293,0
1787801958.418,elbow_flex,37.392,39.516,37.392,-2.125,-2.125,0
1787801958.418,wrist_flex,-85.365,-85.275,-85.365,-0.090,-0.090,0
1787801958.418,wrist_roll,-0.735,-0.571,-0.735,-0.163,-0.163,0
1787801958.418,gripper,47.508,46.767,47.508,0.742,0.742,0
1787801958.468,shoulder_pan,-9.350,-8.747,-9.350,-0.603,-0.603,0
1787801958.468,shoulder_lift,55.085,55.077,55.085,0.009,0.009,0
1787801958.468,elbow_flex,36.188,39.429,36.188,-3.240,-3.240,0
1787801958.468,wrist_flex,-84.581,-85.187,-84.581,0.606,0.606,0
1787801958.468,wrist_roll,-0.724,-0.571,-0.724,-0.153,-0.153,0
1787801958.468,gripper,47.327,46.835,47.327,0.493,0.493,0
1787801958.518,shoulder_pan,-9.459,-8.747,-9.459,-0.711,-0.711,0
1787801958.518,shoulder_lift,55.333,55.341,55.333,-0.007,-0.007,0
1787801958.518,elbow_flex,36.761,38.901,36.761,-2.140,-2.140,0
1787801958.518,wrist_flex,-85.225,-85.099,-85.225,-0.126,-0.126,0
1787801958.518,wrist_roll,-0.691,-0.571,-0.691,-0.120,-0.120,0
1787801958.518,gripper,47.156,46.903,47.156,0.254,0.254,0
1787801958.572,shoulder_pan,-9.521,-8.747,-9.521,-0.774,-0.774,0
1787801958.572,shoulder_lift,55.599,55.604,55.599,-0.005,-0.005,0
1787801958.572,elbow_flex,36.580,38.374,36.580,-1.794,-1.794,0
1787801958.572,wrist_flex,-85.241,-85.011,-85.241,-0.230,-0.230,0
1787801958.572,wrist_roll,-0.668,-0.571,-0.668,-0.096,-0.096,0
1787801958.572,gripper,47.021,46.903,47.021,0.119,0.119,0
1787801958.619,shoulder_pan,-9.563,-8.747,-9.563,-0.816,-0.816,0
1787801958.619,shoulder_lift,55.860,55.780,55.860,0.080,0.080,0
1787801958.619,elbow_flex,35.498,38.110,35.498,-2.612,-2.612,0
1787801958.619,wrist_flex,-84.514,-85.011,-84.514,0.497,0.497,0
1787801958.619,wrist_roll,-0.665,-0.571,-0.665,-0.093,-0.093,0
1787801958.619,gripper,46.599,46.903,46.599,-0.303,-0.303,0
1787801958.671,shoulder_pan,-9.754,-8.747,-9.754,-1.007,-1.007,0
1787801958.671,shoulder_lift,56.141,56.044,56.141,0.097,0.097,0
1787801958.671,elbow_flex,35.770,37.670,35.770,-1.900,-1.900,0
1787801958.671,wrist_flex,-84.859,-85.011,-84.859,0.152,0.152,0
1787801958.671,wrist_roll,-0.652,-0.571,-0.652,-0.080,-0.080,0
1787801958.671,gripper,45.480,46.903,45.480,-1.423,-1.423,0
1787801958.719,shoulder_pan,-9.824,-9.011,-9.824,-0.813,-0.813,0
1787801958.719,shoulder_lift,56.357,56.396,56.357,-0.038,-0.038,0
1787801958.719,elbow_flex,36.214,37.231,36.214,-1.017,-1.017,0
1787801958.719,wrist_flex,-85.369,-84.923,-85.369,-0.446,-0.446,0
1787801958.719,wrist_roll,-0.610,-0.484,-0.610,-0.126,-0.126,0
1787801958.719,gripper,45.778,46.835,45.778,-1.056,-1.056,0
1787801958.772,shoulder_pan,-9.975,-9.099,-9.975,-0.876,-0.876,0
1787801958.772,shoulder_lift,56.603,56.484,56.603,0.119,0.119,0
1787801958.772,elbow_flex,36.007,37.055,36.007,-1.048,-1.048,0
1787801958.772,wrist_flex,-85.296,-84.923,-85.296,-0.372,-0.372,0
1787801958.772,wrist_roll,-0.591,-0.484,-0.591,-0.108,-0.108,0
1787801958.772,gripper,44.857,46.562,44.857,-1.706,-1.706,0
1787801958.821,shoulder_pan,-10.174,-9.099,-10.174,-1.075,-1.075,0
1787801958.821,shoulder_lift,56.819,56.484,56.819,0.335,0.335,0
1787801958.821,elbow_flex,36.727,36.967,36.727,-0.240,-0.240,0
1787801958.821,wrist_flex,-85.944,-84.923,-85.944,-1.021,-1.021,0
1787801958.821,wrist_roll,-0.567,-0.484,-0.567,-0.084,-0.084,0
1787801958.821,gripper,43.917,46.154,43.917,-2.237,-2.237,0
1787801958.871,shoulder_pan,-10.230,-9.187,-10.230,-1.043,-1.043,0
1787801958.871,shoulder_lift,56.998,56.659,56.998,0.339,0.339,0
1787801958.871,elbow_flex,37.154,36.967,37.154,0.186,0.186,0
1787801958.871,wrist_flex,-86.400,-84.923,-86.400,-1.477,-1.477,0
1787801958.871,wrist_roll,-0.526,-0.484,-0.526,-0.043,-0.043,0
1787801958.871,gripper,43.920,45.473,43.920,-1.553,-1.553,0
1787801958.919,shoulder_pan,-10.451,-9.275,-10.451,-1.177,-1.177,0
1787801958.919,shoulder_lift,57.312,57.011,57.312,0.301,0.301,0
1787801958.919,elbow_flex,38.008,36.967,38.008,1.041,1.041,0
1787801958.919,wrist_flex,-87.079,-85.275,-87.079,-1.804,-1.804,0
1787801958.919,wrist_roll,-0.482,-0.484,-0.482,0.001,0.001,0
1787801958.919,gripper,42.431,44.929,42.431,-2.498,-2.498,0
1787801958.971,shoulder_pan,-10.570,-9.363,-10.570,-1.208,-1.208,0
1787801958.971,shoulder_lift,57.438,57.187,57.438,0.251,0.251,0
1787801958.971,elbow_flex,38.829,36.879,38.829,1.950,1.950,0
1787801958.971,wrist_flex,-87.758,-85.802,-87.758,-1.956,-1.956,0
1787801958.971,wrist_roll,-0.443,-0.484,-0.443,0.041,0.041,0
1787801958.971,gripper,41.954,44.384,41.954,-2.430,-2.430,0
1787801959.019,shoulder_pan,-10.774,-9.451,-10.774,-1.323,-1.323,0
1787801959.019,shoulder_lift,57.617,57.363,57.617,0.255,0.255,0
1787801959.019,elbow_flex,39.764,36.879,39.764,2.885,2.885,0
1787801959.019,wrist_flex,-88.360,-86.330,-88.360,-2.030,-2.030,0
1787801959.019,wrist_roll,-0.393,-0.484,-0.393,0.090,0.090,0
1787801959.019,gripper,40.697,43.431,40.697,-2.734,-2.734,0
1787801959.072,shoulder_pan,-10.872,-9.626,-10.872,-1.245,-1.245,0
1787801959.072,shoulder_lift,57.830,57.363,57.830,0.468,0.468,0
1787801959.072,elbow_flex,40.510,37.670,40.510,2.839,2.839,0
1787801959.072,wrist_flex,-88.877,-87.033,-88.877,-1.844,-1.844,0
1787801959.072,wrist_roll,-0.369,-0.484,-0.369,0.115,0.115,0
1787801959.072,gripper,40.104,42.682,40.104,-2.578,-2.578,0
1787801959.121,shoulder_pan,-11.056,-9.890,-11.056,-1.166,-1.166,0
1787801959.121,shoulder_lift,57.956,57.363,57.956,0.593,0.593,0
1787801959.121,elbow_flex,41.731,38.286,41.731,3.446,3.446,0
1787801959.121,wrist_flex,-89.654,-87.560,-89.654,-2.093,-2.093,0
1787801959.121,wrist_roll,-0.314,-0.484,-0.314,0.170,0.170,0
1787801959.121,gripper,38.310,41.729,38.310,-3.419,-3.419,0
1787801959.169,shoulder_pan,-11.247,-10.242,-11.247,-1.006,-1.006,0
1787801959.169,shoulder_lift,58.081,57.363,58.081,0.719,0.719,0
1787801959.169,elbow_flex,42.738,39.077,42.738,3.661,3.661,0
1787801959.169,wrist_flex,-90.197,-88.176,-90.197,-2.021,-2.021,0
1787801959.169,wrist_roll,-0.273,-0.484,-0.273,0.210,0.210,0
1787801959.169,gripper,36.944,40.844,36.944,-3.900,-3.900,0
1787801959.220,shoulder_pan,-11.328,-10.505,-11.328,-0.822,-0.822,0
1787801959.220,shoulder_lift,58.191,57.363,58.191,0.829,0.829,0
1787801959.220,elbow_flex,43.659,40.044,43.659,3.615,3.615,0
1787801959.220,wrist_flex,-90.813,-88.967,-90.813,-1.846,-1.846,0
1787801959.220,wrist_roll,-0.224,-0.484,-0.224,0.260,0.260,0
1787801959.220,gripper,35.818,39.483,35.818,-3.665,-3.665,0
1787801959.271,shoulder_pan,-11.512,-10.681,-11.512,-0.831,-0.831,0
1787801959.271,shoulder_lift,58.263,57.363,58.263,0.901,0.901,0
1787801959.271,elbow_flex,45.240,41.011,45.240,4.229,4.229,0
1787801959.271,wrist_flex,-91.669,-89.670,-91.669,-1.999,-1.999,0
1787801959.271,wrist_roll,-0.156,-0.396,-0.156,0.239,0.239,0
1787801959.271,gripper,33.353,38.189,33.353,-4.836,-4.836,0
1787801959.320,shoulder_pan,-11.497,-10.857,-11.497,-0.640,-0.640,0
1787801959.320,shoulder_lift,58.397,57.363,58.397,1.034,1.034,0
1787801959.320,elbow_flex,46.011,41.978,46.011,4.033,4.033,0
1787801959.320,wrist_flex,-92.108,-90.462,-92.108,-1.646,-1.646,0
1787801959.320,wrist_roll,-0.130,-0.396,-0.130,0.265,0.265,0
1787801959.320,gripper,31.094,36.896,31.094,-5.802,-5.802,0
1787801959.372,shoulder_pan,-11.428,-10.945,-11.428,-0.483,-0.483,0
1787801959.372,shoulder_lift,58.558,57.363,58.558,1.195,1.195,0
1787801959.372,elbow_flex,46.880,43.121,46.880,3.759,3.759,0
1787801959.372,wrist_flex,-92.507,-91.165,-92.507,-1.342,-1.342,0
1787801959.372,wrist_roll,-0.065,-0.396,-0.065,0.331,0.331,0
1787801959.372,gripper,28.926,34.990,28.926,-6.064,-6.064,0
1787801959.431,shoulder_pan,-10.998,-10.945,-10.998,-0.053,-0.053,0
1787801959.431,shoulder_lift,46.996,57.363,46.996,-10.367,-10.367,0
1787801959.431,elbow_flex,51.798,44.176,51.798,7.622,7.622,0
1787801959.431,wrist_flex,-93.454,-91.780,-93.454,-1.673,-1.673,0
1787801959.431,wrist_roll,-0.669,-0.396,-0.669,-0.273,-0.273,0
1787801959.431,gripper,34.833,32.539,34.833,2.294,2.294,0
1787801959.470,shoulder_pan,-11.043,-10.945,-11.043,-0.098,-0.098,0
1787801959.470,shoulder_lift,47.152,57.363,47.152,-10.211,-10.211,0
1787801959.470,elbow_flex,51.530,44.879,51.530,6.651,6.651,0
1787801959.470,wrist_flex,-93.190,-92.220,-93.190,-0.971,-0.971,0
1787801959.470,wrist_roll,-0.677,-0.396,-0.677,-0.281,-0.281,0
1787801959.470,gripper,35.098,31.246,35.098,3.852,3.852,0
1787801959.522,shoulder_pan,-11.023,-10.945,-11.023,-0.078,-0.078,0
1787801959.522,shoulder_lift,47.278,56.308,47.278,-9.030,-9.030,0
1787801959.522,elbow_flex,51.219,46.813,51.219,4.406,4.406,0
1787801959.522,wrist_flex,-92.911,-92.484,-92.911,-0.427,-0.427,0
1787801959.522,wrist_roll,-0.684,-0.571,-0.684,-0.113,-0.113,0
1787801959.522,gripper,35.415,31.382,35.415,4.033,4.033,0
1787801959.571,shoulder_pan,-11.016,-10.945,-11.016,-0.071,-0.071,0
1787801959.571,shoulder_lift,47.397,54.198,47.397,-6.801,-6.801,0
1787801959.571,elbow_flex,50.928,49.099,50.928,1.829,1.829,0
1787801959.571,wrist_flex,-92.672,-92.396,-92.672,-0.276,-0.276,0
1787801959.571,wrist_roll,-0.687,-0.747,-0.687,0.060,0.060,0
1787801959.571,gripper,35.685,32.880,35.685,2.805,2.805,0
1787801959.622,shoulder_pan,-11.066,-10.945,-11.066,-0.121,-0.121,0
1787801959.622,shoulder_lift,47.557,53.231,47.557,-5.674,-5.674,0
1787801959.622,elbow_flex,50.600,50.066,50.600,0.534,0.534,0
1787801959.622,wrist_flex,-92.418,-92.396,-92.418,-0.023,-0.023,0
1787801959.622,wrist_roll,-0.690,-0.747,-0.690,0.057,0.057,0
1787801959.622,gripper,36.049,33.969,36.049,2.080,2.080,0
1787801959.671,shoulder_pan,-11.099,-10.945,-11.099,-0.154,-0.154,0
1787801959.671,shoulder_lift,47.737,52.615,47.737,-4.878,-4.878,0
1787801959.671,elbow_flex,50.248,50.505,50.248,-0.257,-0.257,0
1787801959.671,wrist_flex,-92.153,-92.308,-92.153,0.155,0.155,0
1787801959.671,wrist_roll,-0.702,-0.747,-0.702,0.046,0.046,0
1787801959.671,gripper,36.497,34.649,36.497,1.847,1.847,0
1787801959.721,shoulder_pan,-11.150,-10.945,-11.150,-0.205,-0.205,0
1787801959.721,shoulder_lift,47.856,52.440,47.856,-4.584,-4.584,0
1787801959.721,elbow_flex,49.984,50.505,49.984,-0.522,-0.522,0
1787801959.721,wrist_flex,-91.956,-92.308,-91.956,0.351,0.351,0
1787801959.721,wrist_roll,-0.701,-0.747,-0.701,0.046,0.046,0
1787801959.721,gripper,36.830,35.194,36.830,1.636,1.636,0
1787801959.772,shoulder_pan,-11.209,-10.945,-11.209,-0.263,-0.263,0
1787801959.772,shoulder_lift,48.014,52.264,48.014,-4.249,-4.249,0
1787801959.772,elbow_flex,49.685,50.505,49.685,-0.820,-0.820,0
1787801959.772,wrist_flex,-91.772,-92.308,-91.772,0.536,0.536,0
1787801959.772,wrist_roll,-0.697,-0.747,-0.697,0.050,0.050,0
1787801959.772,gripper,37.193,35.671,37.193,1.522,1.522,0
1787801959.821,shoulder_pan,-11.261,-10.945,-11.261,-0.316,-0.316,0
1787801959.821,shoulder_lift,48.206,52.264,48.206,-4.058,-4.058,0
1787801959.821,elbow_flex,49.363,50.505,49.363,-1.143,-1.143,0
1787801959.821,wrist_flex,-91.584,-92.308,-91.584,0.724,0.724,0
1787801959.821,wrist_roll,-0.698,-0.747,-0.698,0.050,0.050,0
1787801959.821,gripper,37.745,36.079,37.745,1.667,1.667,0
1787801959.871,shoulder_pan,-11.315,-10.945,-11.315,-0.370,-0.370,0
1787801959.871,shoulder_lift,48.336,52.264,48.336,-3.928,-3.928,0
1787801959.871,elbow_flex,49.133,50.505,49.133,-1.372,-1.372,0
1787801959.871,wrist_flex,-91.440,-92.132,-91.440,0.692,0.692,0
1787801959.871,wrist_roll,-0.696,-0.747,-0.696,0.051,0.051,0
1787801959.871,gripper,38.214,36.555,38.214,1.659,1.659,0
1787801959.923,shoulder_pan,-11.367,-10.945,-11.367,-0.422,-0.422,0
1787801959.923,shoulder_lift,48.502,52.264,48.502,-3.762,-3.762,0
1787801959.923,elbow_flex,48.809,50.418,48.809,-1.608,-1.608,0
1787801959.923,wrist_flex,-91.176,-91.780,-91.176,0.604,0.604,0
1787801959.923,wrist_roll,-0.690,-0.747,-0.690,0.058,0.058,0
1787801959.923,gripper,38.659,37.100,38.659,1.559,1.559,0
1787801959.972,shoulder_pan,-11.419,-10.945,-11.419,-0.474,-0.474,0
1787801959.972,shoulder_lift,48.573,52.264,48.573,-3.691,-3.691,0
1787801959.972,elbow_flex,48.534,50.418,48.534,-1.884,-1.884,0
1787801959.972,wrist_flex,-90.884,-91.516,-90.884,0.633,0.633,0
1787801959.972,wrist_roll,-0.693,-0.747,-0.693,0.054,0.054,0
1787801959.972,gripper,39.251,37.509,39.251,1.742,1.742,0
1787801960.021,shoulder_pan,-11.497,-10.945,-11.497,-0.552,-0.552,0
1787801960.021,shoulder_lift,48.699,52.264,48.699,-3.565,-3.565,0
1787801960.021,elbow_flex,48.260,50.418,48.260,-2.157,-2.157,0
1787801960.021,wrist_flex,-90.627,-91.165,-90.627,0.538,0.538,0
1787801960.021,wrist_roll,-0.690,-0.747,-0.690,0.057,0.057,0
1787801960.021,gripper,39.762,37.985,39.762,1.777,1.777,0
1787801960.071,shoulder_pan,-11.565,-10.945,-11.565,-0.620,-0.620,0
1787801960.071,shoulder_lift,48.879,52.264,48.879,-3.385,-3.385,0
1787801960.071,elbow_flex,47.860,50.418,47.860,-2.558,-2.558,0
1787801960.071,wrist_flex,-90.284,-90.901,-90.284,0.617,0.617,0
1787801960.071,wrist_roll,-0.689,-0.747,-0.689,0.059,0.059,0
1787801960.071,gripper,40.461,38.530,40.461,1.932,1.932,0
1787801960.122,shoulder_pan,-11.643,-10.945,-11.643,-0.698,-0.698,0
1787801960.122,shoulder_lift,49.060,52.264,49.060,-3.204,-3.204,0
1787801960.122,elbow_flex,47.492,49.890,47.492,-2.398,-2.398,0
1787801960.122,wrist_flex,-90.008,-90.549,-90.008,0.541,0.541,0
1787801960.122,wrist_roll,-0.689,-0.835,-0.689,0.146,0.146,0
1787801960.122,gripper,41.045,39.074,41.045,1.971,1.971,0
1787801960.173,shoulder_pan,-11.700,-10.945,-11.700,-0.755,-0.755,0
1787801960.173,shoulder_lift,49.205,52.264,49.205,-3.058,-3.058,0
1787801960.173,elbow_flex,47.100,49.451,47.100,-2.351,-2.351,0
1787801960.173,wrist_flex,-89.731,-90.198,-89.731,0.467,0.467,0
1787801960.173,wrist_roll,-0.696,-0.835,-0.696,0.139,0.139,0
1787801960.173,gripper,41.679,39.687,41.679,1.992,1.992,0
1787801960.222,shoulder_pan,-11.744,-10.945,-11.744,-0.799,-0.799,0
1787801960.222,shoulder_lift,49.342,52.264,49.342,-2.922,-2.922,0
1787801960.222,elbow_flex,46.652,49.011,46.652,-2.359,-2.359,0
1787801960.222,wrist_flex,-89.301,-89.934,-89.301,0.633,0.633,0
1787801960.222,wrist_roll,-0.720,-0.835,-0.720,0.115,0.115,0
1787801960.222,gripper,42.375,40.231,42.375,2.144,2.144,0
1787801960.272,shoulder_pan,-11.762,-10.945,-11.762,-0.817,-0.817,0
1787801960.272,shoulder_lift,49.488,52.264,49.488,-2.775,-2.775,0
1787801960.272,elbow_flex,46.177,48.659,46.177,-2.482,-2.482,0
1787801960.272,wrist_flex,-88.952,-89.582,-88.952,0.631,0.631,0
1787801960.272,wrist_roll,-0.727,-0.835,-0.727,0.108,0.108,0
1787801960.272,gripper,42.860,40.912,42.860,1.948,1.948,0
1787801960.322,shoulder_pan,-11.772,-11.033,-11.772,-0.739,-0.739,0
1787801960.322,shoulder_lift,49.635,52.264,49.635,-2.629,-2.629,0
1787801960.322,elbow_flex,45.701,48.220,45.701,-2.519,-2.519,0
1787801960.322,wrist_flex,-88.529,-89.231,-88.529,0.702,0.702,0
1787801960.322,wrist_roll,-0.749,-0.835,-0.749,0.086,0.086,0
1787801960.322,gripper,43.352,41.525,43.352,1.827,1.827,0
1787801960.374,shoulder_pan,-11.807,-11.297,-11.807,-0.510,-0.510,0
1787801960.374,shoulder_lift,49.785,52.264,49.785,-2.478,-2.478,0
1787801960.374,elbow_flex,45.225,47.692,45.225,-2.467,-2.467,0
1787801960.374,wrist_flex,-88.184,-88.879,-88.184,0.696,0.696,0
1787801960.374,wrist_roll,-0.777,-0.835,-0.777,0.059,0.059,0
1787801960.374,gripper,43.881,42.069,43.881,1.811,1.811,0
1787801960.421,shoulder_pan,-11.813,-11.385,-11.813,-0.429,-0.429,0
1787801960.421,shoulder_lift,50.045,52.264,50.045,-2.219,-2.219,0
1787801960.421,elbow_flex,44.658,47.253,44.658,-2.595,-2.595,0
1787801960.421,wrist_flex,-87.897,-88.527,-87.897,0.631,0.631,0
1787801960.421,wrist_roll,-0.814,-0.835,-0.814,0.021,0.021,0
1787801960.421,gripper,44.526,42.546,44.526,1.980,1.980,0
1787801960.474,shoulder_pan,-11.767,-11.385,-11.767,-0.382,-0.382,0
1787801960.474,shoulder_lift,50.157,52.264,50.157,-2.107,-2.107,0
1787801960.474,elbow_flex,43.947,46.725,43.947,-2.779,-2.779,0
1787801960.474,wrist_flex,-87.301,-88.176,-87.301,0.875,0.875,0
1787801960.474,wrist_roll,-0.850,-0.835,-0.850,-0.015,-0.015,0
1787801960.474,gripper,44.922,43.227,44.922,1.695,1.695,0
1787801960.522,shoulder_pan,-11.724,-11.297,-11.724,-0.427,-0.427,0
1787801960.522,shoulder_lift,50.356,52.264,50.356,-1.908,-1.908,0
1787801960.522,elbow_flex,43.191,46.198,43.191,-3.007,-3.007,0
1787801960.522,wrist_flex,-86.714,-87.824,-86.714,1.110,1.110,0
1787801960.522,wrist_roll,-0.886,-0.835,-0.886,-0.051,-0.051,0
1787801960.522,gripper,45.456,43.703,45.456,1.753,1.753,0
1787801960.571,shoulder_pan,-11.682,-11.297,-11.682,-0.386,-0.386,0
1787801960.571,shoulder_lift,50.539,52.264,50.539,-1.725,-1.725,0
1787801960.571,elbow_flex,42.543,45.582,42.543,-3.040,-3.040,0
1787801960.571,wrist_flex,-86.249,-87.297,-86.249,1.048,1.048,0
1787801960.571,wrist_roll,-0.938,-0.835,-0.938,-0.103,-0.103,0
1787801960.571,gripper,46.136,44.180,46.136,1.956,1.956,0
1787801960.624,shoulder_pan,-11.649,-11.297,-11.649,-0.353,-0.353,0
1787801960.624,shoulder_lift,50.664,52.264,50.664,-1.600,-1.600,0
1787801960.624,elbow_flex,41.892,44.791,41.892,-2.899,-2.899,0
1787801960.624,wrist_flex,-85.667,-86.769,-85.667,1.102,1.102,0
1787801960.624,wrist_roll,-0.961,-0.835,-0.961,-0.126,-0.126,0
1787801960.624,gripper,46.381,44.792,46.381,1.589,1.589,0
1787801960.671,shoulder_pan,-11.523,-11.297,-11.523,-0.227,-0.227,0
1787801960.671,shoulder_lift,50.915,52.264,50.915,-1.349,-1.349,0
1787801960.671,elbow_flex,40.746,44.176,40.746,-3.430,-3.430,0
1787801960.671,wrist_flex,-84.725,-86.330,-84.725,1.604,1.604,0
1787801960.671,wrist_roll,-0.998,-0.835,-0.998,-0.163,-0.163,0
1787801960.671,gripper,46.762,45.269,46.762,1.493,1.493,0
1787801960.725,shoulder_pan,-11.458,-11.297,-11.458,-0.162,-0.162,0
1787801960.725,shoulder_lift,51.153,52.264,51.153,-1.111,-1.111,0
1787801960.725,elbow_flex,39.627,43.473,39.627,-3.845,-3.845,0
1787801960.725,wrist_flex,-83.778,-85.626,-83.778,1.849,1.849,0
1787801960.725,wrist_roll,-1.035,-0.835,-1.035,-0.200,-0.200,0
1787801960.725,gripper,47.144,45.677,47.144,1.466,1.466,0
1787801960.774,shoulder_pan,-11.407,-11.297,-11.407,-0.110,-0.110,0
1787801960.774,shoulder_lift,51.358,52.264,51.358,-0.906,-0.906,0
1787801960.774,elbow_flex,38.754,42.681,38.754,-3.927,-3.927,0
1787801960.774,wrist_flex,-83.124,-84.923,-83.124,1.799,1.799,0
1787801960.774,wrist_roll,-1.054,-0.923,-1.054,-0.131,-0.131,0
1787801960.774,gripper,47.313,46.086,47.313,1.227,1.227,0
1787801960.823,shoulder_pan,-11.403,-11.297,-11.403,-0.106,-0.106,0
1787801960.823,shoulder_lift,51.572,52.264,51.572,-0.692,-0.692,0
1787801960.823,elbow_flex,37.732,41.802,37.732,-4.070,-4.070,0
1787801960.823,wrist_flex,-82.297,-84.220,-82.297,1.923,1.923,0
1787801960.823,wrist_roll,-1.051,-0.923,-1.051,-0.128,-0.128,0
1787801960.823,gripper,47.442,46.426,47.442,1.016,1.016,0
1787801960.873,shoulder_pan,-11.345,-11.297,-11.345,-0.048,-0.048,0
1787801960.873,shoulder_lift,51.776,52.264,51.776,-0.487,-0.487,0
1787801960.873,elbow_flex,36.787,40.835,36.787,-4.048,-4.048,0
1787801960.873,wrist_flex,-81.571,-83.429,-81.571,1.858,1.858,0
1787801960.873,wrist_roll,-1.072,-0.923,-1.072,-0.149,-0.149,0
1787801960.873,gripper,47.601,46.630,47.601,0.971,0.971,0
1787801960.922,shoulder_pan,-11.289,-11.297,-11.289,0.008,0.008,0
1787801960.922,shoulder_lift,52.054,52.352,52.054,-0.298,-0.298,0
1787801960.922,elbow_flex,35.704,39.868,35.704,-4.164,-4.164,0
1787801960.922,wrist_flex,-80.824,-82.725,-80.824,1.901,1.901,0
1787801960.922,wrist_roll,-1.076,-0.923,-1.076,-0.153,-0.153,0
1787801960.922,gripper,47.675,46.903,47.675,0.773,0.773,0
1787801960.972,shoulder_pan,-11.215,-11.297,-11.215,0.082,0.082,0
1787801960.972,shoulder_lift,52.282,52.352,52.282,-0.069,-0.069,0
1787801960.972,elbow_flex,34.596,38.901,34.596,-4.305,-4.305,0
1787801960.972,wrist_flex,-79.988,-82.022,-79.988,2.034,2.034,0
1787801960.972,wrist_roll,-1.075,-0.923,-1.075,-0.152,-0.152,0
1787801960.972,gripper,47.763,47.039,47.763,0.724,0.724,0
1787801961.023,shoulder_pan,-11.137,-11.297,-11.137,0.159,0.159,0
1787801961.023,shoulder_lift,52.560,52.527,52.560,0.032,0.032,0
1787801961.023,elbow_flex,33.532,37.846,33.532,-4.314,-4.314,0
1787801961.023,wrist_flex,-79.261,-81.319,-79.261,2.057,2.057,0
1787801961.023,wrist_roll,-1.074,-0.923,-1.074,-0.151,-0.151,0
1787801961.023,gripper,47.830,47.107,47.830,0.723,0.723,0
1787801961.072,shoulder_pan,-11.096,-11.297,-11.096,0.201,0.201,0
1787801961.072,shoulder_lift,52.732,52.967,52.732,-0.235,-0.235,0
1787801961.072,elbow_flex,32.803,36.879,32.803,-4.076,-4.076,0
1787801961.072,wrist_flex,-78.783,-80.440,-78.783,1.656,1.656,0
1787801961.072,wrist_roll,-1.082,-0.923,-1.082,-0.159,-0.159,0
1787801961.072,gripper,47.868,47.175,47.868,0.693,0.693,0
1787801961.123,shoulder_pan,-11.030,-11.297,-11.030,0.267,0.267,0
1787801961.123,shoulder_lift,52.924,53.231,52.924,-0.307,-0.307,0
1787801961.123,elbow_flex,31.952,35.912,31.952,-3.960,-3.960,0
1787801961.123,wrist_flex,-78.155,-79.736,-78.155,1.581,1.581,0
1787801961.123,wrist_roll,-1.070,-0.923,-1.070,-0.147,-0.147,0
1787801961.123,gripper,47.905,47.175,47.905,0.730,0.730,0
1787801961.174,shoulder_pan,-10.945,-11.297,-10.945,0.352,0.352,0
1787801961.174,shoulder_lift,53.296,53.319,53.296,-0.023,-0.023,0
1787801961.174,elbow_flex,30.749,35.033,30.749,-4.284,-4.284,0
1787801961.174,wrist_flex,-77.398,-79.121,-77.398,1.723,1.723,0
1787801961.174,wrist_roll,-1.058,-0.835,-1.058,-0.223,-0.223,0
1787801961.174,gripper,47.964,47.175,47.964,0.789,0.789,0
1787801961.223,shoulder_pan,-10.860,-11.297,-10.860,0.436,0.436,0
1787801961.223,shoulder_lift,53.586,53.670,53.586,-0.084,-0.084,0
1787801961.223,elbow_flex,29.705,34.154,29.705,-4.449,-4.449,0
1787801961.223,wrist_flex,-76.753,-78.418,-76.753,1.665,1.665,0
1787801961.223,wrist_roll,-1.051,-0.747,-1.051,-0.304,-0.304,0
1787801961.223,gripper,48.077,47.175,48.077,0.902,0.902,0
1787801961.274,shoulder_pan,-10.775,-11.297,-10.775,0.522,0.522,0
1787801961.274,shoulder_lift,53.948,54.110,53.948,-0.162,-0.162,0
1787801961.274,elbow_flex,28.617,33.099,28.617,-4.482,-4.482,0
1787801961.274,wrist_flex,-76.077,-77.802,-76.077,1.725,1.725,0
1787801961.274,wrist_roll,-1.040,-0.747,-1.040,-0.293,-0.293,0
1787801961.274,gripper,48.113,47.243,48.113,0.870,0.870,0
1787801961.324,shoulder_pan,-10.649,-11.297,-10.649,0.648,0.648,0
1787801961.324,shoulder_lift,54.415,54.549,54.415,-0.134,-0.134,0
1787801961.324,elbow_flex,27.253,32.132,27.253,-4.879,-4.879,0
1787801961.324,wrist_flex,-75.245,-77.099,-75.245,1.854,1.854,0
1787801961.324,wrist_roll,-1.013,-0.747,-1.013,-0.266,-0.266,0
1787801961.324,gripper,48.272,47.447,48.272,0.825,0.825,0
1787801961.374,shoulder_pan,-10.548,-11.297,-10.548,0.749,0.749,0
1787801961.374,shoulder_lift,54.801,54.989,54.801,-0.188,-0.188,0
1787801961.374,elbow_flex,26.210,31.165,26.210,-4.955,-4.955,0
1787801961.374,wrist_flex,-74.617,-76.396,-74.617,1.779,1.779,0
1787801961.374,wrist_roll,-0.994,-0.747,-0.994,-0.247,-0.247,0
1787801961.374,gripper,48.400,47.583,48.400,0.817,0.817,0
1787801961.424,shoulder_pan,-10.440,-11.297,-10.440,0.857,0.857,0
1787801961.424,shoulder_lift,55.210,55.341,55.210,-0.130,-0.130,0
1787801961.424,elbow_flex,25.128,30.022,25.128,-4.894,-4.894,0
1787801961.424,wrist_flex,-74.014,-75.692,-74.014,1.679,1.679,0
1787801961.424,wrist_roll,-0.969,-0.747,-0.969,-0.221,-0.221,0
1787801961.424,gripper,48.560,47.720,48.560,0.841,0.841,0
1787801961.475,shoulder_pan,-10.327,-11.297,-10.327,0.969,0.969,0
1787801961.475,shoulder_lift,55.645,55.692,55.645,-0.047,-0.047,0
1787801961.475,elbow_flex,23.951,28.879,23.951,-4.929,-4.929,0
1787801961.475,wrist_flex,-73.275,-74.989,-73.275,1.714,1.714,0
1787801961.475,wrist_roll,-0.940,-0.747,-0.940,-0.192,-0.192,0
1787801961.475,gripper,48.660,47.720,48.660,0.941,0.941,0
1787801961.524,shoulder_pan,-10.233,-11.297,-10.233,1.064,1.064,0
1787801961.524,shoulder_lift,56.047,56.132,56.047,-0.085,-0.085,0
1787801961.524,elbow_flex,22.830,27.736,22.830,-4.906,-4.906,0
1787801961.524,wrist_flex,-72.641,-74.374,-72.641,1.733,1.733,0
1787801961.524,wrist_roll,-0.927,-0.747,-0.927,-0.180,-0.180,0
1787801961.524,gripper,48.781,47.856,48.781,0.926,0.926,0
1787801961.574,shoulder_pan,-10.143,-11.209,-10.143,1.066,1.066,0
1787801961.574,shoulder_lift,56.555,56.659,56.555,-0.104,-0.104,0
1787801961.574,elbow_flex,21.604,26.593,21.604,-4.990,-4.990,0
1787801961.574,wrist_flex,-71.922,-73.758,-71.922,1.837,1.837,0
1787801961.574,wrist_roll,-0.901,-0.747,-0.901,-0.154,-0.154,0
1787801961.574,gripper,48.925,47.992,48.925,0.933,0.933,0
1787801961.625,shoulder_pan,-10.051,-10.945,-10.051,0.894,0.894,0
1787801961.625,shoulder_lift,57.095,57.011,57.095,0.084,0.084,0
1787801961.625,elbow_flex,20.286,25.451,20.286,-5.164,-5.164,0
1787801961.625,wrist_flex,-71.189,-73.055,-71.189,1.866,1.866,0
1787801961.625,wrist_roll,-0.881,-0.747,-0.881,-0.134,-0.134,0
1787801961.625,gripper,49.099,48.196,49.099,0.903,0.903,0
1787801961.673,shoulder_pan,-9.962,-10.681,-9.962,0.720,0.720,0
1787801961.673,shoulder_lift,57.555,57.363,57.555,0.192,0.192,0
1787801961.673,elbow_flex,19.172,24.308,19.172,-5.136,-5.136,0
1787801961.673,wrist_flex,-70.551,-72.440,-70.551,1.888,1.888,0
1787801961.673,wrist_roll,-0.859,-0.747,-0.859,-0.112,-0.112,0
1787801961.673,gripper,49.240,48.400,49.240,0.840,0.840,0
1787801961.724,shoulder_pan,-9.860,-10.593,-9.860,0.734,0.734,0
1787801961.724,shoulder_lift,57.958,57.890,57.958,0.068,0.068,0
1787801961.724,elbow_flex,18.180,22.989,18.180,-4.809,-4.809,0
1787801961.724,wrist_flex,-70.000,-71.736,-70.000,1.737,1.737,0
1787801961.724,wrist_roll,-0.842,-0.659,-0.842,-0.183,-0.183,0
1787801961.724,gripper,49.343,48.536,49.343,0.806,0.806,0
1787801961.773,shoulder_pan,-9.777,-10.418,-9.777,0.641,0.641,0
1787801961.773,shoulder_lift,58.273,58.330,58.273,-0.057,-0.057,0
1787801961.773,elbow_flex,17.285,21.758,17.285,-4.474,-4.474,0
1787801961.773,wrist_flex,-69.439,-71.121,-69.439,1.682,1.682,0
1787801961.773,wrist_roll,-0.812,-0.659,-0.812,-0.152,-0.152,0
1787801961.773,gripper,49.475,48.673,49.475,0.802,0.802,0
1787801961.826,shoulder_pan,-9.704,-10.330,-9.704,0.625,0.625,0
1787801961.826,shoulder_lift,58.480,58.593,58.480,-0.113,-0.113,0
1787801961.826,elbow_flex,16.665,20.615,16.665,-3.950,-3.950,0
1787801961.826,wrist_flex,-69.050,-70.505,-69.050,1.455,1.455,0
1787801961.826,wrist_roll,-0.793,-0.659,-0.793,-0.133,-0.133,0
1787801961.826,gripper,49.557,48.877,49.557,0.681,0.681,0
1787801961.873,shoulder_pan,-9.596,-10.330,-9.596,0.734,0.734,0
1787801961.873,shoulder_lift,58.766,58.857,58.766,-0.091,-0.091,0
1787801961.873,elbow_flex,15.973,19.824,15.973,-3.851,-3.851,0
1787801961.873,wrist_flex,-68.648,-69.978,-68.648,1.330,1.330,0
1787801961.873,wrist_roll,-0.764,-0.659,-0.764,-0.105,-0.105,0
1787801961.873,gripper,49.673,48.877,49.673,0.796,0.796,0
1787801961.926,shoulder_pan,-9.537,-10.242,-9.537,0.705,0.705,0
1787801961.926,shoulder_lift,58.954,59.121,58.954,-0.167,-0.167,0
1787801961.926,elbow_flex,15.531,18.945,15.531,-3.414,-3.414,0
1787801961.926,wrist_flex,-68.349,-69.451,-68.349,1.102,1.102,0
1787801961.926,wrist_roll,-0.737,-0.659,-0.737,-0.077,-0.077,0
1787801961.926,gripper,49.844,48.877,49.844,0.967,0.967,0
1787801961.973,shoulder_pan,-9.455,-10.066,-9.455,0.611,0.611,0
1787801961.973,shoulder_lift,59.090,59.297,59.090,-0.207,-0.207,0
1787801961.973,elbow_flex,15.136,18.330,15.136,-3.194,-3.194,0
1787801961.973,wrist_flex,-68.121,-69.011,-68.121,0.890,0.890,0
1787801961.973,wrist_roll,-0.719,-0.659,-0.719,-0.060,-0.060,0
1787801961.973,gripper,49.892,49.081,49.892,0.811,0.811,0
1787801962.025,shoulder_pan,-9.400,-9.978,-9.400,0.578,0.578,0
1787801962.025,shoulder_lift,59.198,59.297,59.198,-0.098,-0.098,0
1787801962.025,elbow_flex,14.773,17.802,14.773,-3.030,-3.030,0
1787801962.025,wrist_flex,-67.863,-68.571,-67.863,0.708,0.708,0
1787801962.025,wrist_roll,-0.695,-0.659,-0.695,-0.036,-0.036,0
1787801962.025,gripper,49.916,49.285,49.916,0.631,0.631,0
1787801962.074,shoulder_pan,-9.358,-9.890,-9.358,0.532,0.532,0
1787801962.074,shoulder_lift,59.260,59.297,59.260,-0.037,-0.037,0
1787801962.074,elbow_flex,14.614,17.363,14.614,-2.749,-2.749,0
1787801962.074,wrist_flex,-67.771,-68.220,-67.771,0.449,0.449,0
1787801962.074,wrist_roll,-0.679,-0.659,-0.679,-0.020,-0.020,0
1787801962.074,gripper,49.942,49.285,49.942,0.656,0.656,0
1787801962.124,shoulder_pan,-9.316,-9.890,-9.316,0.574,0.574,0
1787801962.124,shoulder_lift,59.332,59.473,59.332,-0.140,-0.140,0
1787801962.124,elbow_flex,14.406,17.275,14.406,-2.868,-2.868,0
1787801962.124,wrist_flex,-67.631,-68.044,-67.631,0.413,0.413,0
1787801962.124,wrist_roll,-0.661,-0.659,-0.661,-0.002,-0.002,0
1787801962.124,gripper,49.953,49.285,49.953,0.668,0.668,0
1787801962.177,shoulder_pan,-9.292,-9.890,-9.292,0.599,0.599,0
1787801962.177,shoulder_lift,59.369,59.648,59.369,-0.279,-0.279,0
1787801962.177,elbow_flex,14.239,16.923,14.239,-2.684,-2.684,0
1787801962.177,wrist_flex,-67.508,-67.868,-67.508,0.361,0.361,0
1787801962.177,wrist_roll,-0.642,-0.659,-0.642,0.018,0.018,0
1787801962.177,gripper,49.927,49.285,49.927,0.642,0.642,0
1787801962.225,shoulder_pan,-9.265,-9.890,-9.265,0.625,0.625,0
1787801962.225,shoulder_lift,59.416,59.736,59.416,-0.320,-0.320,0
1787801962.225,elbow_flex,14.142,16.571,14.142,-2.429,-2.429,0
1787801962.225,wrist_flex,-67.468,-67.868,-67.468,0.400,0.400,0
1787801962.225,wrist_roll,-0.616,-0.659,-0.616,0.043,0.043,0
1787801962.225,gripper,49.907,49.285,49.907,0.621,0.621,0
1787801962.275,shoulder_pan,-9.200,-9.890,-9.200,0.690,0.690,0
1787801962.275,shoulder_lift,59.467,59.736,59.467,-0.269,-0.269,0
1787801962.275,elbow_flex,13.964,16.484,13.964,-2.519,-2.519,0
1787801962.275,wrist_flex,-67.355,-67.868,-67.355,0.514,0.514,0
1787801962.275,wrist_roll,-0.600,-0.659,-0.600,0.059,0.059,0
1787801962.275,gripper,49.858,49.285,49.858,0.573,0.573,0
1787801962.327,shoulder_pan,-9.178,-9.890,-9.178,0.712,0.712,0
1787801962.327,shoulder_lift,59.477,59.736,59.477,-0.260,-0.260,0
1787801962.327,elbow_flex,13.943,16.484,13.943,-2.541,-2.541,0
1787801962.327,wrist_flex,-67.341,-67.868,-67.341,0.528,0.528,0
1787801962.327,wrist_roll,-0.571,-0.659,-0.571,0.088,0.088,0
1787801962.327,gripper,49.776,49.285,49.776,0.491,0.491,0
1787801962.375,shoulder_pan,-9.140,-9.890,-9.140,0.750,0.750,0
1787801962.375,shoulder_lift,59.504,59.736,59.504,-0.232,-0.232,0
1787801962.375,elbow_flex,13.866,16.484,13.866,-2.618,-2.618,0
1787801962.375,wrist_flex,-67.328,-67.868,-67.328,0.540,0.540,0
1787801962.375,wrist_roll,-0.561,-0.659,-0.561,0.099,0.099,0
1787801962.375,gripper,49.704,49.285,49.704,0.418,0.418,0
1787801962.424,shoulder_pan,-9.129,-9.890,-9.129,0.761,0.761,0
1787801962.424,shoulder_lift,59.485,59.736,59.485,-0.251,-0.251,0
1787801962.424,elbow_flex,13.903,16.484,13.903,-2.581,-2.581,0
1787801962.424,wrist_flex,-67.334,-67.868,-67.334,0.534,0.534,0
1787801962.424,wrist_roll,-0.543,-0.659,-0.543,0.116,0.116,0
1787801962.424,gripper,49.607,49.285,49.607,0.321,0.321,0
1787801962.474,shoulder_pan,-9.106,-9.890,-9.106,0.784,0.784,0
1787801962.474,shoulder_lift,59.483,59.736,59.483,-0.253,-0.253,0
1787801962.474,elbow_flex,13.967,16.484,13.967,-2.517,-2.517,0
1787801962.474,wrist_flex,-67.404,-67.868,-67.404,0.464,0.464,0
1787801962.474,wrist_roll,-0.527,-0.659,-0.527,0.133,0.133,0
1787801962.474,gripper,49.428,49.285,49.428,0.143,0.143,0
1787801962.526,shoulder_pan,-9.076,-9.890,-9.076,0.814,0.814,0
1787801962.526,shoulder_lift,59.512,59.736,59.512,-0.225,-0.225,0
1787801962.526,elbow_flex,13.895,16.484,13.895,-2.589,-2.589,0
1787801962.526,wrist_flex,-67.382,-67.868,-67.382,0.486,0.486,0
1787801962.526,wrist_roll,-0.497,-0.659,-0.497,0.162,0.162,0
1787801962.526,gripper,49.274,49.285,49.274,-0.011,-0.011,0
1787801962.575,shoulder_pan,-9.053,-9.890,-9.053,0.837,0.837,0
1787801962.575,shoulder_lift,59.532,59.736,59.532,-0.204,-0.204,0
1787801962.575,elbow_flex,13.892,16.484,13.892,-2.592,-2.592,0
1787801962.575,wrist_flex,-67.418,-67.868,-67.418,0.450,0.450,0
1787801962.575,wrist_roll,-0.465,-0.659,-0.465,0.195,0.195,0
1787801962.575,gripper,48.817,49.285,48.817,-0.468,-0.468,0
1787801962.626,shoulder_pan,-9.032,-9.890,-9.032,0.858,0.858,0
1787801962.626,shoulder_lift,59.556,59.736,59.556,-0.180,-0.180,0
1787801962.626,elbow_flex,13.971,16.484,13.971,-2.513,-2.513,0
1787801962.626,wrist_flex,-67.576,-67.868,-67.576,0.292,0.292,0
1787801962.626,wrist_roll,-0.441,-0.659,-0.441,0.219,0.219,0
1787801962.626,gripper,48.214,49.285,48.214,-1.072,-1.072,0
1787801962.676,shoulder_pan,-8.992,-9.890,-8.992,0.898,0.898,0
1787801962.676,shoulder_lift,59.562,59.736,59.562,-0.174,-0.174,0
1787801962.676,elbow_flex,14.104,16.484,14.104,-2.380,-2.380,0
1787801962.676,wrist_flex,-67.707,-67.868,-67.707,0.162,0.162,0
1787801962.676,wrist_roll,-0.409,-0.659,-0.409,0.250,0.250,0
1787801962.676,gripper,47.299,49.149,47.299,-1.850,-1.850,0
1787801962.726,shoulder_pan,-8.884,-9.890,-8.884,1.006,1.006,0
1787801962.726,shoulder_lift,59.487,59.736,59.487,-0.249,-0.249,0
1787801962.726,elbow_flex,14.455,16.484,14.455,-2.028,-2.028,0
1787801962.726,wrist_flex,-67.936,-67.868,-67.936,-0.068,-0.068,0
1787801962.726,wrist_roll,-0.354,-0.659,-0.354,0.305,0.305,0
1787801962.726,gripper,44.685,48.741,44.685,-4.056,-4.056,0
1787801962.776,shoulder_pan,-8.663,-9.802,-8.663,1.140,1.140,0
1787801962.776,shoulder_lift,59.199,59.736,59.199,-0.537,-0.537,0
1787801962.776,elbow_flex,15.220,16.484,15.220,-1.263,-1.263,0
1787801962.776,wrist_flex,-68.248,-67.868,-68.248,-0.380,-0.380,0
1787801962.776,wrist_roll,-0.291,-0.659,-0.291,0.369,0.369,0
1787801962.776,gripper,40.131,47.924,40.131,-7.793,-7.793,0
1787801962.827,shoulder_pan,-8.392,-9.626,-8.392,1.235,1.235,0
1787801962.827,shoulder_lift,58.958,59.736,58.958,-0.778,-0.778,0
1787801962.827,elbow_flex,15.745,16.484,15.745,-0.739,-0.739,0
1787801962.827,wrist_flex,-68.275,-67.868,-68.275,-0.407,-0.407,0
1787801962.827,wrist_roll,-0.235,-0.659,-0.235,0.424,0.424,0
1787801962.827,gripper,36.264,46.154,36.264,-9.889,-9.889,0
1787801962.876,shoulder_pan,-8.292,-9.363,-8.292,1.071,1.071,0
1787801962.876,shoulder_lift,58.855,59.736,58.855,-0.882,-0.882,0
1787801962.876,elbow_flex,15.955,16.484,15.955,-0.528,-0.528,0
1787801962.876,wrist_flex,-68.312,-67.868,-68.312,-0.444,-0.444,0
1787801962.876,wrist_roll,-0.210,-0.659,-0.210,0.449,0.449,0
1787801962.876,gripper,35.048,43.567,35.048,-8.519,-8.519,0
1787801962.926,shoulder_pan,-8.200,-9.099,-8.200,0.898,0.898,0
1787801962.926,shoulder_lift,58.757,59.736,58.757,-0.979,-0.979,0
1787801962.926,elbow_flex,16.170,16.484,16.170,-0.314,-0.314,0
1787801962.926,wrist_flex,-68.402,-67.868,-68.402,-0.534,-0.534,0
1787801962.926,wrist_roll,-0.203,-0.659,-0.203,0.456,0.456,0
1787801962.926,gripper,34.324,40.708,34.324,-6.384,-6.384,0
1787801962.977,shoulder_pan,-8.112,-8.835,-8.112,0.723,0.723,0
1787801962.977,shoulder_lift,58.662,59.736,58.662,-1.074,-1.074,0
1787801962.977,elbow_flex,16.384,16.484,16.384,-0.100,-0.100,0
1787801962.977,wrist_flex,-68.508,-67.868,-68.508,-0.640,-0.640,0
1787801962.977,wrist_roll,-0.194,-0.659,-0.194,0.465,0.465,0
1787801962.977,gripper,33.526,38.870,33.526,-5.343,-5.343,0
1787801963.027,shoulder_pan,-8.066,-8.835,-8.066,0.769,0.769,0
1787801963.027,shoulder_lift,58.583,59.736,58.583,-1.154,-1.154,0
1787801963.027,elbow_flex,16.571,16.484,16.571,0.088,0.088,0
1787801963.027,wrist_flex,-68.614,-67.868,-68.614,-0.746,-0.746,0
1787801963.027,wrist_roll,-0.188,-0.659,-0.188,0.472,0.472,0
1787801963.027,gripper,33.312,37.645,33.312,-4.332,-4.332,0
1787801963.077,shoulder_pan,-8.021,-8.747,-8.021,0.727,0.727,0
1787801963.077,shoulder_lift,58.518,59.736,58.518,-1.219,-1.219,0
1787801963.077,elbow_flex,16.716,16.484,16.716,0.233,0.233,0
1787801963.077,wrist_flex,-68.682,-67.868,-68.682,-0.814,-0.814,0
1787801963.077,wrist_roll,-0.186,-0.659,-0.186,0.474,0.474,0
1787801963.077,gripper,33.092,36.896,33.092,-3.804,-3.804,0
1787801963.128,shoulder_pan,-7.986,-8.747,-7.986,0.762,0.762,0
1787801963.128,shoulder_lift,58.405,59.736,58.405,-1.331,-1.331,0
1787801963.128,elbow_flex,16.975,16.484,16.975,0.492,0.492,0
1787801963.128,wrist_flex,-68.797,-67.868,-68.797,-0.929,-0.929,0
1787801963.128,wrist_roll,-0.185,-0.659,-0.185,0.474,0.474,0
1787801963.128,gripper,32.978,36.487,32.978,-3.509,-3.509,0
1787801963.175,shoulder_pan,-7.929,-8.659,-7.929,0.730,0.730,0
1787801963.175,shoulder_lift,58.254,59.736,58.254,-1.482,-1.482,0
1787801963.175,elbow_flex,17.274,16.659,17.274,0.614,0.614,0
1787801963.175,wrist_flex,-68.909,-67.868,-68.909,-1.041,-1.041,0
1787801963.175,wrist_roll,-0.187,-0.659,-0.187,0.473,0.473,0
1787801963.175,gripper,32.831,36.283,32.831,-3.452,-3.452,0
1787801963.228,shoulder_pan,-7.898,-8.659,-7.898,0.761,0.761,0
1787801963.228,shoulder_lift,58.004,59.736,58.004,-1.732,-1.732,0
1787801963.228,elbow_flex,17.730,16.923,17.730,0.807,0.807,0
1787801963.228,wrist_flex,-69.063,-67.868,-69.063,-1.194,-1.194,0
1787801963.228,wrist_roll,-0.194,-0.659,-0.194,0.465,0.465,0
1787801963.228,gripper,32.804,36.079,32.804,-3.275,-3.275,0
1787801963.276,shoulder_pan,-7.828,-8.659,-7.828,0.831,0.831,0
1787801963.276,shoulder_lift,57.680,59.736,57.680,-2.056,-2.056,0
1787801963.276,elbow_flex,18.295,17.187,18.295,1.109,1.109,0
1787801963.276,wrist_flex,-69.311,-67.868,-69.311,-1.443,-1.443,0
1787801963.276,wrist_roll,-0.192,-0.659,-0.192,0.468,0.468,0
1787801963.276,gripper,32.634,36.011,32.634,-3.377,-3.377,0
1787801963.326,shoulder_pan,-7.778,-8.659,-7.778,0.881,0.881,0
1787801963.326,shoulder_lift,57.025,59.736,57.025,-2.712,-2.712,0
1787801963.326,elbow_flex,19.166,17.538,19.166,1.628,1.628,0
1787801963.326,wrist_flex,-69.535,-68.132,-69.535,-1.404,-1.404,0
1787801963.326,wrist_roll,-0.173,-0.659,-0.173,0.487,0.487,0
1787801963.326,gripper,32.663,35.943,32.663,-3.280,-3.280,0
1787801963.378,shoulder_pan,-7.659,-8.659,-7.659,1.000,1.000,0
1787801963.378,shoulder_lift,55.811,59.736,55.811,-3.925,-3.925,0
1787801963.378,elbow_flex,20.478,17.890,20.478,2.588,2.588,0
1787801963.378,wrist_flex,-69.876,-68.571,-69.876,-1.304,-1.304,0
1787801963.378,wrist_roll,-0.158,-0.659,-0.158,0.501,0.501,0
1787801963.378,gripper,32.643,35.943,32.643,-3.300,-3.300,0
1787801963.427,shoulder_pan,-7.595,-8.659,-7.595,1.064,1.064,0
1787801963.427,shoulder_lift,55.045,59.648,55.045,-4.604,-4.604,0
1787801963.427,elbow_flex,21.339,18.330,21.339,3.009,3.009,0
1787801963.427,wrist_flex,-70.089,-68.923,-70.089,-1.165,-1.165,0
1787801963.427,wrist_roll,-0.140,-0.659,-0.140,0.519,0.519,0
1787801963.427,gripper,32.653,35.943,32.653,-3.290,-3.290,0
1787801963.477,shoulder_pan,-7.457,-8.659,-7.457,1.202,1.202,0
1787801963.477,shoulder_lift,53.174,59.385,53.174,-6.211,-6.211,0
1787801963.477,elbow_flex,23.309,19.209,23.309,4.100,4.100,0
1787801963.477,wrist_flex,-70.533,-69.363,-70.533,-1.170,-1.170,0
1787801963.477,wrist_roll,-0.111,-0.659,-0.111,0.549,0.549,0
1787801963.477,gripper,32.646,35.943,32.646,-3.297,-3.297,0
1787801963.529,shoulder_pan,-7.347,-8.659,-7.347,1.312,1.312,0
1787801963.529,shoulder_lift,52.071,58.681,52.071,-6.610,-6.610,0
1787801963.529,elbow_flex,24.499,20.440,24.499,4.059,4.059,0
1787801963.529,wrist_flex,-70.822,-69.714,-70.822,-1.108,-1.108,0
1787801963.529,wrist_roll,-0.091,-0.659,-0.091,0.569,0.569,0
1787801963.529,gripper,32.605,35.943,32.605,-3.338,-3.338,0
1787801963.576,shoulder_pan,-7.194,-8.659,-7.194,1.465,1.465,0
1787801963.576,shoulder_lift,50.329,57.802,50.329,-7.473,-7.473,0
1787801963.576,elbow_flex,26.259,21.934,26.259,4.324,4.324,0
1787801963.576,wrist_flex,-71.220,-69.978,-71.220,-1.242,-1.242,0
1787801963.576,wrist_roll,-0.063,-0.659,-0.063,0.596,0.596,0
1787801963.576,gripper,32.587,35.943,32.587,-3.355,-3.355,0
1787801963.630,shoulder_pan,-7.062,-8.308,-7.062,1.246,1.246,0
1787801963.630,shoulder_lift,49.085,56.747,49.085,-7.662,-7.662,0
1787801963.630,elbow_flex,27.451,23.516,27.451,3.934,3.934,0
1787801963.630,wrist_flex,-71.464,-70.242,-71.464,-1.222,-1.222,0
1787801963.630,wrist_roll,-0.047,-0.659,-0.047,0.612,0.612,0
1787801963.630,gripper,32.539,35.943,32.539,-3.404,-3.404,0
1787801963.676,shoulder_pan,-6.930,-8.044,-6.930,1.114,1.114,0
1787801963.676,shoulder_lift,47.648,55.780,47.648,-8.132,-8.132,0
1787801963.676,elbow_flex,29.039,25.099,29.039,3.940,3.940,0
1787801963.676,wrist_flex,-71.920,-70.418,-71.920,-1.503,-1.503,0
1787801963.676,wrist_roll,-0.034,-0.747,-0.034,0.713,0.713,0
1787801963.676,gripper,32.371,35.943,32.371,-3.572,-3.572,0
1787801963.728,shoulder_pan,-6.763,-7.780,-6.763,1.017,1.017,0
1787801963.728,shoulder_lift,45.513,54.637,45.513,-9.124,-9.124,0
1787801963.728,elbow_flex,31.254,26.593,31.254,4.661,4.661,0
1787801963.728,wrist_flex,-72.415,-70.593,-72.415,-1.821,-1.821,0
1787801963.728,wrist_roll,-0.011,-0.571,-0.011,0.561,0.561,0
1787801963.728,gripper,32.298,35.875,32.298,-3.577,-3.577,0
1787801963.778,shoulder_pan,-6.541,-7.516,-6.541,0.975,0.975,0
1787801963.778,shoulder_lift,43.440,53.495,43.440,-10.054,-10.054,0
1787801963.778,elbow_flex,33.485,28.352,33.485,5.133,5.133,0
1787801963.778,wrist_flex,-73.076,-70.769,-73.076,-2.307,-2.307,0
1787801963.778,wrist_roll,-0.006,-0.396,-0.006,0.390,0.390,0
1787801963.778,gripper,32.097,35.602,32.097,-3.506,-3.506,0
1787801963.830,shoulder_pan,-6.423,-7.341,-6.423,0.918,0.918,0
1787801963.830,shoulder_lift,42.150,52.000,42.150,-9.850,-9.850,0
1787801963.830,elbow_flex,35.007,30.549,35.007,4.458,4.458,0
1787801963.830,wrist_flex,-73.544,-71.121,-73.544,-2.423,-2.423,0
1787801963.830,wrist_roll,-0.003,-0.396,-0.003,0.393,0.393,0
1787801963.830,gripper,31.911,35.398,31.911,-3.487,-3.487,0
1787801963.878,shoulder_pan,-6.220,-7.077,-6.220,0.857,0.857,0
1787801963.878,shoulder_lift,40.152,50.418,40.152,-10.265,-10.265,0
1787801963.878,elbow_flex,37.278,32.747,37.278,4.531,4.531,0
1787801963.878,wrist_flex,-74.349,-71.560,-74.349,-2.789,-2.789,0
1787801963.878,wrist_roll,-0.031,-0.396,-0.031,0.365,0.365,0
1787801963.878,gripper,31.702,35.262,31.702,-3.560,-3.560,0
1787801963.929,shoulder_pan,-6.108,-6.813,-6.108,0.705,0.705,0
1787801963.929,shoulder_lift,39.151,48.835,39.151,-9.684,-9.684,0
1787801963.929,elbow_flex,38.608,34.681,38.608,3.927,3.927,0
1787801963.929,wrist_flex,-74.845,-72.088,-74.845,-2.757,-2.757,0
1787801963.929,wrist_roll,-0.032,-0.396,-0.032,0.364,0.364,0
1787801963.929,gripper,31.465,35.194,31.465,-3.729,-3.729,0
1787801963.979,shoulder_pan,-5.957,-6.637,-5.957,0.680,0.680,0
1787801963.979,shoulder_lift,37.834,47.165,37.834,-9.331,-9.331,0
1787801963.979,elbow_flex,40.317,36.703,40.317,3.614,3.614,0
1787801963.979,wrist_flex,-75.393,-72.703,-75.393,-2.690,-2.690,0
1787801963.979,wrist_roll,-0.024,-0.396,-0.024,0.372,0.372,0
1787801963.979,gripper,31.188,35.058,31.188,-3.869,-3.869,0
1787801964.028,shoulder_pan,-5.744,-6.637,-5.744,0.894,0.894,0
1787801964.028,shoulder_lift,36.528,45.758,36.528,-9.230,-9.230,0
1787801964.028,elbow_flex,42.002,38.198,42.002,3.804,3.804,0
1787801964.028,wrist_flex,-76.021,-73.231,-76.021,-2.791,-2.791,0
1787801964.028,wrist_roll,-0.026,-0.396,-0.026,0.369,0.369,0
1787801964.028,gripper,30.897,34.854,30.897,-3.957,-3.957,0
1787801964.079,shoulder_pan,-5.506,-6.637,-5.506,1.132,1.132,0
1787801964.079,shoulder_lift,35.157,44.176,35.157,-9.018,-9.018,0
1787801964.079,elbow_flex,43.714,39.868,43.714,3.846,3.846,0
1787801964.079,wrist_flex,-76.547,-73.846,-76.547,-2.701,-2.701,0
1787801964.079,wrist_roll,-0.022,-0.396,-0.022,0.374,0.374,0
1787801964.079,gripper,30.662,34.854,30.662,-4.192,-4.192,0
1787801964.127,shoulder_pan,-5.241,-6.549,-5.241,1.309,1.309,0
1787801964.127,shoulder_lift,33.706,42.857,33.706,-9.152,-9.152,0
1787801964.127,elbow_flex,45.577,41.626,45.577,3.951,3.951,0
1787801964.127,wrist_flex,-77.077,-74.374,-77.077,-2.703,-2.703,0
1787801964.127,wrist_roll,0.015,-0.396,0.015,0.410,0.410,0
1787801964.127,gripper,30.311,34.717,30.311,-4.406,-4.406,0
1787801964.180,shoulder_pan,-5.047,-6.198,-5.047,1.151,1.151,0
1787801964.180,shoulder_lift,32.531,41.275,32.531,-8.744,-8.744,0
1787801964.180,elbow_flex,47.210,43.473,47.210,3.737,3.737,0
1787801964.180,wrist_flex,-77.709,-74.989,-77.709,-2.720,-2.720,0
1787801964.180,wrist_roll,0.011,-0.396,0.011,0.407,0.407,0
1787801964.180,gripper,30.026,34.309,30.026,-4.283,-4.283,0
1787801964.227,shoulder_pan,-4.799,-5.846,-4.799,1.047,1.047,0
1787801964.227,shoulder_lift,31.505,39.956,31.505,-8.451,-8.451,0
1787801964.227,elbow_flex,48.562,44.967,48.562,3.595,3.595,0
1787801964.227,wrist_flex,-78.085,-75.516,-78.085,-2.569,-2.569,0
1787801964.227,wrist_roll,0.041,-0.396,0.041,0.436,0.436,0
1787801964.227,gripper,29.701,34.037,29.701,-4.336,-4.336,0
1787801964.279,shoulder_pan,-4.531,-5.495,-4.531,0.964,0.964,0
1787801964.279,shoulder_lift,30.491,38.549,30.491,-8.058,-8.058,0
1787801964.279,elbow_flex,50.109,46.725,50.109,3.384,3.384,0
1787801964.279,wrist_flex,-78.588,-76.044,-78.588,-2.544,-2.544,0
1787801964.279,wrist_roll,0.071,-0.396,0.071,0.467,0.467,0
1787801964.279,gripper,29.376,33.764,29.376,-4.388,-4.388,0
1787801964.329,shoulder_pan,-4.268,-5.231,-4.268,0.963,0.963,0
1787801964.329,shoulder_lift,29.929,37.407,29.929,-7.477,-7.477,0
1787801964.329,elbow_flex,51.039,48.044,51.039,2.996,2.996,0
1787801964.329,wrist_flex,-78.971,-76.571,-78.971,-2.400,-2.400,0
1787801964.329,wrist_roll,0.094,-0.396,0.094,0.489,0.489,0
1787801964.329,gripper,29.048,33.492,29.048,-4.444,-4.444,0
1787801964.378,shoulder_pan,-3.950,-4.967,-3.950,1.017,1.017,0
1787801964.378,shoulder_lift,29.056,36.352,29.056,-7.296,-7.296,0
1787801964.378,elbow_flex,52.406,49.451,52.406,2.956,2.956,0
1787801964.378,wrist_flex,-79.405,-77.011,-79.405,-2.394,-2.394,0
1787801964.378,wrist_roll,0.126,-0.308,0.126,0.434,0.434,0
1787801964.378,gripper,28.686,33.288,28.686,-4.602,-4.602,0
1787801964.446,shoulder_pan,-6.515,-4.615,-6.515,-1.900,-1.900,0
1787801964.446,shoulder_lift,40.862,35.121,40.862,5.741,5.741,0
1787801964.446,elbow_flex,39.819,51.209,39.819,-11.390,-11.390,0
1787801964.446,wrist_flex,-74.327,-77.626,-74.327,3.299,3.299,0
1787801964.446,wrist_roll,-0.294,-0.308,-0.294,0.014,0.014,0
1787801964.446,gripper,38.925,33.016,38.925,5.909,5.909,0
1787801964.477,shoulder_pan,-6.532,-4.440,-6.532,-2.093,-2.093,0
1787801964.477,shoulder_lift,40.825,34.769,40.825,6.056,6.056,0
1787801964.477,elbow_flex,39.454,51.648,39.454,-12.194,-12.194,0
1787801964.477,wrist_flex,-74.147,-77.714,-74.147,3.568,3.568,0
1787801964.477,wrist_roll,-0.309,-0.308,-0.309,-0.002,-0.002,0
1787801964.477,gripper,38.976,32.948,38.976,6.028,6.028,0
1787801964.528,shoulder_pan,-6.519,-4.791,-6.519,-1.728,-1.728,0
1787801964.528,shoulder_lift,40.673,35.033,40.673,5.640,5.640,0
1787801964.528,elbow_flex,38.988,51.121,38.988,-12.133,-12.133,0
1787801964.528,wrist_flex,-73.886,-76.835,-73.886,2.949,2.949,0
1787801964.528,wrist_roll,-0.332,-0.308,-0.332,-0.025,-0.025,0
1787801964.528,gripper,39.014,33.220,39.014,5.794,5.794,0
1787801964.580,shoulder_pan,-6.498,-5.758,-6.498,-0.740,-0.740,0
1787801964.580,shoulder_lift,40.584,37.758,40.584,2.826,2.826,0
1787801964.580,elbow_flex,38.698,47.780,38.698,-9.083,-9.083,0
1787801964.580,wrist_flex,-73.737,-75.604,-73.737,1.868,1.868,0
1787801964.580,wrist_roll,-0.349,-0.308,-0.349,-0.041,-0.041,0
1787801964.580,gripper,38.937,35.126,38.937,3.811,3.811,0
1787801964.628,shoulder_pan,-6.502,-6.286,-6.502,-0.217,-0.217,0
1787801964.628,shoulder_lift,40.397,40.308,40.397,0.089,0.089,0
1787801964.628,elbow_flex,38.266,44.879,38.266,-6.613,-6.613,0
1787801964.628,wrist_flex,-73.530,-74.725,-73.530,1.196,1.196,0
1787801964.628,wrist_roll,-0.369,-0.308,-0.369,-0.061,-0.061,0
1787801964.628,gripper,38.887,36.964,38.887,1.923,1.923,0
1787801964.681,shoulder_pan,-6.498,-6.286,-6.498,-0.212,-0.212,0
1787801964.681,shoulder_lift,39.890,41.363,39.890,-1.472,-1.472,0
1787801964.681,elbow_flex,37.939,43.033,37.939,-5.094,-5.094,0
1787801964.681,wrist_flex,-73.303,-74.198,-73.303,0.895,0.895,0
1787801964.681,wrist_roll,-0.393,-0.308,-0.393,-0.085,-0.085,0
1787801964.681,gripper,38.926,37.849,38.926,1.078,1.078,0
1787801964.728,shoulder_pan,-6.399,-6.110,-6.399,-0.289,-0.289,0
1787801964.728,shoulder_lift,39.007,41.451,39.007,-2.444,-2.444,0
1787801964.728,elbow_flex,37.684,41.802,37.684,-4.119,-4.119,0
1787801964.728,wrist_flex,-72.943,-73.758,-72.943,0.815,0.815,0
1787801964.728,wrist_roll,-0.397,-0.308,-0.397,-0.089,-0.089,0
1787801964.728,gripper,38.655,38.257,38.655,0.398,0.398,0
1787801964.781,shoulder_pan,-6.388,-6.110,-6.388,-0.278,-0.278,0
1787801964.781,shoulder_lift,38.580,41.451,38.580,-2.871,-2.871,0
1787801964.781,elbow_flex,37.524,40.923,37.524,-3.400,-3.400,0
1787801964.781,wrist_flex,-72.828,-73.319,-72.828,0.490,0.490,0
1787801964.781,wrist_roll,-0.433,-0.308,-0.433,-0.125,-0.125,0
1787801964.781,gripper,38.682,38.325,38.682,0.357,0.357,0
1787801964.828,shoulder_pan,-6.102,-6.198,-6.102,0.096,0.096,0
1787801964.828,shoulder_lift,36.580,41.451,36.580,-4.870,-4.870,0
1787801964.828,elbow_flex,37.835,40.396,37.835,-2.560,-2.560,0
1787801964.828,wrist_flex,-72.353,-73.055,-72.353,0.702,0.702,0
1787801964.828,wrist_roll,-0.442,-0.308,-0.442,-0.134,-0.134,0
1787801964.828,gripper,38.518,38.325,38.518,0.192,0.192,0
1787801964.880,shoulder_pan,-5.937,-6.198,-5.937,0.261,0.261,0
1787801964.880,shoulder_lift,35.803,41.451,35.803,-5.648,-5.648,0
1787801964.880,elbow_flex,37.731,40.220,37.731,-2.489,-2.489,0
1787801964.880,wrist_flex,-72.046,-72.703,-72.046,0.657,0.657,0
1787801964.880,wrist_roll,-0.445,-0.308,-0.445,-0.138,-0.138,0
1787801964.880,gripper,38.261,38.325,38.261,-0.064,-0.064,0
1787801964.929,shoulder_pan,-5.686,-6.110,-5.686,0.424,0.424,0
1787801964.929,shoulder_lift,34.203,41.451,34.203,-7.247,-7.247,0
1787801964.929,elbow_flex,38.266,40.220,38.266,-1.954,-1.954,0
1787801964.929,wrist_flex,-71.784,-72.352,-71.784,0.568,0.568,0
1787801964.929,wrist_roll,-0.460,-0.308,-0.460,-0.153,-0.153,0
1787801964.929,gripper,38.234,38.325,38.234,-0.091,-0.091,0
1787801964.980,shoulder_pan,-5.578,-6.110,-5.578,0.531,0.531,0
1787801964.980,shoulder_lift,33.662,41.187,33.662,-7.525,-7.525,0
1787801964.980,elbow_flex,38.467,40.220,38.467,-1.753,-1.753,0
1787801964.980,wrist_flex,-71.765,-72.000,-71.765,0.235,0.235,0
1787801964.980,wrist_roll,-0.487,-0.308,-0.487,-0.179,-0.179,0
1787801964.980,gripper,38.105,38.325,38.105,-0.220,-0.220,0
1787801965.030,shoulder_pan,-5.358,-6.110,-5.358,0.752,0.752,0
1787801965.030,shoulder_lift,32.877,40.396,32.877,-7.518,-7.518,0
1787801965.030,elbow_flex,38.890,40.220,38.890,-1.330,-1.330,0
1787801965.030,wrist_flex,-71.704,-71.912,-71.704,0.208,0.208,0
1787801965.030,wrist_roll,-0.511,-0.308,-0.511,-0.203,-0.203,0
1787801965.030,gripper,37.959,38.325,37.959,-0.366,-0.366,0
1787801965.079,shoulder_pan,-5.017,-6.110,-5.017,1.093,1.093,0
1787801965.079,shoulder_lift,32.135,39.516,32.135,-7.381,-7.381,0
1787801965.079,elbow_flex,39.398,40.220,39.398,-0.821,-0.821,0
1787801965.079,wrist_flex,-71.720,-71.736,-71.720,0.016,0.016,0
1787801965.079,wrist_roll,-0.527,-0.308,-0.527,-0.220,-0.220,0
1787801965.079,gripper,37.575,38.325,37.575,-0.751,-0.751,0
1787801965.130,shoulder_pan,-4.627,-6.110,-4.627,1.483,1.483,0
1787801965.130,shoulder_lift,31.115,38.813,31.115,-7.698,-7.698,0
1787801965.130,elbow_flex,40.053,40.220,40.053,-0.166,-0.166,0
1787801965.130,wrist_flex,-71.644,-71.736,-71.644,0.092,0.092,0
1787801965.130,wrist_roll,-0.535,-0.308,-0.535,-0.227,-0.227,0
1787801965.130,gripper,37.383,38.325,37.383,-0.942,-0.942,0
1787801965.179,shoulder_pan,-4.226,-5.758,-4.226,1.532,1.532,0
1787801965.179,shoulder_lift,30.518,37.934,30.518,-7.416,-7.416,0
1787801965.179,elbow_flex,40.388,40.308,40.388,0.081,0.081,0
1787801965.179,wrist_flex,-71.495,-71.736,-71.495,0.241,0.241,0
1787801965.179,wrist_roll,-0.538,-0.308,-0.538,-0.231,-0.231,0
1787801965.179,gripper,37.104,38.325,37.104,-1.221,-1.221,0
1787801965.230,shoulder_pan,-3.838,-5.319,-3.838,1.481,1.481,0
1787801965.230,shoulder_lift,29.727,37.055,29.727,-7.327,-7.327,0
1787801965.230,elbow_flex,40.866,40.484,40.866,0.382,0.382,0
1787801965.230,wrist_flex,-71.346,-71.736,-71.346,0.391,0.391,0
1787801965.230,wrist_roll,-0.543,-0.308,-0.543,-0.235,-0.235,0
1787801965.230,gripper,37.050,38.257,37.050,-1.207,-1.207,0
1787801965.279,shoulder_pan,-3.306,-4.967,-3.306,1.661,1.661,0
1787801965.279,shoulder_lift,29.038,36.264,29.038,-7.226,-7.226,0
1787801965.279,elbow_flex,41.127,40.835,41.127,0.292,0.292,0
1787801965.279,wrist_flex,-71.034,-71.736,-71.034,0.702,0.702,0
1787801965.279,wrist_roll,-0.532,-0.308,-0.532,-0.224,-0.224,0
1787801965.279,gripper,36.978,38.121,36.978,-1.143,-1.143,0
1787801965.330,shoulder_pan,-2.795,-4.440,-2.795,1.645,1.645,0
1787801965.330,shoulder_lift,28.503,35.473,28.503,-6.969,-6.969,0
1787801965.330,elbow_flex,41.398,41.363,41.398,0.035,0.035,0
1787801965.330,wrist_flex,-70.859,-71.560,-70.859,0.702,0.702,0
1787801965.330,wrist_roll,-0.525,-0.308,-0.525,-0.217,-0.217,0
1787801965.330,gripper,36.903,38.121,36.903,-1.218,-1.218,0
1787801965.380,shoulder_pan,-2.426,-4.000,-2.426,1.574,1.574,0
1787801965.380,shoulder_lift,28.078,34.769,28.078,-6.691,-6.691,0
1787801965.380,elbow_flex,41.482,41.363,41.482,0.120,0.120,0
1787801965.380,wrist_flex,-70.615,-71.209,-70.615,0.593,0.593,0
1787801965.380,wrist_roll,-0.525,-0.308,-0.525,-0.217,-0.217,0
1787801965.380,gripper,36.899,38.121,36.899,-1.222,-1.222,0
1787801965.432,shoulder_pan,-1.672,-3.473,-1.672,1.800,1.800,0
1787801965.432,shoulder_lift,27.230,34.154,27.230,-6.924,-6.924,0
1787801965.432,elbow_flex,41.815,41.363,41.815,0.452,0.452,0
1787801965.432,wrist_flex,-70.178,-70.857,-70.178,0.679,0.679,0
1787801965.432,wrist_roll,-0.516,-0.308,-0.516,-0.208,-0.208,0
1787801965.432,gripper,36.827,38.053,36.827,-1.226,-1.226,0
1787801965.479,shoulder_pan,-1.372,-3.033,-1.372,1.661,1.661,0
1787801965.479,shoulder_lift,26.925,33.538,26.925,-6.614,-6.614,0
1787801965.479,elbow_flex,41.930,41.626,41.930,0.303,0.303,0
1787801965.479,wrist_flex,-70.001,-70.593,-70.001,0.593,0.593,0
1787801965.479,wrist_roll,-0.506,-0.308,-0.506,-0.199,-0.199,0
1787801965.479,gripper,36.818,38.053,36.818,-1.235,-1.235,0
1787801965.529,shoulder_pan,-0.572,-2.505,-0.572,1.933,1.933,0
1787801965.529,shoulder_lift,26.011,32.923,26.011,-6.912,-6.912,0
1787801965.529,elbow_flex,42.382,42.242,42.382,0.140,0.140,0
1787801965.529,wrist_flex,-69.592,-70.242,-69.592,0.650,0.650,0
1787801965.529,wrist_roll,-0.499,-0.308,-0.499,-0.191,-0.191,0
1787801965.529,gripper,36.674,38.053,36.674,-1.380,-1.380,0
1787801965.579,shoulder_pan,-0.067,-1.890,-0.067,1.823,1.823,0
1787801965.579,shoulder_lift,25.572,32.308,25.572,-6.735,-6.735,0
1787801965.579,elbow_flex,42.533,42.505,42.533,0.028,0.028,0
1787801965.579,wrist_flex,-69.317,-69.890,-69.317,0.573,0.573,0
1787801965.579,wrist_roll,-0.501,-0.308,-0.501,-0.193,-0.193,0
1787801965.579,gripper,36.657,38.053,36.657,-1.396,-1.396,0
1787801965.629,shoulder_pan,0.456,-1.363,0.456,1.819,1.819,0
1787801965.629,shoulder_lift,24.922,31.692,24.922,-6.770,-6.770,0
1787801965.629,elbow_flex,42.847,42.681,42.847,0.166,0.166,0
1787801965.629,wrist_flex,-69.046,-69.626,-69.046,0.580,0.580,0
1787801965.629,wrist_roll,-0.497,-0.308,-0.497,-0.189,-0.189,0
1787801965.629,gripper,36.620,38.053,36.620,-1.433,-1.433,0
1787801965.679,shoulder_pan,1.028,-0.835,1.028,1.863,1.863,0
1787801965.679,shoulder_lift,24.327,31.165,24.327,-6.838,-6.838,0
1787801965.679,elbow_flex,43.104,42.681,43.104,0.422,0.422,0
1787801965.679,wrist_flex,-68.759,-69.275,-68.759,0.516,0.516,0
1787801965.679,wrist_roll,-0.493,-0.308,-0.493,-0.185,-0.185,0
1787801965.679,gripper,36.575,38.053,36.575,-1.478,-1.478,0
1787801965.731,shoulder_pan,1.581,-0.220,1.581,1.801,1.801,0
1787801965.731,shoulder_lift,23.817,30.549,23.817,-6.732,-6.732,0
1787801965.731,elbow_flex,43.336,42.945,43.336,0.391,0.391,0
1787801965.731,wrist_flex,-68.500,-68.923,-68.500,0.423,0.423,0
1787801965.731,wrist_roll,-0.494,-0.308,-0.494,-0.186,-0.186,0
1787801965.731,gripper,36.569,38.053,36.569,-1.484,-1.484,0
1787801965.781,shoulder_pan,2.128,0.308,2.128,1.820,1.820,0
1787801965.781,shoulder_lift,23.318,29.846,23.318,-6.528,-6.528,0
1787801965.781,elbow_flex,43.486,43.560,43.486,-0.075,-0.075,0
1787801965.781,wrist_flex,-68.175,-68.659,-68.175,0.485,0.485,0
1787801965.781,wrist_roll,-0.490,-0.308,-0.490,-0.182,-0.182,0
1787801965.781,gripper,36.507,38.053,36.507,-1.546,-1.546,0
1787801965.833,shoulder_pan,2.702,0.835,2.702,1.866,1.866,0
1787801965.833,shoulder_lift,22.778,29.495,22.778,-6.716,-6.716,0
1787801965.833,elbow_flex,43.594,43.648,43.594,-0.055,-0.055,0
1787801965.833,wrist_flex,-67.828,-68.396,-67.828,0.567,0.567,0
1787801965.833,wrist_roll,-0.489,-0.308,-0.489,-0.182,-0.182,0
1787801965.833,gripper,36.469,38.053,36.469,-1.584,-1.584,0
1787801965.880,shoulder_pan,2.896,1.363,2.896,1.533,1.533,0
1787801965.880,shoulder_lift,22.614,28.967,22.614,-6.353,-6.353,0
1787801965.880,elbow_flex,43.690,43.736,43.690,-0.046,-0.046,0
1787801965.880,wrist_flex,-67.707,-68.132,-67.707,0.424,0.424,0
1787801965.880,wrist_roll,-0.482,-0.308,-0.482,-0.174,-0.174,0
1787801965.880,gripper,36.466,38.053,36.466,-1.587,-1.587,0
1787801965.931,shoulder_pan,3.790,1.890,3.790,1.900,1.900,0
1787801965.931,shoulder_lift,21.957,28.527,21.957,-6.571,-6.571,0
1787801965.931,elbow_flex,43.735,43.824,43.735,-0.089,-0.089,0
1787801965.931,wrist_flex,-67.180,-67.780,-67.180,0.600,0.600,0
1787801965.931,wrist_roll,-0.492,-0.308,-0.492,-0.184,-0.184,0
1787801965.931,gripper,36.409,38.053,36.409,-1.644,-1.644,0
1787801965.981,shoulder_pan,4.211,2.418,4.211,1.794,1.794,0
1787801965.981,shoulder_lift,21.804,27.912,21.804,-6.108,-6.108,0
1787801965.981,elbow_flex,43.703,43.912,43.703,-0.209,-0.209,0
1787801965.981,wrist_flex,-66.977,-67.604,-66.977,0.627,0.627,0
1787801965.981,wrist_roll,-0.495,-0.308,-0.495,-0.187,-0.187,0
1787801965.981,gripper,36.395,38.053,36.395,-1.658,-1.658,0
1787801966.030,shoulder_pan,4.865,2.945,4.865,1.920,1.920,0
1787801966.030,shoulder_lift,21.392,27.473,21.392,-6.080,-6.080,0
1787801966.030,elbow_flex,43.765,43.912,43.765,-0.147,-0.147,0
1787801966.030,wrist_flex,-66.598,-67.253,-66.598,0.655,0.655,0
1787801966.030,wrist_roll,-0.493,-0.308,-0.493,-0.185,-0.185,0
1787801966.030,gripper,36.356,38.053,36.356,-1.697,-1.697,0
1787801966.081,shoulder_pan,5.117,3.560,5.117,1.557,1.557,0
1787801966.081,shoulder_lift,21.294,27.033,21.294,-5.739,-5.739,0
1787801966.081,elbow_flex,43.787,43.912,43.787,-0.125,-0.125,0
1787801966.081,wrist_flex,-66.491,-66.813,-66.491,0.322,0.322,0
1787801966.081,wrist_roll,-0.490,-0.308,-0.490,-0.182,-0.182,0
1787801966.081,gripper,36.345,38.053,36.345,-1.708,-1.708,0
1787801966.130,shoulder_pan,5.843,4.000,5.843,1.843,1.843,0
1787801966.130,shoulder_lift,20.989,26.857,20.989,-5.868,-5.868,0
1787801966.130,elbow_flex,43.708,43.912,43.708,-0.204,-0.204,0
1787801966.130,wrist_flex,-66.068,-66.637,-66.068,0.570,0.570,0
1787801966.130,wrist_roll,-0.501,-0.308,-0.501,-0.194,-0.194,0
1787801966.130,gripper,36.324,38.053,36.324,-1.729,-1.729,0
1787801966.181,shoulder_pan,6.492,4.527,6.492,1.964,1.964,0
1787801966.181,shoulder_lift,20.613,26.857,20.613,-6.244,-6.244,0
1787801966.181,elbow_flex,43.692,43.912,43.692,-0.220,-0.220,0
1787801966.181,wrist_flex,-65.609,-66.374,-65.609,0.765,0.765,0
1787801966.181,wrist_roll,-0.505,-0.308,-0.505,-0.197,-0.197,0
1787801966.181,gripper,36.290,37.849,36.290,-1.559,-1.559,0
1787801966.231,shoulder_pan,7.023,5.055,7.023,1.968,1.968,0
1787801966.231,shoulder_lift,20.423,26.857,20.423,-6.435,-6.435,0
1787801966.231,elbow_flex,43.685,43.912,43.685,-0.227,-0.227,0
1787801966.231,wrist_flex,-65.302,-65.934,-65.302,0.632,0.632,0
1787801966.231,wrist_roll,-0.502,-0.308,-0.502,-0.195,-0.195,0
1787801966.231,gripper,36.266,37.781,36.266,-1.514,-1.514,0
1787801966.281,shoulder_pan,7.374,5.670,7.374,1.703,1.703,0
1787801966.281,shoulder_lift,20.388,26.418,20.388,-6.030,-6.030,0
1787801966.281,elbow_flex,43.606,43.912,43.606,-0.306,-0.306,0
1787801966.281,wrist_flex,-65.104,-65.582,-65.104,0.479,0.479,0
1787801966.281,wrist_roll,-0.507,-0.308,-0.507,-0.200,-0.200,0
1787801966.281,gripper,36.258,37.781,36.258,-1.522,-1.522,0
1787801966.330,shoulder_pan,8.110,6.198,8.110,1.912,1.912,0
1787801966.330,shoulder_lift,20.213,25.890,20.213,-5.677,-5.677,0
1787801966.330,elbow_flex,43.508,43.912,43.508,-0.404,-0.404,0
1787801966.330,wrist_flex,-64.680,-65.231,-64.680,0.550,0.550,0
1787801966.330,wrist_roll,-0.511,-0.308,-0.511,-0.203,-0.203,0
1787801966.330,gripper,36.196,37.781,36.196,-1.585,-1.585,0
1787801966.381,shoulder_pan,8.381,6.725,8.381,1.655,1.655,0
1787801966.381,shoulder_lift,20.248,25.538,20.248,-5.290,-5.290,0
1787801966.381,elbow_flex,43.457,43.912,43.457,-0.455,-0.455,0
1787801966.381,wrist_flex,-64.549,-64.967,-64.549,0.418,0.418,0
1787801966.381,wrist_roll,-0.516,-0.308,-0.516,-0.208,-0.208,0
1787801966.381,gripper,36.200,37.781,36.200,-1.581,-1.581,0
1787801966.432,shoulder_pan,9.046,7.253,9.046,1.793,1.793,0
1787801966.432,shoulder_lift,20.116,25.451,20.116,-5.334,-5.334,0
1787801966.432,elbow_flex,43.383,43.912,43.383,-0.529,-0.529,0
1787801966.432,wrist_flex,-64.141,-64.703,-64.141,0.562,0.562,0
1787801966.432,wrist_roll,-0.515,-0.308,-0.515,-0.208,-0.208,0
1787801966.432,gripper,36.156,37.781,36.156,-1.624,-1.624,0
1787801966.482,shoulder_pan,9.432,7.692,9.432,1.740,1.740,0
1787801966.482,shoulder_lift,20.037,25.451,20.037,-5.414,-5.414,0
1787801966.482,elbow_flex,43.317,43.912,43.317,-0.595,-0.595,0
1787801966.482,wrist_flex,-63.855,-64.440,-63.855,0.584,0.584,0
1787801966.482,wrist_roll,-0.517,-0.308,-0.517,-0.209,-0.209,0
1787801966.482,gripper,36.138,37.781,36.138,-1.643,-1.643,0
1787801966.531,shoulder_pan,9.956,8.132,9.956,1.824,1.824,0
1787801966.531,shoulder_lift,20.024,25.451,20.024,-5.427,-5.427,0
1787801966.531,elbow_flex,43.192,43.912,43.192,-0.720,-0.720,0
1787801966.531,wrist_flex,-63.564,-64.176,-63.564,0.612,0.612,0
1787801966.531,wrist_roll,-0.525,-0.308,-0.525,-0.217,-0.217,0
1787801966.531,gripper,36.115,37.781,36.115,-1.666,-1.666,0
1787801966.582,shoulder_pan,10.432,8.659,10.432,1.773,1.773,0
1787801966.582,shoulder_lift,20.021,25.451,20.021,-5.430,-5.430,0
1787801966.582,elbow_flex,43.072,43.912,43.072,-0.840,-0.840,0
1787801966.582,wrist_flex,-63.292,-63.824,-63.292,0.532,0.532,0
1787801966.582,wrist_roll,-0.528,-0.308,-0.528,-0.220,-0.220,0
1787801966.582,gripper,36.091,37.781,36.091,-1.690,-1.690,0
1787801966.632,shoulder_pan,10.905,9.187,10.905,1.719,1.719,0
1787801966.632,shoulder_lift,20.070,25.451,20.070,-5.380,-5.380,0
1787801966.632,elbow_flex,42.936,43.912,42.936,-0.976,-0.976,0
1787801966.632,wrist_flex,-63.026,-63.473,-63.026,0.447,0.447,0
1787801966.632,wrist_roll,-0.531,-0.308,-0.531,-0.223,-0.223,0
1787801966.632,gripper,36.060,37.781,36.060,-1.720,-1.720,0
1787801966.682,shoulder_pan,11.264,9.714,11.264,1.549,1.549,0
1787801966.682,shoulder_lift,20.120,25.451,20.120,-5.331,-5.331,0
1787801966.682,elbow_flex,42.785,43.912,42.785,-1.127,-1.127,0
1787801966.682,wrist_flex,-62.814,-63.121,-62.814,0.307,0.307,0
1787801966.682,wrist_roll,-0.534,-0.308,-0.534,-0.226,-0.226,0
1787801966.682,gripper,36.045,37.781,36.045,-1.736,-1.736,0
1787801966.734,shoulder_pan,11.665,10.154,11.665,1.511,1.511,0
1787801966.734,shoulder_lift,20.366,25.451,20.366,-5.085,-5.085,0
1787801966.734,elbow_flex,42.562,43.912,42.562,-1.350,-1.350,0
1787801966.734,wrist_flex,-62.684,-62.857,-62.684,0.174,0.174,0
1787801966.734,wrist_roll,-0.539,-0.308,-0.539,-0.231,-0.231,0
1787801966.734,gripper,36.009,37.781,36.009,-1.772,-1.772,0
1787801966.782,shoulder_pan,12.068,10.593,12.068,1.475,1.475,0
1787801966.782,shoulder_lift,20.501,25.451,20.501,-4.950,-4.950,0
1787801966.782,elbow_flex,42.384,43.912,42.384,-1.528,-1.528,0
1787801966.782,wrist_flex,-62.485,-62.857,-62.485,0.372,0.372,0
1787801966.782,wrist_roll,-0.546,-0.308,-0.546,-0.238,-0.238,0
1787801966.782,gripper,35.996,37.781,35.996,-1.784,-1.784,0
1787801966.832,shoulder_pan,12.443,11.033,12.443,1.410,1.410,0
1787801966.832,shoulder_lift,20.628,25.451,20.628,-4.822,-4.822,0
1787801966.832,elbow_flex,42.228,43.912,42.228,-1.684,-1.684,0
1787801966.832,wrist_flex,-62.295,-62.769,-62.295,0.474,0.474,0
1787801966.832,wrist_roll,-0.551,-0.308,-0.551,-0.244,-0.244,0
1787801966.832,gripper,35.988,37.781,35.988,-1.793,-1.793,0
1787801966.882,shoulder_pan,12.828,11.385,12.828,1.443,1.443,0
1787801966.882,shoulder_lift,20.965,25.451,20.965,-4.486,-4.486,0
1787801966.882,elbow_flex,41.896,43.912,41.896,-2.016,-2.016,0
1787801966.882,wrist_flex,-62.130,-62.418,-62.130,0.288,0.288,0
1787801966.882,wrist_roll,-0.554,-0.308,-0.554,-0.246,-0.246,0
1787801966.882,gripper,35.970,37.781,35.970,-1.811,-1.811,0
1787801966.934,shoulder_pan,13.193,11.824,13.193,1.368,1.368,0
1787801966.934,shoulder_lift,21.158,25.451,21.158,-4.292,-4.292,0
1787801966.934,elbow_flex,41.699,43.912,41.699,-2.213,-2.213,0
1787801966.934,wrist_flex,-61.938,-62.242,-61.938,0.304,0.304,0
1787801966.934,wrist_roll,-0.556,-0.308,-0.556,-0.248,-0.248,0
1787801966.934,gripper,35.970,37.781,35.970,-1.811,-1.811,0
1787801966.981,shoulder_pan,13.522,12.176,13.522,1.346,1.346,0
1787801966.981,shoulder_lift,21.416,25.451,21.416,-4.035,-4.035,0
1787801966.981,elbow_flex,41.423,43.912,41.423,-2.489,-2.489,0
1787801966.981,wrist_flex,-61.789,-61.978,-61.789,0.189,0.189,0
1787801966.981,wrist_roll,-0.559,-0.308,-0.559,-0.251,-0.251,0
1787801966.981,gripper,35.936,37.713,35.936,-1.777,-1.777,0
1787801967.033,shoulder_pan,13.821,12.527,13.821,1.293,1.293,0
1787801967.033,shoulder_lift,21.866,25.451,21.866,-3.584,-3.584,0
1787801967.033,elbow_flex,41.115,43.912,41.115,-2.797,-2.797,0
1787801967.033,wrist_flex,-61.714,-61.890,-61.714,0.176,0.176,0
1787801967.033,wrist_roll,-0.563,-0.308,-0.563,-0.255,-0.255,0
1787801967.033,gripper,35.947,37.509,35.947,-1.562,-1.562,0
1787801967.082,shoulder_pan,14.113,12.879,14.113,1.234,1.234,0
1787801967.082,shoulder_lift,22.092,25.451,22.092,-3.358,-3.358,0
1787801967.082,elbow_flex,40.861,43.912,40.861,-3.051,-3.051,0
1787801967.082,wrist_flex,-61.560,-61.802,-61.560,0.242,0.242,0
1787801967.082,wrist_roll,-0.571,-0.308,-0.571,-0.264,-0.264,0
1787801967.082,gripper,35.911,37.509,35.911,-1.598,-1.598,0
1787801967.133,shoulder_pan,14.406,13.231,14.406,1.175,1.175,0
1787801967.133,shoulder_lift,22.630,25.451,22.630,-2.820,-2.820,0
1787801967.133,elbow_flex,40.441,43.912,40.441,-3.471,-3.471,0
1787801967.133,wrist_flex,-61.443,-61.626,-61.443,0.183,0.183,0
1787801967.133,wrist_roll,-0.575,-0.308,-0.575,-0.267,-0.267,0
1787801967.133,gripper,35.912,37.509,35.912,-1.596,-1.596,0
1787801967.182,shoulder_pan,14.610,13.582,14.610,1.028,1.028,0
1787801967.182,shoulder_lift,23.019,25.451,23.019,-2.432,-2.432,0
1787801967.182,elbow_flex,40.148,43.912,40.148,-3.764,-3.764,0
1787801967.182,wrist_flex,-61.378,-61.538,-61.378,0.161,0.161,0
1787801967.182,wrist_roll,-0.578,-0.308,-0.578,-0.271,-0.271,0
1787801967.182,gripper,35.922,37.509,35.922,-1.586,-1.586,0
1787801967.234,shoulder_pan,14.863,13.846,14.863,1.017,1.017,0
1787801967.234,shoulder_lift,23.573,25.451,23.573,-1.877,-1.877,0
1787801967.234,elbow_flex,39.678,43.736,39.678,-4.058,-4.058,0
1787801967.234,wrist_flex,-61.285,-61.538,-61.285,0.253,0.253,0
1787801967.234,wrist_roll,-0.588,-0.308,-0.588,-0.280,-0.280,0
1787801967.234,gripper,35.916,37.509,35.916,-1.593,-1.593,0
1787801967.282,shoulder_pan,15.199,14.022,15.199,1.177,1.177,0
1787801967.282,shoulder_lift,24.249,25.451,24.249,-1.202,-1.202,0
1787801967.282,elbow_flex,39.047,43.297,39.047,-4.250,-4.250,0
1787801967.282,wrist_flex,-61.112,-61.538,-61.112,0.426,0.426,0
1787801967.282,wrist_roll,-0.594,-0.308,-0.594,-0.287,-0.287,0
1787801967.282,gripper,35.896,37.509,35.896,-1.613,-1.613,0
1787801967.333,shoulder_pan,15.419,14.286,15.419,1.133,1.133,0
1787801967.333,shoulder_lift,24.827,25.451,24.827,-0.623,-0.623,0
1787801967.333,elbow_flex,38.515,42.857,38.515,-4.343,-4.343,0
1787801967.333,wrist_flex,-60.956,-61.538,-60.956,0.583,0.583,0
1787801967.333,wrist_roll,-0.601,-0.308,-0.601,-0.293,-0.293,0
1787801967.333,gripper,35.881,37.509,35.881,-1.628,-1.628,0
1787801967.382,shoulder_pan,15.633,14.462,15.633,1.171,1.171,0
1787801967.382,shoulder_lift,25.892,25.451,25.892,0.441,0.441,0
1787801967.382,elbow_flex,37.440,42.418,37.440,-4.978,-4.978,0
1787801967.382,wrist_flex,-60.706,-61.187,-60.706,0.481,0.481,0
1787801967.382,wrist_roll,-0.613,-0.308,-0.613,-0.305,-0.305,0
1787801967.382,gripper,35.864,37.509,35.864,-1.644,-1.644,0
1787801967.435,shoulder_pan,15.744,14.725,15.744,1.019,1.019,0
1787801967.435,shoulder_lift,26.844,25.890,26.844,0.954,0.954,0
1787801967.435,elbow_flex,36.507,41.802,36.507,-5.295,-5.295,0
1787801967.435,wrist_flex,-60.503,-60.923,-60.503,0.420,0.420,0
1787801967.435,wrist_roll,-0.624,-0.220,-0.624,-0.404,-0.404,0
1787801967.435,gripper,35.857,37.440,35.857,-1.584,-1.584,0
1787801967.483,shoulder_pan,15.919,14.901,15.919,1.018,1.018,0
1787801967.483,shoulder_lift,28.294,27.121,28.294,1.173,1.173,0
1787801967.483,elbow_flex,35.118,40.923,35.118,-5.805,-5.805,0
1787801967.483,wrist_flex,-60.232,-60.659,-60.232,0.427,0.427,0
1787801967.483,wrist_roll,-0.641,-0.132,-0.641,-0.509,-0.509,0
1787801967.483,gripper,35.862,37.372,35.862,-1.511,-1.511,0
1787801967.533,shoulder_pan,16.001,15.165,16.001,0.836,0.836,0
1787801967.533,shoulder_lift,29.753,28.352,29.753,1.401,1.401,0
1787801967.533,elbow_flex,33.567,40.044,33.567,-6.477,-6.477,0
1787801967.533,wrist_flex,-59.855,-60.396,-59.855,0.541,0.541,0
1787801967.533,wrist_roll,-0.662,-0.132,-0.662,-0.530,-0.530,0
1787801967.533,gripper,35.842,37.372,35.842,-1.531,-1.531,0
1787801967.584,shoulder_pan,16.159,15.253,16.159,0.906,0.906,0
1787801967.584,shoulder_lift,31.072,29.846,31.072,1.225,1.225,0
1787801967.584,elbow_flex,32.270,38.813,32.270,-6.544,-6.544,0
1787801967.584,wrist_flex,-59.562,-60.044,-59.562,0.481,0.481,0
1787801967.584,wrist_roll,-0.681,-0.132,-0.681,-0.549,-0.549,0
1787801967.584,gripper,35.840,37.372,35.840,-1.532,-1.532,0
1787801967.637,shoulder_pan,16.184,15.341,16.184,0.844,0.844,0
1787801967.637,shoulder_lift,32.587,31.253,32.587,1.334,1.334,0
1787801967.637,elbow_flex,30.720,37.407,30.720,-6.687,-6.687,0
1787801967.637,wrist_flex,-59.220,-59.780,-59.220,0.560,0.560,0
1787801967.637,wrist_roll,-0.699,-0.220,-0.699,-0.479,-0.479,0
1787801967.637,gripper,35.836,37.372,35.836,-1.536,-1.536,0
1787801967.683,shoulder_pan,16.207,15.604,16.207,0.602,0.602,0
1787801967.683,shoulder_lift,33.999,32.484,33.999,1.516,1.516,0
1787801967.683,elbow_flex,29.260,36.176,29.260,-6.916,-6.916,0
1787801967.683,wrist_flex,-58.898,-59.429,-58.898,0.530,0.530,0
1787801967.683,wrist_roll,-0.718,-0.220,-0.718,-0.499,-0.499,0
1787801967.683,gripper,35.845,37.372,35.845,-1.528,-1.528,0
1787801967.733,shoulder_pan,16.319,15.604,16.319,0.715,0.715,0
1787801967.733,shoulder_lift,35.473,34.330,35.473,1.144,1.144,0
1787801967.733,elbow_flex,27.697,34.593,27.697,-6.896,-6.896,0
1787801967.733,wrist_flex,-58.522,-59.165,-58.522,0.643,0.643,0
1787801967.733,wrist_roll,-0.740,-0.220,-0.740,-0.520,-0.520,0
1787801967.733,gripper,35.819,37.372,35.819,-1.554,-1.554,0
1787801967.784,shoulder_pan,16.379,15.604,16.379,0.775,0.775,0
1787801967.784,shoulder_lift,36.320,35.560,36.320,0.760,0.760,0
1787801967.784,elbow_flex,26.794,33.011,26.794,-6.217,-6.217,0
1787801967.784,wrist_flex,-58.296,-58.901,-58.296,0.605,0.605,0
1787801967.784,wrist_roll,-0.753,-0.132,-0.753,-0.621,-0.621,0
1787801967.784,gripper,35.830,37.372,35.830,-1.542,-1.542,0
1787801967.833,shoulder_pan,16.566,15.604,16.566,0.962,0.962,0
1787801967.833,shoulder_lift,37.160,36.703,37.160,0.457,0.457,0
1787801967.833,elbow_flex,25.912,31.604,25.912,-5.692,-5.692,0
1787801967.833,wrist_flex,-58.044,-58.637,-58.044,0.594,0.594,0
1787801967.833,wrist_roll,-0.769,-0.220,-0.769,-0.550,-0.550,0
1787801967.833,gripper,35.843,37.372,35.843,-1.530,-1.530,0
1787801967.884,shoulder_pan,16.705,15.604,16.705,1.100,1.100,0
1787801967.884,shoulder_lift,37.833,37.495,37.833,0.339,0.339,0
1787801967.884,elbow_flex,25.169,30.374,25.169,-5.204,-5.204,0
1787801967.884,wrist_flex,-57.851,-58.374,-57.851,0.523,0.523,0
1787801967.884,wrist_roll,-0.786,-0.396,-0.786,-0.390,-0.390,0
1787801967.884,gripper,35.831,37.372,35.831,-1.542,-1.542,0
1787801967.934,shoulder_pan,16.856,15.780,16.856,1.076,1.076,0
1787801967.934,shoulder_lift,38.538,38.198,38.538,0.340,0.340,0
1787801967.934,elbow_flex,24.449,29.231,24.449,-4.782,-4.782,0
1787801967.934,wrist_flex,-57.634,-58.198,-57.634,0.564,0.564,0
1787801967.934,wrist_roll,-0.787,-0.571,-0.787,-0.216,-0.216,0
1787801967.934,gripper,35.814,37.372,35.814,-1.559,-1.559,0
1787801967.985,shoulder_pan,17.080,15.868,17.080,1.212,1.212,0
1787801967.985,shoulder_lift,39.347,38.813,39.347,0.534,0.534,0
1787801967.985,elbow_flex,23.518,28.264,23.518,-4.746,-4.746,0
1787801967.985,wrist_flex,-57.345,-58.022,-57.345,0.677,0.677,0
1787801967.985,wrist_roll,-0.795,-0.571,-0.795,-0.224,-0.224,0
1787801967.985,gripper,35.788,37.372,35.788,-1.584,-1.584,0
1787801968.034,shoulder_pan,17.239,16.044,17.239,1.196,1.196,0
1787801968.034,shoulder_lift,40.051,39.604,40.051,0.447,0.447,0
1787801968.034,elbow_flex,22.743,27.297,22.743,-4.553,-4.553,0
1787801968.034,wrist_flex,-57.081,-57.758,-57.081,0.677,0.677,0
1787801968.034,wrist_roll,-0.798,-0.571,-0.798,-0.226,-0.226,0
1787801968.034,gripper,35.782,37.372,35.782,-1.590,-1.590,0
1787801968.086,shoulder_pan,17.394,16.308,17.394,1.086,1.086,0
1787801968.086,shoulder_lift,40.624,40.484,40.624,0.140,0.140,0
1787801968.086,elbow_flex,22.068,26.242,22.068,-4.174,-4.174,0
1787801968.086,wrist_flex,-56.855,-57.758,-56.855,0.903,0.903,0
1787801968.086,wrist_roll,-0.800,-0.571,-0.800,-0.229,-0.229,0
1787801968.086,gripper,35.771,37.372,35.771,-1.602,-1.602,0
1787801968.134,shoulder_pan,17.502,16.396,17.502,1.107,1.107,0
1787801968.134,shoulder_lift,41.212,40.923,41.212,0.289,0.289,0
1787801968.134,elbow_flex,21.370,25.451,21.370,-4.080,-4.080,0
1787801968.134,wrist_flex,-56.586,-57.495,-56.586,0.908,0.908,0
1787801968.134,wrist_roll,-0.804,-0.571,-0.804,-0.233,-0.233,0
1787801968.134,gripper,35.783,37.372,35.783,-1.590,-1.590,0
1787801968.185,shoulder_pan,17.635,16.571,17.635,1.064,1.064,0
1787801968.185,shoulder_lift,41.658,41.451,41.658,0.207,0.207,0
1787801968.185,elbow_flex,20.852,24.571,20.852,-3.720,-3.720,0
1787801968.185,wrist_flex,-56.393,-57.143,-56.393,0.749,0.749,0
1787801968.185,wrist_roll,-0.803,-0.571,-0.803,-0.232,-0.232,0
1787801968.185,gripper,35.768,37.372,35.768,-1.604,-1.604,0
1787801968.235,shoulder_pan,17.926,16.659,17.926,1.267,1.267,0
1787801968.235,shoulder_lift,42.251,41.978,42.251,0.273,0.273,0
1787801968.235,elbow_flex,20.215,23.780,20.215,-3.565,-3.565,0
1787801968.235,wrist_flex,-56.099,-57.143,-56.099,1.044,1.044,0
1787801968.235,wrist_roll,-0.803,-0.571,-0.803,-0.232,-0.232,0
1787801968.235,gripper,35.731,37.372,35.731,-1.641,-1.641,0
1787801968.285,shoulder_pan,18.149,16.835,18.149,1.314,1.314,0
1787801968.285,shoulder_lift,42.758,42.505,42.758,0.252,0.252,0
1787801968.285,elbow_flex,19.631,22.989,19.631,-3.358,-3.358,0
1787801968.285,wrist_flex,-55.853,-56.967,-55.853,1.114,1.114,0
1787801968.285,wrist_roll,-0.802,-0.571,-0.802,-0.230,-0.230,0
1787801968.285,gripper,35.728,37.372,35.728,-1.644,-1.644,0
1787801968.334,shoulder_pan,18.514,17.011,18.514,1.503,1.503,0
1787801968.334,shoulder_lift,43.538,42.945,43.538,0.593,0.593,0
1787801968.334,elbow_flex,18.800,22.286,18.800,-3.486,-3.486,0
1787801968.334,wrist_flex,-55.478,-56.703,-55.478,1.225,1.225,0
1787801968.334,wrist_roll,-0.800,-0.747,-0.800,-0.053,-0.053,0
1787801968.334,gripper,35.665,37.372,35.665,-1.707,-1.707,0
1787801968.386,shoulder_pan,18.729,17.275,18.729,1.455,1.455,0
1787801968.386,shoulder_lift,43.964,43.473,43.964,0.492,0.492,0
1787801968.386,elbow_flex,18.318,21.495,18.318,-3.177,-3.177,0
1787801968.386,wrist_flex,-55.253,-56.440,-55.253,1.186,1.186,0
1787801968.386,wrist_roll,-0.797,-0.747,-0.797,-0.050,-0.050,0
1787801968.386,gripper,35.660,37.372,35.660,-1.712,-1.712,0
1787801968.434,shoulder_pan,19.095,17.538,19.095,1.556,1.556,0
1787801968.434,shoulder_lift,44.565,44.264,44.565,0.302,0.302,0
1787801968.434,elbow_flex,17.686,20.615,17.686,-2.930,-2.930,0
1787801968.434,wrist_flex,-54.953,-56.264,-54.953,1.311,1.311,0
1787801968.434,wrist_roll,-0.794,-0.747,-0.794,-0.047,-0.047,0
1787801968.434,gripper,35.631,37.372,35.631,-1.741,-1.741,0
1787801968.484,shoulder_pan,19.323,17.802,19.323,1.520,1.520,0
1787801968.484,shoulder_lift,45.096,44.703,45.096,0.392,0.392,0
1787801968.484,elbow_flex,17.092,19.912,17.092,-2.821,-2.821,0
1787801968.484,wrist_flex,-54.650,-56.088,-54.650,1.438,1.438,0
1787801968.484,wrist_roll,-0.792,-0.747,-0.792,-0.045,-0.045,0
1787801968.484,gripper,35.611,37.372,35.611,-1.761,-1.761,0
1787801968.535,shoulder_pan,19.771,18.066,19.771,1.705,1.705,0
1787801968.535,shoulder_lift,45.969,45.231,45.969,0.738,0.738,0
1787801968.535,elbow_flex,16.098,19.121,16.098,-3.023,-3.023,0
1787801968.535,wrist_flex,-54.200,-55.824,-54.200,1.624,1.624,0
1787801968.535,wrist_roll,-0.786,-0.747,-0.786,-0.039,-0.039,0
1787801968.535,gripper,35.569,37.372,35.569,-1.803,-1.803,0
1787801968.585,shoulder_pan,20.006,18.330,20.006,1.676,1.676,0
1787801968.585,shoulder_lift,46.476,45.758,46.476,0.718,0.718,0
1787801968.585,elbow_flex,15.541,18.418,15.541,-2.876,-2.876,0
1787801968.585,wrist_flex,-53.904,-55.560,-53.904,1.657,1.657,0
1787801968.585,wrist_roll,-0.785,-0.659,-0.785,-0.126,-0.126,0
1787801968.585,gripper,35.543,37.372,35.543,-1.830,-1.830,0
1787801968.636,shoulder_pan,20.437,18.593,20.437,1.843,1.843,0
1787801968.636,shoulder_lift,47.236,46.462,47.236,0.774,0.774,0
1787801968.636,elbow_flex,14.705,17.538,14.705,-2.833,-2.833,0
1787801968.636,wrist_flex,-53.509,-55.297,-53.509,1.787,1.787,0
1787801968.636,wrist_roll,-0.779,-0.571,-0.779,-0.208,-0.208,0
1787801968.636,gripper,35.504,37.372,35.504,-1.868,-1.868,0
1787801968.686,shoulder_pan,20.947,18.857,20.947,2.089,2.089,0
1787801968.686,shoulder_lift,47.891,47.077,47.891,0.814,0.814,0
1787801968.686,elbow_flex,14.107,16.747,14.107,-2.640,-2.640,0
1787801968.686,wrist_flex,-53.212,-55.033,-53.212,1.821,1.821,0
1787801968.686,wrist_roll,-0.782,-0.571,-0.782,-0.211,-0.211,0
1787801968.686,gripper,35.436,37.372,35.436,-1.937,-1.937,0
1787801968.735,shoulder_pan,21.299,19.121,21.299,2.178,2.178,0
1787801968.735,shoulder_lift,48.532,47.692,48.532,0.839,0.839,0
1787801968.735,elbow_flex,13.439,15.956,13.439,-2.517,-2.517,0
1787801968.735,wrist_flex,-52.911,-54.769,-52.911,1.858,1.858,0
1787801968.735,wrist_roll,-0.781,-0.484,-0.781,-0.297,-0.297,0
1787801968.735,gripper,35.389,37.372,35.389,-1.983,-1.983,0
1787801968.786,shoulder_pan,21.575,19.297,21.575,2.278,2.278,0
1787801968.786,shoulder_lift,49.004,48.044,49.004,0.960,0.960,0
1787801968.786,elbow_flex,12.914,15.341,12.914,-2.427,-2.427,0
1787801968.786,wrist_flex,-52.613,-54.330,-52.613,1.717,1.717,0
1787801968.786,wrist_roll,-0.777,-0.396,-0.777,-0.381,-0.381,0
1787801968.786,gripper,35.374,37.236,35.374,-1.863,-1.863,0
1787801968.835,shoulder_pan,21.807,19.560,21.807,2.247,2.247,0
1787801968.835,shoulder_lift,49.452,48.396,49.452,1.056,1.056,0
1787801968.835,elbow_flex,12.426,14.725,12.426,-2.299,-2.299,0
1787801968.835,wrist_flex,-52.362,-53.978,-52.362,1.616,1.616,0
1787801968.835,wrist_roll,-0.774,-0.396,-0.774,-0.378,-0.378,0
1787801968.835,gripper,35.351,37.100,35.351,-1.749,-1.749,0
1787801968.884,shoulder_pan,22.081,19.912,22.081,2.169,2.169,0
1787801968.884,shoulder_lift,49.905,48.747,49.905,1.158,1.158,0
1787801968.884,elbow_flex,12.008,13.670,12.008,-1.662,-1.662,0
1787801968.884,wrist_flex,-52.159,-53.626,-52.159,1.467,1.467,0
1787801968.884,wrist_roll,-0.769,-0.396,-0.769,-0.373,-0.373,0
1787801968.884,gripper,35.316,37.032,35.316,-1.716,-1.716,0
1787801968.934,shoulder_pan,22.419,20.264,22.419,2.155,2.155,0
1787801968.934,shoulder_lift,50.451,49.011,50.451,1.440,1.440,0
1787801968.934,elbow_flex,11.437,13.319,11.437,-1.882,-1.882,0
1787801968.934,wrist_flex,-51.879,-53.363,-51.879,1.483,1.483,0
1787801968.934,wrist_roll,-0.772,-0.571,-0.772,-0.200,-0.200,0
1787801968.934,gripper,35.256,37.032,35.256,-1.776,-1.776,0
1787801968.986,shoulder_pan,22.568,20.352,22.568,2.217,2.217,0
1787801968.986,shoulder_lift,50.936,49.538,50.936,1.397,1.397,0
1787801968.986,elbow_flex,10.901,12.967,10.901,-2.066,-2.066,0
1787801968.986,wrist_flex,-51.646,-53.099,-51.646,1.453,1.453,0
1787801968.986,wrist_roll,-0.772,-0.484,-0.772,-0.289,-0.289,0
1787801968.986,gripper,35.233,37.032,35.233,-1.799,-1.799,0
1787801969.036,shoulder_pan,22.874,20.352,22.874,2.523,2.523,0
1787801969.036,shoulder_lift,51.423,49.626,51.423,1.796,1.796,0
1787801969.036,elbow_flex,10.453,12.791,10.453,-2.338,-2.338,0
1787801969.036,wrist_flex,-51.428,-53.011,-51.428,1.583,1.583,0
1787801969.036,wrist_roll,-0.766,-0.484,-0.766,-0.283,-0.283,0
1787801969.036,gripper,35.193,37.032,35.193,-1.839,-1.839,0
1787801969.086,shoulder_pan,23.157,20.352,23.157,2.806,2.806,0
1787801969.086,shoulder_lift,51.836,49.978,51.836,1.858,1.858,0
1787801969.086,elbow_flex,10.017,12.615,10.017,-2.599,-2.599,0
1787801969.086,wrist_flex,-51.220,-52.747,-51.220,1.527,1.527,0
1787801969.086,wrist_roll,-0.762,-0.484,-0.762,-0.279,-0.279,0
1787801969.086,gripper,35.166,37.032,35.166,-1.866,-1.866,0
1787801969.135,shoulder_pan,23.472,20.440,23.472,3.033,3.033,0
1787801969.135,shoulder_lift,52.275,49.978,52.275,2.297,2.297,0
1787801969.135,elbow_flex,9.573,12.527,9.573,-2.955,-2.955,0
1787801969.135,wrist_flex,-51.004,-52.484,-51.004,1.480,1.480,0
1787801969.135,wrist_roll,-0.753,-0.484,-0.753,-0.270,-0.270,0
1787801969.135,gripper,35.130,37.032,35.130,-1.902,-1.902,0
1787801969.187,shoulder_pan,23.634,20.615,23.634,3.019,3.019,0
1787801969.187,shoulder_lift,52.517,50.330,52.517,2.187,2.187,0
1787801969.187,elbow_flex,9.338,11.473,9.338,-2.135,-2.135,0
1787801969.187,wrist_flex,-50.879,-52.308,-50.879,1.428,1.428,0
1787801969.187,wrist_roll,-0.746,-0.484,-0.746,-0.262,-0.262,0
1787801969.187,gripper,35.113,37.032,35.113,-1.919,-1.919,0
1787801969.235,shoulder_pan,23.827,21.231,23.827,2.596,2.596,0
1787801969.235,shoulder_lift,52.807,50.945,52.807,1.862,1.862,0
1787801969.235,elbow_flex,9.045,10.505,9.045,-1.460,-1.460,0
1787801969.235,wrist_flex,-50.758,-52.132,-50.758,1.374,1.374,0
1787801969.235,wrist_roll,-0.734,-0.659,-0.734,-0.075,-0.075,0
1787801969.235,gripper,35.090,37.032,35.090,-1.942,-1.942,0
1787801969.287,shoulder_pan,24.048,21.670,24.048,2.378,2.378,0
1787801969.287,shoulder_lift,53.109,51.473,53.109,1.637,1.637,0
1787801969.287,elbow_flex,8.766,9.802,8.766,-1.036,-1.036,0
1787801969.287,wrist_flex,-50.635,-51.956,-50.635,1.321,1.321,0
1787801969.287,wrist_roll,-0.720,-0.659,-0.720,-0.060,-0.060,0
1787801969.287,gripper,35.064,37.032,35.064,-1.968,-1.968,0
1787801969.336,shoulder_pan,24.098,21.758,24.098,2.340,2.340,0
1787801969.336,shoulder_lift,53.198,51.824,53.198,1.373,1.373,0
1787801969.336,elbow_flex,8.715,9.275,8.715,-0.559,-0.559,0
1787801969.336,wrist_flex,-50.617,-51.956,-50.617,1.339,1.339,0
1787801969.336,wrist_roll,-0.711,-0.659,-0.711,-0.052,-0.052,0
1787801969.336,gripper,35.047,37.032,35.047,-1.985,-1.985,0
1787801969.387,shoulder_pan,24.300,21.846,24.300,2.454,2.454,0
1787801969.387,shoulder_lift,53.492,52.000,53.492,1.492,1.492,0
1787801969.387,elbow_flex,8.432,9.011,8.432,-0.579,-0.579,0
1787801969.387,wrist_flex,-50.514,-51.780,-50.514,1.266,1.266,0
1787801969.387,wrist_roll,-0.692,-0.659,-0.692,-0.033,-0.033,0
1787801969.387,gripper,35.021,36.964,35.021,-1.943,-1.943,0
1787801969.446,shoulder_pan,21.168,21.846,21.168,-0.678,-0.678,0
1787801969.446,shoulder_lift,53.711,52.176,53.711,1.536,1.536,0
1787801969.446,elbow_flex,6.006,8.747,6.006,-2.741,-2.741,0
1787801969.446,wrist_flex,-49.454,-51.780,-49.454,2.326,2.326,0
1787801969.446,wrist_roll,-0.896,-0.484,-0.896,-0.413,-0.413,0
1787801969.446,gripper,35.836,36.964,35.836,-1.127,-1.127,0
1787801969.485,shoulder_pan,21.335,21.846,21.335,-0.511,-0.511,0
1787801969.485,shoulder_lift,53.841,52.264,53.841,1.578,1.578,0
1787801969.485,elbow_flex,5.764,8.396,5.764,-2.632,-2.632,0
1787801969.485,wrist_flex,-49.359,-51.604,-49.359,2.246,2.246,0
1787801969.485,wrist_roll,-0.899,-0.484,-0.899,-0.416,-0.416,0
1787801969.485,gripper,35.847,36.964,35.847,-1.117,-1.117,0
1787801969.537,shoulder_pan,21.531,21.758,21.531,-0.227,-0.227,0
1787801969.537,shoulder_lift,54.046,52.967,54.046,1.079,1.079,0
1787801969.537,elbow_flex,5.437,7.165,5.437,-1.728,-1.728,0
1787801969.537,wrist_flex,-49.219,-51.165,-49.219,1.945,1.945,0
1787801969.537,wrist_roll,-0.910,-0.396,-0.910,-0.514,-0.514,0
1787801969.537,gripper,35.862,36.964,35.862,-1.102,-1.102,0
1787801969.588,shoulder_pan,21.747,21.670,21.747,0.077,0.077,0
1787801969.588,shoulder_lift,54.304,52.967,54.304,1.337,1.337,0
1787801969.588,elbow_flex,5.006,6.637,5.006,-1.631,-1.631,0
1787801969.588,wrist_flex,-49.001,-50.637,-49.001,1.636,1.636,0
1787801969.588,wrist_roll,-0.917,-0.484,-0.917,-0.433,-0.433,0
1787801969.588,gripper,35.876,36.964,35.876,-1.088,-1.088,0
1787801969.637,shoulder_pan,21.912,21.670,21.912,0.242,0.242,0
1787801969.637,shoulder_lift,54.611,53.055,54.611,1.556,1.556,0
1787801969.637,elbow_flex,4.521,6.286,4.521,-1.765,-1.765,0
1787801969.637,wrist_flex,-48.799,-50.374,-48.799,1.575,1.575,0
1787801969.637,wrist_roll,-0.926,-0.571,-0.926,-0.354,-0.354,0
1787801969.637,gripper,35.900,36.964,35.900,-1.064,-1.064,0
1787801969.687,shoulder_pan,22.188,21.670,22.188,0.518,0.518,0
1787801969.687,shoulder_lift,54.956,53.407,54.956,1.549,1.549,0
1787801969.687,elbow_flex,3.972,5.758,3.972,-1.786,-1.786,0
1787801969.687,wrist_flex,-48.490,-50.198,-48.490,1.708,1.708,0
1787801969.687,wrist_roll,-0.938,-0.571,-0.938,-0.367,-0.367,0
1787801969.687,gripper,35.914,36.964,35.914,-1.050,-1.050,0
1787801969.737,shoulder_pan,22.416,21.582,22.416,0.834,0.834,0
1787801969.737,shoulder_lift,55.311,54.022,55.311,1.289,1.289,0
1787801969.737,elbow_flex,3.415,5.231,3.415,-1.816,-1.816,0
1787801969.737,wrist_flex,-48.207,-50.198,-48.207,1.990,1.990,0
1787801969.737,wrist_roll,-0.949,-0.571,-0.949,-0.378,-0.378,0
1787801969.737,gripper,35.913,36.964,35.913,-1.051,-1.051,0
1787801969.787,shoulder_pan,22.624,21.582,22.624,1.042,1.042,0
1787801969.787,shoulder_lift,55.615,54.549,55.615,1.066,1.066,0
1787801969.787,elbow_flex,2.915,4.703,2.915,-1.789,-1.789,0
1787801969.787,wrist_flex,-47.946,-50.022,-47.946,2.075,2.075,0
1787801969.787,wrist_roll,-0.960,-0.571,-0.960,-0.388,-0.388,0
1787801969.787,gripper,35.928,36.964,35.928,-1.036,-1.036,0
1787801969.837,shoulder_pan,22.923,21.582,22.923,1.340,1.340,0
1787801969.837,shoulder_lift,56.025,54.901,56.025,1.124,1.124,0
1787801969.837,elbow_flex,2.343,4.352,2.343,-2.009,-2.009,0
1787801969.837,wrist_flex,-47.653,-50.022,-47.653,2.369,2.369,0
1787801969.837,wrist_roll,-0.971,-0.571,-0.971,-0.400,-0.400,0
1787801969.837,gripper,35.938,36.964,35.938,-1.026,-1.026,0
1787801969.885,shoulder_pan,23.163,21.758,23.163,1.405,1.405,0
1787801969.885,shoulder_lift,56.243,55.077,56.243,1.166,1.166,0
1787801969.885,elbow_flex,2.063,4.088,2.063,-2.025,-2.025,0
1787801969.885,wrist_flex,-47.478,-49.934,-47.478,2.457,2.457,0
1787801969.885,wrist_roll,-0.981,-0.571,-0.981,-0.410,-0.410,0
1787801969.885,gripper,35.949,36.964,35.949,-1.015,-1.015,0
1787801969.936,shoulder_pan,23.456,21.758,23.456,1.698,1.698,0
1787801969.936,shoulder_lift,56.521,55.165,56.521,1.356,1.356,0
1787801969.936,elbow_flex,1.739,3.824,1.739,-2.085,-2.085,0
1787801969.936,wrist_flex,-47.292,-49.582,-47.292,2.290,2.290,0
1787801969.936,wrist_roll,-0.990,-0.571,-0.990,-0.419,-0.419,0
1787801969.936,gripper,35.956,36.964,35.956,-1.008,-1.008,0
1787801969.988,shoulder_pan,23.720,21.846,23.720,1.874,1.874,0
1787801969.988,shoulder_lift,56.746,55.341,56.746,1.405,1.405,0
1787801969.988,elbow_flex,1.443,3.736,1.443,-2.293,-2.293,0
1787801969.988,wrist_flex,-47.150,-49.407,-47.150,2.257,2.257,0
1787801969.988,wrist_roll,-1.000,-0.571,-1.000,-0.428,-0.428,0
1787801969.988,gripper,35.973,36.964,35.973,-0.991,-0.991,0
1787801970.037,shoulder_pan,23.997,21.846,23.997,2.151,2.151,0
1787801970.037,shoulder_lift,56.977,55.429,56.977,1.549,1.549,0
1787801970.037,elbow_flex,1.192,3.560,1.192,-2.369,-2.369,0
1787801970.037,wrist_flex,-47.014,-49.407,-47.014,2.393,2.393,0
1787801970.037,wrist_roll,-1.010,-0.571,-1.010,-0.438,-0.438,0
1787801970.037,gripper,35.989,36.964,35.989,-0.975,-0.975,0
1787801970.087,shoulder_pan,24.234,21.846,24.234,2.388,2.388,0
1787801970.087,shoulder_lift,57.204,55.429,57.204,1.775,1.775,0
1787801970.087,elbow_flex,0.865,3.385,0.865,-2.520,-2.520,0
1787801970.087,wrist_flex,-46.850,-49.407,-46.850,2.557,2.557,0
1787801970.087,wrist_roll,-1.018,-0.571,-1.018,-0.447,-0.447,0
1787801970.087,gripper,36.002,36.964,36.002,-0.962,-0.962,0
1787801970.137,shoulder_pan,24.515,21.934,24.515,2.581,2.581,0
1787801970.137,shoulder_lift,57.373,55.429,57.373,1.944,1.944,0
1787801970.137,elbow_flex,0.672,3.385,0.672,-2.712,-2.712,0
1787801970.137,wrist_flex,-46.723,-49.231,-46.723,2.508,2.508,0
1787801970.137,wrist_roll,-1.034,-0.571,-1.034,-0.462,-0.462,0
1787801970.137,gripper,36.023,36.964,36.023,-0.941,-0.941,0
1787801970.188,shoulder_pan,24.724,22.110,24.724,2.614,2.614,0
1787801970.188,shoulder_lift,57.550,55.429,57.550,2.121,2.121,0
1787801970.188,elbow_flex,0.432,3.209,0.432,-2.777,-2.777,0
1787801970.188,wrist_flex,-46.574,-48.879,-46.574,2.305,2.305,0
1787801970.188,wrist_roll,-1.035,-0.571,-1.035,-0.464,-0.464,0
1787801970.188,gripper,36.031,36.964,36.031,-0.933,-0.933,0
1787801970.239,shoulder_pan,24.963,22.286,24.963,2.677,2.677,0
1787801970.239,shoulder_lift,57.739,55.429,57.739,2.310,2.310,0
1787801970.239,elbow_flex,0.164,2.242,0.164,-2.078,-2.078,0
1787801970.239,wrist_flex,-46.457,-48.440,-46.457,1.983,1.983,0
1787801970.239,wrist_roll,-1.046,-0.571,-1.046,-0.475,-0.475,0
1787801970.239,gripper,36.039,36.964,36.039,-0.925,-0.925,0
1787801970.287,shoulder_pan,25.168,22.637,25.168,2.531,2.531,0
1787801970.287,shoulder_lift,57.858,55.956,57.858,1.902,1.902,0
1787801970.287,elbow_flex,-0.043,1.363,-0.043,-1.406,-1.406,0
1787801970.287,wrist_flex,-46.319,-48.000,-46.319,1.681,1.681,0
1787801970.287,wrist_roll,-1.050,-0.571,-1.050,-0.479,-0.479,0
1787801970.287,gripper,36.046,36.964,36.046,-0.918,-0.918,0
1787801970.339,shoulder_pan,25.386,22.901,25.386,2.485,2.485,0
1787801970.339,shoulder_lift,58.031,56.396,58.031,1.635,1.635,0
1787801970.339,elbow_flex,-0.308,0.747,-0.308,-1.055,-1.055,0
1787801970.339,wrist_flex,-46.197,-47.824,-46.197,1.627,1.627,0
1787801970.339,wrist_roll,-1.060,-0.571,-1.060,-0.488,-0.488,0
1787801970.339,gripper,36.057,36.964,36.057,-0.907,-0.907,0
1787801970.387,shoulder_pan,25.532,23.077,25.532,2.455,2.455,0
1787801970.387,shoulder_lift,58.175,56.659,58.175,1.516,1.516,0
1787801970.387,elbow_flex,-0.570,0.220,-0.570,-0.790,-0.790,0
1787801970.387,wrist_flex,-46.041,-47.736,-46.041,1.695,1.695,0
1787801970.387,wrist_roll,-1.064,-0.571,-1.064,-0.493,-0.493,0
1787801970.387,gripper,36.053,36.964,36.053,-0.911,-0.911,0
1787801970.439,shoulder_pan,25.737,23.077,25.737,2.660,2.660,0
1787801970.439,shoulder_lift,58.316,56.923,58.316,1.393,1.393,0
1787801970.439,elbow_flex,-0.796,-0.220,-0.796,-0.576,-0.576,0
1787801970.439,wrist_flex,-45.882,-47.736,-45.882,1.854,1.854,0
1787801970.439,wrist_roll,-1.067,-0.571,-1.067,-0.496,-0.496,0
1787801970.439,gripper,36.052,36.964,36.052,-0.912,-0.912,0
1787801970.487,shoulder_pan,25.885,23.253,25.885,2.632,2.632,0
1787801970.487,shoulder_lift,58.476,57.011,58.476,1.465,1.465,0
1787801970.487,elbow_flex,-1.085,-0.484,-1.085,-0.601,-0.601,0
1787801970.487,wrist_flex,-45.752,-47.736,-45.752,1.984,1.984,0
1787801970.487,wrist_roll,-1.070,-0.571,-1.070,-0.498,-0.498,0
1787801970.487,gripper,36.040,36.964,36.040,-0.924,-0.924,0
1787801970.539,shoulder_pan,26.032,23.429,26.032,2.604,2.604,0
1787801970.539,shoulder_lift,58.636,57.099,58.636,1.537,1.537,0
1787801970.539,elbow_flex,-1.360,-0.835,-1.360,-0.525,-0.525,0
1787801970.539,wrist_flex,-45.612,-47.736,-45.612,2.125,2.125,0
1787801970.539,wrist_roll,-1.072,-0.571,-1.072,-0.501,-0.501,0
1787801970.539,gripper,36.026,36.964,36.026,-0.938,-0.938,0
1787801970.587,shoulder_pan,26.174,23.429,26.174,2.746,2.746,0
1787801970.587,shoulder_lift,58.828,57.363,58.828,1.466,1.466,0
1787801970.587,elbow_flex,-1.733,-1.099,-1.733,-0.634,-0.634,0
1787801970.587,wrist_flex,-45.424,-47.560,-45.424,2.136,2.136,0
1787801970.587,wrist_roll,-1.074,-0.571,-1.074,-0.502,-0.502,0
1787801970.587,gripper,36.023,36.964,36.023,-0.941,-0.941,0
1787801970.639,shoulder_pan,26.278,23.516,26.278,2.762,2.762,0
1787801970.639,shoulder_lift,58.971,57.451,58.971,1.521,1.521,0
1787801970.639,elbow_flex,-1.977,-1.451,-1.977,-0.526,-0.526,0
1787801970.639,wrist_flex,-45.303,-47.297,-45.303,1.994,1.994,0
1787801970.639,wrist_roll,-1.074,-0.571,-1.074,-0.503,-0.503,0
1787801970.639,gripper,36.005,36.964,36.005,-0.959,-0.959,0
1787801970.688,shoulder_pan,26.402,23.780,26.402,2.622,2.622,0
1787801970.688,shoulder_lift,59.245,57.538,59.245,1.706,1.706,0
1787801970.688,elbow_flex,-2.512,-1.802,-2.512,-0.710,-0.710,0
1787801970.688,wrist_flex,-45.072,-47.033,-45.072,1.961,1.961,0
1787801970.688,wrist_roll,-1.073,-0.571,-1.073,-0.502,-0.502,0
1787801970.688,gripper,35.991,36.964,35.991,-0.973,-0.973,0
1787801970.739,shoulder_pan,26.571,23.780,26.571,2.791,2.791,0
1787801970.739,shoulder_lift,59.421,57.714,59.421,1.707,1.707,0
1787801970.739,elbow_flex,-2.868,-2.066,-2.868,-0.802,-0.802,0
1787801970.739,wrist_flex,-44.881,-46.857,-44.881,1.976,1.976,0
1787801970.739,wrist_roll,-1.069,-0.571,-1.069,-0.498,-0.498,0
1787801970.739,gripper,35.973,36.964,35.973,-0.991,-0.991,0
1787801970.789,shoulder_pan,26.655,23.868,26.655,2.787,2.787,0
1787801970.789,shoulder_lift,59.530,57.978,59.530,1.552,1.552,0
1787801970.789,elbow_flex,-3.098,-2.505,-3.098,-0.593,-0.593,0
1787801970.789,wrist_flex,-44.797,-46.681,-44.797,1.885,1.885,0
1787801970.789,wrist_roll,-1.072,-0.571,-1.072,-0.501,-0.501,0
1787801970.789,gripper,35.958,36.964,35.958,-1.006,-1.006,0
1787801970.838,shoulder_pan,26.759,24.044,26.759,2.715,2.715,0
1787801970.838,shoulder_lift,59.678,58.154,59.678,1.525,1.525,0
1787801970.838,elbow_flex,-3.454,-2.857,-3.454,-0.597,-0.597,0
1787801970.838,wrist_flex,-44.654,-46.593,-44.654,1.939,1.939,0
1787801970.838,wrist_roll,-1.069,-0.571,-1.069,-0.497,-0.497,0
1787801970.838,gripper,35.933,36.964,35.933,-1.031,-1.031,0
1787801970.890,shoulder_pan,26.841,24.044,26.841,2.797,2.797,0
1787801970.890,shoulder_lift,59.805,58.330,59.805,1.476,1.476,0
1787801970.890,elbow_flex,-3.716,-3.209,-3.716,-0.507,-0.507,0
1787801970.890,wrist_flex,-44.543,-46.418,-44.543,1.875,1.875,0
1787801970.890,wrist_roll,-1.070,-0.571,-1.070,-0.499,-0.499,0
1787801970.890,gripper,35.918,36.964,35.918,-1.046,-1.046,0
1787801970.938,shoulder_pan,26.931,24.132,26.931,2.799,2.799,0
1787801970.938,shoulder_lift,60.024,58.505,60.024,1.518,1.518,0
1787801970.938,elbow_flex,-4.201,-3.473,-4.201,-0.728,-0.728,0
1787801970.938,wrist_flex,-44.351,-46.242,-44.351,1.891,1.891,0
1787801970.938,wrist_roll,-1.068,-0.571,-1.068,-0.497,-0.497,0
1787801970.938,gripper,35.888,36.964,35.888,-1.076,-1.076,0
1787801970.989,shoulder_pan,27.013,24.132,27.013,2.881,2.881,0
1787801970.989,shoulder_lift,60.226,58.593,60.226,1.633,1.633,0
1787801970.989,elbow_flex,-4.639,-3.912,-4.639,-0.727,-0.727,0
1787801970.989,wrist_flex,-44.188,-46.066,-44.188,1.878,1.878,0
1787801970.989,wrist_roll,-1.068,-0.571,-1.068,-0.496,-0.496,0
1787801970.989,gripper,35.858,36.964,35.858,-1.106,-1.106,0
1787801971.039,shoulder_pan,27.120,24.308,27.120,2.812,2.812,0
1787801971.039,shoulder_lift,60.362,58.769,60.362,1.593,1.593,0
1787801971.039,elbow_flex,-5.006,-4.264,-5.006,-0.742,-0.742,0
1787801971.039,wrist_flex,-44.072,-45.890,-44.072,1.818,1.818,0
1787801971.039,wrist_roll,-1.066,-0.571,-1.066,-0.495,-0.495,0
1787801971.039,gripper,35.837,36.964,35.837,-1.127,-1.127,0
1787801971.089,shoulder_pan,27.175,24.484,27.175,2.691,2.691,0
1787801971.089,shoulder_lift,60.550,59.209,60.550,1.341,1.341,0
1787801971.089,elbow_flex,-5.397,-4.703,-5.397,-0.694,-0.694,0
1787801971.089,wrist_flex,-43.918,-45.890,-43.918,1.973,1.973,0
1787801971.089,wrist_roll,-1.062,-0.571,-1.062,-0.491,-0.491,0
1787801971.089,gripper,35.819,36.964,35.819,-1.144,-1.144,0
1787801971.140,shoulder_pan,27.254,24.747,27.254,2.506,2.506,0
1787801971.140,shoulder_lift,60.764,59.473,60.764,1.291,1.291,0
1787801971.140,elbow_flex,-5.933,-5.143,-5.933,-0.791,-0.791,0
1787801971.140,wrist_flex,-43.710,-45.802,-43.710,2.093,2.093,0
1787801971.140,wrist_roll,-1.061,-0.571,-1.061,-0.489,-0.489,0
1787801971.140,gripper,35.784,36.964,35.784,-1.180,-1.180,0
1787801971.189,shoulder_pan,27.283,24.923,27.283,2.360,2.360,0
1787801971.189,shoulder_lift,60.912,59.560,60.912,1.351,1.351,0
1787801971.189,elbow_flex,-6.293,-5.582,-6.293,-0.710,-0.710,0
1787801971.189,wrist_flex,-43.593,-45.626,-43.593,2.033,2.033,0
1787801971.189,wrist_roll,-1.062,-0.571,-1.062,-0.491,-0.491,0
1787801971.189,gripper,35.771,36.964,35.771,-1.193,-1.193,0
1787801971.240,shoulder_pan,27.334,25.011,27.334,2.323,2.323,0
1787801971.240,shoulder_lift,61.062,59.736,61.062,1.326,1.326,0
1787801971.240,elbow_flex,-6.672,-6.022,-6.672,-0.650,-0.650,0
1787801971.240,wrist_flex,-43.460,-45.363,-43.460,1.903,1.903,0
1787801971.240,wrist_roll,-1.061,-0.571,-1.061,-0.489,-0.489,0
1787801971.240,gripper,35.728,36.964,35.728,-1.236,-1.236,0
1787801971.290,shoulder_pan,27.369,25.187,27.369,2.183,2.183,0
1787801971.290,shoulder_lift,61.285,59.912,61.285,1.373,1.373,0
1787801971.290,elbow_flex,-7.207,-6.374,-7.207,-0.833,-0.833,0
1787801971.290,wrist_flex,-43.230,-45.275,-43.230,2.044,2.044,0
1787801971.290,wrist_roll,-1.059,-0.571,-1.059,-0.488,-0.488,0
1787801971.290,gripper,35.709,36.964,35.709,-1.255,-1.255,0
1787801971.339,shoulder_pan,27.404,25.187,27.404,2.217,2.217,0
1787801971.339,shoulder_lift,61.480,60.088,61.480,1.392,1.392,0
1787801971.339,elbow_flex,-7.675,-6.813,-7.675,-0.862,-0.862,0
1787801971.339,wrist_flex,-43.016,-45.099,-43.016,2.083,2.083,0
1787801971.339,wrist_roll,-1.050,-0.571,-1.050,-0.479,-0.479,0
1787801971.339,gripper,35.701,36.964,35.701,-1.263,-1.263,0
1787801971.390,shoulder_pan,27.417,25.275,27.417,2.142,2.142,0
1787801971.390,shoulder_lift,61.585,60.176,61.585,1.409,1.409,0
1787801971.390,elbow_flex,-7.945,-7.253,-7.945,-0.692,-0.692,0
1787801971.390,wrist_flex,-42.903,-44.835,-42.903,1.932,1.932,0
1787801971.390,wrist_roll,-1.052,-0.571,-1.052,-0.480,-0.480,0
1787801971.390,gripper,35.688,36.964,35.688,-1.276,-1.276,0
1787801971.440,shoulder_pan,27.439,25.363,27.439,2.076,2.076,0
1787801971.440,shoulder_lift,61.788,60.176,61.788,1.612,1.612,0
1787801971.440,elbow_flex,-8.428,-7.604,-8.428,-0.824,-0.824,0
1787801971.440,wrist_flex,-42.678,-44.747,-42.678,2.069,2.069,0
1787801971.440,wrist_roll,-1.049,-0.571,-1.049,-0.477,-0.477,0
1787801971.440,gripper,35.663,36.964,35.663,-1.300,-1.300,0
1787801971.489,shoulder_pan,27.461,25.363,27.461,2.098,2.098,0
1787801971.489,shoulder_lift,61.899,60.264,61.899,1.635,1.635,0
1787801971.489,elbow_flex,-8.708,-7.868,-8.708,-0.839,-0.839,0
1787801971.489,wrist_flex,-42.546,-44.484,-42.546,1.938,1.938,0
1787801971.489,wrist_roll,-1.043,-0.571,-1.043,-0.471,-0.471,0
1787801971.489,gripper,35.650,36.964,35.650,-1.314,-1.314,0
1787801971.540,shoulder_pan,27.493,25.363,27.493,2.130,2.130,0
1787801971.540,shoulder_lift,62.127,60.440,62.127,1.688,1.688,0
1787801971.540,elbow_flex,-9.250,-8.220,-9.250,-1.030,-1.030,0
1787801971.540,wrist_flex,-42.247,-44.220,-42.247,1.973,1.973,0
1787801971.540,wrist_roll,-1.041,-0.571,-1.041,-0.470,-0.470,0
1787801971.540,gripper,35.638,36.964,35.638,-1.326,-1.326,0
1787801971.590,shoulder_pan,27.487,25.363,27.487,2.124,2.124,0
1787801971.590,shoulder_lift,62.188,60.967,62.188,1.221,1.221,0
1787801971.590,elbow_flex,-9.426,-8.571,-9.426,-0.855,-0.855,0
1787801971.590,wrist_flex,-42.163,-43.956,-42.163,1.793,1.793,0
1787801971.590,wrist_roll,-1.031,-0.571,-1.031,-0.459,-0.459,0
1787801971.590,gripper,35.621,36.964,35.621,-1.343,-1.343,0
1787801971.638,shoulder_pan,27.506,25.363,27.506,2.143,2.143,0
1787801971.638,shoulder_lift,62.428,61.143,62.428,1.285,1.285,0
1787801971.638,elbow_flex,-9.943,-8.923,-9.943,-1.020,-1.020,0
1787801971.638,wrist_flex,-41.887,-43.780,-41.887,1.893,1.893,0
1787801971.638,wrist_roll,-1.023,-0.571,-1.023,-0.452,-0.452,0
1787801971.638,gripper,35.616,36.964,35.616,-1.348,-1.348,0
1787801971.690,shoulder_pan,27.490,25.363,27.490,2.127,2.127,0
1787801971.690,shoulder_lift,62.515,61.407,62.515,1.108,1.108,0
1787801971.690,elbow_flex,-10.106,-9.275,-10.106,-0.831,-0.831,0
1787801971.690,wrist_flex,-41.832,-43.692,-41.832,1.860,1.860,0
1787801971.690,wrist_roll,-1.010,-0.571,-1.010,-0.439,-0.439,0
1787801971.690,gripper,35.619,36.964,35.619,-1.345,-1.345,0
1787801971.741,shoulder_pan,27.490,25.451,27.490,2.039,2.039,0
1787801971.741,shoulder_lift,62.671,61.582,62.671,1.089,1.089,0
1787801971.741,elbow_flex,-10.485,-9.714,-10.485,-0.770,-0.770,0
1787801971.741,wrist_flex,-41.601,-43.429,-41.601,1.827,1.827,0
1787801971.741,wrist_roll,-0.999,-0.571,-0.999,-0.428,-0.428,0
1787801971.741,gripper,35.604,36.964,35.604,-1.360,-1.360,0
1787801971.792,shoulder_pan,27.487,25.538,27.487,1.948,1.948,0
1787801971.792,shoulder_lift,62.809,61.758,62.809,1.050,1.050,0
1787801971.792,elbow_flex,-10.811,-9.978,-10.811,-0.833,-0.833,0
1787801971.792,wrist_flex,-41.441,-43.341,-41.441,1.899,1.899,0
1787801971.792,wrist_roll,-0.997,-0.571,-0.997,-0.426,-0.426,0
1787801971.792,gripper,35.602,36.964,35.602,-1.362,-1.362,0
1787801971.840,shoulder_pan,27.455,25.626,27.455,1.829,1.829,0
1787801971.840,shoulder_lift,62.851,61.934,62.851,0.917,0.917,0
1787801971.840,elbow_flex,-10.898,-10.330,-10.898,-0.568,-0.568,0
1787801971.840,wrist_flex,-41.385,-43.077,-41.385,1.692,1.692,0
1787801971.840,wrist_roll,-0.972,-0.571,-0.972,-0.401,-0.401,0
1787801971.840,gripper,35.589,36.964,35.589,-1.375,-1.375,0
1787801971.890,shoulder_pan,27.419,25.714,27.419,1.705,1.705,0
1787801971.890,shoulder_lift,62.961,62.022,62.961,0.939,0.939,0
1787801971.890,elbow_flex,-11.110,-10.593,-11.110,-0.516,-0.516,0
1787801971.890,wrist_flex,-41.316,-43.077,-41.316,1.761,1.761,0
1787801971.890,wrist_roll,-0.960,-0.571,-0.960,-0.388,-0.388,0
1787801971.890,gripper,35.570,36.964,35.570,-1.394,-1.394,0
1787801971.941,shoulder_pan,27.363,25.714,27.363,1.649,1.649,0
1787801971.941,shoulder_lift,63.082,62.110,63.082,0.972,0.972,0
1787801971.941,elbow_flex,-11.264,-10.769,-11.264,-0.495,-0.495,0
1787801971.941,wrist_flex,-41.251,-42.901,-41.251,1.650,1.650,0
1787801971.941,wrist_roll,-0.927,-0.571,-0.927,-0.356,-0.356,0
1787801971.941,gripper,35.559,36.964,35.559,-1.405,-1.405,0
1787801971.992,shoulder_pan,27.326,25.714,27.326,1.612,1.612,0
1787801971.992,shoulder_lift,63.158,62.110,63.158,1.048,1.048,0
1787801971.992,elbow_flex,-11.398,-10.945,-11.398,-0.453,-0.453,0
1787801971.992,wrist_flex,-41.207,-42.813,-41.207,1.606,1.606,0
1787801971.992,wrist_roll,-0.899,-0.571,-0.899,-0.327,-0.327,0
1787801971.992,gripper,35.529,36.964,35.529,-1.435,-1.435,0
1787801972.039,shoulder_pan,27.305,25.714,27.305,1.591,1.591,0
1787801972.039,shoulder_lift,63.229,62.198,63.229,1.032,1.032,0
1787801972.039,elbow_flex,-11.572,-11.121,-11.572,-0.451,-0.451,0
1787801972.039,wrist_flex,-41.113,-42.725,-41.113,1.613,1.613,0
1787801972.039,wrist_roll,-0.887,-0.571,-0.887,-0.316,-0.316,0
1787801972.039,gripper,35.530,36.964,35.530,-1.434,-1.434,0
1787801972.090,shoulder_pan,27.273,25.714,27.273,1.559,1.559,0
1787801972.090,shoulder_lift,63.280,62.286,63.280,0.994,0.994,0
1787801972.090,elbow_flex,-11.634,-11.297,-11.634,-0.337,-0.337,0
1787801972.090,wrist_flex,-41.105,-42.725,-41.105,1.620,1.620,0
1787801972.090,wrist_roll,-0.869,-0.571,-0.869,-0.297,-0.297,0
1787801972.090,gripper,35.521,36.964,35.521,-1.443,-1.443,0
1787801972.141,shoulder_pan,27.241,25.714,27.241,1.527,1.527,0
1787801972.141,shoulder_lift,63.343,62.374,63.343,0.970,0.970,0
1787801972.141,elbow_flex,-11.745,-11.385,-11.745,-0.360,-0.360,0
1787801972.141,wrist_flex,-41.054,-42.725,-41.054,1.671,1.671,0
1787801972.141,wrist_roll,-0.843,-0.571,-0.843,-0.271,-0.271,0
1787801972.141,gripper,35.514,36.964,35.514,-1.450,-1.450,0
1787801972.190,shoulder_pan,27.219,25.714,27.219,1.505,1.505,0
1787801972.190,shoulder_lift,63.378,62.462,63.378,0.917,0.917,0
1787801972.190,elbow_flex,-11.847,-11.560,-11.847,-0.287,-0.287,0
1787801972.190,wrist_flex,-41.000,-42.725,-41.000,1.725,1.725,0
1787801972.190,wrist_roll,-0.829,-0.571,-0.829,-0.258,-0.258,0
1787801972.190,gripper,35.521,36.964,35.521,-1.443,-1.443,0
1787801972.241,shoulder_pan,27.171,25.714,27.171,1.457,1.457,0
1787801972.241,shoulder_lift,63.444,62.462,63.444,0.983,0.983,0
1787801972.241,elbow_flex,-11.968,-11.560,-11.968,-0.408,-0.408,0
1787801972.241,wrist_flex,-40.936,-42.725,-40.936,1.789,1.789,0
1787801972.241,wrist_roll,-0.805,-0.571,-0.805,-0.233,-0.233,0
1787801972.241,gripper,35.509,36.964,35.509,-1.455,-1.455,0
1787801972.290,shoulder_pan,27.137,25.714,27.137,1.423,1.423,0
1787801972.290,shoulder_lift,63.493,62.462,63.493,1.032,1.032,0
1787801972.290,elbow_flex,-12.091,-11.648,-12.091,-0.443,-0.443,0
1787801972.290,wrist_flex,-40.888,-42.725,-40.888,1.838,1.838,0
1787801972.290,wrist_roll,-0.787,-0.571,-0.787,-0.216,-0.216,0
1787801972.290,gripper,35.521,36.964,35.521,-1.443,-1.443,0
1787801972.340,shoulder_pan,27.088,25.714,27.088,1.374,1.374,0
1787801972.340,shoulder_lift,63.555,62.549,63.555,1.006,1.006,0
1787801972.340,elbow_flex,-12.238,-11.736,-12.238,-0.502,-0.502,0
1787801972.340,wrist_flex,-40.807,-42.549,-40.807,1.742,1.742,0
1787801972.340,wrist_roll,-0.774,-0.571,-0.774,-0.202,-0.202,0
1787801972.340,gripper,35.531,36.964,35.531,-1.433,-1.433,0
1787801972.392,shoulder_pan,27.071,25.714,27.071,1.357,1.357,0
1787801972.392,shoulder_lift,63.580,62.549,63.580,1.031,1.031,0
1787801972.392,elbow_flex,-12.297,-11.736,-12.297,-0.561,-0.561,0
1787801972.392,wrist_flex,-40.772,-42.374,-40.772,1.601,1.601,0
1787801972.392,wrist_roll,-0.766,-0.571,-0.766,-0.194,-0.194,0
1787801972.392,gripper,35.541,36.964,35.541,-1.423,-1.423,0
1787801972.442,shoulder_pan,27.040,25.714,27.040,1.325,1.325,0
1787801972.442,shoulder_lift,63.593,62.549,63.593,1.044,1.044,0
1787801972.442,elbow_flex,-12.410,-11.736,-12.410,-0.674,-0.674,0
1787801972.442,wrist_flex,-40.686,-42.286,-40.686,1.600,1.600,0
1787801972.442,wrist_roll,-0.760,-0.571,-0.760,-0.189,-0.189,0
1787801972.442,gripper,35.558,36.964,35.558,-1.406,-1.406,0
1787801972.491,shoulder_pan,27.018,25.714,27.018,1.304,1.304,0
1787801972.491,shoulder_lift,63.657,62.549,63.657,1.108,1.108,0
1787801972.491,elbow_flex,-12.554,-11.824,-12.554,-0.729,-0.729,0
1787801972.491,wrist_flex,-40.615,-42.286,-40.615,1.671,1.671,0
1787801972.491,wrist_roll,-0.754,-0.571,-0.754,-0.183,-0.183,0
1787801972.491,gripper,35.570,36.964,35.570,-1.394,-1.394,0
1787801972.541,shoulder_pan,26.989,25.714,26.989,1.275,1.275,0
1787801972.541,shoulder_lift,63.714,62.637,63.714,1.077,1.077,0
1787801972.541,elbow_flex,-12.675,-12.088,-12.675,-0.587,-0.587,0
1787801972.541,wrist_flex,-40.570,-42.198,-40.570,1.628,1.628,0
1787801972.541,wrist_roll,-0.748,-0.571,-0.748,-0.176,-0.176,0
1787801972.541,gripper,35.581,36.964,35.581,-1.383,-1.383,0
1787801972.592,shoulder_pan,26.965,25.714,26.965,1.251,1.251,0
1787801972.592,shoulder_lift,63.760,62.637,63.760,1.123,1.123,0
1787801972.592,elbow_flex,-12.825,-12.176,-12.825,-0.649,-0.649,0
1787801972.592,wrist_flex,-40.491,-42.198,-40.491,1.707,1.707,0
1787801972.592,wrist_roll,-0.745,-0.571,-0.745,-0.174,-0.174,0
1787801972.592,gripper,35.605,36.964,35.605,-1.358,-1.358,0
1787801972.642,shoulder_pan,26.947,25.714,26.947,1.233,1.233,0
1787801972.642,shoulder_lift,63.811,62.725,63.811,1.085,1.085,0
1787801972.642,elbow_flex,-12.944,-12.352,-12.944,-0.592,-0.592,0
1787801972.642,wrist_flex,-40.458,-42.198,-40.458,1.740,1.740,0
1787801972.642,wrist_roll,-0.741,-0.571,-0.741,-0.170,-0.170,0
1787801972.642,gripper,35.626,36.964,35.626,-1.338,-1.338,0
1787801972.690,shoulder_pan,26.909,25.714,26.909,1.195,1.195,0
1787801972.690,shoulder_lift,63.857,62.725,63.857,1.132,1.132,0
1787801972.690,elbow_flex,-13.067,-12.352,-13.067,-0.716,-0.716,0
1787801972.690,wrist_flex,-40.391,-42.198,-40.391,1.807,1.807,0
1787801972.690,wrist_roll,-0.741,-0.571,-0.741,-0.170,-0.170,0
1787801972.690,gripper,35.632,36.964,35.632,-1.331,-1.331,0
1787801972.742,shoulder_pan,26.879,25.714,26.879,1.165,1.165,0
1787801972.742,shoulder_lift,63.912,62.725,63.912,1.187,1.187,0
1787801972.742,elbow_flex,-13.185,-12.527,-13.185,-0.657,-0.657,0
1787801972.742,wrist_flex,-40.343,-42.198,-40.343,1.855,1.855,0
1787801972.742,wrist_roll,-0.741,-0.571,-0.741,-0.169,-0.169,0
1787801972.742,gripper,35.636,36.964,35.636,-1.328,-1.328,0
1787801972.792,shoulder_pan,26.849,25.714,26.849,1.135,1.135,0
1787801972.792,shoulder_lift,63.972,62.725,63.972,1.246,1.246,0
1787801972.792,elbow_flex,-13.265,-12.703,-13.265,-0.561,-0.561,0
1787801972.792,wrist_flex,-40.318,-41.846,-40.318,1.528,1.528,0
1787801972.792,wrist_roll,-0.745,-0.571,-0.745,-0.173,-0.173,0
1787801972.792,gripper,35.658,36.964,35.658,-1.306,-1.306,0
1787801972.842,shoulder_pan,26.803,25.714,26.803,1.089,1.089,0
1787801972.842,shoulder_lift,64.072,62.725,64.072,1.347,1.347,0
1787801972.842,elbow_flex,-13.439,-12.791,-13.439,-0.647,-0.647,0
1787801972.842,wrist_flex,-40.267,-41.758,-40.267,1.491,1.491,0
1787801972.842,wrist_roll,-0.758,-0.571,-0.758,-0.187,-0.187,0
1787801972.842,gripper,35.668,36.964,35.668,-1.296,-1.296,0
1787801972.892,shoulder_pan,26.775,25.714,26.775,1.061,1.061,0
1787801972.892,shoulder_lift,64.128,62.725,64.128,1.403,1.403,0
1787801972.892,elbow_flex,-13.497,-12.791,-13.497,-0.706,-0.706,0
1787801972.892,wrist_flex,-40.259,-41.758,-40.259,1.499,1.499,0
1787801972.892,wrist_roll,-0.763,-0.571,-0.763,-0.192,-0.192,0
1787801972.892,gripper,35.695,36.964,35.695,-1.269,-1.269,0
1787801972.942,shoulder_pan,26.722,25.714,26.722,1.007,1.007,0
1787801972.942,shoulder_lift,64.225,62.725,64.225,1.500,1.500,0
1787801972.942,elbow_flex,-13.641,-12.791,-13.641,-0.850,-0.850,0
1787801972.942,wrist_flex,-40.223,-41.758,-40.223,1.535,1.535,0
1787801972.942,wrist_roll,-0.774,-0.571,-0.774,-0.203,-0.203,0
1787801972.942,gripper,35.722,36.964,35.722,-1.242,-1.242,0
1787801972.994,shoulder_pan,26.685,25.714,26.685,0.970,0.970,0
1787801972.994,shoulder_lift,64.297,62.725,64.297,1.572,1.572,0
1787801972.994,elbow_flex,-13.729,-12.791,-13.729,-0.938,-0.938,0
1787801972.994,wrist_flex,-40.191,-41.758,-40.191,1.567,1.567,0
1787801972.994,wrist_roll,-0.790,-0.571,-0.790,-0.219,-0.219,0
1787801972.994,gripper,35.764,36.964,35.764,-1.200,-1.200,0
1787801973.042,shoulder_pan,26.619,25.714,26.619,0.905,0.905,0
1787801973.042,shoulder_lift,64.358,62.725,64.358,1.633,1.633,0
1787801973.042,elbow_flex,-13.788,-12.791,-13.788,-0.997,-0.997,0
1787801973.042,wrist_flex,-40.189,-41.758,-40.189,1.569,1.569,0
1787801973.042,wrist_roll,-0.801,-0.571,-0.801,-0.229,-0.229,0
1787801973.042,gripper,35.841,36.964,35.841,-1.123,-1.123,0
1787801973.093,shoulder_pan,26.596,25.714,26.596,0.882,0.882,0
1787801973.093,shoulder_lift,64.414,62.813,64.414,1.601,1.601,0
1787801973.093,elbow_flex,-13.765,-13.055,-13.765,-0.710,-0.710,0
1787801973.093,wrist_flex,-40.219,-41.758,-40.219,1.539,1.539,0
1787801973.093,wrist_roll,-0.823,-0.571,-0.823,-0.251,-0.251,0
1787801973.093,gripper,35.895,36.964,35.895,-1.069,-1.069,0
1787801973.143,shoulder_pan,26.516,25.802,26.516,0.713,0.713,0
1787801973.143,shoulder_lift,64.471,62.813,64.471,1.657,1.657,0
1787801973.143,elbow_flex,-13.722,-13.143,-13.722,-0.579,-0.579,0
1787801973.143,wrist_flex,-40.246,-41.758,-40.246,1.513,1.513,0
1787801973.143,wrist_roll,-0.827,-0.571,-0.827,-0.256,-0.256,0
1787801973.143,gripper,36.000,36.964,36.000,-0.964,-0.964,0
1787801973.192,shoulder_pan,26.424,25.802,26.424,0.622,0.622,0
1787801973.192,shoulder_lift,64.491,62.813,64.491,1.678,1.678,0
1787801973.192,elbow_flex,-13.735,-13.231,-13.735,-0.504,-0.504,0
1787801973.192,wrist_flex,-40.206,-41.758,-40.206,1.552,1.552,0
1787801973.192,wrist_roll,-0.830,-0.571,-0.830,-0.259,-0.259,0
1787801973.192,gripper,36.112,36.964,36.112,-0.852,-0.852,0
1787801973.243,shoulder_pan,26.350,25.802,26.350,0.548,0.548,0
1787801973.243,shoulder_lift,64.493,62.901,64.493,1.592,1.592,0
1787801973.243,elbow_flex,-13.780,-13.231,-13.780,-0.549,-0.549,0
1787801973.243,wrist_flex,-40.157,-41.758,-40.157,1.602,1.602,0
1787801973.243,wrist_roll,-0.849,-0.571,-0.849,-0.277,-0.277,0
1787801973.243,gripper,36.201,36.964,36.201,-0.763,-0.763,0
1787801973.293,shoulder_pan,26.217,25.802,26.217,0.415,0.415,0
1787801973.293,shoulder_lift,64.442,63.253,64.442,1.189,1.189,0
1787801973.293,elbow_flex,-13.805,-13.319,-13.805,-0.486,-0.486,0
1787801973.293,wrist_flex,-40.119,-41.758,-40.119,1.639,1.639,0
1787801973.293,wrist_roll,-0.857,-0.571,-0.857,-0.286,-0.286,0
1787801973.293,gripper,36.305,36.964,36.305,-0.659,-0.659,0
1787801973.344,shoulder_pan,26.153,25.802,26.153,0.351,0.351,0
1787801973.344,shoulder_lift,64.341,63.341,64.341,1.000,1.000,0
1787801973.344,elbow_flex,-13.797,-13.407,-13.797,-0.390,-0.390,0
1787801973.344,wrist_flex,-40.096,-41.758,-40.096,1.662,1.662,0
1787801973.344,wrist_roll,-0.873,-0.571,-0.873,-0.301,-0.301,0
1787801973.344,gripper,36.357,36.964,36.357,-0.607,-0.607,0
1787801973.394,shoulder_pan,26.057,25.802,26.057,0.255,0.255,0
1787801973.394,shoulder_lift,64.265,63.516,64.265,0.749,0.749,0
1787801973.394,elbow_flex,-13.829,-13.758,-13.829,-0.070,-0.070,0
1787801973.394,wrist_flex,-40.032,-41.758,-40.032,1.727,1.727,0
1787801973.394,wrist_roll,-0.891,-0.571,-0.891,-0.319,-0.319,0
1787801973.394,gripper,36.377,36.964,36.377,-0.587,-0.587,0
1787801973.442,shoulder_pan,25.973,25.802,25.973,0.171,0.171,0
1787801973.442,shoulder_lift,64.146,63.516,64.146,0.630,0.630,0
1787801973.442,elbow_flex,-13.825,-13.758,-13.825,-0.067,-0.067,0
1787801973.442,wrist_flex,-40.031,-41.758,-40.031,1.727,1.727,0
1787801973.442,wrist_roll,-0.906,-0.571,-0.906,-0.335,-0.335,0
1787801973.442,gripper,36.370,36.964,36.370,-0.594,-0.594,0
1787801973.492,shoulder_pan,25.832,25.802,25.832,0.029,0.029,0
1787801973.492,shoulder_lift,63.917,63.516,63.917,0.401,0.401,0
1787801973.492,elbow_flex,-13.690,-13.758,-13.690,0.069,0.069,0
1787801973.492,wrist_flex,-40.108,-41.758,-40.108,1.650,1.650,0
1787801973.492,wrist_roll,-0.914,-0.571,-0.914,-0.342,-0.342,0
1787801973.492,gripper,36.382,36.964,36.382,-0.582,-0.582,0
1787801973.544,shoulder_pan,25.737,25.802,25.737,-0.066,-0.066,0
1787801973.544,shoulder_lift,63.770,63.516,63.770,0.253,0.253,0
1787801973.544,elbow_flex,-13.658,-13.758,-13.658,0.100,0.100,0
1787801973.544,wrist_flex,-40.093,-41.670,-40.093,1.577,1.577,0
1787801973.544,wrist_roll,-0.935,-0.571,-0.935,-0.363,-0.363,0
1787801973.544,gripper,36.290,36.964,36.290,-0.673,-0.673,0
1787801973.593,shoulder_pan,25.578,25.802,25.578,-0.224,-0.224,0
1787801973.593,shoulder_lift,63.434,63.516,63.434,-0.083,-0.083,0
1787801973.593,elbow_flex,-13.410,-13.758,-13.410,0.348,0.348,0
1787801973.593,wrist_flex,-40.192,-41.670,-40.192,1.478,1.478,0
1787801973.593,wrist_roll,-0.941,-0.571,-0.941,-0.370,-0.370,0
1787801973.593,gripper,36.260,36.964,36.260,-0.704,-0.704,0
1787801973.644,shoulder_pan,25.313,25.802,25.313,-0.489,-0.489,0
1787801973.644,shoulder_lift,63.046,63.516,63.046,-0.471,-0.471,0
1787801973.644,elbow_flex,-12.961,-13.758,-12.961,0.797,0.797,0
1787801973.644,wrist_flex,-40.386,-41.670,-40.386,1.284,1.284,0
1787801973.644,wrist_roll,-0.952,-0.571,-0.952,-0.380,-0.380,0
1787801973.644,gripper,36.154,36.964,36.154,-0.810,-0.810,0
1787801973.693,shoulder_pan,24.996,25.714,24.996,-0.719,-0.719,0
1787801973.693,shoulder_lift,62.538,63.516,62.538,-0.978,-0.978,0
1787801973.693,elbow_flex,-12.362,-13.758,-12.362,1.396,1.396,0
1787801973.693,wrist_flex,-40.643,-41.670,-40.643,1.027,1.027,0
1787801973.693,wrist_roll,-0.957,-0.571,-0.957,-0.385,-0.385,0
1787801973.693,gripper,36.050,36.964,36.050,-0.913,-0.913,0
1787801973.742,shoulder_pan,24.643,25.714,24.643,-1.071,-1.071,0
1787801973.742,shoulder_lift,61.858,63.516,61.858,-1.659,-1.659,0
1787801973.742,elbow_flex,-11.520,-13.758,-11.520,2.239,2.239,0
1787801973.742,wrist_flex,-41.000,-41.670,-41.000,0.670,0.670,0
1787801973.742,wrist_roll,-0.955,-0.571,-0.955,-0.383,-0.383,0
1787801973.742,gripper,35.949,36.964,35.949,-1.015,-1.015,0
1787801973.795,shoulder_pan,24.026,25.538,24.026,-1.512,-1.512,0
1787801973.795,shoulder_lift,60.735,63.429,60.735,-2.694,-2.694,0
1787801973.795,elbow_flex,-10.147,-13.495,-10.147,3.347,3.347,0
1787801973.795,wrist_flex,-41.554,-41.670,-41.554,0.116,0.116,0
1787801973.795,wrist_roll,-0.964,-0.571,-0.964,-0.393,-0.393,0
1787801973.795,gripper,35.774,36.964,35.774,-1.190,-1.190,0
1787801973.844,shoulder_pan,23.350,25.451,23.350,-2.100,-2.100,0
1787801973.844,shoulder_lift,59.702,63.165,59.702,-3.463,-3.463,0
1787801973.844,elbow_flex,-8.815,-13.055,-8.815,4.240,4.240,0
1787801973.844,wrist_flex,-42.079,-41.758,-42.079,-0.321,-0.321,0
1787801973.844,wrist_roll,-0.977,-0.571,-0.977,-0.406,-0.406,0
1787801973.844,gripper,35.592,36.964,35.592,-1.372,-1.372,0
1787801973.893,shoulder_pan,22.849,25.187,22.849,-2.338,-2.338,0
1787801973.893,shoulder_lift,58.867,62.286,58.867,-3.418,-3.418,0
1787801973.893,elbow_flex,-7.695,-12.176,-7.695,4.481,4.481,0
1787801973.893,wrist_flex,-42.526,-41.758,-42.526,-0.768,-0.768,0
1787801973.893,wrist_roll,-0.985,-0.571,-0.985,-0.413,-0.413,0
1787801973.893,gripper,35.515,36.964,35.515,-1.449,-1.449,0
1787801973.944,shoulder_pan,22.164,24.835,22.164,-2.671,-2.671,0
1787801973.944,shoulder_lift,57.980,61.495,57.980,-3.514,-3.514,0
1787801973.944,elbow_flex,-6.344,-11.033,-6.344,4.689,4.689,0
1787801973.944,wrist_flex,-43.077,-42.110,-43.077,-0.968,-0.968,0
1787801973.944,wrist_roll,-0.994,-0.571,-0.994,-0.422,-0.422,0
1787801973.944,gripper,35.362,36.964,35.362,-1.602,-1.602,0
1787801973.993,shoulder_pan,21.398,24.396,21.398,-2.998,-2.998,0
1787801973.993,shoulder_lift,56.832,60.791,56.832,-3.959,-3.959,0
1787801973.993,elbow_flex,-4.653,-9.802,-4.653,5.150,5.150,0
1787801973.993,wrist_flex,-43.799,-42.549,-43.799,-1.250,-1.250,0
1787801973.993,wrist_roll,-1.005,-0.571,-1.005,-0.434,-0.434,0
1787801973.993,gripper,35.268,36.964,35.268,-1.696,-1.696,0
1787801974.045,shoulder_pan,20.798,23.956,20.798,-3.159,-3.159,0
1787801974.045,shoulder_lift,56.075,60.088,56.075,-4.013,-4.013,0
1787801974.045,elbow_flex,-3.443,-8.484,-3.443,5.040,5.040,0
1787801974.045,wrist_flex,-44.323,-43.077,-44.323,-1.246,-1.246,0
1787801974.045,wrist_roll,-1.013,-0.571,-1.013,-0.441,-0.441,0
1787801974.045,gripper,35.167,36.964,35.167,-1.797,-1.797,0
1787801974.092,shoulder_pan,20.270,23.516,20.270,-3.247,-3.247,0
1787801974.092,shoulder_lift,55.436,59.297,55.436,-3.860,-3.860,0
1787801974.092,elbow_flex,-2.385,-6.989,-2.385,4.604,4.604,0
1787801974.092,wrist_flex,-44.842,-43.604,-44.842,-1.237,-1.237,0
1787801974.092,wrist_roll,-1.029,-0.571,-1.029,-0.457,-0.457,0
1787801974.092,gripper,35.121,36.964,35.121,-1.843,-1.843,0
1787801974.144,shoulder_pan,19.366,22.901,19.366,-3.535,-3.535,0
1787801974.144,shoulder_lift,54.191,58.505,54.191,-4.314,-4.314,0
1787801974.144,elbow_flex,-0.488,-5.582,-0.488,5.094,5.094,0
1787801974.144,wrist_flex,-45.661,-44.132,-45.661,-1.529,-1.529,0
1787801974.144,wrist_roll,-1.041,-0.571,-1.041,-0.470,-0.470,0
1787801974.144,gripper,35.010,36.964,35.010,-1.954,-1.954,0
1787801974.195,shoulder_pan,18.769,22.286,18.769,-3.517,-3.517,0
1787801974.195,shoulder_lift,53.420,57.714,53.420,-4.295,-4.295,0
1787801974.195,elbow_flex,0.737,-4.264,0.737,5.001,5.001,0
1787801974.195,wrist_flex,-46.238,-44.747,-46.238,-1.491,-1.491,0
1787801974.195,wrist_roll,-1.055,-0.571,-1.055,-0.484,-0.484,0
1787801974.195,gripper,34.950,36.964,34.950,-2.014,-2.014,0
1787801974.243,shoulder_pan,18.013,21.670,18.013,-3.658,-3.658,0
1787801974.243,shoulder_lift,52.580,56.835,52.580,-4.255,-4.255,0
1787801974.243,elbow_flex,2.146,-2.769,2.146,4.915,4.915,0
1787801974.243,wrist_flex,-46.927,-45.275,-46.927,-1.652,-1.652,0
1787801974.243,wrist_roll,-1.074,-0.571,-1.074,-0.503,-0.503,0
1787801974.243,gripper,34.867,36.964,34.867,-2.097,-2.097,0
1787801974.293,shoulder_pan,17.384,20.967,17.384,-3.583,-3.583,0
1787801974.293,shoulder_lift,51.738,56.044,51.738,-4.306,-4.306,0
1787801974.293,elbow_flex,3.548,-1.275,3.548,4.822,4.822,0
1787801974.293,wrist_flex,-47.581,-45.890,-47.581,-1.691,-1.691,0
1787801974.293,wrist_roll,-1.081,-0.571,-1.081,-0.510,-0.510,0
1787801974.293,gripper,34.776,36.964,34.776,-2.188,-2.188,0
1787801974.345,shoulder_pan,16.741,20.264,16.741,-3.523,-3.523,0
1787801974.345,shoulder_lift,51.070,55.165,51.070,-4.095,-4.095,0
1787801974.345,elbow_flex,4.793,0.396,4.793,4.397,4.397,0
1787801974.345,wrist_flex,-48.229,-46.593,-48.229,-1.636,-1.636,0
1787801974.345,wrist_roll,-1.082,-0.571,-1.082,-0.511,-0.511,0
1787801974.345,gripper,34.674,36.760,34.674,-2.086,-2.086,0
1787801974.395,shoulder_pan,16.047,19.648,16.047,-3.601,-3.601,0
1787801974.395,shoulder_lift,50.306,54.462,50.306,-4.156,-4.156,0
1787801974.395,elbow_flex,6.164,1.890,6.164,4.274,4.274,0
1787801974.395,wrist_flex,-48.874,-47.297,-48.874,-1.577,-1.577,0
1787801974.395,wrist_roll,-1.088,-0.571,-1.088,-0.517,-0.517,0
1787801974.395,gripper,34.581,36.624,34.581,-2.043,-2.043,0
1787801974.459,shoulder_pan,18.779,18.857,18.779,-0.078,-0.078,0
1787801974.459,shoulder_lift,44.359,53.582,44.359,-9.224,-9.224,0
1787801974.459,elbow_flex,7.886,3.736,7.886,4.149,4.149,0
1787801974.459,wrist_flex,-50.764,-48.088,-50.764,-2.676,-2.676,0
1787801974.459,wrist_roll,-1.038,-0.571,-1.038,-0.467,-0.467,0
1787801974.459,gripper,35.930,36.487,35.930,-0.558,-0.558,0
1787801974.494,shoulder_pan,18.366,18.681,18.366,-0.315,-0.315,0
1787801974.494,shoulder_lift,43.648,53.231,43.648,-9.583,-9.583,0
1787801974.494,elbow_flex,9.083,4.615,9.083,4.468,4.468,0
1787801974.494,wrist_flex,-51.321,-48.527,-51.321,-2.793,-2.793,0
1787801974.494,wrist_roll,-1.058,-0.571,-1.058,-0.487,-0.487,0
1787801974.494,gripper,35.807,36.487,35.807,-0.680,-0.680,0
1787801974.546,shoulder_pan,17.949,18.769,17.949,-0.820,-0.820,0
1787801974.546,shoulder_lift,42.800,51.648,42.800,-8.848,-8.848,0
1787801974.546,elbow_flex,10.328,6.110,10.328,4.218,4.218,0
1787801974.546,wrist_flex,-51.854,-49.319,-51.854,-2.536,-2.536,0
1787801974.546,wrist_roll,-1.070,-0.571,-1.070,-0.499,-0.499,0
1787801974.546,gripper,35.717,36.487,35.717,-0.770,-0.770,0
1787801974.594,shoulder_pan,17.510,18.769,17.510,-1.260,-1.260,0
1787801974.594,shoulder_lift,41.822,49.714,41.822,-7.892,-7.892,0
1787801974.594,elbow_flex,11.736,8.308,11.736,3.429,3.429,0
1787801974.594,wrist_flex,-52.402,-49.934,-52.402,-2.468,-2.468,0
1787801974.594,wrist_roll,-1.083,-0.747,-1.083,-0.336,-0.336,0
1787801974.594,gripper,35.652,36.487,35.652,-0.836,-0.836,0
1787801974.645,shoulder_pan,17.181,18.505,17.181,-1.324,-1.324,0
1787801974.645,shoulder_lift,41.104,48.484,41.104,-7.380,-7.380,0
1787801974.645,elbow_flex,12.742,9.890,12.742,2.852,2.852,0
1787801974.645,wrist_flex,-52.794,-50.637,-52.794,-2.157,-2.157,0
1787801974.645,wrist_roll,-1.092,-0.747,-1.092,-0.345,-0.345,0
1787801974.645,gripper,35.619,36.487,35.619,-0.868,-0.868,0
1787801974.695,shoulder_pan,16.774,18.242,16.774,-1.468,-1.468,0
1787801974.695,shoulder_lift,40.172,47.604,40.172,-7.432,-7.432,0
1787801974.695,elbow_flex,14.032,11.473,14.032,2.560,2.560,0
1787801974.695,wrist_flex,-53.266,-51.165,-53.266,-2.101,-2.101,0
1787801974.695,wrist_roll,-1.102,-0.659,-1.102,-0.442,-0.442,0
1787801974.695,gripper,35.600,36.487,35.600,-0.887,-0.887,0
1787801974.745,shoulder_pan,16.452,17.802,16.452,-1.350,-1.350,0
1787801974.745,shoulder_lift,39.488,46.813,39.488,-7.326,-7.326,0
1787801974.745,elbow_flex,14.922,12.791,14.922,2.131,2.131,0
1787801974.745,wrist_flex,-53.579,-51.692,-53.579,-1.887,-1.887,0
1787801974.745,wrist_roll,-1.105,-0.747,-1.105,-0.358,-0.358,0
1787801974.745,gripper,35.585,36.487,35.585,-0.903,-0.903,0
1787801974.794,shoulder_pan,16.182,17.451,16.182,-1.269,-1.269,0
1787801974.794,shoulder_lift,38.840,46.022,38.840,-7.182,-7.182,0
1787801974.794,elbow_flex,15.750,13.934,15.750,1.816,1.816,0
1787801974.794,wrist_flex,-53.850,-52.044,-53.850,-1.806,-1.806,0
1787801974.794,wrist_roll,-1.108,-0.835,-1.108,-0.273,-0.273,0
1787801974.794,gripper,35.578,36.487,35.578,-0.909,-0.909,0
1787801974.844,shoulder_pan,15.847,17.099,15.847,-1.252,-1.252,0
1787801974.844,shoulder_lift,38.170,45.319,38.170,-7.149,-7.149,0
1787801974.844,elbow_flex,16.607,15.077,16.607,1.530,1.530,0
1787801974.844,wrist_flex,-54.166,-52.396,-54.166,-1.770,-1.770,0
1787801974.844,wrist_roll,-1.112,-0.835,-1.112,-0.277,-0.277,0
1787801974.844,gripper,35.596,36.487,35.596,-0.891,-0.891,0
1787801974.895,shoulder_pan,15.546,16.747,15.546,-1.201,-1.201,0
1787801974.895,shoulder_lift,37.587,44.615,37.587,-7.029,-7.029,0
1787801974.895,elbow_flex,17.331,16.132,17.331,1.199,1.199,0
1787801974.895,wrist_flex,-54.421,-52.659,-54.421,-1.762,-1.762,0
1787801974.895,wrist_roll,-1.114,-0.923,-1.114,-0.191,-0.191,0
1787801974.895,gripper,35.579,36.487,35.579,-0.908,-0.908,0
1787801974.945,shoulder_pan,15.259,16.396,15.259,-1.136,-1.136,0
1787801974.945,shoulder_lift,36.997,44.088,36.997,-7.091,-7.091,0
1787801974.945,elbow_flex,18.011,17.099,18.011,0.912,0.912,0
1787801974.945,wrist_flex,-54.699,-52.923,-54.699,-1.775,-1.775,0
1787801974.945,wrist_roll,-1.115,-0.923,-1.115,-0.192,-0.192,0
1787801974.945,gripper,35.597,36.487,35.597,-0.891,-0.891,0
1787801974.996,shoulder_pan,14.896,16.132,14.896,-1.236,-1.236,0
1787801974.996,shoulder_lift,36.306,43.473,36.306,-7.166,-7.166,0
1787801974.996,elbow_flex,18.794,18.154,18.794,0.640,0.640,0
1787801974.996,wrist_flex,-55.010,-53.187,-55.010,-1.823,-1.823,0
1787801974.996,wrist_roll,-1.111,-0.923,-1.111,-0.188,-0.188,0
1787801974.996,gripper,35.617,36.487,35.617,-0.870,-0.870,0
1787801975.044,shoulder_pan,14.548,15.780,14.548,-1.232,-1.232,0
1787801975.044,shoulder_lift,35.708,42.857,35.708,-7.149,-7.149,0
1787801975.044,elbow_flex,19.469,18.857,19.469,0.612,0.612,0
1787801975.044,wrist_flex,-55.333,-53.451,-55.333,-1.882,-1.882,0
1787801975.044,wrist_roll,-1.109,-0.923,-1.109,-0.186,-0.186,0
1787801975.044,gripper,35.640,36.487,35.640,-0.848,-0.848,0
1787801975.096,shoulder_pan,14.176,15.429,14.176,-1.253,-1.253,0
1787801975.096,shoulder_lift,35.090,42.330,35.090,-7.240,-7.240,0
1787801975.096,elbow_flex,20.173,19.648,20.173,0.524,0.524,0
1787801975.096,wrist_flex,-55.600,-53.714,-55.600,-1.885,-1.885,0
1787801975.096,wrist_roll,-1.106,-0.923,-1.106,-0.182,-0.182,0
1787801975.096,gripper,35.641,36.487,35.641,-0.847,-0.847,0
1787801975.145,shoulder_pan,13.801,14.989,13.801,-1.188,-1.188,0
1787801975.145,shoulder_lift,34.361,41.890,34.361,-7.529,-7.529,0
1787801975.145,elbow_flex,20.970,20.176,20.970,0.794,0.794,0
1787801975.145,wrist_flex,-55.892,-53.890,-55.892,-2.001,-2.001,0
1787801975.145,wrist_roll,-1.096,-0.923,-1.096,-0.173,-0.173,0
1787801975.145,gripper,35.665,36.487,35.665,-0.822,-0.822,0
1787801975.196,shoulder_pan,13.411,14.637,13.411,-1.226,-1.226,0
1787801975.196,shoulder_lift,33.951,41.275,33.951,-7.324,-7.324,0
1787801975.196,elbow_flex,21.479,20.967,21.479,0.512,0.512,0
1787801975.196,wrist_flex,-56.143,-54.066,-56.143,-2.077,-2.077,0
1787801975.196,wrist_roll,-1.086,-0.923,-1.086,-0.163,-0.163,0
1787801975.196,gripper,35.657,36.487,35.657,-0.831,-0.831,0
1787801975.244,shoulder_pan,13.037,14.286,13.037,-1.249,-1.249,0
1787801975.244,shoulder_lift,33.469,40.659,33.469,-7.191,-7.191,0
1787801975.244,elbow_flex,22.096,21.846,22.096,0.250,0.250,0
1787801975.244,wrist_flex,-56.414,-54.418,-56.414,-1.997,-1.997,0
1787801975.244,wrist_roll,-1.084,-0.923,-1.084,-0.161,-0.161,0
1787801975.244,gripper,35.640,36.487,35.640,-0.847,-0.847,0
1787801975.294,shoulder_pan,12.539,13.846,12.539,-1.307,-1.307,0
1787801975.294,shoulder_lift,32.865,40.396,32.865,-7.531,-7.531,0
1787801975.294,elbow_flex,22.827,22.198,22.827,0.629,0.629,0
1787801975.294,wrist_flex,-56.784,-54.681,-56.784,-2.103,-2.103,0
1787801975.294,wrist_roll,-1.078,-1.011,-1.078,-0.067,-0.067,0
1787801975.294,gripper,35.631,36.487,35.631,-0.856,-0.856,0
1787801975.345,shoulder_pan,12.029,13.407,12.029,-1.377,-1.377,0
1787801975.345,shoulder_lift,32.233,39.868,32.233,-7.635,-7.635,0
1787801975.345,elbow_flex,23.696,22.813,23.696,0.883,0.883,0
1787801975.345,wrist_flex,-57.199,-54.945,-57.199,-2.254,-2.254,0
1787801975.345,wrist_roll,-1.077,-1.011,-1.077,-0.066,-0.066,0
1787801975.345,gripper,35.616,36.487,35.616,-0.871,-0.871,0
1787801975.396,shoulder_pan,11.554,13.055,11.554,-1.501,-1.501,0
1787801975.396,shoulder_lift,31.791,39.253,31.791,-7.462,-7.462,0
1787801975.396,elbow_flex,24.352,23.868,24.352,0.484,0.484,0
1787801975.396,wrist_flex,-57.612,-55.385,-57.612,-2.227,-2.227,0
1787801975.396,wrist_roll,-1.074,-1.011,-1.074,-0.063,-0.063,0
1787801975.396,gripper,35.618,36.487,35.618,-0.869,-0.869,0
1787801975.445,shoulder_pan,10.948,12.527,10.948,-1.579,-1.579,0
1787801975.445,shoulder_lift,31.112,38.549,31.112,-7.437,-7.437,0
1787801975.445,elbow_flex,25.236,24.571,25.236,0.664,0.664,0
1787801975.445,wrist_flex,-58.049,-55.736,-58.049,-2.312,-2.312,0
1787801975.445,wrist_roll,-1.071,-1.011,-1.071,-0.060,-0.060,0
1787801975.445,gripper,35.611,36.487,35.611,-0.877,-0.877,0
1787801975.496,shoulder_pan,10.469,12.088,10.469,-1.619,-1.619,0
1787801975.496,shoulder_lift,30.596,38.022,30.596,-7.426,-7.426,0
1787801975.496,elbow_flex,26.011,25.099,26.011,0.912,0.912,0
1787801975.496,wrist_flex,-58.531,-56.176,-58.531,-2.355,-2.355,0
1787801975.496,wrist_roll,-1.069,-1.011,-1.069,-0.058,-0.058,0
1787801975.496,gripper,35.601,36.487,35.601,-0.886,-0.886,0
1787801975.547,shoulder_pan,9.882,11.560,9.882,-1.679,-1.679,0
1787801975.547,shoulder_lift,30.087,37.319,30.087,-7.231,-7.231,0
1787801975.547,elbow_flex,26.832,25.978,26.832,0.854,0.854,0
1787801975.547,wrist_flex,-59.013,-56.615,-59.013,-2.398,-2.398,0
1787801975.547,wrist_roll,-1.064,-1.011,-1.064,-0.053,-0.053,0
1787801975.547,gripper,35.601,36.487,35.601,-0.886,-0.886,0
1787801975.595,shoulder_pan,9.249,11.033,9.249,-1.784,-1.784,0
1787801975.595,shoulder_lift,29.462,36.791,29.462,-7.329,-7.329,0
1787801975.595,elbow_flex,27.738,26.857,27.738,0.881,0.881,0
1787801975.595,wrist_flex,-59.536,-57.055,-59.536,-2.481,-2.481,0
1787801975.595,wrist_roll,-1.059,-1.011,-1.059,-0.048,-0.048,0
1787801975.595,gripper,35.598,36.487,35.598,-0.889,-0.889,0
1787801975.647,shoulder_pan,8.634,10.505,8.634,-1.872,-1.872,0
1787801975.647,shoulder_lift,28.857,36.176,28.857,-7.319,-7.319,0
1787801975.647,elbow_flex,28.646,27.736,28.646,0.910,0.910,0
1787801975.647,wrist_flex,-60.015,-57.582,-60.015,-2.433,-2.433,0
1787801975.647,wrist_roll,-1.061,-1.011,-1.061,-0.050,-0.050,0
1787801975.647,gripper,35.611,36.487,35.611,-0.876,-0.876,0
1787801975.697,shoulder_pan,7.908,9.890,7.908,-1.982,-1.982,0
1787801975.697,shoulder_lift,28.208,35.560,28.208,-7.353,-7.353,0
1787801975.697,elbow_flex,29.652,28.703,29.652,0.949,0.949,0
1787801975.697,wrist_flex,-60.518,-58.022,-60.518,-2.496,-2.496,0
1787801975.697,wrist_roll,-1.056,-1.011,-1.056,-0.045,-0.045,0
1787801975.697,gripper,35.619,36.487,35.619,-0.869,-0.869,0
1787801975.746,shoulder_pan,7.243,9.275,7.243,-2.032,-2.032,0
1787801975.746,shoulder_lift,27.841,34.945,27.841,-7.104,-7.104,0
1787801975.746,elbow_flex,30.425,29.582,30.425,0.843,0.843,0
1787801975.746,wrist_flex,-60.964,-58.462,-60.964,-2.503,-2.503,0
1787801975.746,wrist_roll,-1.050,-1.011,-1.050,-0.039,-0.039,0
1787801975.746,gripper,35.616,36.487,35.616,-0.871,-0.871,0
1787801975.797,shoulder_pan,6.677,8.659,6.677,-1.982,-1.982,0
1787801975.797,shoulder_lift,27.503,34.242,27.503,-6.739,-6.739,0
1787801975.797,elbow_flex,31.052,30.549,31.052,0.503,0.503,0
1787801975.797,wrist_flex,-61.325,-58.989,-61.325,-2.336,-2.336,0
1787801975.797,wrist_roll,-1.052,-1.011,-1.052,-0.041,-0.041,0
1787801975.797,gripper,35.626,36.487,35.626,-0.861,-0.861,0
1787801975.847,shoulder_pan,5.890,7.956,5.890,-2.066,-2.066,0
1787801975.847,shoulder_lift,27.044,33.802,27.044,-6.758,-6.758,0
1787801975.847,elbow_flex,31.829,31.165,31.829,0.664,0.664,0
1787801975.847,wrist_flex,-61.746,-59.429,-61.746,-2.318,-2.318,0
1787801975.847,wrist_roll,-1.056,-1.011,-1.056,-0.045,-0.045,0
1787801975.847,gripper,35.669,36.487,35.669,-0.818,-0.818,0
1787801975.896,shoulder_pan,5.334,7.341,5.334,-2.007,-2.007,0
1787801975.896,shoulder_lift,26.734,33.451,26.734,-6.716,-6.716,0
1787801975.896,elbow_flex,32.426,31.780,32.426,0.646,0.646,0
1787801975.896,wrist_flex,-62.065,-59.868,-62.065,-2.197,-2.197,0
1787801975.896,wrist_roll,-1.058,-1.011,-1.058,-0.047,-0.047,0
1787801975.896,gripper,35.699,36.487,35.699,-0.789,-0.789,0
1787801975.946,shoulder_pan,4.600,6.725,4.600,-2.125,-2.125,0
1787801975.946,shoulder_lift,26.349,32.923,26.349,-6.574,-6.574,0
1787801975.946,elbow_flex,33.198,32.659,33.198,0.539,0.539,0
1787801975.946,wrist_flex,-62.552,-60.220,-62.552,-2.332,-2.332,0
1787801975.946,wrist_roll,-1.052,-1.011,-1.052,-0.041,-0.041,0
1787801975.946,gripper,35.733,36.487,35.733,-0.754,-0.754,0
1787801975.998,shoulder_pan,4.078,6.022,4.078,-1.944,-1.944,0
1787801975.998,shoulder_lift,25.888,32.484,25.888,-6.596,-6.596,0
1787801975.998,elbow_flex,33.842,33.275,33.842,0.567,0.567,0
1787801975.998,wrist_flex,-62.846,-60.659,-62.846,-2.187,-2.187,0
1787801975.998,wrist_roll,-1.035,-1.011,-1.035,-0.024,-0.024,0
1787801975.998,gripper,35.759,36.487,35.759,-0.728,-0.728,0
1787801976.047,shoulder_pan,3.421,5.407,3.421,-1.986,-1.986,0
1787801976.047,shoulder_lift,25.572,31.956,25.572,-6.384,-6.384,0
1787801976.047,elbow_flex,34.467,33.978,34.467,0.489,0.489,0
1787801976.047,wrist_flex,-63.199,-61.011,-63.199,-2.188,-2.188,0
1787801976.047,wrist_roll,-1.030,-1.011,-1.030,-0.019,-0.019,0
1787801976.047,gripper,35.770,36.487,35.770,-0.717,-0.717,0
1787801976.097,shoulder_pan,2.987,4.703,2.987,-1.716,-1.716,0
1787801976.097,shoulder_lift,24.824,31.692,24.824,-6.868,-6.868,0
1787801976.097,elbow_flex,35.322,34.505,35.322,0.816,0.816,0
1787801976.097,wrist_flex,-63.451,-61.451,-63.451,-2.000,-2.000,0
1787801976.097,wrist_roll,-0.997,-1.011,-0.997,0.014,0.014,0
1787801976.097,gripper,35.811,36.487,35.811,-0.676,-0.676,0
1787801976.147,shoulder_pan,2.390,4.176,2.390,-1.786,-1.786,0
1787801976.147,shoulder_lift,24.268,31.429,24.268,-7.161,-7.161,0
1787801976.147,elbow_flex,36.157,35.209,36.157,0.948,0.948,0
1787801976.147,wrist_flex,-63.877,-61.802,-63.877,-2.075,-2.075,0
1787801976.147,wrist_roll,-0.988,-1.011,-0.988,0.023,0.023,0
1787801976.147,gripper,35.836,36.487,35.836,-0.651,-0.651,0
1787801976.197,shoulder_pan,1.661,3.648,1.661,-1.988,-1.988,0
1787801976.197,shoulder_lift,24.001,30.989,24.001,-6.988,-6.988,0
1787801976.197,elbow_flex,36.704,36.264,36.704,0.440,0.440,0
1787801976.197,wrist_flex,-64.277,-62.154,-64.277,-2.123,-2.123,0
1787801976.197,wrist_roll,-0.981,-1.011,-0.981,0.029,0.029,0
1787801976.197,gripper,35.828,36.487,35.828,-0.660,-0.660,0
1787801976.248,shoulder_pan,0.800,3.033,0.800,-2.233,-2.233,0
1787801976.248,shoulder_lift,23.792,30.286,23.792,-6.494,-6.494,0
1787801976.248,elbow_flex,37.296,36.967,37.296,0.329,0.329,0
1787801976.248,wrist_flex,-64.674,-62.418,-64.674,-2.256,-2.256,0
1787801976.248,wrist_roll,-0.975,-1.011,-0.975,0.036,0.036,0
1787801976.248,gripper,35.816,36.487,35.816,-0.672,-0.672,0
1787801976.298,shoulder_pan,-0.059,2.330,-0.059,-2.389,-2.389,0
1787801976.298,shoulder_lift,23.755,29.846,23.755,-6.091,-6.091,0
1787801976.298,elbow_flex,37.798,37.319,37.798,0.479,0.479,0
1787801976.298,wrist_flex,-65.141,-62.857,-65.141,-2.283,-2.283,0
1787801976.298,wrist_roll,-0.974,-1.011,-0.974,0.037,0.037,0
1787801976.298,gripper,35.787,36.487,35.787,-0.701,-0.701,0
1787801976.347,shoulder_pan,-0.614,1.626,-0.614,-2.240,-2.240,0
1787801976.347,shoulder_lift,23.884,29.495,23.884,-5.610,-5.610,0
1787801976.347,elbow_flex,38.116,37.934,38.116,0.182,0.182,0
1787801976.347,wrist_flex,-65.399,-63.297,-65.399,-2.103,-2.103,0
1787801976.347,wrist_roll,-0.966,-1.011,-0.966,0.045,0.045,0
1787801976.347,gripper,35.762,36.487,35.762,-0.725,-0.725,0
1787801976.398,shoulder_pan,-1.446,0.747,-1.446,-2.194,-2.194,0
1787801976.398,shoulder_lift,24.122,29.495,24.122,-5.373,-5.373,0
1787801976.398,elbow_flex,38.472,38.374,38.472,0.098,0.098,0
1787801976.398,wrist_flex,-65.880,-63.648,-65.880,-2.231,-2.231,0
1787801976.398,wrist_roll,-0.964,-1.011,-0.964,0.047,0.047,0
1787801976.398,gripper,35.747,36.487,35.747,-0.741,-0.741,0
1787801976.446,shoulder_pan,-2.092,0.044,-2.092,-2.136,-2.136,0
1787801976.446,shoulder_lift,24.328,29.495,24.328,-5.167,-5.167,0
1787801976.446,elbow_flex,38.790,38.637,38.790,0.152,0.152,0
1787801976.446,wrist_flex,-66.209,-64.000,-66.209,-2.209,-2.209,0
1787801976.446,wrist_roll,-0.962,-1.011,-0.962,0.049,0.049,0
1787801976.446,gripper,35.721,36.487,35.721,-0.766,-0.766,0
1787801976.498,shoulder_pan,-2.768,-0.659,-2.768,-2.109,-2.109,0
1787801976.498,shoulder_lift,24.629,29.495,24.629,-4.865,-4.865,0
1787801976.498,elbow_flex,39.053,38.901,39.053,0.152,0.152,0
1787801976.498,wrist_flex,-66.573,-64.440,-66.573,-2.133,-2.133,0
1787801976.498,wrist_roll,-0.958,-1.011,-0.958,0.053,0.053,0
1787801976.498,gripper,35.701,36.487,35.701,-0.786,-0.786,0
1787801976.548,shoulder_pan,-3.255,-1.363,-3.255,-1.892,-1.892,0
1787801976.548,shoulder_lift,24.977,29.495,24.977,-4.518,-4.518,0
1787801976.548,elbow_flex,39.213,39.253,39.213,-0.040,-0.040,0
1787801976.548,wrist_flex,-66.865,-64.791,-66.865,-2.074,-2.074,0
1787801976.548,wrist_roll,-0.964,-1.011,-0.964,0.047,0.047,0
1787801976.548,gripper,35.680,36.487,35.680,-0.808,-0.808,0
1787801976.598,shoulder_pan,-3.656,-2.066,-3.656,-1.590,-1.590,0
1787801976.598,shoulder_lift,25.410,29.495,25.410,-4.085,-4.085,0
1787801976.598,elbow_flex,39.275,39.341,39.275,-0.066,-0.066,0
1787801976.598,wrist_flex,-67.097,-65.143,-67.097,-1.954,-1.954,0
1787801976.598,wrist_roll,-0.964,-1.011,-0.964,0.047,0.047,0
1787801976.598,gripper,35.666,36.487,35.666,-0.822,-0.822,0
1787801976.647,shoulder_pan,-4.023,-2.593,-4.023,-1.430,-1.430,0
1787801976.647,shoulder_lift,25.986,29.495,25.986,-3.508,-3.508,0
1787801976.647,elbow_flex,39.264,39.429,39.264,-0.164,-0.164,0
1787801976.647,wrist_flex,-67.313,-65.495,-67.313,-1.819,-1.819,0
1787801976.647,wrist_roll,-0.967,-1.011,-0.967,0.044,0.044,0
1787801976.647,gripper,35.641,36.487,35.641,-0.847,-0.847,0
1787801976.698,shoulder_pan,-4.244,-3.121,-4.244,-1.123,-1.123,0
1787801976.698,shoulder_lift,26.899,29.495,26.899,-2.596,-2.596,0
1787801976.698,elbow_flex,39.074,39.516,39.074,-0.443,-0.443,0
1787801976.698,wrist_flex,-67.473,-65.758,-67.473,-1.715,-1.715,0
1787801976.698,wrist_roll,-0.969,-1.011,-0.969,0.042,0.042,0
1787801976.698,gripper,35.625,36.487,35.625,-0.862,-0.862,0
1787801976.749,shoulder_pan,-4.533,-3.560,-4.533,-0.973,-0.973,0
1787801976.749,shoulder_lift,28.056,29.495,28.056,-1.438,-1.438,0
1787801976.749,elbow_flex,38.767,39.516,38.767,-0.749,-0.749,0
1787801976.749,wrist_flex,-67.627,-65.934,-67.627,-1.693,-1.693,0
1787801976.749,wrist_roll,-0.967,-1.011,-0.967,0.044,0.044,0
1787801976.749,gripper,35.603,36.487,35.603,-0.885,-0.885,0
1787801976.798,shoulder_pan,-4.724,-3.912,-4.724,-0.812,-0.812,0
1787801976.798,shoulder_lift,28.960,29.495,28.960,-0.534,-0.534,0
1787801976.798,elbow_flex,38.479,39.516,38.479,-1.037,-1.037,0
1787801976.798,wrist_flex,-67.747,-66.022,-67.747,-1.725,-1.725,0
1787801976.798,wrist_roll,-0.967,-1.011,-0.967,0.044,0.044,0
1787801976.798,gripper,35.586,36.487,35.586,-0.902,-0.902,0
1787801976.850,shoulder_pan,-4.860,-4.176,-4.860,-0.685,-0.685,0
1787801976.850,shoulder_lift,30.007,29.495,30.007,0.513,0.513,0
1787801976.850,elbow_flex,38.137,39.516,38.137,-1.380,-1.380,0
1787801976.850,wrist_flex,-67.908,-66.198,-67.908,-1.710,-1.710,0
1787801976.850,wrist_roll,-0.970,-1.011,-0.970,0.041,0.041,0
1787801976.850,gripper,35.575,36.487,35.575,-0.913,-0.913,0
1787801976.897,shoulder_pan,-5.018,-4.440,-5.018,-0.579,-0.579,0
1787801976.897,shoulder_lift,31.681,29.846,31.681,1.835,1.835,0
1787801976.897,elbow_flex,37.492,39.516,37.492,-2.025,-2.025,0
1787801976.897,wrist_flex,-68.121,-66.286,-68.121,-1.835,-1.835,0
1787801976.897,wrist_roll,-0.974,-1.011,-0.974,0.037,0.037,0
1787801976.897,gripper,35.567,36.487,35.567,-0.921,-0.921,0
1787801976.948,shoulder_pan,-5.110,-4.527,-5.110,-0.583,-0.583,0
1787801976.948,shoulder_lift,33.061,31.165,33.061,1.896,1.896,0
1787801976.948,elbow_flex,36.964,39.341,36.964,-2.377,-2.377,0
1787801976.948,wrist_flex,-68.333,-66.549,-68.333,-1.783,-1.783,0
1787801976.948,wrist_roll,-0.976,-1.011,-0.976,0.035,0.035,0
1787801976.948,gripper,35.562,36.487,35.562,-0.926,-0.926,0
1787801976.998,shoulder_pan,-5.223,-4.527,-5.223,-0.695,-0.695,0
1787801976.998,shoulder_lift,34.592,32.747,34.592,1.845,1.845,0
1787801976.998,elbow_flex,36.443,39.341,36.443,-2.898,-2.898,0
1787801976.998,wrist_flex,-68.571,-66.813,-68.571,-1.758,-1.758,0
1787801976.998,wrist_roll,-0.976,-1.011,-0.976,0.035,0.035,0
1787801976.998,gripper,35.559,36.487,35.559,-0.928,-0.928,0
1787801977.049,shoulder_pan,-5.334,-4.440,-5.334,-0.894,-0.894,0
1787801977.049,shoulder_lift,35.903,34.330,35.903,1.573,1.573,0
1787801977.049,elbow_flex,36.027,39.341,36.027,-3.314,-3.314,0
1787801977.049,wrist_flex,-68.749,-66.901,-68.749,-1.848,-1.848,0
1787801977.049,wrist_roll,-0.981,-1.011,-0.981,0.030,0.030,0
1787801977.049,gripper,35.541,36.487,35.541,-0.946,-0.946,0
1787801977.101,shoulder_pan,-5.410,-4.615,-5.410,-0.795,-0.795,0
1787801977.101,shoulder_lift,37.152,36.000,37.152,1.152,1.152,0
1787801977.101,elbow_flex,35.579,39.253,35.579,-3.674,-3.674,0
1787801977.101,wrist_flex,-68.964,-66.901,-68.964,-2.063,-2.063,0
1787801977.101,wrist_roll,-0.987,-1.011,-0.987,0.024,0.024,0
1787801977.101,gripper,35.562,36.487,35.562,-0.926,-0.926,0
1787801977.149,shoulder_pan,-5.510,-4.791,-5.510,-0.719,-0.719,0
1787801977.149,shoulder_lift,38.608,37.231,38.608,1.377,1.377,0
1787801977.149,elbow_flex,35.125,39.165,35.125,-4.040,-4.040,0
1787801977.149,wrist_flex,-69.231,-67.077,-69.231,-2.154,-2.154,0
1787801977.149,wrist_roll,-0.994,-1.011,-0.994,0.017,0.017,0
1787801977.149,gripper,35.569,36.487,35.569,-0.919,-0.919,0
1787801977.198,shoulder_pan,-5.555,-5.055,-5.555,-0.500,-0.500,0
1787801977.198,shoulder_lift,39.492,38.637,39.492,0.854,0.854,0
1787801977.198,elbow_flex,34.851,38.725,34.851,-3.874,-3.874,0
1787801977.198,wrist_flex,-69.405,-67.516,-69.405,-1.889,-1.889,0
1787801977.198,wrist_roll,-0.997,-1.011,-0.997,0.014,0.014,0
1787801977.198,gripper,35.583,36.487,35.583,-0.905,-0.905,0
1787801977.251,shoulder_pan,-5.604,-5.143,-5.604,-0.461,-0.461,0
1787801977.251,shoulder_lift,40.896,39.956,40.896,0.940,0.940,0
1787801977.251,elbow_flex,34.379,38.198,34.379,-3.819,-3.819,0
1787801977.251,wrist_flex,-69.704,-67.780,-69.704,-1.924,-1.924,0
1787801977.251,wrist_roll,-1.001,-1.011,-1.001,0.010,0.010,0
1787801977.251,gripper,35.612,36.487,35.612,-0.876,-0.876,0
1787801977.298,shoulder_pan,-5.633,-5.231,-5.633,-0.403,-0.403,0
1787801977.298,shoulder_lift,42.365,40.835,42.365,1.530,1.530,0
1787801977.298,elbow_flex,33.863,37.846,33.863,-3.983,-3.983,0
1787801977.298,wrist_flex,-70.028,-68.044,-70.028,-1.984,-1.984,0
1787801977.298,wrist_roll,-1.008,-1.011,-1.008,0.003,0.003,0
1787801977.298,gripper,35.640,36.487,35.640,-0.847,-0.847,0
1787801977.350,shoulder_pan,-5.643,-5.319,-5.643,-0.325,-0.325,0
1787801977.350,shoulder_lift,43.820,42.154,43.820,1.666,1.666,0
1787801977.350,elbow_flex,33.314,37.143,33.314,-3.829,-3.829,0
1787801977.350,wrist_flex,-70.321,-68.396,-70.321,-1.925,-1.925,0
1787801977.350,wrist_roll,-1.012,-1.011,-1.012,-0.001,-0.001,0
1787801977.350,gripper,35.700,36.487,35.700,-0.787,-0.787,0
1787801977.399,shoulder_pan,-5.646,-5.319,-5.646,-0.328,-0.328,0
1787801977.399,shoulder_lift,44.746,43.560,44.746,1.186,1.186,0
1787801977.399,elbow_flex,33.036,36.527,33.036,-3.492,-3.492,0
1787801977.399,wrist_flex,-70.520,-68.659,-70.520,-1.861,-1.861,0
1787801977.399,wrist_roll,-1.008,-1.011,-1.008,0.003,0.003,0
1787801977.399,gripper,35.728,36.487,35.728,-0.760,-0.760,0
1787801977.449,shoulder_pan,-5.660,-5.319,-5.660,-0.342,-0.342,0
1787801977.449,shoulder_lift,45.508,45.055,45.508,0.453,0.453,0
1787801977.449,elbow_flex,32.853,36.088,32.853,-3.235,-3.235,0
1787801977.449,wrist_flex,-70.657,-68.923,-70.657,-1.734,-1.734,0
1787801977.449,wrist_roll,-1.013,-1.011,-1.013,-0.002,-0.002,0
1787801977.449,gripper,35.769,36.487,35.769,-0.718,-0.718,0
1787801977.500,shoulder_pan,-5.663,-5.319,-5.663,-0.344,-0.344,0
1787801977.500,shoulder_lift,46.364,46.110,46.364,0.254,0.254,0
1787801977.500,elbow_flex,32.585,35.736,32.585,-3.151,-3.151,0
1787801977.500,wrist_flex,-70.834,-69.187,-70.834,-1.648,-1.648,0
1787801977.500,wrist_roll,-1.014,-1.011,-1.014,-0.003,-0.003,0
1787801977.500,gripper,35.810,36.487,35.810,-0.678,-0.678,0
1787801977.549,shoulder_pan,-5.646,-5.319,-5.646,-0.328,-0.328,0
1787801977.549,shoulder_lift,47.392,46.725,47.392,0.667,0.667,0
1787801977.549,elbow_flex,32.335,35.473,32.335,-3.138,-3.138,0
1787801977.549,wrist_flex,-71.157,-69.187,-71.157,-1.970,-1.970,0
1787801977.549,wrist_roll,-1.015,-1.011,-1.015,-0.004,-0.004,0
1787801977.549,gripper,35.867,36.487,35.867,-0.621,-0.621,0
1787801977.601,shoulder_pan,-5.627,-5.319,-5.627,-0.308,-0.308,0
1787801977.601,shoulder_lift,48.100,47.516,48.100,0.583,0.583,0
1787801977.601,elbow_flex,32.147,35.033,32.147,-2.886,-2.886,0
1787801977.601,wrist_flex,-71.263,-69.363,-71.263,-1.901,-1.901,0
1787801977.601,wrist_roll,-1.008,-1.011,-1.008,0.003,0.003,0
1787801977.601,gripper,35.922,36.487,35.922,-0.565,-0.565,0
1787801977.650,shoulder_pan,-5.612,-5.319,-5.612,-0.294,-0.294,0
1787801977.650,shoulder_lift,48.648,48.484,48.648,0.165,0.165,0
1787801977.650,elbow_flex,32.031,34.681,32.031,-2.650,-2.650,0
1787801977.650,wrist_flex,-71.335,-69.626,-71.335,-1.709,-1.709,0
1787801977.650,wrist_roll,-1.004,-1.011,-1.004,0.007,0.007,0
1787801977.650,gripper,35.975,36.487,35.975,-0.512,-0.512,0
1787801977.701,shoulder_pan,-5.605,-5.319,-5.605,-0.287,-0.287,0
1787801977.701,shoulder_lift,49.160,49.099,49.160,0.061,0.061,0
1787801977.701,elbow_flex,31.952,34.418,31.952,-2.466,-2.466,0
1787801977.701,wrist_flex,-71.409,-69.978,-71.409,-1.430,-1.430,0
1787801977.701,wrist_roll,-0.998,-1.011,-0.998,0.013,0.013,0
1787801977.701,gripper,36.011,36.487,36.011,-0.477,-0.477,0
1787801977.749,shoulder_pan,-5.593,-5.319,-5.593,-0.274,-0.274,0
1787801977.749,shoulder_lift,49.731,49.538,49.731,0.193,0.193,0
1787801977.749,elbow_flex,31.831,34.330,31.831,-2.498,-2.498,0
1787801977.749,wrist_flex,-71.490,-70.154,-71.490,-1.337,-1.337,0
1787801977.749,wrist_roll,-0.990,-1.011,-0.990,0.021,0.021,0
1787801977.749,gripper,36.064,36.487,36.064,-0.424,-0.424,0
1787801977.800,shoulder_pan,-5.578,-5.319,-5.578,-0.259,-0.259,0
1787801977.800,shoulder_lift,50.132,49.890,50.132,0.242,0.242,0
1787801977.800,elbow_flex,31.789,34.330,31.789,-2.541,-2.541,0
1787801977.800,wrist_flex,-71.510,-70.505,-71.510,-1.005,-1.005,0
1787801977.800,wrist_roll,-0.987,-1.011,-0.987,0.024,0.024,0
1787801977.800,gripper,36.096,36.487,36.096,-0.391,-0.391,0
1787801977.851,shoulder_pan,-5.578,-5.319,-5.578,-0.259,-0.259,0
1787801977.851,shoulder_lift,50.635,50.418,50.635,0.218,0.218,0
1787801977.851,elbow_flex,31.759,33.978,31.759,-2.219,-2.219,0
1787801977.851,wrist_flex,-71.470,-70.769,-71.470,-0.700,-0.700,0
1787801977.851,wrist_roll,-0.981,-0.923,-0.981,-0.058,-0.058,0
1787801977.851,gripper,36.145,36.487,36.145,-0.343,-0.343,0
1787801977.899,shoulder_pan,-5.582,-5.319,-5.582,-0.263,-0.263,0
1787801977.899,shoulder_lift,50.990,50.857,50.990,0.133,0.133,0
1787801977.899,elbow_flex,31.786,33.538,31.786,-1.753,-1.753,0
1787801977.899,wrist_flex,-71.486,-70.945,-71.486,-0.540,-0.540,0
1787801977.899,wrist_roll,-0.965,-0.923,-0.965,-0.042,-0.042,0
1787801977.899,gripper,36.190,36.487,36.190,-0.297,-0.297,0
1787801977.949,shoulder_pan,-5.602,-5.319,-5.602,-0.283,-0.283,0
1787801977.949,shoulder_lift,51.309,51.209,51.309,0.100,0.100,0
1787801977.949,elbow_flex,31.795,33.275,31.795,-1.479,-1.479,0
1787801977.949,wrist_flex,-71.518,-70.945,-71.518,-0.573,-0.573,0
1787801977.949,wrist_roll,-0.946,-0.835,-0.946,-0.111,-0.111,0
1787801977.949,gripper,36.230,36.487,36.230,-0.257,-0.257,0
1787801978.000,shoulder_pan,-5.623,-5.319,-5.623,-0.304,-0.304,0
1787801978.000,shoulder_lift,51.515,51.473,51.515,0.042,0.042,0
1787801978.000,elbow_flex,31.820,33.099,31.820,-1.279,-1.279,0
1787801978.000,wrist_flex,-71.534,-71.121,-71.534,-0.413,-0.413,0
1787801978.000,wrist_roll,-0.924,-0.835,-0.924,-0.089,-0.089,0
1787801978.000,gripper,36.255,36.487,36.255,-0.233,-0.233,0
1787801978.050,shoulder_pan,-5.628,-5.319,-5.628,-0.309,-0.309,0
1787801978.050,shoulder_lift,51.648,51.736,51.648,-0.088,-0.088,0
1787801978.050,elbow_flex,31.864,33.099,31.864,-1.235,-1.235,0
1787801978.050,wrist_flex,-71.591,-71.473,-71.591,-0.119,-0.119,0
1787801978.050,wrist_roll,-0.909,-0.835,-0.909,-0.074,-0.074,0
1787801978.050,gripper,36.278,36.487,36.278,-0.209,-0.209,0
1787801978.100,shoulder_pan,-5.635,-5.319,-5.635,-0.317,-0.317,0
1787801978.100,shoulder_lift,51.726,51.824,51.726,-0.098,-0.098,0
1787801978.100,elbow_flex,31.917,33.099,31.917,-1.182,-1.182,0
1787801978.100,wrist_flex,-71.642,-71.473,-71.642,-0.170,-0.170,0
1787801978.100,wrist_roll,-0.907,-0.747,-0.907,-0.159,-0.159,0
1787801978.100,gripper,36.295,36.487,36.295,-0.192,-0.192,0
1787801978.151,shoulder_pan,-5.641,-5.319,-5.641,-0.322,-0.322,0
1787801978.151,shoulder_lift,51.826,51.824,51.826,0.002,0.002,0
1787801978.151,elbow_flex,31.945,33.099,31.945,-1.154,-1.154,0
1787801978.151,wrist_flex,-71.692,-71.473,-71.692,-0.219,-0.219,0
1787801978.151,wrist_roll,-0.907,-0.747,-0.907,-0.160,-0.160,0
1787801978.151,gripper,36.304,36.487,36.304,-0.184,-0.184,0
1787801978.201,shoulder_pan,-5.631,-5.319,-5.631,-0.312,-0.312,0
1787801978.201,shoulder_lift,51.876,51.824,51.876,0.052,0.052,0
1787801978.201,elbow_flex,31.959,33.099,31.959,-1.139,-1.139,0
1787801978.201,wrist_flex,-71.695,-71.473,-71.695,-0.223,-0.223,0
1787801978.201,wrist_roll,-0.902,-0.747,-0.902,-0.155,-0.155,0
1787801978.201,gripper,36.313,36.487,36.313,-0.174,-0.174,0
1787801978.250,shoulder_pan,-5.588,-5.319,-5.588,-0.270,-0.270,0
1787801978.250,shoulder_lift,51.942,51.824,51.942,0.118,0.118,0
1787801978.250,elbow_flex,31.959,33.099,31.959,-1.140,-1.140,0
1787801978.250,wrist_flex,-71.660,-71.473,-71.660,-0.187,-0.187,0
1787801978.250,wrist_roll,-0.938,-0.747,-0.938,-0.191,-0.191,0
1787801978.250,gripper,36.389,36.487,36.389,-0.099,-0.099,0
1787801978.300,shoulder_pan,-5.500,-5.319,-5.500,-0.181,-0.181,0
1787801978.300,shoulder_lift,52.010,51.824,52.010,0.185,0.185,0
1787801978.300,elbow_flex,31.904,33.099,31.904,-1.195,-1.195,0
1787801978.300,wrist_flex,-71.616,-71.473,-71.616,-0.143,-0.143,0
1787801978.300,wrist_roll,-0.987,-0.747,-0.987,-0.240,-0.240,0
1787801978.300,gripper,36.552,36.487,36.552,0.064,0.064,0
1787801978.351,shoulder_pan,-5.399,-5.319,-5.399,-0.080,-0.080,0
1787801978.351,shoulder_lift,52.067,51.912,52.067,0.155,0.155,0
1787801978.351,elbow_flex,31.827,33.099,31.827,-1.272,-1.272,0
1787801978.351,wrist_flex,-71.479,-71.473,-71.479,-0.006,-0.006,0
1787801978.351,wrist_roll,-1.066,-0.747,-1.066,-0.319,-0.319,0
1787801978.351,gripper,37.324,36.487,37.324,0.836,0.836,0
1787801978.401,shoulder_pan,-5.427,-5.319,-5.427,-0.108,-0.108,0
1787801978.401,shoulder_lift,52.172,52.264,52.172,-0.092,-0.092,0
1787801978.401,elbow_flex,31.934,32.923,31.934,-0.989,-0.989,0
1787801978.401,wrist_flex,-71.581,-71.473,-71.581,-0.109,-0.109,0
1787801978.401,wrist_roll,-1.123,-0.747,-1.123,-0.376,-0.376,0
1787801978.401,gripper,39.034,36.624,39.034,2.411,2.411,0
1787801978.449,shoulder_pan,-5.524,-5.319,-5.524,-0.205,-0.205,0
1787801978.449,shoulder_lift,52.248,52.264,52.248,-0.016,-0.016,0
1787801978.449,elbow_flex,32.028,32.835,32.028,-0.807,-0.807,0
1787801978.449,wrist_flex,-71.915,-71.560,-71.915,-0.354,-0.354,0
1787801978.449,wrist_roll,-1.207,-0.659,-1.207,-0.547,-0.547,0
1787801978.449,gripper,42.495,37.236,42.495,5.259,5.259,0
1787801978.499,shoulder_pan,-5.779,-5.407,-5.779,-0.373,-0.373,0
1787801978.499,shoulder_lift,52.252,52.352,52.252,-0.099,-0.099,0
1787801978.499,elbow_flex,32.240,32.747,32.240,-0.507,-0.507,0
1787801978.499,wrist_flex,-72.304,-71.385,-72.304,-0.919,-0.919,0
1787801978.499,wrist_roll,-1.312,-0.659,-1.312,-0.653,-0.653,0
1787801978.499,gripper,48.017,38.189,48.017,9.828,9.828,0
1787801978.549,shoulder_pan,-5.914,-5.582,-5.914,-0.332,-0.332,0
1787801978.549,shoulder_lift,52.226,52.527,52.226,-0.301,-0.301,0
1787801978.549,elbow_flex,32.378,32.835,32.378,-0.457,-0.457,0
1787801978.549,wrist_flex,-72.397,-71.209,-72.397,-1.188,-1.188,0
1787801978.549,wrist_roll,-1.401,-0.835,-1.401,-0.566,-0.566,0
1787801978.549,gripper,52.541,40.300,52.541,12.242,12.242,0
1787801978.602,shoulder_pan,-6.032,-5.582,-6.032,-0.449,-0.449,0
1787801978.602,shoulder_lift,52.173,52.615,52.173,-0.443,-0.443,0
1787801978.602,elbow_flex,32.709,32.923,32.709,-0.214,-0.214,0
1787801978.602,wrist_flex,-72.698,-71.297,-72.698,-1.401,-1.401,0
1787801978.602,wrist_roll,-1.459,-0.923,-1.459,-0.536,-0.536,0
1787801978.602,gripper,55.227,43.839,55.227,11.387,11.387,0
1787801978.650,shoulder_pan,-6.112,-5.495,-6.112,-0.617,-0.617,0
1787801978.650,shoulder_lift,52.066,52.615,52.066,-0.550,-0.550,0
1787801978.650,elbow_flex,33.077,32.923,33.077,0.154,0.154,0
1787801978.650,wrist_flex,-73.066,-71.297,-73.066,-1.769,-1.769,0
1787801978.650,wrist_roll,-1.501,-1.187,-1.501,-0.314,-0.314,0
1787801978.650,gripper,56.702,47.651,56.702,9.051,9.051,0
1787801978.701,shoulder_pan,-6.167,-5.582,-6.167,-0.584,-0.584,0
1787801978.701,shoulder_lift,51.994,52.615,51.994,-0.622,-0.622,0
1787801978.701,elbow_flex,33.694,32.923,33.694,0.771,0.771,0
1787801978.701,wrist_flex,-73.740,-71.385,-73.740,-2.355,-2.355,0
1787801978.701,wrist_roll,-1.513,-1.363,-1.513,-0.151,-0.151,0
1787801978.701,gripper,57.035,51.123,57.035,5.912,5.912,0
1787801978.751,shoulder_pan,-6.236,-5.758,-6.236,-0.477,-0.477,0
1787801978.751,shoulder_lift,51.934,52.615,51.934,-0.681,-0.681,0
1787801978.751,elbow_flex,34.534,33.187,34.534,1.347,1.347,0
1787801978.751,wrist_flex,-74.632,-71.824,-74.632,-2.808,-2.808,0
1787801978.751,wrist_roll,-1.537,-1.363,-1.537,-0.174,-0.174,0
1787801978.751,gripper,57.220,53.574,57.220,3.646,3.646,0
1787801978.802,shoulder_pan,-6.358,-5.758,-6.358,-0.599,-0.599,0
1787801978.802,shoulder_lift,51.901,52.527,51.901,-0.627,-0.627,0
1787801978.802,elbow_flex,35.880,33.890,35.880,1.990,1.990,0
1787801978.802,wrist_flex,-76.106,-72.440,-76.106,-3.666,-3.666,0
1787801978.802,wrist_roll,-1.533,-1.363,-1.533,-0.170,-0.170,0
1787801978.802,gripper,57.316,54.935,57.316,2.381,2.381,0
1787801978.852,shoulder_pan,-6.502,-5.758,-6.502,-0.744,-0.744,0
1787801978.852,shoulder_lift,51.926,52.527,51.926,-0.601,-0.601,0
1787801978.852,elbow_flex,37.445,34.593,37.445,2.851,2.851,0
1787801978.852,wrist_flex,-77.806,-73.319,-77.806,-4.488,-4.488,0
1787801978.852,wrist_roll,-1.536,-1.363,-1.536,-0.174,-0.174,0
1787801978.852,gripper,57.337,55.820,57.337,1.516,1.516,0
1787801978.902,shoulder_pan,-6.717,-5.670,-6.717,-1.047,-1.047,0
1787801978.902,shoulder_lift,51.954,52.527,51.954,-0.573,-0.573,0
1787801978.902,elbow_flex,39.641,35.648,39.641,3.993,3.993,0
1787801978.902,wrist_flex,-80.278,-74.462,-80.278,-5.816,-5.816,0
1787801978.902,wrist_roll,-1.553,-1.363,-1.553,-0.191,-0.191,0
1787801978.902,gripper,57.300,56.229,57.300,1.072,1.072,0
1787801978.951,shoulder_pan,-6.922,-5.846,-6.922,-1.076,-1.076,0
1787801978.951,shoulder_lift,52.031,52.527,52.031,-0.497,-0.497,0
1787801978.951,elbow_flex,41.749,36.967,41.749,4.782,4.782,0
1787801978.951,wrist_flex,-82.725,-75.956,-82.725,-6.768,-6.768,0
1787801978.951,wrist_roll,-1.552,-1.451,-1.552,-0.102,-0.102,0
1787801978.951,gripper,57.194,56.501,57.194,0.693,0.693,0
1787801979.001,shoulder_pan,-7.144,-6.198,-7.144,-0.946,-0.946,0
1787801979.001,shoulder_lift,52.108,52.527,52.108,-0.420,-0.420,0
1787801979.001,elbow_flex,43.868,38.813,43.868,5.055,5.055,0
1787801979.001,wrist_flex,-84.914,-77.802,-84.914,-7.112,-7.112,0
1787801979.001,wrist_roll,-1.559,-1.451,-1.559,-0.108,-0.108,0
1787801979.001,gripper,57.188,56.569,57.188,0.619,0.619,0
1787801979.050,shoulder_pan,-7.281,-6.462,-7.281,-0.819,-0.819,0
1787801979.050,shoulder_lift,52.215,52.527,52.215,-0.312,-0.312,0
1787801979.050,elbow_flex,45.900,40.659,45.900,5.241,5.241,0
1787801979.050,wrist_flex,-87.207,-80.000,-87.207,-7.207,-7.207,0
1787801979.050,wrist_roll,-1.558,-1.451,-1.558,-0.108,-0.108,0
1787801979.050,gripper,57.116,56.569,57.116,0.547,0.547,0
1787801979.102,shoulder_pan,-7.510,-6.725,-7.510,-0.785,-0.785,0
1787801979.102,shoulder_lift,52.361,52.527,52.361,-0.166,-0.166,0
1787801979.102,elbow_flex,48.206,42.769,48.206,5.437,5.437,0
1787801979.102,wrist_flex,-89.488,-82.286,-89.488,-7.202,-7.202,0
1787801979.102,wrist_roll,-1.561,-1.451,-1.561,-0.110,-0.110,0
1787801979.102,gripper,57.095,56.569,57.095,0.526,0.526,0
1787801979.152,shoulder_pan,-7.687,-6.989,-7.687,-0.698,-0.698,0
1787801979.152,shoulder_lift,52.442,52.527,52.442,-0.085,-0.085,0
1787801979.152,elbow_flex,50.219,44.615,50.219,5.604,5.604,0
1787801979.152,wrist_flex,-91.567,-84.484,-91.567,-7.084,-7.084,0
1787801979.152,wrist_roll,-1.557,-1.451,-1.557,-0.106,-0.106,0
1787801979.152,gripper,57.075,56.569,57.075,0.506,0.506,0
1787801979.201,shoulder_pan,-7.843,-7.165,-7.843,-0.679,-0.679,0
1787801979.201,shoulder_lift,52.578,52.615,52.578,-0.038,-0.038,0
1787801979.201,elbow_flex,52.357,46.725,52.357,5.632,5.632,0
1787801979.201,wrist_flex,-93.708,-86.593,-93.708,-7.114,-7.114,0
1787801979.201,wrist_roll,-1.550,-1.451,-1.550,-0.099,-0.099,0
1787801979.201,gripper,57.018,56.569,57.018,0.449,0.449,0
1787801979.252,shoulder_pan,-7.991,-7.341,-7.991,-0.651,-0.651,0
1787801979.252,shoulder_lift,52.695,52.703,52.695,-0.009,-0.009,0
1787801979.252,elbow_flex,54.266,48.747,54.266,5.519,5.519,0
1787801979.252,wrist_flex,-95.530,-88.879,-95.530,-6.651,-6.651,0
1787801979.252,wrist_roll,-1.528,-1.451,-1.528,-0.077,-0.077,0
1787801979.252,gripper,56.968,56.569,56.968,0.399,0.399,0
1787801979.302,shoulder_pan,-8.078,-7.516,-8.078,-0.561,-0.561,0
1787801979.302,shoulder_lift,52.755,52.879,52.755,-0.124,-0.124,0
1787801979.302,elbow_flex,55.524,50.857,55.524,4.667,4.667,0
1787801979.302,wrist_flex,-96.669,-90.989,-96.669,-5.680,-5.680,0
1787801979.302,wrist_roll,-1.490,-1.451,-1.490,-0.039,-0.039,0
1787801979.302,gripper,56.911,56.569,56.911,0.342,0.342,0
1787801979.352,shoulder_pan,-8.187,-7.604,-8.187,-0.582,-0.582,0
1787801979.352,shoulder_lift,52.799,52.967,52.799,-0.168,-0.168,0
1787801979.352,elbow_flex,56.841,52.791,56.841,4.050,4.050,0
1787801979.352,wrist_flex,-97.757,-92.659,-97.757,-5.098,-5.098,0
1787801979.352,wrist_roll,-1.452,-1.451,-1.452,-0.001,-0.001,0
1787801979.352,gripper,56.839,56.569,56.839,0.270,0.270,0
1787801979.402,shoulder_pan,-8.262,-7.692,-8.262,-0.570,-0.570,0
1787801979.402,shoulder_lift,52.862,52.967,52.862,-0.105,-0.105,0
1787801979.402,elbow_flex,58.178,54.374,58.178,3.804,3.804,0
1787801979.402,wrist_flex,-98.746,-93.802,-98.746,-4.944,-4.944,0
1787801979.402,wrist_roll,-1.408,-1.451,-1.408,0.043,0.043,0
1787801979.402,gripper,56.679,56.569,56.679,0.110,0.110,0
1787801979.467,shoulder_pan,-6.777,-7.780,-6.777,1.004,1.004,0
1787801979.467,shoulder_lift,53.710,52.967,53.710,0.743,0.743,0
1787801979.467,elbow_flex,62.764,56.220,62.764,6.544,6.544,0
1787801979.467,wrist_flex,-101.797,-94.857,-101.797,-6.940,-6.940,0
1787801979.467,wrist_roll,-1.349,-1.451,-1.349,0.102,0.102,0
1787801979.467,gripper,53.018,56.569,53.018,-3.551,-3.551,0
1787801979.502,shoulder_pan,-6.793,-7.780,-6.793,0.988,0.988,0
1787801979.502,shoulder_lift,53.655,53.055,53.655,0.600,0.600,0
1787801979.502,elbow_flex,63.782,57.011,63.782,6.771,6.771,0
1787801979.502,wrist_flex,-102.012,-95.385,-102.012,-6.627,-6.627,0
1787801979.502,wrist_roll,-1.301,-1.451,-1.301,0.150,0.150,0
1787801979.502,gripper,52.964,56.569,52.964,-3.605,-3.605,0
1787801979.554,shoulder_pan,-6.798,-7.516,-6.798,0.718,0.718,0
1787801979.554,shoulder_lift,53.587,53.582,53.587,0.004,0.004,0
1787801979.554,elbow_flex,65.240,58.505,65.240,6.734,6.734,0
1787801979.554,wrist_flex,-102.209,-96.088,-102.209,-6.122,-6.122,0
1787801979.554,wrist_roll,-1.217,-1.451,-1.217,0.234,0.234,0
1787801979.554,gripper,52.898,55.888,52.898,-2.990,-2.990,0
1787801979.602,shoulder_pan,-6.793,-7.341,-6.793,0.548,0.548,0
1787801979.602,shoulder_lift,53.532,53.758,53.532,-0.227,-0.227,0
1787801979.602,elbow_flex,66.374,60.791,66.374,5.583,5.583,0
1787801979.602,wrist_flex,-102.274,-96.703,-102.274,-5.571,-5.571,0
1787801979.602,wrist_roll,-1.118,-1.275,-1.118,0.157,0.157,0
1787801979.602,gripper,52.813,54.731,52.813,-1.918,-1.918,0
1787801979.654,shoulder_pan,-6.817,-7.077,-6.817,0.260,0.260,0
1787801979.654,shoulder_lift,53.517,53.758,53.517,-0.241,-0.241,0
1787801979.654,elbow_flex,67.344,62.725,67.344,4.619,4.619,0
1787801979.654,wrist_flex,-102.340,-97.319,-102.340,-5.021,-5.021,0
1787801979.654,wrist_roll,-1.047,-1.451,-1.047,0.404,0.404,0
1787801979.654,gripper,52.757,54.050,52.757,-1.293,-1.293,0
1787801979.702,shoulder_pan,-6.866,-6.989,-6.866,0.123,0.123,0
1787801979.702,shoulder_lift,53.462,53.758,53.462,-0.296,-0.296,0
1787801979.702,elbow_flex,68.405,64.044,68.405,4.361,4.361,0
1787801979.702,wrist_flex,-102.340,-97.582,-102.340,-4.758,-4.758,0
1787801979.702,wrist_roll,-0.986,-1.451,-0.986,0.464,0.464,0
1787801979.702,gripper,52.731,53.710,52.731,-0.979,-0.979,0
1787801979.753,shoulder_pan,-6.915,-6.989,-6.915,0.074,0.074,0
1787801979.753,shoulder_lift,53.438,53.758,53.438,-0.321,-0.321,0
1787801979.753,elbow_flex,69.096,65.275,69.096,3.821,3.821,0
1787801979.753,wrist_flex,-102.341,-97.846,-102.341,-4.494,-4.494,0
1787801979.753,wrist_roll,-0.934,-1.451,-0.934,0.516,0.516,0
1787801979.753,gripper,52.762,53.438,52.762,-0.676,-0.676,0
1787801979.804,shoulder_pan,-6.967,-6.989,-6.967,0.022,0.022,0
1787801979.804,shoulder_lift,53.412,53.670,53.412,-0.259,-0.259,0
1787801979.804,elbow_flex,69.556,66.242,69.556,3.315,3.315,0
1787801979.804,wrist_flex,-102.325,-97.934,-102.325,-4.391,-4.391,0
1787801979.804,wrist_roll,-0.891,-1.451,-0.891,0.559,0.559,0
1787801979.804,gripper,52.767,53.370,52.767,-0.602,-0.602,0
1787801979.852,shoulder_pan,-7.005,-6.989,-7.005,-0.016,-0.016,0
1787801979.852,shoulder_lift,53.415,53.670,53.415,-0.255,-0.255,0
1787801979.852,elbow_flex,70.001,67.033,70.001,2.968,2.968,0
1787801979.852,wrist_flex,-102.299,-97.934,-102.299,-4.365,-4.365,0
1787801979.852,wrist_roll,-0.859,-1.451,-0.859,0.591,0.591,0
1787801979.852,gripper,52.785,53.370,52.785,-0.585,-0.585,0
1787801979.903,shoulder_pan,-7.005,-6.989,-7.005,-0.016,-0.016,0
1787801979.903,shoulder_lift,53.364,53.582,53.364,-0.218,-0.218,0
1787801979.903,elbow_flex,70.345,67.736,70.345,2.609,2.609,0
1787801979.903,wrist_flex,-102.279,-98.022,-102.279,-4.257,-4.257,0
1787801979.903,wrist_roll,-0.851,-1.451,-0.851,0.600,0.600,0
1787801979.903,gripper,52.829,53.370,52.829,-0.541,-0.541,0
1787801979.953,shoulder_pan,-7.045,-6.989,-7.045,-0.056,-0.056,0
1787801979.953,shoulder_lift,53.378,53.582,53.378,-0.205,-0.205,0
1787801979.953,elbow_flex,70.701,68.264,70.701,2.437,2.437,0
1787801979.953,wrist_flex,-102.244,-98.198,-102.244,-4.046,-4.046,0
1787801979.953,wrist_roll,-0.818,-1.451,-0.818,0.633,0.633,0
1787801979.953,gripper,52.826,53.370,52.826,-0.543,-0.543,0
1787801980.003,shoulder_pan,-7.060,-6.989,-7.060,-0.071,-0.071,0
1787801980.003,shoulder_lift,53.369,53.582,53.369,-0.214,-0.214,0
1787801980.003,elbow_flex,70.902,68.703,70.902,2.199,2.199,0
1787801980.003,wrist_flex,-102.231,-98.286,-102.231,-3.945,-3.945,0
1787801980.003,wrist_roll,-0.804,-1.451,-0.804,0.647,0.647,0
1787801980.003,gripper,52.863,53.370,52.863,-0.507,-0.507,0
1787801980.054,shoulder_pan,-7.067,-6.989,-7.067,-0.078,-0.078,0
1787801980.054,shoulder_lift,53.344,53.582,53.344,-0.238,-0.238,0
1787801980.054,elbow_flex,71.199,68.967,71.199,2.232,2.232,0
1787801980.054,wrist_flex,-102.215,-98.286,-102.215,-3.929,-3.929,0
1787801980.054,wrist_roll,-0.790,-1.451,-0.790,0.661,0.661,0
1787801980.054,gripper,52.866,53.370,52.866,-0.504,-0.504,0
1787801980.102,shoulder_pan,-7.095,-6.989,-7.095,-0.106,-0.106,0
1787801980.102,shoulder_lift,53.348,53.582,53.348,-0.234,-0.234,0
1787801980.102,elbow_flex,71.327,69.231,71.327,2.097,2.097,0
1787801980.102,wrist_flex,-102.229,-98.286,-102.229,-3.943,-3.943,0
1787801980.102,wrist_roll,-0.767,-1.451,-0.767,0.683,0.683,0
1787801980.102,gripper,52.855,53.370,52.855,-0.515,-0.515,0
1787801980.154,shoulder_pan,-7.111,-6.989,-7.111,-0.122,-0.122,0
1787801980.154,shoulder_lift,53.322,53.495,53.322,-0.173,-0.173,0
1787801980.154,elbow_flex,71.494,69.407,71.494,2.087,2.087,0
1787801980.154,wrist_flex,-102.237,-98.286,-102.237,-3.951,-3.951,0
1787801980.154,wrist_roll,-0.753,-1.451,-0.753,0.697,0.697,0
1787801980.154,gripper,52.834,53.370,52.834,-0.535,-0.535,0
1787801980.203,shoulder_pan,-7.119,-6.989,-7.119,-0.130,-0.130,0
1787801980.203,shoulder_lift,53.317,53.495,53.317,-0.177,-0.177,0
1787801980.203,elbow_flex,71.561,69.670,71.561,1.890,1.890,0
1787801980.203,wrist_flex,-102.238,-98.286,-102.238,-3.952,-3.952,0
1787801980.203,wrist_roll,-0.740,-1.451,-0.740,0.710,0.710,0
1787801980.203,gripper,52.799,53.370,52.799,-0.570,-0.570,0
1787801980.255,shoulder_pan,-7.150,-6.989,-7.150,-0.161,-0.161,0
1787801980.255,shoulder_lift,53.283,53.495,53.283,-0.212,-0.212,0
1787801980.255,elbow_flex,71.642,69.758,71.642,1.884,1.884,0
1787801980.255,wrist_flex,-102.240,-98.286,-102.240,-3.955,-3.955,0
1787801980.255,wrist_roll,-0.737,-1.451,-0.737,0.714,0.714,0
1787801980.255,gripper,52.710,53.370,52.710,-0.659,-0.659,0
1787801980.304,shoulder_pan,-7.170,-6.989,-7.170,-0.181,-0.181,0
1787801980.304,shoulder_lift,53.287,53.407,53.287,-0.120,-0.120,0
1787801980.304,elbow_flex,71.667,69.934,71.667,1.733,1.733,0
1787801980.304,wrist_flex,-102.268,-98.286,-102.268,-3.982,-3.982,0
1787801980.304,wrist_roll,-0.718,-1.451,-0.718,0.732,0.732,0
1787801980.304,gripper,52.590,53.370,52.590,-0.780,-0.780,0
1787801980.353,shoulder_pan,-7.151,-6.989,-7.151,-0.162,-0.162,0
1787801980.353,shoulder_lift,53.311,53.407,53.311,-0.095,-0.095,0
1787801980.353,elbow_flex,71.547,69.934,71.547,1.612,1.612,0
1787801980.353,wrist_flex,-102.262,-98.286,-102.262,-3.976,-3.976,0
1787801980.353,wrist_roll,-0.709,-1.451,-0.709,0.741,0.741,0
1787801980.353,gripper,52.247,53.302,52.247,-1.055,-1.055,0
1787801980.406,shoulder_pan,-7.170,-6.989,-7.170,-0.181,-0.181,0
1787801980.406,shoulder_lift,53.335,53.407,53.335,-0.071,-0.071,0
1787801980.406,elbow_flex,71.428,69.934,71.428,1.494,1.494,0
1787801980.406,wrist_flex,-102.299,-98.286,-102.299,-4.013,-4.013,0
1787801980.406,wrist_roll,-0.699,-1.451,-0.699,0.751,0.751,0
1787801980.406,gripper,51.786,53.097,51.786,-1.311,-1.311,0
1787801980.453,shoulder_pan,-7.154,-6.989,-7.154,-0.165,-0.165,0
1787801980.453,shoulder_lift,53.380,53.407,53.380,-0.026,-0.026,0
1787801980.453,elbow_flex,71.294,69.934,71.294,1.360,1.360,0
1787801980.453,wrist_flex,-102.335,-98.286,-102.335,-4.049,-4.049,0
1787801980.453,wrist_roll,-0.694,-1.451,-0.694,0.757,0.757,0
1787801980.453,gripper,50.631,52.825,50.631,-2.194,-2.194,0
1787801980.504,shoulder_pan,-7.095,-6.989,-7.095,-0.106,-0.106,0
1787801980.504,shoulder_lift,53.418,53.407,53.418,0.012,0.012,0
1787801980.504,elbow_flex,71.287,69.934,71.287,1.353,1.353,0
1787801980.504,wrist_flex,-102.327,-98.286,-102.327,-4.042,-4.042,0
1787801980.504,wrist_roll,-0.699,-1.451,-0.699,0.752,0.752,0
1787801980.504,gripper,49.272,52.212,49.272,-2.941,-2.941,0
1787801980.553,shoulder_pan,-6.974,-6.989,-6.974,0.015,0.015,0
1787801980.553,shoulder_lift,53.460,53.407,53.460,0.054,0.054,0
1787801980.553,elbow_flex,71.162,69.934,71.162,1.228,1.228,0
1787801980.553,wrist_flex,-102.316,-98.286,-102.316,-4.031,-4.031,0
1787801980.553,wrist_roll,-0.736,-1.451,-0.736,0.714,0.714,0
1787801980.553,gripper,46.135,51.396,46.135,-5.261,-5.261,0
1787801980.604,shoulder_pan,-6.783,-6.989,-6.783,0.206,0.206,0
1787801980.604,shoulder_lift,53.433,53.407,53.433,0.026,0.026,0
1787801980.604,elbow_flex,70.859,69.934,70.859,0.925,0.925,0
1787801980.604,wrist_flex,-102.208,-98.286,-102.208,-3.922,-3.922,0
1787801980.604,wrist_roll,-0.753,-1.451,-0.753,0.698,0.698,0
1787801980.604,gripper,42.365,50.102,42.365,-7.737,-7.737,0
1787801980.654,shoulder_pan,-6.701,-6.989,-6.701,0.288,0.288,0
1787801980.654,shoulder_lift,53.404,53.407,53.404,-0.003,-0.003,0
1787801980.654,elbow_flex,70.895,69.934,70.895,0.961,0.961,0
1787801980.654,wrist_flex,-102.155,-98.286,-102.155,-3.869,-3.869,0
1787801980.654,wrist_roll,-0.769,-1.451,-0.769,0.681,0.681,0
1787801980.654,gripper,40.073,47.992,40.073,-7.919,-7.919,0
1787801980.704,shoulder_pan,-6.600,-6.989,-6.600,0.389,0.389,0
1787801980.704,shoulder_lift,53.369,53.407,53.369,-0.038,-0.038,0
1787801980.704,elbow_flex,71.098,69.934,71.098,1.164,1.164,0
1787801980.704,wrist_flex,-102.091,-98.286,-102.091,-3.805,-3.805,0
1787801980.704,wrist_roll,-0.798,-1.363,-0.798,0.565,0.565,0
1787801980.704,gripper,36.823,45.201,36.823,-8.378,-8.378,0
1787801980.755,shoulder_pan,-6.504,-6.989,-6.504,0.485,0.485,0
1787801980.755,shoulder_lift,53.287,53.407,53.287,-0.119,-0.119,0
1787801980.755,elbow_flex,71.276,69.934,71.276,1.342,1.342,0
1787801980.755,wrist_flex,-102.016,-98.286,-102.016,-3.730,-3.730,0
1787801980.755,wrist_roll,-0.824,-1.275,-0.824,0.451,0.451,0
1787801980.755,gripper,33.547,42.546,33.547,-8.999,-8.999,0
1787801980.810,shoulder_pan,-6.453,-6.989,-6.453,0.536,0.536,0
1787801980.810,shoulder_lift,53.250,53.407,53.250,-0.157,-0.157,0
1787801980.810,elbow_flex,71.386,69.934,71.386,1.452,1.452,0
1787801980.810,wrist_flex,-102.004,-98.286,-102.004,-3.718,-3.718,0
1787801980.810,wrist_roll,-0.835,-1.275,-0.835,0.439,0.439,0
1787801980.810,gripper,31.933,39.551,31.933,-7.618,-7.618,0
1787801980.855,shoulder_pan,-6.398,-6.989,-6.398,0.591,0.591,0
1787801980.855,shoulder_lift,53.202,53.407,53.202,-0.205,-0.205,0
1787801980.855,elbow_flex,71.559,69.934,71.559,1.625,1.625,0
1787801980.855,wrist_flex,-102.013,-98.286,-102.013,-3.727,-3.727,0
1787801980.855,wrist_roll,-0.856,-1.187,-0.856,0.331,0.331,0
1787801980.855,gripper,29.961,36.692,29.961,-6.731,-6.731,0
1787801980.905,shoulder_pan,-6.336,-6.989,-6.336,0.653,0.653,0
1787801980.905,shoulder_lift,53.189,53.407,53.189,-0.218,-0.218,0
1787801980.905,elbow_flex,71.624,69.934,71.624,1.690,1.690,0
1787801980.905,wrist_flex,-102.017,-98.286,-102.017,-3.731,-3.731,0
1787801980.905,wrist_roll,-0.879,-1.187,-0.879,0.308,0.308,0
1787801980.905,gripper,28.699,34.309,28.699,-5.610,-5.610,0
1787801980.956,shoulder_pan,-6.302,-6.989,-6.302,0.687,0.687,0
1787801980.956,shoulder_lift,53.161,53.407,53.161,-0.245,-0.245,0
1787801980.956,elbow_flex,71.652,69.934,71.652,1.718,1.718,0
1787801980.956,wrist_flex,-102.012,-98.286,-102.012,-3.726,-3.726,0
1787801980.956,wrist_roll,-0.893,-1.099,-0.893,0.206,0.206,0
1787801980.956,gripper,27.661,31.995,27.661,-4.333,-4.333,0
1787801981.004,shoulder_pan,-6.273,-6.989,-6.273,0.716,0.716,0
1787801981.004,shoulder_lift,53.156,53.407,53.156,-0.250,-0.250,0
1787801981.004,elbow_flex,71.697,69.934,71.697,1.763,1.763,0
1787801981.004,wrist_flex,-102.011,-98.286,-102.011,-3.726,-3.726,0
1787801981.004,wrist_roll,-0.903,-1.099,-0.903,0.196,0.196,0
1787801981.004,gripper,26.692,30.361,26.692,-3.668,-3.668,0
1787801981.058,shoulder_pan,-6.240,-6.989,-6.240,0.749,0.749,0
1787801981.058,shoulder_lift,53.124,53.407,53.124,-0.282,-0.282,0
1787801981.058,elbow_flex,71.767,69.934,71.767,1.833,1.833,0
1787801981.058,wrist_flex,-102.016,-98.286,-102.016,-3.730,-3.730,0
1787801981.058,wrist_roll,-0.915,-1.099,-0.915,0.184,0.184,0
1787801981.058,gripper,26.192,28.863,26.192,-2.671,-2.671,0
1787801981.104,shoulder_pan,-6.204,-6.989,-6.204,0.785,0.785,0
1787801981.104,shoulder_lift,53.118,53.407,53.118,-0.289,-0.289,0
1787801981.104,elbow_flex,71.740,69.934,71.740,1.806,1.806,0
1787801981.104,wrist_flex,-102.029,-98.286,-102.029,-3.743,-3.743,0
1787801981.104,wrist_roll,-0.935,-1.099,-0.935,0.164,0.164,0
1787801981.104,gripper,25.173,27.842,25.173,-2.669,-2.669,0
1787801981.155,shoulder_pan,-6.173,-6.989,-6.173,0.816,0.816,0
1787801981.155,shoulder_lift,53.130,53.407,53.130,-0.277,-0.277,0
1787801981.155,elbow_flex,71.742,69.934,71.742,1.807,1.807,0
1787801981.155,wrist_flex,-102.032,-98.286,-102.032,-3.746,-3.746,0
1787801981.155,wrist_roll,-0.944,-1.099,-0.944,0.155,0.155,0
1787801981.155,gripper,24.267,26.889,24.267,-2.622,-2.622,0
1787801981.206,shoulder_pan,-6.122,-6.901,-6.122,0.779,0.779,0
1787801981.206,shoulder_lift,53.107,53.407,53.107,-0.300,-0.300,0
1787801981.206,elbow_flex,71.771,69.934,71.771,1.837,1.837,0
1787801981.206,wrist_flex,-102.054,-98.286,-102.054,-3.768,-3.768,0
1787801981.206,wrist_roll,-0.972,-1.099,-0.972,0.127,0.127,0
1787801981.206,gripper,23.570,25.868,23.570,-2.298,-2.298,0
1787801981.254,shoulder_pan,-6.081,-6.901,-6.081,0.820,0.820,0
1787801981.254,shoulder_lift,53.106,53.407,53.106,-0.301,-0.301,0
1787801981.254,elbow_flex,71.782,69.934,71.782,1.848,1.848,0
1787801981.254,wrist_flex,-102.085,-98.286,-102.085,-3.799,-3.799,0
1787801981.254,wrist_roll,-0.995,-1.187,-0.995,0.192,0.192,0
1787801981.254,gripper,22.132,25.051,22.132,-2.919,-2.919,0
1787801981.306,shoulder_pan,-6.040,-6.901,-6.040,0.861,0.861,0
1787801981.306,shoulder_lift,53.135,53.407,53.135,-0.271,-0.271,0
1787801981.306,elbow_flex,71.779,69.934,71.779,1.845,1.845,0
1787801981.306,wrist_flex,-102.128,-98.286,-102.128,-3.842,-3.842,0
1787801981.306,wrist_roll,-1.026,-1.187,-1.026,0.161,0.161,0
1787801981.306,gripper,20.260,24.166,20.260,-3.906,-3.906,0
1787801981.355,shoulder_pan,-6.005,-6.901,-6.005,0.896,0.896,0
1787801981.355,shoulder_lift,53.134,53.407,53.134,-0.273,-0.273,0
1787801981.355,elbow_flex,71.771,69.934,71.771,1.837,1.837,0
1787801981.355,wrist_flex,-102.176,-98.286,-102.176,-3.890,-3.890,0
1787801981.355,wrist_roll,-1.060,-1.187,-1.060,0.127,0.127,0
1787801981.355,gripper,17.603,23.009,17.603,-5.406,-5.406,0
1787801981.407,shoulder_pan,-5.969,-6.901,-5.969,0.933,0.933,0
1787801981.407,shoulder_lift,53.062,53.407,53.062,-0.345,-0.345,0
1787801981.407,elbow_flex,71.752,69.934,71.752,1.818,1.818,0
1787801981.407,wrist_flex,-102.224,-98.286,-102.224,-3.938,-3.938,0
1787801981.407,wrist_roll,-1.116,-1.275,-1.116,0.159,0.159,0
1787801981.407,gripper,13.265,21.239,13.265,-7.974,-7.974,0
1787801981.456,shoulder_pan,-5.904,-6.901,-5.904,0.997,0.997,0
1787801981.456,shoulder_lift,52.970,53.407,52.970,-0.437,-0.437,0
1787801981.456,elbow_flex,71.796,69.934,71.796,1.862,1.862,0
1787801981.456,wrist_flex,-102.232,-98.286,-102.232,-3.947,-3.947,0
1787801981.456,wrist_roll,-1.142,-1.363,-1.142,0.220,0.220,0
1787801981.456,gripper,11.433,19.265,11.433,-7.832,-7.832,0
1787801981.505,shoulder_pan,-5.819,-6.813,-5.819,0.994,0.994,0
1787801981.505,shoulder_lift,52.841,53.407,52.841,-0.566,-0.566,0
1787801981.505,elbow_flex,71.823,69.934,71.823,1.889,1.889,0
1787801981.505,wrist_flex,-102.222,-98.286,-102.222,-3.936,-3.936,0
1787801981.505,wrist_roll,-1.195,-1.363,-1.195,0.167,0.167,0
1787801981.505,gripper,7.772,16.474,7.772,-8.702,-8.702,0
1787801981.557,shoulder_pan,-5.712,-6.637,-5.712,0.926,0.926,0
1787801981.557,shoulder_lift,52.696,53.407,52.696,-0.711,-0.711,0
1787801981.557,elbow_flex,71.791,69.934,71.791,1.857,1.857,0
1787801981.557,wrist_flex,-102.202,-98.286,-102.202,-3.917,-3.917,0
1787801981.557,wrist_roll,-1.230,-1.451,-1.230,0.220,0.220,0
1787801981.557,gripper,5.265,13.751,5.265,-8.486,-8.486,0
1787801981.604,shoulder_pan,-5.585,-6.549,-5.585,0.964,0.964,0
1787801981.604,shoulder_lift,52.605,53.407,52.605,-0.801,-0.801,0
1787801981.604,elbow_flex,71.782,69.934,71.782,1.848,1.848,0
1787801981.604,wrist_flex,-102.161,-98.286,-102.161,-3.876,-3.876,0
1787801981.604,wrist_roll,-1.247,-1.451,-1.247,0.203,0.203,0
1787801981.604,gripper,3.751,10.824,3.751,-7.072,-7.072,0
1787801981.654,shoulder_pan,-5.433,-6.462,-5.433,1.028,1.028,0
1787801981.654,shoulder_lift,52.450,53.407,52.450,-0.957,-0.957,0
1787801981.654,elbow_flex,71.848,69.934,71.848,1.914,1.914,0
1787801981.654,wrist_flex,-102.119,-98.286,-102.119,-3.833,-3.833,0
1787801981.654,wrist_roll,-1.262,-1.451,-1.262,0.188,0.188,0
1787801981.654,gripper,2.239,8.033,2.239,-5.794,-5.794,0
1787801981.704,shoulder_pan,-5.315,-6.374,-5.315,1.059,1.059,0
1787801981.704,shoulder_lift,52.421,53.407,52.421,-0.985,-0.985,0
1787801981.704,elbow_flex,71.836,69.934,71.836,1.902,1.902,0
1787801981.704,wrist_flex,-102.076,-98.286,-102.076,-3.791,-3.791,0
1787801981.704,wrist_roll,-1.252,-1.451,-1.252,0.198,0.198,0
1787801981.704,gripper,1.660,5.786,1.660,-4.127,-4.127,0
1787801981.757,shoulder_pan,-5.153,-6.198,-5.153,1.045,1.045,0
1787801981.757,shoulder_lift,52.307,53.407,52.307,-1.099,-1.099,0
1787801981.757,elbow_flex,71.823,69.934,71.823,1.889,1.889,0
1787801981.757,wrist_flex,-102.042,-98.286,-102.042,-3.756,-3.756,0
1787801981.757,wrist_roll,-1.237,-1.451,-1.237,0.214,0.214,0
1787801981.757,gripper,1.172,4.016,1.172,-2.844,-2.844,0
1787801981.805,shoulder_pan,-4.930,-6.198,-4.930,1.267,1.267,0
1787801981.805,shoulder_lift,52.336,53.407,52.336,-1.071,-1.071,0
1787801981.805,elbow_flex,71.739,69.934,71.739,1.805,1.805,0
1787801981.805,wrist_flex,-102.001,-98.286,-102.001,-3.716,-3.716,0
1787801981.805,wrist_roll,-1.190,-1.451,-1.190,0.260,0.260,0
1787801981.805,gripper,0.939,2.859,0.939,-1.920,-1.920,0
1787801981.858,shoulder_pan,-4.787,-6.022,-4.787,1.235,1.235,0
1787801981.858,shoulder_lift,52.428,53.407,52.428,-0.979,-0.979,0
1787801981.858,elbow_flex,71.677,70.022,71.677,1.655,1.655,0
1787801981.858,wrist_flex,-101.972,-98.286,-101.972,-3.686,-3.686,0
1787801981.858,wrist_roll,-1.165,-1.451,-1.165,0.286,0.286,0
1787801981.858,gripper,0.818,2.178,0.818,-1.360,-1.360,0
1787801981.906,shoulder_pan,-4.604,-5.758,-4.604,1.154,1.154,0
1787801981.906,shoulder_lift,52.321,53.407,52.321,-1.085,-1.085,0
1787801981.906,elbow_flex,71.701,70.110,71.701,1.591,1.591,0
1787801981.906,wrist_flex,-101.960,-98.286,-101.960,-3.674,-3.674,0
1787801981.906,wrist_roll,-1.105,-1.451,-1.105,0.346,0.346,0
1787801981.906,gripper,0.678,1.974,0.678,-1.296,-1.296,0
1787801981.957,shoulder_pan,-4.441,-5.495,-4.441,1.053,1.053,0
1787801981.957,shoulder_lift,52.370,53.407,52.370,-1.037,-1.037,0
1787801981.957,elbow_flex,71.739,70.110,71.739,1.629,1.629,0
1787801981.957,wrist_flex,-101.942,-98.286,-101.942,-3.656,-3.656,0
1787801981.957,wrist_roll,-1.060,-1.451,-1.060,0.390,0.390,0
1787801981.957,gripper,0.628,1.974,0.628,-1.346,-1.346,0
1787801982.007,shoulder_pan,-4.274,-5.319,-4.274,1.045,1.045,0
1787801982.007,shoulder_lift,52.466,53.407,52.466,-0.941,-0.941,0
1787801982.007,elbow_flex,71.729,70.110,71.729,1.619,1.619,0
1787801982.007,wrist_flex,-101.931,-98.286,-101.931,-3.646,-3.646,0
1787801982.007,wrist_roll,-1.005,-1.451,-1.005,0.445,0.445,0
1787801982.007,gripper,0.592,1.974,0.592,-1.382,-1.382,0
1787801982.056,shoulder_pan,-4.067,-5.231,-4.067,1.164,1.164,0
1787801982.056,shoulder_lift,52.711,53.407,52.711,-0.696,-0.696,0
1787801982.056,elbow_flex,71.693,70.110,71.693,1.583,1.583,0
1787801982.056,wrist_flex,-101.892,-98.286,-101.892,-3.606,-3.606,0
1787801982.056,wrist_roll,-0.931,-1.451,-0.931,0.519,0.519,0
1787801982.056,gripper,0.565,1.974,0.565,-1.409,-1.409,0
1787801982.107,shoulder_pan,-3.988,-4.967,-3.988,0.979,0.979,0
1787801982.107,shoulder_lift,52.758,53.407,52.758,-0.649,-0.649,0
1787801982.107,elbow_flex,71.685,70.110,71.685,1.575,1.575,0
1787801982.107,wrist_flex,-101.892,-98.286,-101.892,-3.606,-3.606,0
1787801982.107,wrist_roll,-0.898,-1.451,-0.898,0.553,0.553,0
1787801982.107,gripper,0.549,1.974,0.549,-1.425,-1.425,0
1787801982.156,shoulder_pan,-3.905,-4.879,-3.905,0.974,0.974,0
1787801982.156,shoulder_lift,52.923,53.407,52.923,-0.483,-0.483,0
1787801982.156,elbow_flex,71.773,70.110,71.773,1.663,1.663,0
1787801982.156,wrist_flex,-101.878,-98.286,-101.878,-3.593,-3.593,0
1787801982.156,wrist_roll,-0.845,-1.451,-0.845,0.606,0.606,0
1787801982.156,gripper,0.554,1.974,0.554,-1.420,-1.420,0
1787801982.206,shoulder_pan,-3.784,-4.703,-3.784,0.920,0.920,0
1787801982.206,shoulder_lift,53.206,53.407,53.206,-0.201,-0.201,0
1787801982.206,elbow_flex,71.809,70.110,71.809,1.699,1.699,0
1787801982.206,wrist_flex,-101.862,-98.286,-101.862,-3.576,-3.576,0
1787801982.206,wrist_roll,-0.786,-1.451,-0.786,0.665,0.665,0
1787801982.206,gripper,0.567,1.974,0.567,-1.407,-1.407,0
1787801982.258,shoulder_pan,-3.642,-4.703,-3.642,1.062,1.062,0
1787801982.258,shoulder_lift,53.456,53.407,53.456,0.049,0.049,0
1787801982.258,elbow_flex,71.797,70.110,71.797,1.687,1.687,0
1787801982.258,wrist_flex,-101.830,-98.286,-101.830,-3.545,-3.545,0
1787801982.258,wrist_roll,-0.722,-1.451,-0.722,0.729,0.729,0
1787801982.258,gripper,0.558,1.974,0.558,-1.416,-1.416,0
1787801982.307,shoulder_pan,-3.538,-4.703,-3.538,1.166,1.166,0
1787801982.307,shoulder_lift,53.760,53.407,53.760,0.354,0.354,0
1787801982.307,elbow_flex,71.836,70.110,71.836,1.726,1.726,0
1787801982.307,wrist_flex,-101.820,-98.286,-101.820,-3.534,-3.534,0
1787801982.307,wrist_roll,-0.671,-1.451,-0.671,0.780,0.780,0
1787801982.307,gripper,0.569,1.974,0.569,-1.405,-1.405,0
1787801982.357,shoulder_pan,-3.436,-4.703,-3.436,1.268,1.268,0
1787801982.357,shoulder_lift,54.126,53.407,54.126,0.719,0.719,0
1787801982.357,elbow_flex,71.862,70.110,71.862,1.752,1.752,0
1787801982.357,wrist_flex,-101.790,-98.286,-101.790,-3.504,-3.504,0
1787801982.357,wrist_roll,-0.613,-1.451,-0.613,0.838,0.838,0
1787801982.357,gripper,0.590,1.974,0.590,-1.384,-1.384,0
1787801982.408,shoulder_pan,-3.384,-4.703,-3.384,1.319,1.319,0
1787801982.408,shoulder_lift,54.384,53.407,54.384,0.978,0.978,0
1787801982.408,elbow_flex,71.897,70.110,71.897,1.787,1.787,0
1787801982.408,wrist_flex,-101.777,-98.286,-101.777,-3.492,-3.492,0
1787801982.408,wrist_roll,-0.579,-1.451,-0.579,0.872,0.872,0
1787801982.408,gripper,0.605,1.974,0.605,-1.369,-1.369,0
1787801982.457,shoulder_pan,-3.328,-4.703,-3.328,1.376,1.376,0
1787801982.457,shoulder_lift,54.535,53.407,54.535,1.129,1.129,0
1787801982.457,elbow_flex,71.922,70.110,71.922,1.813,1.813,0
1787801982.457,wrist_flex,-101.764,-98.286,-101.764,-3.478,-3.478,0
1787801982.457,wrist_roll,-0.540,-1.451,-0.540,0.910,0.910,0
1787801982.457,gripper,0.621,1.974,0.621,-1.353,-1.353,0
1787801982.508,shoulder_pan,-3.261,-4.440,-3.261,1.178,1.178,0
1787801982.508,shoulder_lift,54.826,53.407,54.826,1.420,1.420,0
1787801982.508,elbow_flex,71.982,70.110,71.982,1.873,1.873,0
1787801982.508,wrist_flex,-101.751,-98.286,-101.751,-3.465,-3.465,0
1787801982.508,wrist_roll,-0.488,-1.451,-0.488,0.962,0.962,0
1787801982.508,gripper,0.651,1.974,0.651,-1.323,-1.323,0
1787801982.557,shoulder_pan,-3.216,-4.176,-3.216,0.960,0.960,0
1787801982.557,shoulder_lift,54.934,53.407,54.934,1.528,1.528,0
1787801982.557,elbow_flex,72.021,70.110,72.021,1.911,1.911,0
1787801982.557,wrist_flex,-101.748,-98.286,-101.748,-3.462,-3.462,0
1787801982.557,wrist_roll,-0.453,-1.451,-0.453,0.997,0.997,0
1787801982.557,gripper,0.681,1.974,0.681,-1.293,-1.293,0
1787801982.607,shoulder_pan,-3.167,-4.000,-3.167,0.833,0.833,0
1787801982.607,shoulder_lift,55.140,53.582,55.140,1.557,1.557,0
1787801982.607,elbow_flex,72.075,70.110,72.075,1.965,1.965,0
1787801982.607,wrist_flex,-101.745,-98.286,-101.745,-3.459,-3.459,0
1787801982.607,wrist_roll,-0.406,-1.451,-0.406,1.045,1.045,0
1787801982.607,gripper,0.723,1.974,0.723,-1.251,-1.251,0
1787801982.657,shoulder_pan,-3.130,-3.912,-3.130,0.782,0.782,0
1787801982.657,shoulder_lift,55.254,53.758,55.254,1.496,1.496,0
1787801982.657,elbow_flex,72.125,70.110,72.125,2.015,2.015,0
1787801982.657,wrist_flex,-101.747,-98.286,-101.747,-3.462,-3.462,0
1787801982.657,wrist_roll,-0.375,-1.451,-0.375,1.076,1.076,0
1787801982.657,gripper,0.751,1.974,0.751,-1.223,-1.223,0
1787801982.707,shoulder_pan,-3.130,-3.824,-3.130,0.695,0.695,0
1787801982.707,shoulder_lift,55.232,53.758,55.232,1.474,1.474,0
1787801982.707,elbow_flex,72.177,70.110,72.177,2.067,2.067,0
1787801982.707,wrist_flex,-101.748,-98.286,-101.748,-3.462,-3.462,0
1787801982.707,wrist_roll,-0.358,-1.451,-0.358,1.092,1.092,0
1787801982.707,gripper,0.757,1.974,0.757,-1.217,-1.217,0
1787801982.757,shoulder_pan,-3.093,-3.824,-3.093,0.731,0.731,0
1787801982.757,shoulder_lift,55.317,53.758,55.317,1.559,1.559,0
1787801982.757,elbow_flex,72.242,70.198,72.242,2.045,2.045,0
1787801982.757,wrist_flex,-101.744,-98.374,-101.744,-3.370,-3.370,0
1787801982.757,wrist_roll,-0.326,-1.187,-0.326,0.861,0.861,0
1787801982.757,gripper,0.787,1.974,0.787,-1.187,-1.187,0
1787801982.809,shoulder_pan,-3.085,-3.824,-3.085,0.739,0.739,0
1787801982.809,shoulder_lift,55.321,53.758,55.321,1.563,1.563,0
1787801982.809,elbow_flex,72.293,70.286,72.293,2.007,2.007,0
1787801982.809,wrist_flex,-101.734,-98.374,-101.734,-3.360,-3.360,0
1787801982.809,wrist_roll,-0.300,-1.011,-0.300,0.711,0.711,0
1787801982.809,gripper,0.798,1.974,0.798,-1.176,-1.176,0
1787801982.857,shoulder_pan,-3.076,-3.824,-3.076,0.748,0.748,0
1787801982.857,shoulder_lift,55.363,53.758,55.363,1.604,1.604,0
1787801982.857,elbow_flex,72.356,70.286,72.356,2.071,2.071,0
1787801982.857,wrist_flex,-101.736,-98.374,-101.736,-3.362,-3.362,0
1787801982.857,wrist_roll,-0.283,-1.011,-0.283,0.728,0.728,0
1787801982.857,gripper,0.814,1.974,0.814,-1.160,-1.160,0
1787801982.909,shoulder_pan,-3.072,-3.824,-3.072,0.752,0.752,0
1787801982.909,shoulder_lift,55.374,53.758,55.374,1.616,1.616,0
1787801982.909,elbow_flex,72.425,70.286,72.425,2.140,2.140,0
1787801982.909,wrist_flex,-101.739,-98.374,-101.739,-3.366,-3.366,0
1787801982.909,wrist_roll,-0.267,-1.011,-0.267,0.744,0.744,0
1787801982.909,gripper,0.826,1.974,0.826,-1.149,-1.149,0
1787801982.958,shoulder_pan,-3.069,-3.824,-3.069,0.755,0.755,0
1787801982.958,shoulder_lift,55.388,53.758,55.388,1.630,1.630,0
1787801982.958,elbow_flex,72.482,70.286,72.482,2.196,2.196,0
1787801982.958,wrist_flex,-101.733,-98.374,-101.733,-3.359,-3.359,0
1787801982.958,wrist_roll,-0.248,-1.011,-0.248,0.763,0.763,0
1787801982.958,gripper,0.839,1.974,0.839,-1.135,-1.135,0
1787801983.007,shoulder_pan,-3.068,-3.824,-3.068,0.756,0.756,0
1787801983.007,shoulder_lift,55.375,53.758,55.375,1.617,1.617,0
1787801983.007,elbow_flex,72.527,70.286,72.527,2.241,2.241,0
1787801983.007,wrist_flex,-101.729,-98.374,-101.729,-3.355,-3.355,0
1787801983.007,wrist_roll,-0.230,-1.011,-0.230,0.781,0.781,0
1787801983.007,gripper,0.849,1.974,0.849,-1.126,-1.126,0
1787801983.057,shoulder_pan,-3.072,-3.824,-3.072,0.753,0.753,0
1787801983.057,shoulder_lift,55.378,53.758,55.378,1.620,1.620,0
1787801983.057,elbow_flex,72.592,70.286,72.592,2.306,2.306,0
1787801983.057,wrist_flex,-101.725,-98.374,-101.725,-3.351,-3.351,0
1787801983.057,wrist_roll,-0.216,-1.011,-0.216,0.795,0.795,0
1787801983.057,gripper,0.860,1.974,0.860,-1.114,-1.114,0
1787801983.111,shoulder_pan,-3.075,-3.824,-3.075,0.749,0.749,0
1787801983.111,shoulder_lift,55.385,53.758,55.385,1.627,1.627,0
1787801983.111,elbow_flex,72.656,70.374,72.656,2.282,2.282,0
1787801983.111,wrist_flex,-101.724,-98.374,-101.724,-3.350,-3.350,0
1787801983.111,wrist_roll,-0.198,-1.011,-0.198,0.813,0.813,0
1787801983.111,gripper,0.872,1.974,0.872,-1.102,-1.102,0
1787801983.158,shoulder_pan,-3.077,-3.824,-3.077,0.747,0.747,0
1787801983.158,shoulder_lift,55.387,53.758,55.387,1.629,1.629,0
1787801983.158,elbow_flex,72.704,70.462,72.704,2.242,2.242,0
1787801983.158,wrist_flex,-101.717,-98.374,-101.717,-3.343,-3.343,0
1787801983.158,wrist_roll,-0.183,-1.011,-0.183,0.828,0.828,0
1787801983.158,gripper,0.880,1.974,0.880,-1.094,-1.094,0
1787801983.208,shoulder_pan,-3.080,-3.824,-3.080,0.744,0.744,0
1787801983.208,shoulder_lift,55.381,53.758,55.381,1.623,1.623,0
1787801983.208,elbow_flex,72.751,70.637,72.751,2.114,2.114,0
1787801983.208,wrist_flex,-101.714,-98.374,-101.714,-3.340,-3.340,0
1787801983.208,wrist_roll,-0.168,-1.011,-0.168,0.843,0.843,0
1787801983.208,gripper,0.888,1.974,0.888,-1.087,-1.087,0
1787801983.258,shoulder_pan,-3.088,-3.824,-3.088,0.736,0.736,0
1787801983.258,shoulder_lift,55.380,53.758,55.380,1.621,1.621,0
1787801983.258,elbow_flex,72.801,70.725,72.801,2.076,2.076,0
1787801983.258,wrist_flex,-101.710,-98.374,-101.710,-3.337,-3.337,0
1787801983.258,wrist_roll,-0.156,-1.011,-0.156,0.855,0.855,0
1787801983.258,gripper,0.896,1.974,0.896,-1.078,-1.078,0
1787801983.309,shoulder_pan,-3.091,-3.736,-3.091,0.645,0.645,0
1787801983.309,shoulder_lift,55.371,53.758,55.371,1.613,1.613,0
1787801983.309,elbow_flex,72.854,70.725,72.854,2.128,2.128,0
1787801983.309,wrist_flex,-101.707,-98.374,-101.707,-3.333,-3.333,0
1787801983.309,wrist_roll,-0.143,-1.011,-0.143,0.868,0.868,0
1787801983.309,gripper,0.904,1.974,0.904,-1.070,-1.070,0
1787801983.359,shoulder_pan,-3.097,-3.736,-3.097,0.639,0.639,0
1787801983.359,shoulder_lift,55.372,53.758,55.372,1.614,1.614,0
1787801983.359,elbow_flex,72.901,70.725,72.901,2.176,2.176,0
1787801983.359,wrist_flex,-101.706,-98.374,-101.706,-3.332,-3.332,0
1787801983.359,wrist_roll,-0.130,-1.011,-0.130,0.881,0.881,0
1787801983.359,gripper,0.912,1.974,0.912,-1.062,-1.062,0
1787801983.410,shoulder_pan,-3.112,-3.736,-3.112,0.624,0.624,0
1787801983.410,shoulder_lift,55.367,53.758,55.367,1.609,1.609,0
1787801983.410,elbow_flex,72.945,70.725,72.945,2.220,2.220,0
1787801983.410,wrist_flex,-101.703,-98.374,-101.703,-3.329,-3.329,0
1787801983.410,wrist_roll,-0.120,-1.011,-0.120,0.891,0.891,0
1787801983.410,gripper,0.921,1.974,0.921,-1.053,-1.053,0
1787801983.459,shoulder_pan,-3.109,-3.736,-3.109,0.628,0.628,0
1787801983.459,shoulder_lift,55.358,53.758,55.358,1.599,1.599,0
1787801983.459,elbow_flex,72.987,70.725,72.987,2.262,2.262,0
1787801983.459,wrist_flex,-101.701,-98.462,-101.701,-3.239,-3.239,0
1787801983.459,wrist_roll,-0.107,-1.011,-0.107,0.904,0.904,0
1787801983.459,gripper,0.927,1.974,0.927,-1.047,-1.047,0
1787801983.510,shoulder_pan,-3.113,-3.736,-3.113,0.624,0.624,0
1787801983.510,shoulder_lift,55.348,53.758,55.348,1.589,1.589,0
1787801983.510,elbow_flex,73.032,70.813,73.032,2.219,2.219,0
1787801983.510,wrist_flex,-101.697,-98.462,-101.697,-3.236,-3.236,0
1787801983.510,wrist_roll,-0.096,-1.011,-0.096,0.915,0.915,0
1787801983.510,gripper,0.934,1.974,0.934,-1.040,-1.040,0
1787801983.559,shoulder_pan,-3.124,-3.736,-3.124,0.612,0.612,0
1787801983.559,shoulder_lift,55.337,53.758,55.337,1.579,1.579,0
1787801983.559,elbow_flex,73.073,70.901,73.073,2.172,2.172,0
1787801983.559,wrist_flex,-101.695,-98.462,-101.695,-3.234,-3.234,0
1787801983.559,wrist_roll,-0.084,-1.011,-0.084,0.927,0.927,0
1787801983.559,gripper,0.940,1.974,0.940,-1.034,-1.034,0
1787801983.610,shoulder_pan,-3.124,-3.736,-3.124,0.612,0.612,0
1787801983.610,shoulder_lift,55.329,53.758,55.329,1.571,1.571,0
1787801983.610,elbow_flex,73.105,70.901,73.105,2.204,2.204,0
1787801983.610,wrist_flex,-101.692,-98.462,-101.692,-3.230,-3.230,0
1787801983.610,wrist_roll,-0.076,-1.011,-0.076,0.935,0.935,0
1787801983.610,gripper,0.949,1.974,0.949,-1.026,-1.026,0
1787801983.658,shoulder_pan,-3.132,-3.736,-3.132,0.605,0.605,0
1787801983.658,shoulder_lift,55.318,53.758,55.318,1.560,1.560,0
1787801983.658,elbow_flex,73.145,70.901,73.145,2.244,2.244,0
1787801983.658,wrist_flex,-101.690,-98.462,-101.690,-3.228,-3.228,0
1787801983.658,wrist_roll,-0.066,-1.011,-0.066,0.945,0.945,0
1787801983.658,gripper,0.955,1.974,0.955,-1.019,-1.019,0
1787801983.709,shoulder_pan,-3.140,-3.736,-3.140,0.596,0.596,0
1787801983.709,shoulder_lift,55.308,53.758,55.308,1.550,1.550,0
1787801983.709,elbow_flex,73.186,70.901,73.186,2.285,2.285,0
1787801983.709,wrist_flex,-101.687,-98.462,-101.687,-3.225,-3.225,0
1787801983.709,wrist_roll,-0.056,-1.011,-0.056,0.955,0.955,0
1787801983.709,gripper,0.963,1.974,0.963,-1.012,-1.012,0
1787801983.759,shoulder_pan,-3.146,-3.736,-3.146,0.590,0.590,0
1787801983.759,shoulder_lift,55.300,53.758,55.300,1.542,1.542,0
1787801983.759,elbow_flex,73.216,70.901,73.216,2.315,2.315,0
1787801983.759,wrist_flex,-101.686,-98.462,-101.686,-3.224,-3.224,0
1787801983.759,wrist_roll,-0.046,-1.011,-0.046,0.965,0.965,0
1787801983.759,gripper,0.970,1.974,0.970,-1.004,-1.004,0
1787801983.809,shoulder_pan,-3.162,-3.736,-3.162,0.575,0.575,0
1787801983.809,shoulder_lift,55.285,53.758,55.285,1.526,1.526,0
1787801983.809,elbow_flex,73.246,70.901,73.246,2.345,2.345,0
1787801983.809,wrist_flex,-101.682,-98.462,-101.682,-3.220,-3.220,0
1787801983.809,wrist_roll,-0.036,-1.011,-0.036,0.975,0.975,0
1787801983.809,gripper,0.976,1.974,0.976,-0.998,-0.998,0
1787801983.860,shoulder_pan,-3.167,-3.736,-3.167,0.569,0.569,0
1787801983.860,shoulder_lift,55.277,53.758,55.277,1.519,1.519,0
1787801983.860,elbow_flex,73.273,70.901,73.273,2.372,2.372,0
1787801983.860,wrist_flex,-101.680,-98.462,-101.680,-3.218,-3.218,0
1787801983.860,wrist_roll,-0.026,-1.011,-0.026,0.985,0.985,0
1787801983.860,gripper,0.984,1.974,0.984,-0.990,-0.990,0
1787801983.910,shoulder_pan,-3.180,-3.736,-3.180,0.556,0.556,0
1787801983.910,shoulder_lift,55.262,53.758,55.262,1.504,1.504,0
1787801983.910,elbow_flex,73.290,70.901,73.290,2.389,2.389,0
1787801983.910,wrist_flex,-101.677,-98.462,-101.677,-3.215,-3.215,0
1787801983.910,wrist_roll,-0.016,-0.835,-0.016,0.819,0.819,0
1787801983.910,gripper,0.991,1.974,0.991,-0.983,-0.983,0
1787801983.960,shoulder_pan,-3.186,-3.736,-3.186,0.550,0.550,0
1787801983.960,shoulder_lift,55.256,53.758,55.256,1.497,1.497,0
1787801983.960,elbow_flex,73.305,70.901,73.305,2.404,2.404,0
1787801983.960,wrist_flex,-101.677,-98.462,-101.677,-3.215,-3.215,0
1787801983.960,wrist_roll,-0.011,-0.835,-0.011,0.824,0.824,0
1787801983.960,gripper,0.998,1.974,0.998,-0.977,-0.977,0
1787801984.009,shoulder_pan,-3.195,-3.736,-3.195,0.541,0.541,0
1787801984.009,shoulder_lift,55.262,53.758,55.262,1.504,1.504,0
1787801984.009,elbow_flex,73.295,70.901,73.295,2.394,2.394,0
1787801984.009,wrist_flex,-101.680,-98.462,-101.680,-3.219,-3.219,0
1787801984.009,wrist_roll,-0.005,-0.835,-0.005,0.830,0.830,0
1787801984.009,gripper,1.008,1.974,1.008,-0.966,-0.966,0
1787801984.059,shoulder_pan,-3.205,-3.736,-3.205,0.532,0.532,0
1787801984.059,shoulder_lift,55.249,53.758,55.249,1.491,1.491,0
1787801984.059,elbow_flex,73.324,70.901,73.324,2.423,2.423,0
1787801984.059,wrist_flex,-101.677,-98.462,-101.677,-3.215,-3.215,0
1787801984.059,wrist_roll,0.004,-0.835,0.004,0.839,0.839,0
1787801984.059,gripper,1.013,1.974,1.013,-0.961,-0.961,0
1787801984.109,shoulder_pan,-3.220,-3.736,-3.220,0.516,0.516,0
1787801984.109,shoulder_lift,55.249,53.758,55.249,1.491,1.491,0
1787801984.109,elbow_flex,73.299,70.901,73.299,2.398,2.398,0
1787801984.109,wrist_flex,-101.679,-98.462,-101.679,-3.218,-3.218,0
1787801984.109,wrist_roll,0.006,-0.835,0.006,0.842,0.842,0
1787801984.109,gripper,1.020,1.974,1.020,-0.954,-0.954,0
1787801984.160,shoulder_pan,-3.237,-3.736,-3.237,0.499,0.499,0
1787801984.160,shoulder_lift,55.261,53.758,55.261,1.503,1.503,0
1787801984.160,elbow_flex,73.265,70.901,73.265,2.364,2.364,0
1787801984.160,wrist_flex,-101.687,-98.462,-101.687,-3.225,-3.225,0
1787801984.160,wrist_roll,0.009,-0.835,0.009,0.844,0.844,0
1787801984.160,gripper,1.030,1.974,1.030,-0.944,-0.944,0
1787801984.210,shoulder_pan,-3.274,-3.736,-3.274,0.462,0.462,0
1787801984.210,shoulder_lift,55.243,53.758,55.243,1.485,1.485,0
1787801984.210,elbow_flex,73.210,70.901,73.210,2.309,2.309,0
1787801984.210,wrist_flex,-101.695,-98.462,-101.695,-3.233,-3.233,0
1787801984.210,wrist_roll,0.009,-0.835,0.009,0.844,0.844,0
1787801984.210,gripper,1.028,1.974,1.028,-0.946,-0.946,0
1787801984.259,shoulder_pan,-3.280,-3.736,-3.280,0.457,0.457,0
1787801984.259,shoulder_lift,55.283,53.758,55.283,1.524,1.524,0
1787801984.259,elbow_flex,73.177,70.901,73.177,2.276,2.276,0
1787801984.259,wrist_flex,-101.707,-98.462,-101.707,-3.246,-3.246,0
1787801984.259,wrist_roll,0.010,-0.835,0.010,0.845,0.845,0
1787801984.259,gripper,1.040,1.974,1.040,-0.934,-0.934,0
1787801984.309,shoulder_pan,-3.290,-3.736,-3.290,0.446,0.446,0
1787801984.309,shoulder_lift,55.244,53.758,55.244,1.486,1.486,0
1787801984.309,elbow_flex,73.206,70.901,73.206,2.304,2.304,0
1787801984.309,wrist_flex,-101.698,-98.462,-101.698,-3.237,-3.237,0
1787801984.309,wrist_roll,0.017,-0.835,0.017,0.852,0.852,0
1787801984.309,gripper,1.038,1.974,1.038,-0.936,-0.936,0
1787801984.360,shoulder_pan,-3.320,-3.736,-3.320,0.417,0.417,0
1787801984.360,shoulder_lift,55.242,53.758,55.242,1.483,1.483,0
1787801984.360,elbow_flex,73.148,70.901,73.148,2.247,2.247,0
1787801984.360,wrist_flex,-101.708,-98.462,-101.708,-3.246,-3.246,0
1787801984.360,wrist_roll,0.014,-0.835,0.014,0.849,0.849,0
1787801984.360,gripper,1.039,1.974,1.039,-0.935,-0.935,0
1787801984.410,shoulder_pan,-3.353,-3.736,-3.353,0.383,0.383,0
1787801984.410,shoulder_lift,55.267,53.758,55.267,1.509,1.509,0
1787801984.410,elbow_flex,73.040,70.901,73.040,2.138,2.138,0
1787801984.410,wrist_flex,-101.737,-98.462,-101.737,-3.275,-3.275,0
1787801984.410,wrist_roll,0.002,-0.835,0.002,0.837,0.837,0
1787801984.410,gripper,1.040,1.974,1.040,-0.934,-0.934,0
1787801984.477,shoulder_pan,-2.607,-3.736,-2.607,1.130,1.130,0
1787801984.477,shoulder_lift,52.557,53.758,52.557,-1.201,-1.201,0
1787801984.477,elbow_flex,75.181,70.901,75.181,4.280,4.280,0
1787801984.477,wrist_flex,-102.199,-98.462,-102.199,-3.737,-3.737,0
1787801984.477,wrist_roll,-0.426,-0.835,-0.426,0.409,0.409,0
1787801984.477,gripper,0.575,1.974,0.575,-1.399,-1.399,0
1787801984.509,shoulder_pan,-2.567,-3.736,-2.567,1.169,1.169,0
1787801984.509,shoulder_lift,52.619,53.758,52.619,-1.139,-1.139,0
1787801984.509,elbow_flex,75.062,70.989,75.062,4.073,4.073,0
1787801984.509,wrist_flex,-102.220,-98.462,-102.220,-3.758,-3.758,0
1787801984.509,wrist_roll,-0.443,-0.835,-0.443,0.392,0.392,0
1787801984.509,gripper,0.573,1.974,0.573,-1.401,-1.401,0
1787801984.561,shoulder_pan,-2.486,-3.385,-2.486,0.899,0.899,0
1787801984.561,shoulder_lift,52.791,53.407,52.791,-0.615,-0.615,0
1787801984.561,elbow_flex,74.936,71.868,74.936,3.068,3.068,0
1787801984.561,wrist_flex,-102.204,-98.462,-102.204,-3.743,-3.743,0
1787801984.561,wrist_roll,-0.477,-0.835,-0.477,0.359,0.359,0
1787801984.561,gripper,0.579,1.974,0.579,-1.395,-1.395,0
1787801984.611,shoulder_pan,-2.460,-3.121,-2.460,0.661,0.661,0
1787801984.611,shoulder_lift,52.846,53.231,52.846,-0.385,-0.385,0
1787801984.611,elbow_flex,74.842,72.571,74.842,2.270,2.270,0
1787801984.611,wrist_flex,-102.236,-98.462,-102.236,-3.774,-3.774,0
1787801984.611,wrist_roll,-0.500,-0.835,-0.500,0.336,0.336,0
1787801984.611,gripper,0.592,1.974,0.592,-1.382,-1.382,0
1787801984.660,shoulder_pan,-2.435,-2.945,-2.435,0.510,0.510,0
1787801984.660,shoulder_lift,52.934,53.231,52.934,-0.297,-0.297,0
1787801984.660,elbow_flex,74.753,72.835,74.753,1.917,1.917,0
1787801984.660,wrist_flex,-102.239,-98.462,-102.239,-3.778,-3.778,0
1787801984.660,wrist_roll,-0.523,-0.835,-0.523,0.312,0.312,0
1787801984.660,gripper,0.590,1.974,0.590,-1.384,-1.384,0
1787801984.711,shoulder_pan,-2.407,-2.945,-2.407,0.538,0.538,0
1787801984.711,shoulder_lift,53.099,53.231,53.099,-0.132,-0.132,0
1787801984.711,elbow_flex,74.609,72.835,74.609,1.774,1.774,0
1787801984.711,wrist_flex,-102.239,-98.462,-102.239,-3.777,-3.777,0
1787801984.711,wrist_roll,-0.548,-0.835,-0.548,0.287,0.287,0
1787801984.711,gripper,0.599,1.974,0.599,-1.375,-1.375,0
1787801984.760,shoulder_pan,-2.381,-2.945,-2.381,0.564,0.564,0
1787801984.760,shoulder_lift,53.285,53.231,53.285,0.054,0.054,0
1787801984.760,elbow_flex,74.505,72.835,74.505,1.670,1.670,0
1787801984.760,wrist_flex,-102.243,-98.462,-102.243,-3.782,-3.782,0
1787801984.760,wrist_roll,-0.562,-0.835,-0.562,0.273,0.273,0
1787801984.760,gripper,0.612,1.974,0.612,-1.362,-1.362,0
1787801984.809,shoulder_pan,-2.379,-2.945,-2.379,0.566,0.566,0
1787801984.809,shoulder_lift,53.220,53.231,53.220,-0.011,-0.011,0
1787801984.809,elbow_flex,74.440,72.835,74.440,1.605,1.605,0
1787801984.809,wrist_flex,-102.247,-98.462,-102.247,-3.785,-3.785,0
1787801984.809,wrist_roll,-0.577,-0.835,-0.577,0.259,0.259,0
1787801984.809,gripper,0.617,1.974,0.617,-1.357,-1.357,0
1787801984.859,shoulder_pan,-2.369,-2.945,-2.369,0.576,0.576,0
1787801984.859,shoulder_lift,53.332,53.231,53.332,0.101,0.101,0
1787801984.859,elbow_flex,74.305,72.835,74.305,1.470,1.470,0
1787801984.859,wrist_flex,-102.247,-98.462,-102.247,-3.785,-3.785,0
1787801984.859,wrist_roll,-0.594,-0.835,-0.594,0.241,0.241,0
1787801984.859,gripper,0.626,1.974,0.626,-1.348,-1.348,0
1787801984.911,shoulder_pan,-2.367,-2.945,-2.367,0.578,0.578,0
1787801984.911,shoulder_lift,53.415,53.231,53.415,0.184,0.184,0
1787801984.911,elbow_flex,74.256,72.835,74.256,1.421,1.421,0
1787801984.911,wrist_flex,-102.252,-98.462,-102.252,-3.790,-3.790,0
1787801984.911,wrist_roll,-0.601,-0.835,-0.601,0.234,0.234,0
1787801984.911,gripper,0.642,1.974,0.642,-1.332,-1.332,0
1787801984.961,shoulder_pan,-2.392,-2.945,-2.392,0.553,0.553,0
1787801984.961,shoulder_lift,53.322,53.231,53.322,0.092,0.092,0
1787801984.961,elbow_flex,74.108,72.835,74.108,1.272,1.272,0
1787801984.961,wrist_flex,-102.249,-98.462,-102.249,-3.787,-3.787,0
1787801984.961,wrist_roll,-0.608,-0.835,-0.608,0.227,0.227,0
1787801984.961,gripper,0.634,1.974,0.634,-1.340,-1.340,0
1787801985.011,shoulder_pan,-2.379,-2.945,-2.379,0.566,0.566,0
1787801985.011,shoulder_lift,53.441,53.231,53.441,0.210,0.210,0
1787801985.011,elbow_flex,74.038,72.835,74.038,1.202,1.202,0
1787801985.011,wrist_flex,-102.245,-98.462,-102.245,-3.784,-3.784,0
1787801985.011,wrist_roll,-0.612,-0.835,-0.612,0.223,0.223,0
1787801985.011,gripper,0.645,1.974,0.645,-1.329,-1.329,0
1787801985.063,shoulder_pan,-2.394,-2.945,-2.394,0.551,0.551,0
1787801985.063,shoulder_lift,53.448,53.231,53.448,0.218,0.218,0
1787801985.063,elbow_flex,73.938,72.835,73.938,1.103,1.103,0
1787801985.063,wrist_flex,-102.241,-98.462,-102.241,-3.779,-3.779,0
1787801985.063,wrist_roll,-0.612,-0.835,-0.612,0.223,0.223,0
1787801985.063,gripper,0.648,1.974,0.648,-1.326,-1.326,0
1787801985.111,shoulder_pan,-2.427,-2.945,-2.427,0.518,0.518,0
1787801985.111,shoulder_lift,53.412,53.231,53.412,0.181,0.181,0
1787801985.111,elbow_flex,73.800,72.835,73.800,0.965,0.965,0
1787801985.111,wrist_flex,-102.241,-98.462,-102.241,-3.779,-3.779,0
1787801985.111,wrist_roll,-0.616,-0.835,-0.616,0.220,0.220,0
1787801985.111,gripper,0.659,1.974,0.659,-1.315,-1.315,0
1787801985.162,shoulder_pan,-2.421,-2.945,-2.421,0.525,0.525,0
1787801985.162,shoulder_lift,53.432,53.231,53.432,0.201,0.201,0
1787801985.162,elbow_flex,73.721,72.835,73.721,0.886,0.886,0
1787801985.162,wrist_flex,-102.233,-98.462,-102.233,-3.771,-3.771,0
1787801985.162,wrist_roll,-0.613,-0.835,-0.613,0.222,0.222,0
1787801985.162,gripper,0.666,1.974,0.666,-1.308,-1.308,0
1787801985.210,shoulder_pan,-2.441,-2.945,-2.441,0.505,0.505,0
1787801985.210,shoulder_lift,53.411,53.231,53.411,0.180,0.180,0
1787801985.210,elbow_flex,73.634,72.835,73.634,0.799,0.799,0
1787801985.210,wrist_flex,-102.227,-98.462,-102.227,-3.765,-3.765,0
1787801985.210,wrist_roll,-0.607,-0.835,-0.607,0.228,0.228,0
1787801985.210,gripper,0.664,1.974,0.664,-1.311,-1.311,0
1787801985.262,shoulder_pan,-2.466,-2.945,-2.466,0.479,0.479,0
1787801985.262,shoulder_lift,53.358,53.231,53.358,0.127,0.127,0
1787801985.262,elbow_flex,73.566,72.835,73.566,0.731,0.731,0
1787801985.262,wrist_flex,-102.228,-98.462,-102.228,-3.767,-3.767,0
1787801985.262,wrist_roll,-0.608,-0.835,-0.608,0.227,0.227,0
1787801985.262,gripper,0.667,1.974,0.667,-1.308,-1.308,0
1787801985.310,shoulder_pan,-2.507,-2.945,-2.507,0.438,0.438,0
1787801985.310,shoulder_lift,53.283,53.231,53.283,0.052,0.052,0
1787801985.310,elbow_flex,73.455,72.835,73.455,0.620,0.620,0
1787801985.310,wrist_flex,-102.235,-98.462,-102.235,-3.773,-3.773,0
1787801985.310,wrist_roll,-0.601,-0.835,-0.601,0.235,0.235,0
1787801985.310,gripper,0.660,1.974,0.660,-1.314,-1.314,0
1787801985.362,shoulder_pan,-2.515,-2.945,-2.515,0.430,0.430,0
1787801985.362,shoulder_lift,53.239,53.231,53.239,0.009,0.009,0
1787801985.362,elbow_flex,73.375,72.835,73.375,0.540,0.540,0
1787801985.362,wrist_flex,-102.234,-98.462,-102.234,-3.773,-3.773,0
1787801985.362,wrist_roll,-0.600,-0.835,-0.600,0.235,0.235,0
1787801985.362,gripper,0.656,1.974,0.656,-1.318,-1.318,0
1787801985.411,shoulder_pan,-2.533,-2.945,-2.533,0.413,0.413,0
1787801985.411,shoulder_lift,53.127,53.231,53.127,-0.104,-0.104,0
1787801985.411,elbow_flex,73.339,72.835,73.339,0.504,0.504,0
1787801985.411,wrist_flex,-102.239,-98.462,-102.239,-3.777,-3.777,0
1787801985.411,wrist_roll,-0.594,-0.835,-0.594,0.241,0.241,0
1787801985.411,gripper,0.646,1.974,0.646,-1.328,-1.328,0
1787801985.463,shoulder_pan,-2.546,-2.945,-2.546,0.399,0.399,0
1787801985.463,shoulder_lift,52.968,53.231,52.968,-0.263,-0.263,0
1787801985.463,elbow_flex,73.264,72.835,73.264,0.428,0.428,0
1787801985.463,wrist_flex,-102.249,-98.462,-102.249,-3.788,-3.788,0
1787801985.463,wrist_roll,-0.591,-0.835,-0.591,0.244,0.244,0
1787801985.463,gripper,0.644,1.974,0.644,-1.330,-1.330,0
1787801985.513,shoulder_pan,-2.540,-2.945,-2.540,0.405,0.405,0
1787801985.513,shoulder_lift,52.807,53.231,52.807,-0.424,-0.424,0
1787801985.513,elbow_flex,73.240,72.835,73.240,0.405,0.405,0
1787801985.513,wrist_flex,-102.257,-98.462,-102.257,-3.796,-3.796,0
1787801985.513,wrist_roll,-0.582,-0.835,-0.582,0.253,0.253,0
1787801985.513,gripper,0.630,1.974,0.630,-1.344,-1.344,0
1787801985.562,shoulder_pan,-2.554,-2.945,-2.554,0.391,0.391,0
1787801985.562,shoulder_lift,52.516,53.231,52.516,-0.715,-0.715,0
1787801985.562,elbow_flex,73.185,72.835,73.185,0.350,0.350,0
1787801985.562,wrist_flex,-102.290,-98.462,-102.290,-3.829,-3.829,0
1787801985.562,wrist_roll,-0.577,-0.835,-0.577,0.258,0.258,0
1787801985.562,gripper,0.609,1.974,0.609,-1.366,-1.366,0
1787801985.611,shoulder_pan,-2.526,-2.945,-2.526,0.419,0.419,0
1787801985.611,shoulder_lift,52.094,53.231,52.094,-1.137,-1.137,0
1787801985.611,elbow_flex,73.196,72.835,73.196,0.360,0.360,0
1787801985.611,wrist_flex,-102.322,-98.462,-102.322,-3.860,-3.860,0
1787801985.611,wrist_roll,-0.555,-0.835,-0.555,0.280,0.280,0
1787801985.611,gripper,0.563,1.974,0.563,-1.411,-1.411,0
1787801985.663,shoulder_pan,-2.517,-2.945,-2.517,0.428,0.428,0
1787801985.663,shoulder_lift,51.720,53.231,51.720,-1.510,-1.510,0
1787801985.663,elbow_flex,73.184,72.835,73.184,0.349,0.349,0
1787801985.663,wrist_flex,-102.358,-98.462,-102.358,-3.896,-3.896,0
1787801985.663,wrist_roll,-0.550,-0.835,-0.550,0.285,0.285,0
1787801985.663,gripper,0.531,1.974,0.531,-1.443,-1.443,0
1787801985.712,shoulder_pan,-2.519,-2.945,-2.519,0.426,0.426,0
1787801985.712,shoulder_lift,50.668,53.143,50.668,-2.475,-2.475,0
1787801985.712,elbow_flex,73.125,72.835,73.125,0.290,0.290,0
1787801985.712,wrist_flex,-102.446,-98.462,-102.446,-3.984,-3.984,0
1787801985.712,wrist_roll,-0.559,-0.835,-0.559,0.276,0.276,0
1787801985.712,gripper,0.528,1.974,0.528,-1.446,-1.446,0
1787801985.762,shoulder_pan,-2.396,-2.945,-2.396,0.549,0.549,0
1787801985.762,shoulder_lift,49.682,52.615,49.682,-2.933,-2.933,0
1787801985.762,elbow_flex,72.947,72.835,72.947,0.112,0.112,0
1787801985.762,wrist_flex,-102.488,-98.462,-102.488,-4.027,-4.027,0
1787801985.762,wrist_roll,-0.532,-0.835,-0.532,0.303,0.303,0
1787801985.762,gripper,0.505,1.974,0.505,-1.469,-1.469,0
1787801985.812,shoulder_pan,-2.333,-2.857,-2.333,0.524,0.524,0
1787801985.812,shoulder_lift,49.191,52.176,49.191,-2.985,-2.985,0
1787801985.812,elbow_flex,72.879,72.835,72.879,0.044,0.044,0
1787801985.812,wrist_flex,-102.502,-98.462,-102.502,-4.040,-4.040,0
1787801985.812,wrist_roll,-0.510,-0.835,-0.510,0.325,0.325,0
1787801985.812,gripper,0.527,1.974,0.527,-1.447,-1.447,0
1787801985.861,shoulder_pan,-2.233,-2.857,-2.233,0.624,0.624,0
1787801985.861,shoulder_lift,48.489,51.736,48.489,-3.247,-3.247,0
1787801985.861,elbow_flex,72.648,72.835,72.648,-0.187,-0.187,0
1787801985.861,wrist_flex,-102.482,-98.462,-102.482,-4.020,-4.020,0
1787801985.861,wrist_roll,-0.491,-0.835,-0.491,0.344,0.344,0
1787801985.861,gripper,0.548,1.974,0.548,-1.427,-1.427,0
1787801985.913,shoulder_pan,-2.183,-2.857,-2.183,0.674,0.674,0
1787801985.913,shoulder_lift,48.382,51.560,48.382,-3.179,-3.179,0
1787801985.913,elbow_flex,72.600,72.835,72.600,-0.235,-0.235,0
1787801985.913,wrist_flex,-102.476,-98.462,-102.476,-4.015,-4.015,0
1787801985.913,wrist_roll,-0.477,-0.835,-0.477,0.359,0.359,0
1787801985.913,gripper,0.601,1.974,0.601,-1.373,-1.373,0
1787801985.963,shoulder_pan,-2.029,-2.857,-2.029,0.828,0.828,0
1787801985.963,shoulder_lift,47.725,51.297,47.725,-3.572,-3.572,0
1787801985.963,elbow_flex,72.405,72.835,72.405,-0.430,-0.430,0
1787801985.963,wrist_flex,-102.406,-98.462,-102.406,-3.945,-3.945,0
1787801985.963,wrist_roll,-0.438,-0.747,-0.438,0.309,0.309,0
1787801985.963,gripper,0.820,1.974,0.820,-1.154,-1.154,0
1787801986.011,shoulder_pan,-1.988,-2.857,-1.988,0.869,0.869,0
1787801986.011,shoulder_lift,47.437,51.209,47.437,-3.772,-3.772,0
1787801986.011,elbow_flex,72.257,72.835,72.257,-0.578,-0.578,0
1787801986.011,wrist_flex,-102.406,-98.462,-102.406,-3.944,-3.944,0
1787801986.011,wrist_roll,-0.434,-0.747,-0.434,0.313,0.313,0
1787801986.011,gripper,0.878,1.974,0.878,-1.097,-1.097,0
1787801986.063,shoulder_pan,-1.949,-2.857,-1.949,0.908,0.908,0
1787801986.063,shoulder_lift,47.376,50.945,47.376,-3.569,-3.569,0
1787801986.063,elbow_flex,72.241,72.923,72.241,-0.682,-0.682,0
1787801986.063,wrist_flex,-102.333,-98.374,-102.333,-3.960,-3.960,0
1787801986.063,wrist_roll,-0.402,-0.747,-0.402,0.345,0.345,0
1787801986.063,gripper,1.102,1.974,1.102,-0.872,-0.872,0
1787801986.112,shoulder_pan,-1.937,-2.769,-1.937,0.832,0.832,0
1787801986.112,shoulder_lift,47.328,50.769,47.328,-3.441,-3.441,0
1787801986.112,elbow_flex,72.165,72.747,72.165,-0.582,-0.582,0
1787801986.112,wrist_flex,-102.300,-98.374,-102.300,-3.926,-3.926,0
1787801986.112,wrist_roll,-0.399,-0.747,-0.399,0.349,0.349,0
1787801986.112,gripper,1.246,1.974,1.246,-0.728,-0.728,0
1787801986.163,shoulder_pan,-1.873,-2.681,-1.873,0.809,0.809,0
1787801986.163,shoulder_lift,47.276,50.769,47.276,-3.493,-3.493,0
1787801986.163,elbow_flex,71.954,72.659,71.954,-0.705,-0.705,0
1787801986.163,wrist_flex,-102.191,-98.374,-102.191,-3.817,-3.817,0
1787801986.163,wrist_roll,-0.375,-0.747,-0.375,0.372,0.372,0
1787801986.163,gripper,1.855,1.974,1.855,-0.119,-0.119,0
1787801986.213,shoulder_pan,-1.888,-2.418,-1.888,0.529,0.529,0
1787801986.213,shoulder_lift,47.256,50.769,47.256,-3.513,-3.513,0
1787801986.213,elbow_flex,71.868,72.396,71.868,-0.527,-0.527,0
1787801986.213,wrist_flex,-102.158,-98.374,-102.158,-3.784,-3.784,0
1787801986.213,wrist_roll,-0.369,-0.747,-0.369,0.378,0.378,0
1787801986.213,gripper,2.023,1.974,2.023,0.049,0.049,0
1787801986.265,shoulder_pan,-1.865,-2.330,-1.865,0.465,0.465,0
1787801986.265,shoulder_lift,47.268,50.769,47.268,-3.501,-3.501,0
1787801986.265,elbow_flex,71.728,72.308,71.728,-0.579,-0.579,0
1787801986.265,wrist_flex,-102.067,-98.374,-102.067,-3.693,-3.693,0
1787801986.265,wrist_roll,-0.350,-0.747,-0.350,0.398,0.398,0
1787801986.265,gripper,3.085,1.974,3.085,1.111,1.111,0
1787801986.312,shoulder_pan,-1.880,-2.242,-1.880,0.362,0.362,0
1787801986.312,shoulder_lift,47.227,50.769,47.227,-3.542,-3.542,0
1787801986.312,elbow_flex,71.642,72.308,71.642,-0.666,-0.666,0
1787801986.312,wrist_flex,-102.047,-98.374,-102.047,-3.674,-3.674,0
1787801986.312,wrist_roll,-0.346,-0.747,-0.346,0.401,0.401,0
1787801986.312,gripper,3.348,2.042,3.348,1.306,1.306,0
1787801986.364,shoulder_pan,-1.879,-2.242,-1.879,0.363,0.363,0
1787801986.364,shoulder_lift,47.196,50.769,47.196,-3.573,-3.573,0
1787801986.364,elbow_flex,71.575,72.308,71.575,-0.733,-0.733,0
1787801986.364,wrist_flex,-102.031,-98.374,-102.031,-3.658,-3.658,0
1787801986.364,wrist_roll,-0.346,-0.747,-0.346,0.402,0.402,0
1787801986.364,gripper,3.630,2.178,3.630,1.452,1.452,0
1787801986.413,shoulder_pan,-1.943,-2.242,-1.943,0.299,0.299,0
1787801986.413,shoulder_lift,47.166,50.769,47.166,-3.604,-3.604,0
1787801986.413,elbow_flex,71.548,72.308,71.548,-0.760,-0.760,0
1787801986.413,wrist_flex,-102.029,-98.374,-102.029,-3.655,-3.655,0
1787801986.413,wrist_roll,-0.346,-0.747,-0.346,0.401,0.401,0
1787801986.413,gripper,3.789,2.587,3.789,1.202,1.202,0
1787801986.463,shoulder_pan,-2.001,-2.242,-2.001,0.241,0.241,0
1787801986.463,shoulder_lift,47.161,50.769,47.161,-3.609,-3.609,0
1787801986.463,elbow_flex,71.551,72.132,71.551,-0.581,-0.581,0
1787801986.463,wrist_flex,-102.028,-98.374,-102.028,-3.655,-3.655,0
1787801986.463,wrist_roll,-0.346,-0.747,-0.346,0.401,0.401,0
1787801986.463,gripper,4.088,2.927,4.088,1.161,1.161,0
1787801986.514,shoulder_pan,-2.072,-2.242,-2.072,0.170,0.170,0
1787801986.514,shoulder_lift,47.105,50.769,47.105,-3.665,-3.665,0
1787801986.514,elbow_flex,71.494,72.044,71.494,-0.550,-0.550,0
1787801986.514,wrist_flex,-102.019,-98.374,-102.019,-3.645,-3.645,0
1787801986.514,wrist_roll,-0.347,-0.747,-0.347,0.400,0.400,0
1787801986.514,gripper,4.410,3.268,4.410,1.142,1.142,0
1787801986.563,shoulder_pan,-2.151,-2.242,-2.151,0.091,0.091,0
1787801986.563,shoulder_lift,47.067,50.769,47.067,-3.702,-3.702,0
1787801986.563,elbow_flex,71.442,71.868,71.442,-0.426,-0.426,0
1787801986.563,wrist_flex,-102.013,-98.374,-102.013,-3.639,-3.639,0
1787801986.563,wrist_roll,-0.347,-0.747,-0.347,0.400,0.400,0
1787801986.563,gripper,5.585,3.540,5.585,2.045,2.045,0
1787801986.613,shoulder_pan,-2.305,-2.242,-2.305,-0.063,-0.063,0
1787801986.613,shoulder_lift,46.955,50.769,46.955,-3.814,-3.814,0
1787801986.613,elbow_flex,71.397,71.780,71.397,-0.383,-0.383,0
1787801986.613,wrist_flex,-102.024,-98.374,-102.024,-3.651,-3.651,0
1787801986.613,wrist_roll,-0.360,-0.747,-0.360,0.387,0.387,0
1787801986.613,gripper,6.239,4.016,6.239,2.223,2.223,0
1787801986.663,shoulder_pan,-2.519,-2.242,-2.519,-0.277,-0.277,0
1787801986.663,shoulder_lift,46.815,50.769,46.815,-3.954,-3.954,0
1787801986.663,elbow_flex,71.299,71.780,71.299,-0.481,-0.481,0
1787801986.663,wrist_flex,-102.006,-98.374,-102.006,-3.632,-3.632,0
1787801986.663,wrist_roll,-0.364,-0.747,-0.364,0.383,0.383,0
1787801986.663,gripper,7.565,4.765,7.565,2.800,2.800,0
1787801986.713,shoulder_pan,-2.653,-2.242,-2.653,-0.412,-0.412,0
1787801986.713,shoulder_lift,46.736,50.769,46.736,-4.033,-4.033,0
1787801986.713,elbow_flex,71.207,71.780,71.207,-0.574,-0.574,0
1787801986.713,wrist_flex,-101.991,-98.374,-101.991,-3.618,-3.618,0
1787801986.713,wrist_roll,-0.372,-0.747,-0.372,0.375,0.375,0
1787801986.713,gripper,7.982,5.582,7.982,2.400,2.400,0
1787801986.764,shoulder_pan,-3.045,-2.242,-3.045,-0.803,-0.803,0
1787801986.764,shoulder_lift,46.440,50.769,46.440,-4.330,-4.330,0
1787801986.764,elbow_flex,70.960,71.780,70.960,-0.820,-0.820,0
1787801986.764,wrist_flex,-101.909,-98.374,-101.909,-3.536,-3.536,0
1787801986.764,wrist_roll,-0.409,-0.747,-0.409,0.339,0.339,0
1787801986.764,gripper,11.227,6.535,11.227,4.692,4.692,0
1787801986.815,shoulder_pan,-3.486,-2.242,-3.486,-1.245,-1.245,0
1787801986.815,shoulder_lift,46.143,50.769,46.143,-4.626,-4.626,0
1787801986.815,elbow_flex,70.764,71.780,70.764,-1.016,-1.016,0
1787801986.815,wrist_flex,-101.794,-98.374,-101.794,-3.421,-3.421,0
1787801986.815,wrist_roll,-0.428,-0.747,-0.428,0.319,0.319,0
1787801986.815,gripper,13.615,7.352,13.615,6.264,6.264,0
1787801986.864,shoulder_pan,-3.653,-2.505,-3.653,-1.148,-1.148,0
1787801986.864,shoulder_lift,45.893,50.769,45.893,-4.876,-4.876,0
1787801986.864,elbow_flex,70.584,71.780,70.584,-1.196,-1.196,0
1787801986.864,wrist_flex,-101.592,-98.374,-101.592,-3.218,-3.218,0
1787801986.864,wrist_roll,-0.445,-0.747,-0.445,0.302,0.302,0
1787801986.864,gripper,14.468,9.258,14.468,5.210,5.210,0
1787801986.914,shoulder_pan,-4.064,-3.033,-4.064,-1.031,-1.031,0
1787801986.914,shoulder_lift,45.616,50.330,45.616,-4.714,-4.714,0
1787801986.914,elbow_flex,70.323,71.692,70.323,-1.369,-1.369,0
1787801986.914,wrist_flex,-101.358,-98.374,-101.358,-2.985,-2.985,0
1787801986.914,wrist_roll,-0.451,-0.747,-0.451,0.296,0.296,0
1787801986.914,gripper,17.308,11.368,17.308,5.940,5.940,0
1787801986.965,shoulder_pan,-4.305,-3.385,-4.305,-0.921,-0.921,0
1787801986.965,shoulder_lift,45.457,49.802,45.457,-4.345,-4.345,0
1787801986.965,elbow_flex,70.162,71.253,70.162,-1.091,-1.091,0
1787801986.965,wrist_flex,-101.209,-98.374,-101.209,-2.835,-2.835,0
1787801986.965,wrist_roll,-0.458,-0.747,-0.458,0.290,0.290,0
1787801986.965,gripper,18.584,13.002,18.584,5.582,5.582,0
1787801987.014,shoulder_pan,-4.687,-3.648,-4.687,-1.039,-1.039,0
1787801987.014,shoulder_lift,45.112,49.451,45.112,-4.339,-4.339,0
1787801987.014,elbow_flex,69.838,70.725,69.838,-0.888,-0.888,0
1787801987.014,wrist_flex,-100.842,-98.374,-100.842,-2.468,-2.468,0
1787801987.014,wrist_roll,-0.472,-0.747,-0.472,0.275,0.275,0
1787801987.014,gripper,20.800,15.044,20.800,5.756,5.756,0
1787801987.064,shoulder_pan,-4.960,-4.000,-4.960,-0.960,-0.960,0
1787801987.064,shoulder_lift,45.086,49.099,45.086,-4.012,-4.012,0
1787801987.064,elbow_flex,69.691,70.549,69.691,-0.859,-0.859,0
1787801987.064,wrist_flex,-100.676,-98.374,-100.676,-2.302,-2.302,0
1787801987.064,wrist_roll,-0.467,-0.747,-0.467,0.280,0.280,0
1787801987.064,gripper,21.750,16.814,21.750,4.936,4.936,0
1787801987.115,shoulder_pan,-5.216,-4.352,-5.216,-0.865,-0.865,0
1787801987.115,shoulder_lift,44.827,48.835,44.827,-4.009,-4.009,0
1787801987.115,elbow_flex,69.362,70.549,69.362,-1.188,-1.188,0
1787801987.115,wrist_flex,-100.305,-98.374,-100.305,-1.931,-1.931,0
1787801987.115,wrist_roll,-0.473,-0.747,-0.473,0.275,0.275,0
1787801987.115,gripper,23.549,18.652,23.549,4.897,4.897,0
1787801987.165,shoulder_pan,-5.522,-4.615,-5.522,-0.907,-0.907,0
1787801987.165,shoulder_lift,44.481,48.747,44.481,-4.266,-4.266,0
1787801987.165,elbow_flex,68.923,70.286,68.923,-1.363,-1.363,0
1787801987.165,wrist_flex,-99.715,-98.374,-99.715,-1.341,-1.341,0
1787801987.165,wrist_roll,-0.482,-0.747,-0.482,0.265,0.265,0
1787801987.165,gripper,24.540,20.218,24.540,4.323,4.323,0
1787801987.214,shoulder_pan,-5.682,-4.967,-5.682,-0.715,-0.715,0
1787801987.214,shoulder_lift,44.455,48.659,44.455,-4.204,-4.204,0
1787801987.214,elbow_flex,68.727,70.022,68.727,-1.295,-1.295,0
1787801987.214,wrist_flex,-99.488,-98.374,-99.488,-1.114,-1.114,0
1787801987.214,wrist_roll,-0.479,-0.747,-0.479,0.268,0.268,0
1787801987.214,gripper,24.461,21.852,24.461,2.609,2.609,0
1787801987.265,shoulder_pan,-5.972,-5.231,-5.972,-0.741,-0.741,0
1787801987.265,shoulder_lift,44.476,48.571,44.476,-4.096,-4.096,0
1787801987.265,elbow_flex,68.383,69.582,68.383,-1.199,-1.199,0
1787801987.265,wrist_flex,-99.109,-98.374,-99.109,-0.735,-0.735,0
1787801987.265,wrist_roll,-0.478,-0.747,-0.478,0.269,0.269,0
1787801987.265,gripper,25.702,22.873,25.702,2.829,2.829,0
1787801987.315,shoulder_pan,-6.203,-5.495,-6.203,-0.708,-0.708,0
1787801987.315,shoulder_lift,44.173,48.484,44.173,-4.310,-4.310,0
1787801987.315,elbow_flex,67.818,69.407,67.818,-1.588,-1.588,0
1787801987.315,wrist_flex,-98.418,-98.374,-98.418,-0.045,-0.045,0
1787801987.315,wrist_roll,-0.483,-0.747,-0.483,0.264,0.264,0
1787801987.315,gripper,26.119,23.690,26.119,2.429,2.429,0
1787801987.365,shoulder_pan,-6.488,-5.670,-6.488,-0.818,-0.818,0
1787801987.365,shoulder_lift,44.127,48.484,44.127,-4.356,-4.356,0
1787801987.365,elbow_flex,67.333,69.055,67.333,-1.722,-1.722,0
1787801987.365,wrist_flex,-97.831,-98.286,-97.831,0.455,0.455,0
1787801987.365,wrist_roll,-0.489,-0.747,-0.489,0.258,0.258,0
1787801987.365,gripper,26.785,24.575,26.785,2.210,2.210,0
1787801987.413,shoulder_pan,-6.587,-5.934,-6.587,-0.653,-0.653,0
1787801987.413,shoulder_lift,44.353,48.484,44.353,-4.130,-4.130,0
1787801987.413,elbow_flex,67.131,68.527,67.131,-1.397,-1.397,0
1787801987.413,wrist_flex,-97.715,-98.286,-97.715,0.570,0.570,0
1787801987.413,wrist_roll,-0.499,-0.747,-0.499,0.248,0.248,0
1787801987.413,gripper,26.695,25.323,26.695,1.371,1.371,0
1787801987.465,shoulder_pan,-6.705,-6.198,-6.705,-0.507,-0.507,0
1787801987.465,shoulder_lift,44.293,48.484,44.293,-4.190,-4.190,0
1787801987.465,elbow_flex,66.777,68.176,66.777,-1.399,-1.399,0
1787801987.465,wrist_flex,-97.506,-98.198,-97.506,0.692,0.692,0
1787801987.465,wrist_roll,-0.515,-0.747,-0.515,0.232,0.232,0
1787801987.465,gripper,27.490,25.800,27.490,1.690,1.690,0
1787801987.514,shoulder_pan,-6.927,-6.374,-6.927,-0.554,-0.554,0
1787801987.514,shoulder_lift,44.599,48.484,44.599,-3.884,-3.884,0
1787801987.514,elbow_flex,66.769,67.912,66.769,-1.143,-1.143,0
1787801987.514,wrist_flex,-97.458,-98.110,-97.458,0.651,0.651,0
1787801987.514,wrist_roll,-0.511,-0.747,-0.511,0.236,0.236,0
1787801987.514,gripper,26.932,26.208,26.932,0.724,0.724,0
1787801987.565,shoulder_pan,-7.156,-6.462,-7.156,-0.695,-0.695,0
1787801987.565,shoulder_lift,44.298,48.484,44.298,-4.186,-4.186,0
1787801987.565,elbow_flex,66.306,67.560,66.306,-1.255,-1.255,0
1787801987.565,wrist_flex,-96.901,-98.110,-96.901,1.209,1.209,0
1787801987.565,wrist_roll,-0.520,-0.747,-0.520,0.227,0.227,0
1787801987.565,gripper,27.894,26.413,27.894,1.481,1.481,0
1787801987.615,shoulder_pan,-7.438,-6.462,-7.438,-0.977,-0.977,0
1787801987.615,shoulder_lift,44.900,48.484,44.900,-3.584,-3.584,0
1787801987.615,elbow_flex,65.923,67.297,65.923,-1.374,-1.374,0
1787801987.615,wrist_flex,-96.968,-97.934,-96.968,0.966,0.966,0
1787801987.615,wrist_roll,-0.555,-0.747,-0.555,0.192,0.192,0
1787801987.615,gripper,27.984,26.685,27.984,1.299,1.299,0
1787801987.666,shoulder_pan,-7.667,-6.549,-7.667,-1.117,-1.117,0
1787801987.666,shoulder_lift,45.043,48.484,45.043,-3.441,-3.441,0
1787801987.666,elbow_flex,65.515,67.121,65.515,-1.606,-1.606,0
1787801987.666,wrist_flex,-96.745,-97.582,-96.745,0.837,0.837,0
1787801987.666,wrist_roll,-0.566,-0.747,-0.566,0.181,0.181,0
1787801987.666,gripper,27.792,27.161,27.792,0.631,0.631,0
1787801987.716,shoulder_pan,-7.714,-6.989,-7.714,-0.725,-0.725,0
1787801987.716,shoulder_lift,45.715,48.484,45.715,-2.769,-2.769,0
1787801987.716,elbow_flex,65.623,66.681,65.623,-1.058,-1.058,0
1787801987.716,wrist_flex,-97.100,-97.319,-97.100,0.219,0.219,0
1787801987.716,wrist_roll,-0.577,-0.747,-0.577,0.170,0.170,0
1787801987.716,gripper,27.789,27.297,27.789,0.491,0.491,0
1787801987.765,shoulder_pan,-7.893,-7.253,-7.893,-0.640,-0.640,0
1787801987.765,shoulder_lift,45.610,48.484,45.610,-2.873,-2.873,0
1787801987.765,elbow_flex,65.150,66.418,65.150,-1.268,-1.268,0
1787801987.765,wrist_flex,-96.935,-97.231,-96.935,0.295,0.295,0
1787801987.765,wrist_roll,-0.622,-0.747,-0.622,0.126,0.126,0
1787801987.765,gripper,27.759,27.297,27.759,0.462,0.462,0
1787801987.816,shoulder_pan,-8.061,-7.429,-8.061,-0.633,-0.633,0
1787801987.816,shoulder_lift,46.115,48.484,46.115,-2.369,-2.369,0
1787801987.816,elbow_flex,65.264,66.242,65.264,-0.978,-0.978,0
1787801987.816,wrist_flex,-97.216,-97.231,-97.216,0.015,0.015,0
1787801987.816,wrist_roll,-0.629,-0.747,-0.629,0.119,0.119,0
1787801987.816,gripper,28.724,27.297,28.724,1.426,1.426,0
1787801987.866,shoulder_pan,-8.539,-7.604,-8.539,-0.935,-0.935,0
1787801987.866,shoulder_lift,45.744,48.484,45.744,-2.740,-2.740,0
1787801987.866,elbow_flex,64.348,66.066,64.348,-1.718,-1.718,0
1787801987.866,wrist_flex,-96.399,-97.231,-96.399,0.832,0.832,0
1787801987.866,wrist_roll,-0.647,-0.747,-0.647,0.100,0.100,0
1787801987.866,gripper,28.474,27.502,28.474,0.972,0.972,0
1787801987.917,shoulder_pan,-8.660,-7.868,-8.660,-0.792,-0.792,0
1787801987.917,shoulder_lift,46.196,48.484,46.196,-2.288,-2.288,0
1787801987.917,elbow_flex,64.493,65.802,64.493,-1.309,-1.309,0
1787801987.917,wrist_flex,-96.741,-97.143,-96.741,0.402,0.402,0
1787801987.917,wrist_roll,-0.666,-0.747,-0.666,0.081,0.081,0
1787801987.917,gripper,29.361,27.842,29.361,1.519,1.519,0
1787801987.965,shoulder_pan,-8.910,-8.132,-8.910,-0.778,-0.778,0
1787801987.965,shoulder_lift,46.225,48.484,46.225,-2.259,-2.259,0
1787801987.965,elbow_flex,64.279,65.451,64.279,-1.171,-1.171,0
1787801987.965,wrist_flex,-96.637,-97.055,-96.637,0.418,0.418,0
1787801987.965,wrist_roll,-0.654,-0.747,-0.654,0.093,0.093,0
1787801987.965,gripper,29.213,28.182,29.213,1.031,1.031,0
1787801988.014,shoulder_pan,-9.162,-8.396,-9.162,-0.766,-0.766,0
1787801988.014,shoulder_lift,46.969,48.484,46.969,-1.515,-1.515,0
1787801988.014,elbow_flex,64.246,65.187,64.246,-0.941,-0.941,0
1787801988.014,wrist_flex,-97.057,-96.879,-97.057,-0.178,-0.178,0
1787801988.014,wrist_roll,-0.662,-0.747,-0.662,0.085,0.085,0
1787801988.014,gripper,29.830,28.523,29.830,1.307,1.307,0
1787801988.064,shoulder_pan,-9.229,-8.659,-9.229,-0.570,-0.570,0
1787801988.064,shoulder_lift,47.275,48.484,47.275,-1.209,-1.209,0
1787801988.064,elbow_flex,64.455,65.099,64.455,-0.644,-0.644,0
1787801988.064,wrist_flex,-97.219,-96.879,-97.219,-0.340,-0.340,0
1787801988.064,wrist_roll,-0.640,-0.747,-0.640,0.107,0.107,0
1787801988.064,gripper,30.093,28.863,30.093,1.230,1.230,0
1787801988.116,shoulder_pan,-9.452,-8.835,-9.452,-0.617,-0.617,0
1787801988.116,shoulder_lift,47.644,48.484,47.644,-0.840,-0.840,0
1787801988.116,elbow_flex,64.134,65.099,64.134,-0.964,-0.964,0
1787801988.116,wrist_flex,-97.306,-96.879,-97.306,-0.427,-0.427,0
1787801988.116,wrist_roll,-0.647,-0.747,-0.647,0.100,0.100,0
1787801988.116,gripper,30.193,29.272,30.193,0.921,0.921,0
1787801988.165,shoulder_pan,-9.392,-8.923,-9.392,-0.468,-0.468,0
1787801988.165,shoulder_lift,47.930,48.484,47.930,-0.554,-0.554,0
1787801988.165,elbow_flex,64.521,65.099,64.521,-0.578,-0.578,0
1787801988.165,wrist_flex,-97.591,-96.879,-97.591,-0.712,-0.712,0
1787801988.165,wrist_roll,-0.587,-0.747,-0.587,0.160,0.160,0
1787801988.165,gripper,30.114,29.544,30.114,0.570,0.570,0
1787801988.217,shoulder_pan,-9.515,-9.099,-9.515,-0.416,-0.416,0
1787801988.217,shoulder_lift,48.094,48.484,48.094,-0.390,-0.390,0
1787801988.217,elbow_flex,64.556,65.099,64.556,-0.543,-0.543,0
1787801988.217,wrist_flex,-97.666,-96.879,-97.666,-0.787,-0.787,0
1787801988.217,wrist_roll,-0.573,-0.747,-0.573,0.174,0.174,0
1787801988.217,gripper,29.635,29.680,29.635,-0.045,-0.045,0
1787801988.266,shoulder_pan,-9.552,-9.099,-9.552,-0.453,-0.453,0
1787801988.266,shoulder_lift,48.451,48.484,48.451,-0.032,-0.032,0
1787801988.266,elbow_flex,64.609,65.099,64.609,-0.490,-0.490,0
1787801988.266,wrist_flex,-97.725,-96.879,-97.725,-0.846,-0.846,0
1787801988.266,wrist_roll,-0.544,-0.747,-0.544,0.203,0.203,0
1787801988.266,gripper,29.740,29.680,29.740,0.060,0.060,0
1787801988.317,shoulder_pan,-9.466,-9.187,-9.466,-0.279,-0.279,0
1787801988.317,shoulder_lift,48.847,48.659,48.847,0.188,0.188,0
1787801988.317,elbow_flex,64.584,65.099,64.584,-0.515,-0.515,0
1787801988.317,wrist_flex,-97.649,-96.879,-97.649,-0.770,-0.770,0
1787801988.317,wrist_roll,-0.477,-0.747,-0.477,0.271,0.271,0
1787801988.317,gripper,29.755,29.680,29.755,0.075,0.075,0
1787801988.367,shoulder_pan,-9.523,-9.187,-9.523,-0.336,-0.336,0
1787801988.367,shoulder_lift,49.100,49.099,49.100,0.001,0.001,0
1787801988.367,elbow_flex,64.731,65.099,64.731,-0.368,-0.368,0
1787801988.367,wrist_flex,-97.815,-96.879,-97.815,-0.936,-0.936,0
1787801988.367,wrist_roll,-0.448,-0.747,-0.448,0.300,0.300,0
1787801988.367,gripper,29.419,29.680,29.419,-0.261,-0.261,0
1787801988.416,shoulder_pan,-9.499,-9.187,-9.499,-0.312,-0.312,0
1787801988.416,shoulder_lift,49.519,49.538,49.519,-0.019,-0.019,0
1787801988.416,elbow_flex,65.014,65.099,65.014,-0.084,-0.084,0
1787801988.416,wrist_flex,-98.098,-96.879,-98.098,-1.219,-1.219,0
1787801988.416,wrist_roll,-0.404,-0.747,-0.404,0.343,0.343,0
1787801988.416,gripper,29.248,29.680,29.248,-0.432,-0.432,0
1787801988.467,shoulder_pan,-9.450,-9.187,-9.450,-0.264,-0.264,0
1787801988.467,shoulder_lift,49.772,49.714,49.772,0.058,0.058,0
1787801988.467,elbow_flex,64.876,65.099,64.876,-0.223,-0.223,0
1787801988.467,wrist_flex,-98.048,-96.879,-98.048,-1.169,-1.169,0
1787801988.467,wrist_roll,-0.381,-0.747,-0.381,0.366,0.366,0
1787801988.467,gripper,29.322,29.680,29.322,-0.358,-0.358,0
1787801988.517,shoulder_pan,-9.575,-9.187,-9.575,-0.388,-0.388,0
1787801988.517,shoulder_lift,49.864,49.978,49.864,-0.114,-0.114,0
1787801988.517,elbow_flex,64.607,65.187,64.607,-0.580,-0.580,0
1787801988.517,wrist_flex,-97.801,-96.879,-97.801,-0.922,-0.922,0
1787801988.517,wrist_roll,-0.379,-0.747,-0.379,0.368,0.368,0
1787801988.517,gripper,28.234,29.680,28.234,-1.446,-1.446,0
1787801988.566,shoulder_pan,-9.595,-9.187,-9.595,-0.408,-0.408,0
1787801988.566,shoulder_lift,50.161,49.978,50.161,0.183,0.183,0
1787801988.566,elbow_flex,64.837,65.099,64.837,-0.262,-0.262,0
1787801988.566,wrist_flex,-98.084,-96.879,-98.084,-1.205,-1.205,0
1787801988.566,wrist_roll,-0.344,-0.747,-0.344,0.403,0.403,0
1787801988.566,gripper,28.151,29.612,28.151,-1.461,-1.461,0
1787801988.617,shoulder_pan,-9.756,-9.187,-9.756,-0.569,-0.569,0
1787801988.617,shoulder_lift,50.157,50.242,50.157,-0.085,-0.085,0
1787801988.617,elbow_flex,64.042,65.099,64.042,-1.057,-1.057,0
1787801988.617,wrist_flex,-97.482,-96.879,-97.482,-0.603,-0.603,0
1787801988.617,wrist_roll,-0.314,-0.747,-0.314,0.434,0.434,0
1787801988.617,gripper,29.133,29.135,29.133,-0.002,-0.002,0
1787801988.666,shoulder_pan,-9.794,-9.187,-9.794,-0.607,-0.607,0
1787801988.666,shoulder_lift,50.297,50.593,50.297,-0.297,-0.297,0
1787801988.666,elbow_flex,63.677,65.099,63.677,-1.422,-1.422,0
1787801988.666,wrist_flex,-97.187,-96.879,-97.187,-0.308,-0.308,0
1787801988.666,wrist_roll,-0.320,-0.747,-0.320,0.427,0.427,0
1787801988.666,gripper,27.917,28.999,27.917,-1.082,-1.082,0
1787801988.717,shoulder_pan,-9.905,-9.187,-9.905,-0.718,-0.718,0
1787801988.717,shoulder_lift,50.655,50.593,50.655,0.062,0.062,0
1787801988.717,elbow_flex,64.041,64.747,64.041,-0.707,-0.707,0
1787801988.717,wrist_flex,-97.596,-96.879,-97.596,-0.717,-0.717,0
1787801988.717,wrist_roll,-0.284,-0.747,-0.284,0.463,0.463,0
1787801988.717,gripper,27.435,28.863,27.435,-1.429,-1.429,0
1787801988.767,shoulder_pan,-9.910,-9.187,-9.910,-0.723,-0.723,0
1787801988.767,shoulder_lift,51.013,50.857,51.013,0.156,0.156,0
1787801988.767,elbow_flex,64.262,64.396,64.262,-0.133,-0.133,0
1787801988.767,wrist_flex,-97.746,-96.879,-97.746,-0.867,-0.867,0
1787801988.767,wrist_roll,-0.257,-0.747,-0.257,0.491,0.491,0
1787801988.767,gripper,25.964,28.455,25.964,-2.491,-2.491,0
1787801988.817,shoulder_pan,-10.165,-9.187,-10.165,-0.979,-0.979,0
1787801988.817,shoulder_lift,51.231,51.297,51.231,-0.066,-0.066,0
1787801988.817,elbow_flex,64.459,64.659,64.459,-0.200,-0.200,0
1787801988.817,wrist_flex,-98.042,-96.879,-98.042,-1.163,-1.163,0
1787801988.817,wrist_roll,-0.201,-0.747,-0.201,0.546,0.546,0
1787801988.817,gripper,26.538,27.774,26.538,-1.236,-1.236,0
1787801988.868,shoulder_pan,-10.365,-9.363,-10.365,-1.003,-1.003,0
1787801988.868,shoulder_lift,51.734,51.560,51.734,0.174,0.174,0
1787801988.868,elbow_flex,65.606,64.659,65.606,0.946,0.946,0
1787801988.868,wrist_flex,-99.044,-96.879,-99.044,-2.164,-2.164,0
1787801988.868,wrist_roll,-0.128,-0.747,-0.128,0.619,0.619,0
1787801988.868,gripper,25.798,27.161,25.798,-1.363,-1.363,0
1787801988.917,shoulder_pan,-10.295,-9.626,-10.295,-0.669,-0.669,0
1787801988.917,shoulder_lift,51.940,51.736,51.940,0.204,0.204,0
1787801988.917,elbow_flex,65.521,64.659,65.521,0.862,0.862,0
1787801988.917,wrist_flex,-99.095,-96.879,-99.095,-2.216,-2.216,0
1787801988.917,wrist_roll,-0.108,-0.747,-0.108,0.640,0.640,0
1787801988.917,gripper,25.152,26.821,25.152,-1.669,-1.669,0
1787801988.968,shoulder_pan,-10.321,-9.890,-10.321,-0.431,-0.431,0
1787801988.968,shoulder_lift,52.285,52.264,52.285,0.021,0.021,0
1787801988.968,elbow_flex,65.838,64.747,65.838,1.090,1.090,0
1787801988.968,wrist_flex,-99.379,-97.055,-99.379,-2.324,-2.324,0
1787801988.968,wrist_roll,-0.081,-0.747,-0.081,0.667,0.667,0
1787801988.968,gripper,24.020,26.276,24.020,-2.257,-2.257,0
1787801989.019,shoulder_pan,-10.354,-9.978,-10.354,-0.376,-0.376,0
1787801989.019,shoulder_lift,52.622,52.440,52.622,0.183,0.183,0
1787801989.019,elbow_flex,66.972,64.923,66.972,2.049,2.049,0
1787801989.019,wrist_flex,-100.345,-97.143,-100.345,-3.202,-3.202,0
1787801989.019,wrist_roll,-0.037,-0.747,-0.037,0.710,0.710,0
1787801989.019,gripper,23.501,25.596,23.501,-2.095,-2.095,0
1787801989.067,shoulder_pan,-10.216,-10.066,-10.216,-0.150,-0.150,0
1787801989.067,shoulder_lift,53.027,52.527,53.027,0.499,0.499,0
1787801989.067,elbow_flex,67.554,65.011,67.554,2.543,2.543,0
1787801989.067,wrist_flex,-100.750,-97.143,-100.750,-3.607,-3.607,0
1787801989.067,wrist_roll,0.014,-0.747,0.014,0.761,0.761,0
1787801989.067,gripper,22.778,24.847,22.778,-2.069,-2.069,0
1787801989.117,shoulder_pan,-10.141,-10.066,-10.141,-0.075,-0.075,0
1787801989.117,shoulder_lift,53.465,52.791,53.465,0.673,0.673,0
1787801989.117,elbow_flex,67.643,65.538,67.643,2.104,2.104,0
1787801989.117,wrist_flex,-100.997,-97.143,-100.997,-3.854,-3.854,0
1787801989.117,wrist_roll,0.041,-0.747,0.041,0.788,0.788,0
1787801989.117,gripper,22.511,24.098,22.511,-1.587,-1.587,0
1787801989.167,shoulder_pan,-10.094,-10.066,-10.094,-0.029,-0.029,0
1787801989.167,shoulder_lift,53.699,53.055,53.699,0.644,0.644,0
1787801989.167,elbow_flex,68.310,65.890,68.310,2.420,2.420,0
1787801989.167,wrist_flex,-101.584,-97.231,-101.584,-4.353,-4.353,0
1787801989.167,wrist_roll,0.076,-0.747,0.076,0.823,0.823,0
1787801989.167,gripper,21.779,23.553,21.779,-1.774,-1.774,0
1787801989.218,shoulder_pan,-10.077,-10.066,-10.077,-0.011,-0.011,0
1787801989.218,shoulder_lift,53.835,53.231,53.835,0.604,0.604,0
1787801989.218,elbow_flex,68.922,66.242,68.922,2.680,2.680,0
1787801989.218,wrist_flex,-102.076,-97.582,-102.076,-4.494,-4.494,0
1787801989.218,wrist_roll,0.103,-0.747,0.103,0.851,0.851,0
1787801989.218,gripper,21.292,22.941,21.292,-1.648,-1.648,0
