timestamp,joint,goal_pos,present_pos,sent_pos,goal_present_diff,sent_present_diff,clamped
1787801939.430,shoulder_pan,-12.648,-5.582,-12.648,-7.065,-7.065,0
1787801939.430,shoulder_lift,-81.448,-103.341,-83.341,21.893,20.000,1
1787801939.430,elbow_flex,79.541,95.385,79.541,-15.843,-15.843,0
1787801939.430,wrist_flex,33.652,75.209,55.209,-41.557,-20.000,1
1787801939.430,wrist_roll,6.520,5.143,6.520,1.377,1.377,0
1787801939.430,gripper,1.009,9.645,1.009,-8.636,-8.636,0
1787801939.442,shoulder_pan,-12.747,-5.582,-12.747,-7.164,-7.164,0
1787801939.442,shoulder_lift,-81.898,-103.341,-83.341,21.443,20.000,1
1787801939.442,elbow_flex,80.124,95.385,80.124,-15.261,-15.261,0
1787801939.442,wrist_flex,33.614,75.209,55.209,-41.594,-20.000,1
1787801939.442,wrist_roll,6.544,5.143,6.544,1.401,1.401,0
1787801939.442,gripper,1.011,9.645,1.011,-8.634,-8.634,0
1787801939.493,shoulder_pan,-12.625,-6.110,-12.625,-6.515,-6.515,0
1787801939.493,shoulder_lift,-81.729,-103.077,-83.077,21.348,20.000,1
1787801939.493,elbow_flex,80.563,95.209,80.563,-14.646,-14.646,0
1787801939.493,wrist_flex,32.701,74.769,54.769,-42.068,-20.000,1
1787801939.493,wrist_roll,6.524,5.407,6.524,1.117,1.117,0
1787801939.493,gripper,1.007,9.444,1.007,-8.437,-8.437,0
1787801939.541,shoulder_pan,-12.748,-9.538,-12.748,-3.209,-3.209,0
1787801939.541,shoulder_lift,-82.082,-98.593,-82.082,16.511,16.511,0
1787801939.541,elbow_flex,80.993,92.484,80.993,-11.491,-11.491,0
1787801939.541,wrist_flex,32.586,71.429,51.429,-38.842,-20.000,1
1787801939.541,wrist_roll,6.540,6.110,6.540,0.430,0.430,0
1787801939.541,gripper,1.007,7.904,1.007,-6.896,-6.896,0
1787801939.591,shoulder_pan,-12.719,-11.297,-12.719,-1.422,-1.422,0
1787801939.591,shoulder_lift,-82.108,-92.440,-82.108,10.332,10.332,0
1787801939.591,elbow_flex,81.278,87.560,81.278,-6.283,-6.283,0
1787801939.591,wrist_flex,32.037,64.308,44.308,-32.271,-20.000,1
1787801939.591,wrist_roll,6.529,6.198,6.529,0.332,0.332,0
1787801939.591,gripper,1.006,7.368,1.006,-6.362,-6.362,0
1787801939.642,shoulder_pan,-12.618,-11.736,-12.618,-0.882,-0.882,0
1787801939.642,shoulder_lift,-82.544,-86.989,-82.544,4.445,4.445,0
1787801939.642,elbow_flex,81.825,85.011,81.825,-3.186,-3.186,0
1787801939.642,wrist_flex,32.205,57.187,37.187,-24.982,-20.000,1
1787801939.642,wrist_roll,6.531,6.198,6.531,0.333,0.333,0
1787801939.642,gripper,1.006,7.368,1.006,-6.362,-6.362,0
1787801939.691,shoulder_pan,-12.638,-12.088,-12.638,-0.550,-0.550,0
1787801939.691,shoulder_lift,-82.455,-84.791,-82.455,2.336,2.336,0
1787801939.691,elbow_flex,81.811,84.835,81.811,-3.024,-3.024,0
1787801939.691,wrist_flex,31.656,50.857,31.656,-19.201,-19.201,0
1787801939.691,wrist_roll,6.535,6.198,6.535,0.338,0.338,0
1787801939.691,gripper,1.005,7.368,1.005,-6.363,-6.363,0
1787801939.741,shoulder_pan,-12.563,-12.264,-12.563,-0.299,-0.299,0
1787801939.741,shoulder_lift,-82.805,-83.824,-82.805,1.019,1.019,0
1787801939.741,elbow_flex,82.207,84.659,82.207,-2.452,-2.452,0
1787801939.741,wrist_flex,31.834,44.088,31.834,-12.254,-12.254,0
1787801939.741,wrist_roll,6.532,6.198,6.532,0.334,0.334,0
1787801939.741,gripper,1.005,7.368,1.005,-6.363,-6.363,0
1787801939.791,shoulder_pan,-12.564,-12.352,-12.564,-0.213,-0.213,0
1787801939.791,shoulder_lift,-82.829,-83.385,-82.829,0.555,0.555,0
1787801939.791,elbow_flex,82.264,84.571,82.264,-2.308,-2.308,0
1787801939.791,wrist_flex,31.683,38.110,31.683,-6.427,-6.427,0
1787801939.791,wrist_roll,6.532,6.198,6.532,0.334,0.334,0
1787801939.791,gripper,1.005,7.368,1.005,-6.363,-6.363,0
1787801939.844,shoulder_pan,-12.569,-12.352,-12.569,-0.217,-0.217,0
1787801939.844,shoulder_lift,-82.980,-83.297,-82.980,0.317,0.317,0
1787801939.844,elbow_flex,82.461,84.571,82.461,-2.110,-2.110,0
1787801939.844,wrist_flex,31.406,35.121,31.406,-3.715,-3.715,0
1787801939.844,wrist_roll,6.539,6.198,6.539,0.341,0.341,0
1787801939.844,gripper,1.005,7.368,1.005,-6.363,-6.363,0
1787801939.891,shoulder_pan,-12.537,-12.352,-12.537,-0.185,-0.185,0
1787801939.891,shoulder_lift,-83.090,-83.121,-83.090,0.031,0.031,0
1787801939.891,elbow_flex,82.472,84.571,82.472,-2.100,-2.100,0
1787801939.891,wrist_flex,31.531,33.890,31.531,-2.359,-2.359,0
1787801939.891,wrist_roll,6.534,6.198,6.534,0.336,0.336,0
1787801939.891,gripper,1.004,7.368,1.004,-6.363,-6.363,0
1787801939.943,shoulder_pan,-12.578,-12.352,-12.578,-0.226,-0.226,0
1787801939.943,shoulder_lift,-83.135,-83.121,-83.135,-0.014,-0.014,0
1787801939.943,elbow_flex,82.557,84.571,82.557,-2.014,-2.014,0
1787801939.943,wrist_flex,31.120,33.187,31.120,-2.067,-2.067,0
1787801939.943,wrist_roll,6.539,6.198,6.539,0.341,0.341,0
1787801939.943,gripper,1.005,7.368,1.005,-6.363,-6.363,0
1787801939.991,shoulder_pan,-12.465,-12.352,-12.465,-0.114,-0.114,0
1787801939.991,shoulder_lift,-83.383,-83.121,-83.383,-0.262,-0.262,0
1787801939.991,elbow_flex,82.811,84.571,82.811,-1.761,-1.761,0
1787801939.991,wrist_flex,31.414,32.747,31.414,-1.333,-1.333,0
1787801939.991,wrist_roll,6.540,6.198,6.540,0.342,0.342,0
1787801939.991,gripper,1.006,7.368,1.006,-6.362,-6.362,0
1787801940.041,shoulder_pan,-12.456,-12.352,-12.456,-0.105,-0.105,0
1787801940.041,shoulder_lift,-83.447,-83.121,-83.447,-0.326,-0.326,0
1787801940.041,elbow_flex,82.778,84.571,82.778,-1.794,-1.794,0
1787801940.041,wrist_flex,31.138,32.484,31.138,-1.346,-1.346,0
1787801940.041,wrist_roll,6.537,6.198,6.537,0.339,0.339,0
1787801940.041,gripper,1.007,7.368,1.007,-6.360,-6.360,0
1787801940.091,shoulder_pan,-12.446,-12.352,-12.446,-0.094,-0.094,0
1787801940.091,shoulder_lift,-83.674,-83.121,-83.674,-0.553,-0.553,0
1787801940.091,elbow_flex,82.960,84.571,82.960,-1.611,-1.611,0
1787801940.091,wrist_flex,31.097,32.396,31.097,-1.299,-1.299,0
1787801940.091,wrist_roll,6.541,6.198,6.541,0.343,0.343,0
1787801940.091,gripper,1.008,7.368,1.008,-6.360,-6.360,0
1787801940.143,shoulder_pan,-12.430,-12.352,-12.430,-0.078,-0.078,0
1787801940.143,shoulder_lift,-83.974,-83.121,-83.974,-0.853,-0.853,0
1787801940.143,elbow_flex,83.046,84.571,83.046,-1.525,-1.525,0
1787801940.143,wrist_flex,31.122,32.220,31.122,-1.098,-1.098,0
1787801940.143,wrist_roll,6.535,6.198,6.535,0.337,0.337,0
1787801940.143,gripper,1.009,7.368,1.009,-6.359,-6.359,0
1787801940.191,shoulder_pan,-12.413,-12.352,-12.413,-0.062,-0.062,0
1787801940.191,shoulder_lift,-84.038,-83.297,-84.038,-0.741,-0.741,0
1787801940.191,elbow_flex,83.084,84.571,83.084,-1.488,-1.488,0
1787801940.191,wrist_flex,31.136,32.132,31.136,-0.996,-0.996,0
1787801940.191,wrist_roll,6.532,6.198,6.532,0.334,0.334,0
1787801940.191,gripper,1.010,7.368,1.010,-6.358,-6.358,0
1787801940.243,shoulder_pan,-12.359,-12.352,-12.359,-0.007,-0.007,0
1787801940.243,shoulder_lift,-84.116,-83.385,-84.116,-0.732,-0.732,0
1787801940.243,elbow_flex,83.186,84.571,83.186,-1.385,-1.385,0
1787801940.243,wrist_flex,30.998,32.132,30.998,-1.134,-1.134,0
1787801940.243,wrist_roll,6.537,6.198,6.537,0.339,0.339,0
1787801940.243,gripper,1.011,7.368,1.011,-6.357,-6.357,0
1787801940.292,shoulder_pan,-12.256,-12.352,-12.256,0.096,0.096,0
1787801940.292,shoulder_lift,-84.532,-83.473,-84.532,-1.059,-1.059,0
1787801940.292,elbow_flex,83.370,84.571,83.370,-1.202,-1.202,0
1787801940.292,wrist_flex,31.127,32.132,31.127,-1.005,-1.005,0
1787801940.292,wrist_roll,6.528,6.198,6.528,0.330,0.330,0
1787801940.292,gripper,1.012,7.368,1.012,-6.356,-6.356,0
1787801940.343,shoulder_pan,-12.245,-12.352,-12.245,0.106,0.106,0
1787801940.343,shoulder_lift,-84.665,-83.648,-84.665,-1.017,-1.017,0
1787801940.343,elbow_flex,83.383,84.571,83.383,-1.188,-1.188,0
1787801940.343,wrist_flex,31.210,32.132,31.210,-0.921,-0.921,0
1787801940.343,wrist_roll,6.531,6.198,6.531,0.333,0.333,0
1787801940.343,gripper,1.013,7.368,1.013,-6.355,-6.355,0
1787801940.391,shoulder_pan,-12.140,-12.352,-12.140,0.211,0.211,0
1787801940.391,shoulder_lift,-84.967,-84.000,-84.967,-0.967,-0.967,0
1787801940.391,elbow_flex,83.549,84.571,83.549,-1.023,-1.023,0
1787801940.391,wrist_flex,31.092,32.132,31.092,-1.040,-1.040,0
1787801940.391,wrist_roll,6.524,6.198,6.524,0.327,0.327,0
1787801940.391,gripper,1.015,7.368,1.015,-6.353,-6.353,0
1787801940.442,shoulder_pan,-12.068,-12.352,-12.068,0.284,0.284,0
1787801940.442,shoulder_lift,-85.133,-84.176,-85.133,-0.957,-0.957,0
1787801940.442,elbow_flex,83.660,84.571,83.660,-0.912,-0.912,0
1787801940.442,wrist_flex,31.002,32.132,31.002,-1.130,-1.130,0
1787801940.442,wrist_roll,6.523,6.198,6.523,0.325,0.325,0
1787801940.442,gripper,1.016,7.368,1.016,-6.352,-6.352,0
1787801940.492,shoulder_pan,-12.036,-12.352,-12.036,0.315,0.315,0
1787801940.492,shoulder_lift,-85.290,-84.352,-85.290,-0.938,-0.938,0
1787801940.492,elbow_flex,83.576,84.659,83.576,-1.083,-1.083,0
1787801940.492,wrist_flex,31.156,32.132,31.156,-0.976,-0.976,0
1787801940.492,wrist_roll,6.522,6.198,6.522,0.324,0.324,0
1787801940.492,gripper,1.017,7.368,1.017,-6.351,-6.351,0
1787801940.543,shoulder_pan,-11.990,-12.352,-11.990,0.362,0.362,0
1787801940.543,shoulder_lift,-85.711,-84.615,-85.711,-1.096,-1.096,0
1787801940.543,elbow_flex,83.744,84.659,83.744,-0.915,-0.915,0
1787801940.543,wrist_flex,31.416,32.132,31.416,-0.716,-0.716,0
1787801940.543,wrist_roll,6.517,6.198,6.517,0.319,0.319,0
1787801940.543,gripper,1.018,7.368,1.018,-6.350,-6.350,0
1787801940.592,shoulder_pan,-11.898,-12.352,-11.898,0.454,0.454,0
1787801940.592,shoulder_lift,-85.937,-84.791,-85.937,-1.146,-1.146,0
1787801940.592,elbow_flex,83.780,84.659,83.780,-0.880,-0.880,0
1787801940.592,wrist_flex,31.349,32.132,31.349,-0.783,-0.783,0
1787801940.592,wrist_roll,6.507,6.198,6.507,0.309,0.309,0
1787801940.592,gripper,1.020,7.368,1.020,-6.348,-6.348,0
1787801940.644,shoulder_pan,-11.788,-12.352,-11.788,0.563,0.563,0
1787801940.644,shoulder_lift,-86.260,-85.231,-86.260,-1.029,-1.029,0
1787801940.644,elbow_flex,84.021,84.659,84.021,-0.639,-0.639,0
1787801940.644,wrist_flex,31.534,32.132,31.534,-0.598,-0.598,0
1787801940.644,wrist_roll,6.508,6.198,6.508,0.310,0.310,0
1787801940.644,gripper,1.022,7.368,1.022,-6.345,-6.345,0
1787801940.691,shoulder_pan,-11.651,-12.352,-11.651,0.701,0.701,0
1787801940.691,shoulder_lift,-86.650,-85.495,-86.650,-1.155,-1.155,0
1787801940.691,elbow_flex,84.195,84.659,84.195,-0.464,-0.464,0
1787801940.691,wrist_flex,31.548,32.132,31.548,-0.584,-0.584,0
1787801940.691,wrist_roll,6.497,6.198,6.497,0.299,0.299,0
1787801940.691,gripper,1.024,7.368,1.024,-6.344,-6.344,0
1787801940.744,shoulder_pan,-11.632,-12.264,-11.632,0.632,0.632,0
1787801940.744,shoulder_lift,-87.017,-85.934,-87.017,-1.083,-1.083,0
1787801940.744,elbow_flex,84.286,84.659,84.286,-0.373,-0.373,0
1787801940.744,wrist_flex,31.835,32.132,31.835,-0.297,-0.297,0
1787801940.744,wrist_roll,6.489,6.198,6.489,0.291,0.291,0
1787801940.744,gripper,1.025,7.368,1.025,-6.343,-6.343,0
1787801940.792,shoulder_pan,-11.519,-12.264,-11.519,0.745,0.745,0
1787801940.792,shoulder_lift,-87.306,-86.286,-87.306,-1.020,-1.020,0
1787801940.792,elbow_flex,84.422,84.659,84.422,-0.237,-0.237,0
1787801940.792,wrist_flex,32.135,32.132,32.135,0.003,0.003,0
1787801940.792,wrist_roll,6.483,6.198,6.483,0.285,0.285,0
1787801940.792,gripper,1.027,7.368,1.027,-6.340,-6.340,0
1787801940.844,shoulder_pan,-11.402,-12.264,-11.402,0.862,0.862,0
1787801940.844,shoulder_lift,-87.703,-86.637,-87.703,-1.066,-1.066,0
1787801940.844,elbow_flex,84.634,84.659,84.634,-0.025,-0.025,0
1787801940.844,wrist_flex,32.271,32.132,32.271,0.139,0.139,0
1787801940.844,wrist_roll,6.466,6.198,6.466,0.268,0.268,0
1787801940.844,gripper,1.029,7.368,1.029,-6.339,-6.339,0
1787801940.892,shoulder_pan,-11.394,-12.088,-11.394,0.693,0.693,0
1787801940.892,shoulder_lift,-87.978,-86.989,-87.978,-0.989,-0.989,0
1787801940.892,elbow_flex,84.557,84.835,84.557,-0.278,-0.278,0
1787801940.892,wrist_flex,32.471,32.132,32.471,0.339,0.339,0
1787801940.892,wrist_roll,6.463,6.198,6.463,0.265,0.265,0
1787801940.892,gripper,1.032,7.368,1.032,-6.336,-6.336,0
1787801940.943,shoulder_pan,-11.295,-11.824,-11.295,0.530,0.530,0
1787801940.943,shoulder_lift,-88.243,-87.341,-88.243,-0.903,-0.903,0
1787801940.943,elbow_flex,84.695,85.011,84.695,-0.316,-0.316,0
1787801940.943,wrist_flex,32.673,32.220,32.673,0.453,0.453,0
1787801940.943,wrist_roll,6.453,6.198,6.453,0.256,0.256,0
1787801940.943,gripper,1.035,7.368,1.035,-6.333,-6.333,0
1787801940.993,shoulder_pan,-11.208,-11.824,-11.208,0.616,0.616,0
1787801940.993,shoulder_lift,-88.555,-87.429,-88.555,-1.127,-1.127,0
1787801940.993,elbow_flex,84.764,85.011,84.764,-0.247,-0.247,0
1787801940.993,wrist_flex,33.098,32.396,33.098,0.702,0.702,0
1787801940.993,wrist_roll,6.441,6.198,6.441,0.244,0.244,0
1787801940.993,gripper,1.037,7.368,1.037,-6.331,-6.331,0
1787801941.044,shoulder_pan,-11.164,-11.736,-11.164,0.573,0.573,0
1787801941.044,shoulder_lift,-88.814,-87.868,-88.814,-0.946,-0.946,0
1787801941.044,elbow_flex,85.011,85.011,85.011,-0.000,-0.000,0
1787801941.044,wrist_flex,33.368,32.571,33.368,0.796,0.796,0
1787801941.044,wrist_roll,6.442,6.198,6.442,0.244,0.244,0
1787801941.044,gripper,1.038,7.368,1.038,-6.330,-6.330,0
1787801941.093,shoulder_pan,-11.067,-11.736,-11.067,0.669,0.669,0
1787801941.093,shoulder_lift,-89.275,-88.132,-89.275,-1.143,-1.143,0
1787801941.093,elbow_flex,85.110,85.011,85.110,0.099,0.099,0
1787801941.093,wrist_flex,33.976,32.923,33.976,1.053,1.053,0
1787801941.093,wrist_roll,6.445,6.198,6.445,0.248,0.248,0
1787801941.093,gripper,1.044,7.368,1.044,-6.324,-6.324,0
1787801941.144,shoulder_pan,-11.020,-11.736,-11.020,0.716,0.716,0
1787801941.144,shoulder_lift,-89.448,-88.484,-89.448,-0.964,-0.964,0
1787801941.144,elbow_flex,85.173,85.363,85.173,-0.190,-0.190,0
1787801941.144,wrist_flex,34.262,33.451,34.262,0.812,0.812,0
1787801941.144,wrist_roll,6.441,6.198,6.441,0.243,0.243,0
1787801941.144,gripper,1.044,7.368,1.044,-6.324,-6.324,0
1787801941.193,shoulder_pan,-10.965,-11.473,-10.965,0.508,0.508,0
1787801941.193,shoulder_lift,-89.715,-88.659,-89.715,-1.055,-1.055,0
1787801941.193,elbow_flex,85.178,85.363,85.178,-0.185,-0.185,0
1787801941.193,wrist_flex,34.808,33.890,34.808,0.918,0.918,0
1787801941.193,wrist_roll,6.438,6.198,6.438,0.240,0.240,0
1787801941.193,gripper,1.047,7.368,1.047,-6.320,-6.320,0
1787801941.244,shoulder_pan,-10.918,-11.473,-10.918,0.555,0.555,0
1787801941.244,shoulder_lift,-89.754,-89.011,-89.754,-0.743,-0.743,0
1787801941.244,elbow_flex,85.048,85.363,85.048,-0.315,-0.315,0
1787801941.244,wrist_flex,35.521,34.330,35.521,1.192,1.192,0
1787801941.244,wrist_roll,6.457,6.198,6.457,0.259,0.259,0
1787801941.244,gripper,1.052,7.368,1.052,-6.316,-6.316,0
1787801941.293,shoulder_pan,-10.868,-11.385,-10.868,0.517,0.517,0
1787801941.293,shoulder_lift,-89.882,-89.187,-89.882,-0.696,-0.696,0
1787801941.293,elbow_flex,85.060,85.363,85.060,-0.303,-0.303,0
1787801941.293,wrist_flex,35.652,34.769,35.652,0.882,0.882,0
1787801941.293,wrist_roll,6.449,6.198,6.449,0.251,0.251,0
1787801941.293,gripper,1.053,7.368,1.053,-6.314,-6.314,0
1787801941.346,shoulder_pan,-10.866,-11.385,-10.866,0.519,0.519,0
1787801941.346,shoulder_lift,-90.072,-89.187,-90.072,-0.886,-0.886,0
1787801941.346,elbow_flex,84.955,85.363,84.955,-0.408,-0.408,0
1787801941.346,wrist_flex,36.228,35.385,36.228,0.843,0.843,0
1787801941.346,wrist_roll,6.446,6.198,6.446,0.248,0.248,0
1787801941.346,gripper,1.055,7.368,1.055,-6.313,-6.313,0
1787801941.393,shoulder_pan,-10.839,-11.385,-10.839,0.546,0.546,0
1787801941.393,shoulder_lift,-90.133,-89.451,-90.133,-0.683,-0.683,0
1787801941.393,elbow_flex,84.980,85.363,84.980,-0.383,-0.383,0
1787801941.393,wrist_flex,36.155,35.560,36.155,0.594,0.594,0
1787801941.393,wrist_roll,6.428,6.198,6.428,0.230,0.230,0
1787801941.393,gripper,1.052,7.368,1.052,-6.316,-6.316,0
1787801941.442,shoulder_pan,-10.830,-11.297,-10.830,0.466,0.466,0
1787801941.442,shoulder_lift,-90.275,-89.538,-90.275,-0.737,-0.737,0
1787801941.442,elbow_flex,85.066,85.363,85.066,-0.297,-0.297,0
1787801941.442,wrist_flex,36.388,35.824,36.388,0.564,0.564,0
1787801941.442,wrist_roll,6.431,6.198,6.431,0.233,0.233,0
1787801941.442,gripper,1.052,7.368,1.052,-6.316,-6.316,0
1787801941.493,shoulder_pan,-10.806,-11.209,-10.806,0.403,0.403,0
1787801941.493,shoulder_lift,-90.352,-89.714,-90.352,-0.638,-0.638,0
1787801941.493,elbow_flex,84.948,85.363,84.948,-0.415,-0.415,0
1787801941.493,wrist_flex,37.090,36.176,37.090,0.914,0.914,0
1787801941.493,wrist_roll,6.445,6.198,6.445,0.247,0.247,0
1787801941.493,gripper,1.056,7.368,1.056,-6.312,-6.312,0
1787801941.544,shoulder_pan,-10.795,-11.209,-10.795,0.414,0.414,0
1787801941.544,shoulder_lift,-90.544,-89.890,-90.544,-0.653,-0.653,0
1787801941.544,elbow_flex,84.922,85.363,84.922,-0.440,-0.440,0
1787801941.544,wrist_flex,37.620,36.527,37.620,1.092,1.092,0
1787801941.544,wrist_roll,6.433,6.198,6.433,0.235,0.235,0
1787801941.544,gripper,1.055,7.368,1.055,-6.313,-6.313,0
1787801941.594,shoulder_pan,-10.791,-11.209,-10.791,0.418,0.418,0
1787801941.594,shoulder_lift,-90.391,-90.066,-90.391,-0.325,-0.325,0
1787801941.594,elbow_flex,84.700,85.363,84.700,-0.662,-0.662,0
1787801941.594,wrist_flex,37.680,37.143,37.680,0.537,0.537,0
1787801941.594,wrist_roll,6.420,6.198,6.420,0.222,0.222,0
1787801941.594,gripper,1.054,7.368,1.054,-6.313,-6.313,0
1787801941.643,shoulder_pan,-10.769,-11.209,-10.769,0.440,0.440,0
1787801941.643,shoulder_lift,-90.583,-90.066,-90.583,-0.518,-0.518,0
1787801941.643,elbow_flex,84.660,85.363,84.660,-0.703,-0.703,0
1787801941.643,wrist_flex,38.345,37.495,38.345,0.850,0.850,0
1787801941.643,wrist_roll,6.432,6.198,6.432,0.235,0.235,0
1787801941.643,gripper,1.056,7.368,1.056,-6.312,-6.312,0
1787801941.695,shoulder_pan,-10.699,-11.209,-10.699,0.510,0.510,0
1787801941.695,shoulder_lift,-90.743,-90.066,-90.743,-0.677,-0.677,0
1787801941.695,elbow_flex,84.651,85.363,84.651,-0.711,-0.711,0
1787801941.695,wrist_flex,38.814,37.758,38.814,1.056,1.056,0
1787801941.695,wrist_roll,6.427,6.198,6.427,0.229,0.229,0
1787801941.695,gripper,1.056,7.368,1.056,-6.312,-6.312,0
1787801941.745,shoulder_pan,-10.641,-11.209,-10.641,0.568,0.568,0
1787801941.745,shoulder_lift,-91.014,-90.242,-91.014,-0.772,-0.772,0
1787801941.745,elbow_flex,84.616,85.363,84.616,-0.746,-0.746,0
1787801941.745,wrist_flex,39.735,38.286,39.735,1.450,1.450,0
1787801941.745,wrist_roll,6.436,6.198,6.436,0.238,0.238,0
1787801941.745,gripper,1.057,7.368,1.057,-6.311,-6.311,0
1787801941.793,shoulder_pan,-10.704,-11.209,-10.704,0.505,0.505,0
1787801941.793,shoulder_lift,-90.819,-90.418,-90.819,-0.401,-0.401,0
1787801941.793,elbow_flex,84.316,85.363,84.316,-1.047,-1.047,0
1787801941.793,wrist_flex,39.773,38.813,39.773,0.960,0.960,0
1787801941.793,wrist_roll,6.422,6.198,6.422,0.224,0.224,0
1787801941.793,gripper,1.058,7.368,1.058,-6.310,-6.310,0
1787801941.845,shoulder_pan,-10.626,-11.209,-10.626,0.583,0.583,0
1787801941.845,shoulder_lift,-91.024,-90.505,-91.024,-0.519,-0.519,0
1787801941.845,elbow_flex,84.419,85.363,84.419,-0.944,-0.944,0
1787801941.845,wrist_flex,40.289,39.429,40.289,0.860,0.860,0
1787801941.845,wrist_roll,6.415,6.198,6.415,0.218,0.218,0
1787801941.845,gripper,1.056,7.368,1.056,-6.312,-6.312,0
1787801941.895,shoulder_pan,-10.509,-11.209,-10.509,0.700,0.700,0
1787801941.895,shoulder_lift,-91.173,-90.505,-91.173,-0.667,-0.667,0
1787801941.895,elbow_flex,84.413,85.363,84.413,-0.949,-0.949,0
1787801941.895,wrist_flex,40.596,39.780,40.596,0.816,0.816,0
1787801941.895,wrist_roll,6.422,6.198,6.422,0.224,0.224,0
1787801941.895,gripper,1.056,7.368,1.056,-6.312,-6.312,0
1787801941.945,shoulder_pan,-10.492,-11.209,-10.492,0.717,0.717,0
1787801941.945,shoulder_lift,-91.118,-90.505,-91.118,-0.612,-0.612,0
1787801941.945,elbow_flex,84.359,85.363,84.359,-1.003,-1.003,0
1787801941.945,wrist_flex,40.842,40.220,40.842,0.622,0.622,0
1787801941.945,wrist_roll,6.416,6.198,6.416,0.219,0.219,0
1787801941.945,gripper,1.055,7.368,1.055,-6.313,-6.313,0
1787801941.993,shoulder_pan,-10.454,-11.209,-10.454,0.755,0.755,0
1787801941.993,shoulder_lift,-91.238,-90.505,-91.238,-0.732,-0.732,0
1787801941.993,elbow_flex,84.225,85.363,84.225,-1.137,-1.137,0
1787801941.993,wrist_flex,41.449,40.571,41.449,0.878,0.878,0
1787801941.993,wrist_roll,6.427,6.198,6.427,0.229,0.229,0
1787801941.993,gripper,1.056,7.368,1.056,-6.312,-6.312,0
1787801942.048,shoulder_pan,-10.429,-10.945,-10.429,0.516,0.516,0
1787801942.048,shoulder_lift,-91.299,-90.681,-91.299,-0.618,-0.618,0
1787801942.048,elbow_flex,84.138,85.363,84.138,-1.224,-1.224,0
1787801942.048,wrist_flex,42.001,40.923,42.001,1.078,1.078,0
1787801942.048,wrist_roll,6.416,6.198,6.416,0.218,0.218,0
1787801942.048,gripper,1.057,7.368,1.057,-6.311,-6.311,0
1787801942.094,shoulder_pan,-10.373,-10.769,-10.373,0.397,0.397,0
1787801942.094,shoulder_lift,-91.496,-90.769,-91.496,-0.727,-0.727,0
1787801942.094,elbow_flex,84.369,85.363,84.369,-0.994,-0.994,0
1787801942.094,wrist_flex,42.449,41.451,42.449,0.998,0.998,0
1787801942.094,wrist_roll,6.415,6.198,6.415,0.217,0.217,0
1787801942.094,gripper,1.054,7.368,1.054,-6.314,-6.314,0
1787801942.145,shoulder_pan,-10.276,-10.769,-10.276,0.493,0.493,0
1787801942.145,shoulder_lift,-91.498,-90.857,-91.498,-0.640,-0.640,0
1787801942.145,elbow_flex,84.114,85.363,84.114,-1.248,-1.248,0
1787801942.145,wrist_flex,42.771,41.978,42.771,0.793,0.793,0
1787801942.145,wrist_roll,6.413,6.198,6.413,0.215,0.215,0
1787801942.145,gripper,1.056,7.368,1.056,-6.312,-6.312,0
1787801942.195,shoulder_pan,-10.304,-10.769,-10.304,0.465,0.465,0
1787801942.195,shoulder_lift,-91.319,-91.033,-91.319,-0.286,-0.286,0
1787801942.195,elbow_flex,83.941,85.363,83.941,-1.422,-1.422,0
1787801942.195,wrist_flex,42.899,42.418,42.899,0.482,0.482,0
1787801942.195,wrist_roll,6.402,6.198,6.402,0.204,0.204,0
1787801942.195,gripper,1.056,7.368,1.056,-6.312,-6.312,0
1787801942.244,shoulder_pan,-10.213,-10.769,-10.213,0.556,0.556,0
1787801942.244,shoulder_lift,-91.368,-91.033,-91.368,-0.335,-0.335,0
1787801942.244,elbow_flex,83.924,85.363,83.924,-1.438,-1.438,0
1787801942.244,wrist_flex,43.481,42.593,43.481,0.887,0.887,0
1787801942.244,wrist_roll,6.403,6.198,6.403,0.205,0.205,0
1787801942.244,gripper,1.055,7.368,1.055,-6.313,-6.313,0
1787801942.296,shoulder_pan,-10.256,-10.769,-10.256,0.514,0.514,0
1787801942.296,shoulder_lift,-91.284,-91.033,-91.284,-0.251,-0.251,0
1787801942.296,elbow_flex,83.878,85.363,83.878,-1.484,-1.484,0
1787801942.296,wrist_flex,43.470,42.945,43.470,0.525,0.525,0
1787801942.296,wrist_roll,6.401,6.198,6.401,0.203,0.203,0
1787801942.296,gripper,1.055,7.368,1.055,-6.312,-6.312,0
1787801942.345,shoulder_pan,-10.139,-10.769,-10.139,0.630,0.630,0
1787801942.345,shoulder_lift,-91.625,-91.033,-91.625,-0.592,-0.592,0
1787801942.345,elbow_flex,84.067,85.363,84.067,-1.295,-1.295,0
1787801942.345,wrist_flex,44.182,43.209,44.182,0.973,0.973,0
1787801942.345,wrist_roll,6.408,6.198,6.408,0.210,0.210,0
1787801942.345,gripper,1.053,7.368,1.053,-6.315,-6.315,0
1787801942.394,shoulder_pan,-10.054,-10.769,-10.054,0.715,0.715,0
1787801942.394,shoulder_lift,-91.585,-91.121,-91.585,-0.464,-0.464,0
1787801942.394,elbow_flex,83.978,85.363,83.978,-1.384,-1.384,0
1787801942.394,wrist_flex,44.551,43.473,44.551,1.078,1.078,0
1787801942.394,wrist_roll,6.393,6.198,6.393,0.195,0.195,0
1787801942.394,gripper,1.053,7.368,1.053,-6.315,-6.315,0
1787801942.444,shoulder_pan,-9.986,-10.593,-9.986,0.608,0.608,0
1787801942.444,shoulder_lift,-91.859,-91.209,-91.859,-0.650,-0.650,0
1787801942.444,elbow_flex,84.265,85.363,84.265,-1.098,-1.098,0
1787801942.444,wrist_flex,45.236,44.176,45.236,1.060,1.060,0
1787801942.444,wrist_roll,6.397,6.198,6.397,0.199,0.199,0
1787801942.444,gripper,1.050,7.368,1.050,-6.318,-6.318,0
1787801942.496,shoulder_pan,-9.991,-10.418,-9.991,0.426,0.426,0
1787801942.496,shoulder_lift,-91.790,-91.297,-91.790,-0.494,-0.494,0
1787801942.496,elbow_flex,84.040,85.363,84.040,-1.322,-1.322,0
1787801942.496,wrist_flex,45.287,44.615,45.287,0.672,0.672,0
1787801942.496,wrist_roll,6.397,6.198,6.397,0.199,0.199,0
1787801942.496,gripper,1.051,7.368,1.051,-6.317,-6.317,0
1787801942.545,shoulder_pan,-9.879,-10.418,-9.879,0.539,0.539,0
1787801942.545,shoulder_lift,-91.954,-91.473,-91.954,-0.482,-0.482,0
1787801942.545,elbow_flex,84.207,85.363,84.207,-1.156,-1.156,0
1787801942.545,wrist_flex,45.831,44.967,45.831,0.864,0.864,0
1787801942.545,wrist_roll,6.395,6.198,6.395,0.198,0.198,0
1787801942.545,gripper,1.049,7.368,1.049,-6.319,-6.319,0
1787801942.596,shoulder_pan,-9.838,-10.330,-9.838,0.491,0.491,0
1787801942.596,shoulder_lift,-91.735,-91.473,-91.735,-0.263,-0.263,0
1787801942.596,elbow_flex,83.990,85.363,83.990,-1.372,-1.372,0
1787801942.596,wrist_flex,46.293,45.319,46.293,0.974,0.974,0
1787801942.596,wrist_roll,6.387,6.198,6.387,0.189,0.189,0
1787801942.596,gripper,1.050,7.368,1.050,-6.318,-6.318,0
1787801942.646,shoulder_pan,-9.751,-10.242,-9.751,0.491,0.491,0
1787801942.646,shoulder_lift,-92.216,-91.473,-92.216,-0.744,-0.744,0
1787801942.646,elbow_flex,84.367,85.363,84.367,-0.996,-0.996,0
1787801942.646,wrist_flex,46.882,45.846,46.882,1.036,1.036,0
1787801942.646,wrist_roll,6.397,6.198,6.397,0.199,0.199,0
1787801942.646,gripper,1.046,7.368,1.046,-6.321,-6.321,0
1787801942.696,shoulder_pan,-9.692,-10.242,-9.692,0.550,0.550,0
1787801942.696,shoulder_lift,-92.102,-91.560,-92.102,-0.541,-0.541,0
1787801942.696,elbow_flex,84.144,85.363,84.144,-1.219,-1.219,0
1787801942.696,wrist_flex,47.240,46.374,47.240,0.866,0.866,0
1787801942.696,wrist_roll,6.383,6.198,6.383,0.185,0.185,0
1787801942.696,gripper,1.047,7.368,1.047,-6.320,-6.320,0
1787801942.746,shoulder_pan,-9.623,-10.242,-9.623,0.619,0.619,0
1787801942.746,shoulder_lift,-92.430,-91.736,-92.430,-0.694,-0.694,0
1787801942.746,elbow_flex,84.275,85.363,84.275,-1.087,-1.087,0
1787801942.746,wrist_flex,47.795,46.725,47.795,1.070,1.070,0
1787801942.746,wrist_roll,6.386,6.198,6.386,0.188,0.188,0
1787801942.746,gripper,1.046,7.368,1.046,-6.322,-6.322,0
1787801942.797,shoulder_pan,-9.612,-10.242,-9.612,0.630,0.630,0
1787801942.797,shoulder_lift,-92.472,-91.824,-92.472,-0.648,-0.648,0
1787801942.797,elbow_flex,84.442,85.363,84.442,-0.921,-0.921,0
1787801942.797,wrist_flex,48.079,47.165,48.079,0.914,0.914,0
1787801942.797,wrist_roll,6.389,6.198,6.389,0.192,0.192,0
1787801942.797,gripper,1.044,7.368,1.044,-6.324,-6.324,0
1787801942.846,shoulder_pan,-9.603,-10.242,-9.603,0.639,0.639,0
1787801942.846,shoulder_lift,-92.436,-92.088,-92.436,-0.348,-0.348,0
1787801942.846,elbow_flex,84.497,85.363,84.497,-0.865,-0.865,0
1787801942.846,wrist_flex,48.623,47.780,48.623,0.843,0.843,0
1787801942.846,wrist_roll,6.379,6.198,6.379,0.182,0.182,0
1787801942.846,gripper,1.043,7.368,1.043,-6.324,-6.324,0
1787801942.896,shoulder_pan,-9.472,-10.242,-9.472,0.770,0.770,0
1787801942.896,shoulder_lift,-92.683,-92.088,-92.683,-0.595,-0.595,0
1787801942.896,elbow_flex,84.594,85.363,84.594,-0.768,-0.768,0
1787801942.896,wrist_flex,49.019,48.044,49.019,0.975,0.975,0
1787801942.896,wrist_roll,6.389,6.198,6.389,0.191,0.191,0
1787801942.896,gripper,1.043,7.368,1.043,-6.324,-6.324,0
1787801942.946,shoulder_pan,-9.422,-10.154,-9.422,0.731,0.731,0
1787801942.946,shoulder_lift,-92.682,-92.088,-92.682,-0.595,-0.595,0
1787801942.946,elbow_flex,84.634,85.363,84.634,-0.729,-0.729,0
1787801942.946,wrist_flex,49.446,48.571,49.446,0.875,0.875,0
1787801942.946,wrist_roll,6.382,6.198,6.382,0.184,0.184,0
1787801942.946,gripper,1.043,7.368,1.043,-6.325,-6.325,0
1787801942.995,shoulder_pan,-9.364,-10.154,-9.364,0.790,0.790,0
1787801942.995,shoulder_lift,-92.835,-92.088,-92.835,-0.747,-0.747,0
1787801942.995,elbow_flex,84.754,85.363,84.754,-0.609,-0.609,0
1787801942.995,wrist_flex,50.142,48.923,50.142,1.219,1.219,0
1787801942.995,wrist_roll,6.385,6.198,6.385,0.187,0.187,0
1787801942.995,gripper,1.041,7.368,1.041,-6.326,-6.326,0
1787801943.046,shoulder_pan,-9.381,-9.978,-9.381,0.597,0.597,0
1787801943.046,shoulder_lift,-92.826,-92.264,-92.826,-0.563,-0.563,0
1787801943.046,elbow_flex,84.678,85.363,84.678,-0.685,-0.685,0
1787801943.046,wrist_flex,50.262,49.538,50.262,0.724,0.724,0
1787801943.046,wrist_roll,6.374,6.198,6.374,0.176,0.176,0
1787801943.046,gripper,1.042,7.368,1.042,-6.326,-6.326,0
1787801943.095,shoulder_pan,-9.260,-9.714,-9.260,0.454,0.454,0
1787801943.095,shoulder_lift,-93.023,-92.440,-93.023,-0.583,-0.583,0
1787801943.095,elbow_flex,84.802,85.363,84.802,-0.560,-0.560,0
1787801943.095,wrist_flex,50.807,49.978,50.807,0.829,0.829,0
1787801943.095,wrist_roll,6.384,6.198,6.384,0.186,0.186,0
1787801943.095,gripper,1.041,7.368,1.041,-6.327,-6.327,0
1787801943.147,shoulder_pan,-9.163,-9.714,-9.163,0.552,0.552,0
1787801943.147,shoulder_lift,-93.265,-92.527,-93.265,-0.737,-0.737,0
1787801943.147,elbow_flex,84.952,85.363,84.952,-0.411,-0.411,0
1787801943.147,wrist_flex,51.491,50.418,51.491,1.074,1.074,0
1787801943.147,wrist_roll,6.394,6.198,6.394,0.196,0.196,0
1787801943.147,gripper,1.040,7.368,1.040,-6.328,-6.328,0
1787801943.197,shoulder_pan,-9.089,-9.626,-9.089,0.538,0.538,0
1787801943.197,shoulder_lift,-93.191,-92.703,-93.191,-0.488,-0.488,0
1787801943.197,elbow_flex,84.871,85.363,84.871,-0.491,-0.491,0
1787801943.197,wrist_flex,51.651,50.857,51.651,0.794,0.794,0
1787801943.197,wrist_roll,6.393,6.198,6.393,0.195,0.195,0
1787801943.197,gripper,1.040,7.368,1.040,-6.328,-6.328,0
1787801943.247,shoulder_pan,-9.100,-9.538,-9.100,0.439,0.439,0
1787801943.247,shoulder_lift,-93.277,-92.791,-93.277,-0.485,-0.485,0
1787801943.247,elbow_flex,84.948,85.363,84.948,-0.415,-0.415,0
1787801943.247,wrist_flex,51.942,51.385,51.942,0.557,0.557,0
1787801943.247,wrist_roll,6.397,6.198,6.397,0.200,0.200,0
1787801943.247,gripper,1.040,7.368,1.040,-6.328,-6.328,0
1787801943.298,shoulder_pan,-8.957,-9.538,-8.957,0.581,0.581,0
1787801943.298,shoulder_lift,-93.544,-92.967,-93.544,-0.577,-0.577,0
1787801943.298,elbow_flex,85.273,85.363,85.273,-0.090,-0.090,0
1787801943.298,wrist_flex,52.474,51.473,52.474,1.001,1.001,0
1787801943.298,wrist_roll,6.409,6.198,6.409,0.211,0.211,0
1787801943.298,gripper,1.040,7.368,1.040,-6.328,-6.328,0
1787801943.347,shoulder_pan,-8.952,-9.538,-8.952,0.586,0.586,0
1787801943.347,shoulder_lift,-93.391,-93.055,-93.391,-0.336,-0.336,0
1787801943.347,elbow_flex,85.057,85.363,85.057,-0.305,-0.305,0
1787801943.347,wrist_flex,52.696,51.912,52.696,0.784,0.784,0
1787801943.347,wrist_roll,6.397,6.198,6.397,0.199,0.199,0
1787801943.347,gripper,1.041,7.368,1.041,-6.327,-6.327,0
1787801943.397,shoulder_pan,-8.837,-9.275,-8.837,0.437,0.437,0
1787801943.397,shoulder_lift,-93.493,-93.143,-93.493,-0.350,-0.350,0
1787801943.397,elbow_flex,85.212,85.451,85.212,-0.239,-0.239,0
1787801943.397,wrist_flex,52.902,52.264,52.902,0.638,0.638,0
1787801943.397,wrist_roll,6.405,6.198,6.405,0.207,0.207,0
1787801943.397,gripper,1.043,7.368,1.043,-6.325,-6.325,0
1787801943.447,shoulder_pan,-8.737,-9.187,-8.737,0.449,0.449,0
1787801943.447,shoulder_lift,-93.635,-93.319,-93.635,-0.317,-0.317,0
1787801943.447,elbow_flex,85.430,85.451,85.430,-0.020,-0.020,0
1787801943.447,wrist_flex,53.394,52.615,53.394,0.779,0.779,0
1787801943.447,wrist_roll,6.418,6.198,6.418,0.220,0.220,0
1787801943.447,gripper,1.042,7.368,1.042,-6.325,-6.325,0
1787801943.497,shoulder_pan,-8.727,-9.187,-8.727,0.460,0.460,0
1787801943.497,shoulder_lift,-93.719,-93.319,-93.719,-0.400,-0.400,0
1787801943.497,elbow_flex,85.539,85.538,85.539,0.000,0.000,0
1787801943.497,wrist_flex,53.612,52.967,53.612,0.645,0.645,0
1787801943.497,wrist_roll,6.419,6.198,6.419,0.221,0.221,0
1787801943.497,gripper,1.041,7.368,1.041,-6.327,-6.327,0
1787801943.547,shoulder_pan,-8.707,-9.187,-8.707,0.480,0.480,0
1787801943.547,shoulder_lift,-93.597,-93.319,-93.597,-0.278,-0.278,0
1787801943.547,elbow_flex,85.377,85.802,85.377,-0.425,-0.425,0
1787801943.547,wrist_flex,53.753,53.319,53.753,0.435,0.435,0
1787801943.547,wrist_roll,6.419,6.198,6.419,0.221,0.221,0
1787801943.547,gripper,1.042,7.368,1.042,-6.326,-6.326,0
1787801943.596,shoulder_pan,-8.628,-9.099,-8.628,0.471,0.471,0
1787801943.596,shoulder_lift,-93.684,-93.319,-93.684,-0.365,-0.365,0
1787801943.596,elbow_flex,85.546,85.802,85.546,-0.257,-0.257,0
1787801943.596,wrist_flex,54.065,53.495,54.065,0.571,0.571,0
1787801943.596,wrist_roll,6.429,6.198,6.429,0.231,0.231,0
1787801943.596,gripper,1.042,7.368,1.042,-6.326,-6.326,0
1787801943.646,shoulder_pan,-8.531,-9.099,-8.531,0.568,0.568,0
1787801943.646,shoulder_lift,-93.721,-93.319,-93.721,-0.402,-0.402,0
1787801943.646,elbow_flex,85.688,85.802,85.688,-0.114,-0.114,0
1787801943.646,wrist_flex,54.351,53.758,54.351,0.593,0.593,0
1787801943.646,wrist_roll,6.444,6.198,6.444,0.246,0.246,0
1787801943.646,gripper,1.042,7.368,1.042,-6.326,-6.326,0
1787801943.698,shoulder_pan,-8.441,-9.099,-8.441,0.657,0.657,0
1787801943.698,shoulder_lift,-93.707,-93.319,-93.707,-0.388,-0.388,0
1787801943.698,elbow_flex,85.756,85.802,85.756,-0.047,-0.047,0
1787801943.698,wrist_flex,54.893,54.022,54.893,0.871,0.871,0
1787801943.698,wrist_roll,6.449,6.198,6.449,0.251,0.251,0
1787801943.698,gripper,1.043,7.368,1.043,-6.324,-6.324,0
1787801943.748,shoulder_pan,-8.389,-9.099,-8.389,0.710,0.710,0
1787801943.748,shoulder_lift,-93.754,-93.319,-93.754,-0.435,-0.435,0
1787801943.748,elbow_flex,85.784,85.890,85.784,-0.106,-0.106,0
1787801943.748,wrist_flex,55.110,54.374,55.110,0.737,0.737,0
1787801943.748,wrist_roll,6.448,6.198,6.448,0.250,0.250,0
1787801943.748,gripper,1.044,7.368,1.044,-6.323,-6.323,0
1787801943.799,shoulder_pan,-8.380,-9.099,-8.380,0.719,0.719,0
1787801943.799,shoulder_lift,-93.645,-93.319,-93.645,-0.327,-0.327,0
1787801943.799,elbow_flex,85.717,86.066,85.717,-0.349,-0.349,0
1787801943.799,wrist_flex,55.296,54.813,55.296,0.483,0.483,0
1787801943.799,wrist_roll,6.459,6.198,6.459,0.261,0.261,0
1787801943.799,gripper,1.045,7.368,1.045,-6.323,-6.323,0
1787801943.848,shoulder_pan,-8.323,-8.835,-8.323,0.512,0.512,0
1787801943.848,shoulder_lift,-93.613,-93.319,-93.613,-0.295,-0.295,0
1787801943.848,elbow_flex,85.817,86.066,85.817,-0.249,-0.249,0
1787801943.848,wrist_flex,55.688,54.989,55.688,0.699,0.699,0
1787801943.848,wrist_roll,6.460,6.198,6.460,0.262,0.262,0
1787801943.848,gripper,1.046,7.368,1.046,-6.322,-6.322,0
1787801943.896,shoulder_pan,-8.286,-8.747,-8.286,0.461,0.461,0
1787801943.896,shoulder_lift,-93.510,-93.319,-93.510,-0.191,-0.191,0
1787801943.896,elbow_flex,85.798,86.066,85.798,-0.268,-0.268,0
1787801943.896,wrist_flex,56.017,55.077,56.017,0.941,0.941,0
1787801943.896,wrist_roll,6.458,6.198,6.458,0.260,0.260,0
1787801943.896,gripper,1.046,7.368,1.046,-6.322,-6.322,0
1787801943.948,shoulder_pan,-8.226,-8.747,-8.226,0.521,0.521,0
1787801943.948,shoulder_lift,-93.526,-93.319,-93.526,-0.208,-0.208,0
1787801943.948,elbow_flex,85.836,86.066,85.836,-0.230,-0.230,0
1787801943.948,wrist_flex,56.335,55.604,56.335,0.730,0.730,0
1787801943.948,wrist_roll,6.460,6.198,6.460,0.262,0.262,0
1787801943.948,gripper,1.047,7.368,1.047,-6.321,-6.321,0
1787801943.999,shoulder_pan,-8.187,-8.659,-8.187,0.472,0.472,0
1787801943.999,shoulder_lift,-93.446,-93.319,-93.446,-0.127,-0.127,0
1787801943.999,elbow_flex,85.946,86.066,85.946,-0.120,-0.120,0
1787801943.999,wrist_flex,56.623,55.956,56.623,0.667,0.667,0
1787801943.999,wrist_roll,6.465,6.198,6.465,0.267,0.267,0
1787801943.999,gripper,1.047,7.368,1.047,-6.321,-6.321,0
1787801944.048,shoulder_pan,-8.145,-8.571,-8.145,0.426,0.426,0
1787801944.048,shoulder_lift,-93.449,-93.319,-93.449,-0.130,-0.130,0
1787801944.048,elbow_flex,85.973,86.066,85.973,-0.093,-0.093,0
1787801944.048,wrist_flex,56.986,56.308,56.986,0.678,0.678,0
1787801944.048,wrist_roll,6.467,6.198,6.467,0.269,0.269,0
1787801944.048,gripper,1.049,7.368,1.049,-6.319,-6.319,0
1787801944.098,shoulder_pan,-8.146,-8.571,-8.146,0.425,0.425,0
1787801944.098,shoulder_lift,-93.281,-93.319,-93.281,0.038,0.038,0
1787801944.098,elbow_flex,85.870,86.154,85.870,-0.284,-0.284,0
1787801944.098,wrist_flex,57.360,56.484,57.360,0.876,0.876,0
1787801944.098,wrist_roll,6.468,6.198,6.468,0.270,0.270,0
1787801944.098,gripper,1.049,7.368,1.049,-6.319,-6.319,0
1787801944.147,shoulder_pan,-8.126,-8.571,-8.126,0.445,0.445,0
1787801944.147,shoulder_lift,-93.179,-93.319,-93.179,0.139,0.139,0
1787801944.147,elbow_flex,85.873,86.154,85.873,-0.281,-0.281,0
1787801944.147,wrist_flex,57.718,56.835,57.718,0.883,0.883,0
1787801944.147,wrist_roll,6.476,6.198,6.476,0.279,0.279,0
1787801944.147,gripper,1.050,7.368,1.050,-6.318,-6.318,0
1787801944.197,shoulder_pan,-8.170,-8.571,-8.170,0.401,0.401,0
1787801944.197,shoulder_lift,-93.131,-93.319,-93.131,0.188,0.188,0
1787801944.197,elbow_flex,85.903,86.154,85.903,-0.251,-0.251,0
1787801944.197,wrist_flex,58.153,57.275,58.153,0.879,0.879,0
1787801944.197,wrist_roll,6.476,6.198,6.476,0.278,0.278,0
1787801944.197,gripper,1.050,7.368,1.050,-6.317,-6.317,0
1787801944.249,shoulder_pan,-8.166,-8.571,-8.166,0.405,0.405,0
1787801944.249,shoulder_lift,-93.116,-93.319,-93.116,0.203,0.203,0
1787801944.249,elbow_flex,85.977,86.154,85.977,-0.177,-0.177,0
1787801944.249,wrist_flex,58.524,57.714,58.524,0.810,0.810,0
1787801944.249,wrist_roll,6.477,6.198,6.477,0.280,0.280,0
1787801944.249,gripper,1.051,7.368,1.051,-6.316,-6.316,0
1787801944.299,shoulder_pan,-8.221,-8.571,-8.221,0.350,0.350,0
1787801944.299,shoulder_lift,-93.069,-93.319,-93.069,0.249,0.249,0
1787801944.299,elbow_flex,85.962,86.154,85.962,-0.192,-0.192,0
1787801944.299,wrist_flex,58.845,58.154,58.845,0.691,0.691,0
1787801944.299,wrist_roll,6.483,6.198,6.483,0.285,0.285,0
1787801944.299,gripper,1.053,7.368,1.053,-6.315,-6.315,0
1787801944.348,shoulder_pan,-8.295,-8.571,-8.295,0.276,0.276,0
1787801944.348,shoulder_lift,-92.912,-93.319,-92.912,0.406,0.406,0
1787801944.348,elbow_flex,85.926,86.154,85.926,-0.228,-0.228,0
1787801944.348,wrist_flex,58.984,58.505,58.984,0.479,0.479,0
1787801944.348,wrist_roll,6.485,6.198,6.485,0.287,0.287,0
1787801944.348,gripper,1.053,7.368,1.053,-6.315,-6.315,0
1787801944.411,shoulder_pan,-6.630,-8.571,-6.630,1.941,1.941,0
1787801944.411,shoulder_lift,-98.919,-93.231,-98.919,-5.689,-5.689,0
1787801944.411,elbow_flex,90.143,86.154,90.143,3.989,3.989,0
1787801944.411,wrist_flex,64.093,58.681,64.093,5.411,5.411,0
1787801944.411,wrist_roll,6.599,6.198,6.599,0.402,0.402,0
1787801944.411,gripper,1.043,7.368,1.043,-6.325,-6.325,0
1787801944.447,shoulder_pan,-6.837,-8.571,-6.837,1.734,1.734,0
1787801944.447,shoulder_lift,-98.368,-93.231,-98.368,-5.137,-5.137,0
1787801944.447,elbow_flex,89.763,86.242,89.763,3.521,3.521,0
1787801944.447,wrist_flex,63.958,58.681,63.958,5.277,5.277,0
1787801944.447,wrist_roll,6.607,6.198,6.607,0.409,0.409,0
1787801944.447,gripper,1.044,7.368,1.044,-6.324,-6.324,0
1787801944.503,shoulder_pan,-7.049,-7.341,-7.049,0.292,0.292,0
1787801944.503,shoulder_lift,-97.866,-95.868,-97.866,-1.998,-1.998,0
1787801944.503,elbow_flex,89.531,88.352,89.531,1.180,1.180,0
1787801944.503,wrist_flex,63.825,61.231,63.825,2.595,2.595,0
1787801944.503,wrist_roll,6.617,6.198,6.617,0.419,0.419,0
1787801944.503,gripper,1.044,7.368,1.044,-6.324,-6.324,0
1787801944.549,shoulder_pan,-7.186,-7.429,-7.186,0.243,0.243,0
1787801944.549,shoulder_lift,-97.396,-96.484,-97.396,-0.913,-0.913,0
1787801944.549,elbow_flex,89.427,89.582,89.427,-0.156,-0.156,0
1787801944.549,wrist_flex,63.696,62.813,63.696,0.883,0.883,0
1787801944.549,wrist_roll,6.626,6.110,6.626,0.516,0.516,0
1787801944.549,gripper,1.044,7.368,1.044,-6.324,-6.324,0
1787801944.598,shoulder_pan,-7.353,-7.604,-7.353,0.251,0.251,0
1787801944.598,shoulder_lift,-97.005,-97.275,-97.005,0.270,0.270,0
1787801944.598,elbow_flex,89.312,89.495,89.312,-0.182,-0.182,0
1787801944.598,wrist_flex,63.608,63.077,63.608,0.531,0.531,0
1787801944.598,wrist_roll,6.635,6.286,6.635,0.349,0.349,0
1787801944.598,gripper,1.045,7.368,1.045,-6.323,-6.323,0
1787801944.649,shoulder_pan,-7.510,-7.516,-7.510,0.007,0.007,0
1787801944.649,shoulder_lift,-96.544,-96.659,-96.544,0.115,0.115,0
1787801944.649,elbow_flex,89.233,89.670,89.233,-0.437,-0.437,0
1787801944.649,wrist_flex,63.405,63.341,63.405,0.065,0.065,0
1787801944.649,wrist_roll,6.644,6.374,6.644,0.270,0.270,0
1787801944.649,gripper,1.045,7.368,1.045,-6.322,-6.322,0
1787801944.699,shoulder_pan,-7.616,-7.429,-7.616,-0.187,-0.187,0
1787801944.699,shoulder_lift,-96.200,-96.835,-96.200,0.635,0.635,0
1787801944.699,elbow_flex,89.249,89.670,89.249,-0.422,-0.422,0
1787801944.699,wrist_flex,63.406,63.429,63.406,-0.023,-0.023,0
1787801944.699,wrist_roll,6.653,6.374,6.653,0.280,0.280,0
1787801944.699,gripper,1.046,7.368,1.046,-6.322,-6.322,0
1787801944.750,shoulder_pan,-7.717,-7.604,-7.717,-0.112,-0.112,0
1787801944.750,shoulder_lift,-95.858,-96.923,-95.858,1.065,1.065,0
1787801944.750,elbow_flex,89.311,89.582,89.311,-0.271,-0.271,0
1787801944.750,wrist_flex,63.370,63.429,63.370,-0.058,-0.058,0
1787801944.750,wrist_roll,6.663,6.374,6.663,0.289,0.289,0
1787801944.750,gripper,1.046,7.368,1.046,-6.322,-6.322,0
1787801944.798,shoulder_pan,-7.804,-7.604,-7.804,-0.199,-0.199,0
1787801944.798,shoulder_lift,-95.523,-96.308,-95.523,0.785,0.785,0
1787801944.798,elbow_flex,89.324,89.582,89.324,-0.259,-0.259,0
1787801944.798,wrist_flex,63.319,63.429,63.319,-0.109,-0.109,0
1787801944.798,wrist_roll,6.672,6.374,6.672,0.298,0.298,0
1787801944.798,gripper,1.047,7.368,1.047,-6.321,-6.321,0
1787801944.849,shoulder_pan,-7.865,-7.604,-7.865,-0.260,-0.260,0
1787801944.849,shoulder_lift,-95.278,-96.396,-95.278,1.117,1.117,0
1787801944.849,elbow_flex,89.404,89.582,89.404,-0.179,-0.179,0
1787801944.849,wrist_flex,63.370,63.429,63.370,-0.059,-0.059,0
1787801944.849,wrist_roll,6.678,6.374,6.678,0.304,0.304,0
1787801944.849,gripper,1.048,7.368,1.048,-6.319,-6.319,0
1787801944.898,shoulder_pan,-7.940,-7.604,-7.940,-0.336,-0.336,0
1787801944.898,shoulder_lift,-94.906,-95.604,-94.906,0.698,0.698,0
1787801944.898,elbow_flex,89.379,89.582,89.379,-0.203,-0.203,0
1787801944.898,wrist_flex,63.165,63.429,63.165,-0.263,-0.263,0
1787801944.898,wrist_roll,6.685,6.374,6.685,0.311,0.311,0
1787801944.898,gripper,1.047,7.368,1.047,-6.321,-6.321,0
1787801944.950,shoulder_pan,-8.013,-7.604,-8.013,-0.408,-0.408,0
1787801944.950,shoulder_lift,-94.575,-95.516,-94.575,0.941,0.941,0
1787801944.950,elbow_flex,89.377,89.582,89.377,-0.205,-0.205,0
1787801944.950,wrist_flex,63.226,63.429,63.226,-0.203,-0.203,0
1787801944.950,wrist_roll,6.692,6.374,6.692,0.318,0.318,0
1787801944.950,gripper,1.049,7.368,1.049,-6.319,-6.319,0
1787801944.998,shoulder_pan,-8.056,-7.604,-8.056,-0.452,-0.452,0
1787801944.998,shoulder_lift,-94.458,-95.341,-94.458,0.883,0.883,0
1787801944.998,elbow_flex,89.579,89.582,89.579,-0.003,-0.003,0
1787801944.998,wrist_flex,63.338,63.429,63.338,-0.090,-0.090,0
1787801944.998,wrist_roll,6.699,6.374,6.699,0.325,0.325,0
1787801944.998,gripper,1.050,7.368,1.050,-6.318,-6.318,0
1787801945.051,shoulder_pan,-8.098,-7.604,-8.098,-0.493,-0.493,0
1787801945.051,shoulder_lift,-94.186,-94.725,-94.186,0.540,0.540,0
1787801945.051,elbow_flex,89.655,89.758,89.655,-0.103,-0.103,0
1787801945.051,wrist_flex,63.288,63.429,63.288,-0.141,-0.141,0
1787801945.051,wrist_roll,6.704,6.374,6.704,0.331,0.331,0
1787801945.051,gripper,1.051,7.368,1.051,-6.317,-6.317,0
1787801945.099,shoulder_pan,-8.158,-7.604,-8.158,-0.553,-0.553,0
1787801945.099,shoulder_lift,-93.922,-94.637,-93.922,0.715,0.715,0
1787801945.099,elbow_flex,89.667,89.934,89.667,-0.267,-0.267,0
1787801945.099,wrist_flex,63.366,63.429,63.366,-0.063,-0.063,0
1787801945.099,wrist_roll,6.709,6.374,6.709,0.335,0.335,0
1787801945.099,gripper,1.053,7.368,1.053,-6.315,-6.315,0
1787801945.152,shoulder_pan,-8.189,-7.604,-8.189,-0.584,-0.584,0
1787801945.152,shoulder_lift,-93.697,-94.462,-93.697,0.765,0.765,0
1787801945.152,elbow_flex,89.723,89.934,89.723,-0.211,-0.211,0
1787801945.152,wrist_flex,63.385,63.429,63.385,-0.043,-0.043,0
1787801945.152,wrist_roll,6.712,6.374,6.712,0.338,0.338,0
1787801945.152,gripper,1.054,7.368,1.054,-6.314,-6.314,0
1787801945.198,shoulder_pan,-8.244,-7.604,-8.244,-0.640,-0.640,0
1787801945.198,shoulder_lift,-93.477,-94.110,-93.477,0.633,0.633,0
1787801945.198,elbow_flex,89.755,89.934,89.755,-0.179,-0.179,0
1787801945.198,wrist_flex,63.383,63.429,63.383,-0.046,-0.046,0
1787801945.198,wrist_roll,6.714,6.374,6.714,0.340,0.340,0
1787801945.198,gripper,1.055,7.368,1.055,-6.312,-6.312,0
1787801945.250,shoulder_pan,-8.231,-7.604,-8.231,-0.627,-0.627,0
1787801945.250,shoulder_lift,-93.279,-93.934,-93.279,0.655,0.655,0
1787801945.250,elbow_flex,89.842,89.934,89.842,-0.092,-0.092,0
1787801945.250,wrist_flex,63.503,63.429,63.503,0.075,0.075,0
1787801945.250,wrist_roll,6.716,6.374,6.716,0.342,0.342,0
1787801945.250,gripper,1.056,7.368,1.056,-6.311,-6.311,0
1787801945.300,shoulder_pan,-8.275,-7.692,-8.275,-0.583,-0.583,0
1787801945.300,shoulder_lift,-93.102,-93.582,-93.102,0.481,0.481,0
1787801945.300,elbow_flex,89.934,89.934,89.934,0.000,0.000,0
1787801945.300,wrist_flex,63.588,63.429,63.588,0.159,0.159,0
1787801945.300,wrist_roll,6.721,6.374,6.721,0.347,0.347,0
1787801945.300,gripper,1.058,7.368,1.058,-6.310,-6.310,0
1787801945.351,shoulder_pan,-8.317,-7.956,-8.317,-0.361,-0.361,0
1787801945.351,shoulder_lift,-92.940,-93.582,-92.940,0.643,0.643,0
1787801945.351,elbow_flex,89.946,90.022,89.946,-0.076,-0.076,0
1787801945.351,wrist_flex,63.652,63.429,63.652,0.224,0.224,0
1787801945.351,wrist_roll,6.719,6.374,6.719,0.346,0.346,0
1787801945.351,gripper,1.059,7.368,1.059,-6.309,-6.309,0
1787801945.400,shoulder_pan,-8.324,-7.956,-8.324,-0.368,-0.368,0
1787801945.400,shoulder_lift,-92.778,-93.319,-92.778,0.541,0.541,0
1787801945.400,elbow_flex,90.012,90.198,90.012,-0.185,-0.185,0
1787801945.400,wrist_flex,63.747,63.429,63.747,0.319,0.319,0
1787801945.400,wrist_roll,6.722,6.374,6.722,0.348,0.348,0
1787801945.400,gripper,1.060,7.368,1.060,-6.308,-6.308,0
1787801945.450,shoulder_pan,-8.298,-8.132,-8.298,-0.166,-0.166,0
1787801945.450,shoulder_lift,-92.658,-93.055,-92.658,0.397,0.397,0
1787801945.450,elbow_flex,90.137,90.286,90.137,-0.149,-0.149,0
1787801945.450,wrist_flex,63.875,63.429,63.875,0.447,0.447,0
1787801945.450,wrist_roll,6.723,6.374,6.723,0.350,0.350,0
1787801945.450,gripper,1.060,7.368,1.060,-6.308,-6.308,0
1787801945.500,shoulder_pan,-8.280,-8.132,-8.280,-0.148,-0.148,0
1787801945.500,shoulder_lift,-92.528,-93.055,-92.528,0.526,0.526,0
1787801945.500,elbow_flex,90.220,90.286,90.220,-0.066,-0.066,0
1787801945.500,wrist_flex,64.098,63.429,64.098,0.670,0.670,0
1787801945.500,wrist_roll,6.724,6.374,6.724,0.350,0.350,0
1787801945.500,gripper,1.060,7.368,1.060,-6.307,-6.307,0
1787801945.549,shoulder_pan,-8.310,-8.132,-8.310,-0.179,-0.179,0
1787801945.549,shoulder_lift,-92.459,-92.879,-92.459,0.420,0.420,0
1787801945.549,elbow_flex,90.303,90.462,90.303,-0.158,-0.158,0
1787801945.549,wrist_flex,64.234,63.429,64.234,0.805,0.805,0
1787801945.549,wrist_roll,6.722,6.374,6.722,0.349,0.349,0
1787801945.549,gripper,1.062,7.368,1.062,-6.306,-6.306,0
1787801945.599,shoulder_pan,-8.272,-8.132,-8.272,-0.140,-0.140,0
1787801945.599,shoulder_lift,-92.427,-92.879,-92.427,0.452,0.452,0
1787801945.599,elbow_flex,90.447,90.462,90.447,-0.015,-0.015,0
1787801945.599,wrist_flex,64.440,63.780,64.440,0.660,0.660,0
1787801945.599,wrist_roll,6.724,6.374,6.724,0.350,0.350,0
1787801945.599,gripper,1.062,7.368,1.062,-6.306,-6.306,0
1787801945.649,shoulder_pan,-8.277,-8.132,-8.277,-0.146,-0.146,0
1787801945.649,shoulder_lift,-92.381,-92.879,-92.381,0.498,0.498,0
1787801945.649,elbow_flex,90.570,90.462,90.570,0.108,0.108,0
1787801945.649,wrist_flex,64.634,63.956,64.634,0.678,0.678,0
1787801945.649,wrist_roll,6.722,6.374,6.722,0.348,0.348,0
1787801945.649,gripper,1.063,7.368,1.063,-6.305,-6.305,0
1787801945.699,shoulder_pan,-8.243,-8.132,-8.243,-0.111,-0.111,0
1787801945.699,shoulder_lift,-92.396,-92.879,-92.396,0.483,0.483,0
1787801945.699,elbow_flex,90.800,90.637,90.800,0.162,0.162,0
1787801945.699,wrist_flex,64.878,64.308,64.878,0.571,0.571,0
1787801945.699,wrist_roll,6.721,6.374,6.721,0.347,0.347,0
1787801945.699,gripper,1.063,7.368,1.063,-6.304,-6.304,0
1787801945.752,shoulder_pan,-8.171,-8.132,-8.171,-0.039,-0.039,0
1787801945.752,shoulder_lift,-92.503,-92.879,-92.503,0.376,0.376,0
1787801945.752,elbow_flex,91.048,90.725,91.048,0.323,0.323,0
1787801945.752,wrist_flex,65.222,64.396,65.222,0.826,0.826,0
1787801945.752,wrist_roll,6.723,6.374,6.723,0.349,0.349,0
1787801945.752,gripper,1.063,7.368,1.063,-6.305,-6.305,0
1787801945.799,shoulder_pan,-8.054,-8.132,-8.054,0.078,0.078,0
1787801945.799,shoulder_lift,-92.712,-92.879,-92.712,0.167,0.167,0
1787801945.799,elbow_flex,91.378,90.989,91.378,0.389,0.389,0
1787801945.799,wrist_flex,65.673,64.484,65.673,1.189,1.189,0
1787801945.799,wrist_roll,6.727,6.374,6.727,0.353,0.353,0
1787801945.799,gripper,1.064,7.368,1.064,-6.304,-6.304,0
1787801945.849,shoulder_pan,-7.807,-8.044,-7.807,0.237,0.237,0
1787801945.849,shoulder_lift,-93.228,-92.967,-93.228,-0.261,-0.261,0
1787801945.849,elbow_flex,91.903,91.516,91.903,0.387,0.387,0
1787801945.849,wrist_flex,66.675,65.011,66.675,1.664,1.664,0
1787801945.849,wrist_roll,6.725,6.374,6.725,0.351,0.351,0
1787801945.849,gripper,1.066,7.368,1.066,-6.301,-6.301,0
1787801945.903,shoulder_pan,-7.483,-8.044,-7.483,0.561,0.561,0
1787801945.903,shoulder_lift,-93.943,-92.967,-93.943,-0.976,-0.976,0
1787801945.903,elbow_flex,92.624,91.868,92.624,0.756,0.756,0
1787801945.903,wrist_flex,67.964,65.626,67.964,2.338,2.338,0
1787801945.903,wrist_roll,6.711,6.374,6.711,0.337,0.337,0
1787801945.903,gripper,1.070,7.368,1.070,-6.298,-6.298,0
1787801945.950,shoulder_pan,-7.392,-8.044,-7.392,0.652,0.652,0
1787801945.950,shoulder_lift,-94.155,-93.231,-94.155,-0.924,-0.924,0
1787801945.950,elbow_flex,92.928,92.484,92.928,0.445,0.445,0
1787801945.950,wrist_flex,68.401,66.418,68.401,1.984,1.984,0
1787801945.950,wrist_roll,6.712,6.374,6.712,0.339,0.339,0
1787801945.950,gripper,1.072,7.368,1.072,-6.296,-6.296,0
1787801946.001,shoulder_pan,-7.255,-7.956,-7.255,0.701,0.701,0
1787801946.001,shoulder_lift,-94.592,-93.846,-94.592,-0.745,-0.745,0
1787801946.001,elbow_flex,93.335,93.011,93.335,0.324,0.324,0
1787801946.001,wrist_flex,69.089,67.473,69.089,1.616,1.616,0
1787801946.001,wrist_roll,6.709,6.374,6.709,0.336,0.336,0
1787801946.001,gripper,1.074,7.368,1.074,-6.294,-6.294,0
1787801946.050,shoulder_pan,-7.228,-7.780,-7.228,0.552,0.552,0
1787801946.050,shoulder_lift,-94.637,-94.110,-94.637,-0.527,-0.527,0
1787801946.050,elbow_flex,93.459,93.275,93.459,0.184,0.184,0
1787801946.050,wrist_flex,69.291,67.912,69.291,1.379,1.379,0
1787801946.050,wrist_roll,6.708,6.198,6.708,0.511,0.511,0
1787801946.050,gripper,1.074,7.368,1.074,-6.293,-6.293,0
1787801946.101,shoulder_pan,-7.168,-7.780,-7.168,0.613,0.613,0
1787801946.101,shoulder_lift,-94.819,-94.462,-94.819,-0.357,-0.357,0
1787801946.101,elbow_flex,93.675,93.363,93.675,0.312,0.312,0
1787801946.101,wrist_flex,69.629,68.352,69.629,1.277,1.277,0
1787801946.101,wrist_roll,6.709,6.286,6.709,0.423,0.423,0
1787801946.101,gripper,1.076,7.368,1.076,-6.292,-6.292,0
1787801946.150,shoulder_pan,-7.115,-7.604,-7.115,0.490,0.490,0
1787801946.150,shoulder_lift,-94.984,-94.637,-94.984,-0.347,-0.347,0
1787801946.150,elbow_flex,93.848,93.363,93.848,0.485,0.485,0
1787801946.150,wrist_flex,69.909,68.703,69.909,1.206,1.206,0
1787801946.150,wrist_roll,6.708,6.286,6.708,0.422,0.422,0
1787801946.150,gripper,1.077,7.368,1.077,-6.291,-6.291,0
1787801946.202,shoulder_pan,-7.073,-7.604,-7.073,0.531,0.531,0
1787801946.202,shoulder_lift,-95.123,-94.901,-95.123,-0.221,-0.221,0
1787801946.202,elbow_flex,94.008,93.538,94.008,0.469,0.469,0
1787801946.202,wrist_flex,70.181,68.967,70.181,1.214,1.214,0
1787801946.202,wrist_roll,6.708,6.286,6.708,0.423,0.423,0
1787801946.202,gripper,1.078,7.368,1.078,-6.290,-6.290,0
1787801946.250,shoulder_pan,-7.042,-7.604,-7.042,0.562,0.562,0
1787801946.250,shoulder_lift,-95.255,-95.165,-95.255,-0.090,-0.090,0
1787801946.250,elbow_flex,94.146,93.626,94.146,0.520,0.520,0
1787801946.250,wrist_flex,70.408,69.055,70.408,1.353,1.353,0
1787801946.250,wrist_roll,6.708,6.286,6.708,0.422,0.422,0
1787801946.250,gripper,1.079,7.368,1.079,-6.289,-6.289,0
1787801946.303,shoulder_pan,-6.986,-7.604,-6.986,0.618,0.618,0
1787801946.303,shoulder_lift,-95.484,-95.253,-95.484,-0.231,-0.231,0
1787801946.303,elbow_flex,94.377,93.714,94.377,0.663,0.663,0
1787801946.303,wrist_flex,70.714,69.143,70.714,1.571,1.571,0
1787801946.303,wrist_roll,6.708,6.286,6.708,0.422,0.422,0
1787801946.303,gripper,1.079,7.368,1.079,-6.288,-6.288,0
1787801946.350,shoulder_pan,-6.957,-7.604,-6.957,0.647,0.647,0
1787801946.350,shoulder_lift,-95.617,-95.429,-95.617,-0.188,-0.188,0
1787801946.350,elbow_flex,94.508,93.714,94.508,0.794,0.794,0
1787801946.350,wrist_flex,70.939,69.319,70.939,1.621,1.621,0
1787801946.350,wrist_roll,6.706,6.286,6.706,0.420,0.420,0
1787801946.350,gripper,1.081,7.368,1.081,-6.287,-6.287,0
1787801946.402,shoulder_pan,-6.942,-7.604,-6.942,0.662,0.662,0
1787801946.402,shoulder_lift,-95.743,-95.780,-95.743,0.037,0.037,0
1787801946.402,elbow_flex,94.617,93.890,94.617,0.727,0.727,0
1787801946.402,wrist_flex,71.150,69.582,71.150,1.568,1.568,0
1787801946.402,wrist_roll,6.705,6.286,6.705,0.419,0.419,0
1787801946.402,gripper,1.082,7.368,1.082,-6.286,-6.286,0
1787801946.451,shoulder_pan,-6.926,-7.604,-6.926,0.679,0.679,0
1787801946.451,shoulder_lift,-95.872,-95.780,-95.872,-0.092,-0.092,0
1787801946.451,elbow_flex,94.720,93.890,94.720,0.830,0.830,0
1787801946.451,wrist_flex,71.344,69.670,71.344,1.674,1.674,0
1787801946.451,wrist_roll,6.703,6.286,6.703,0.417,0.417,0
1787801946.451,gripper,1.082,7.368,1.082,-6.286,-6.286,0
1787801946.501,shoulder_pan,-6.918,-7.604,-6.918,0.687,0.687,0
1787801946.501,shoulder_lift,-95.952,-95.868,-95.952,-0.084,-0.084,0
1787801946.501,elbow_flex,94.800,93.978,94.800,0.822,0.822,0
1787801946.501,wrist_flex,71.483,69.846,71.483,1.636,1.636,0
1787801946.501,wrist_roll,6.702,6.286,6.702,0.416,0.416,0
1787801946.501,gripper,1.083,7.368,1.083,-6.285,-6.285,0
1787801946.553,shoulder_pan,-6.915,-7.604,-6.915,0.689,0.689,0
1787801946.553,shoulder_lift,-95.983,-95.956,-95.983,-0.027,-0.027,0
1787801946.553,elbow_flex,94.830,93.978,94.830,0.852,0.852,0
1787801946.553,wrist_flex,71.632,69.934,71.632,1.697,1.697,0
1787801946.553,wrist_roll,6.699,6.286,6.699,0.414,0.414,0
1787801946.553,gripper,1.084,7.368,1.084,-6.284,-6.284,0
1787801946.601,shoulder_pan,-6.919,-7.604,-6.919,0.685,0.685,0
1787801946.601,shoulder_lift,-96.061,-95.956,-96.061,-0.105,-0.105,0
1787801946.601,elbow_flex,94.889,93.978,94.889,0.911,0.911,0
1787801946.601,wrist_flex,71.724,70.022,71.724,1.702,1.702,0
1787801946.601,wrist_roll,6.698,6.286,6.698,0.412,0.412,0
1787801946.601,gripper,1.085,7.368,1.085,-6.283,-6.283,0
1787801946.653,shoulder_pan,-6.918,-7.604,-6.918,0.686,0.686,0
1787801946.653,shoulder_lift,-96.085,-96.132,-96.085,0.047,0.047,0
1787801946.653,elbow_flex,94.906,93.978,94.906,0.928,0.928,0
1787801946.653,wrist_flex,71.818,70.110,71.818,1.708,1.708,0
1787801946.653,wrist_roll,6.696,6.286,6.696,0.410,0.410,0
1787801946.653,gripper,1.085,7.368,1.085,-6.283,-6.283,0
1787801946.701,shoulder_pan,-6.882,-7.604,-6.882,0.722,0.722,0
1787801946.701,shoulder_lift,-96.233,-96.132,-96.233,-0.101,-0.101,0
1787801946.701,elbow_flex,95.031,93.978,95.031,1.053,1.053,0
1787801946.701,wrist_flex,72.018,70.110,72.018,1.908,1.908,0
1787801946.701,wrist_roll,6.693,6.198,6.693,0.495,0.495,0
1787801946.701,gripper,1.086,7.368,1.086,-6.282,-6.282,0
1787801946.752,shoulder_pan,-6.916,-7.604,-6.916,0.688,0.688,0
1787801946.752,shoulder_lift,-96.226,-96.308,-96.226,0.082,0.082,0
1787801946.752,elbow_flex,95.019,93.978,95.019,1.041,1.041,0
1787801946.752,wrist_flex,72.081,70.374,72.081,1.707,1.707,0
1787801946.752,wrist_roll,6.692,6.198,6.692,0.494,0.494,0
1787801946.752,gripper,1.087,7.368,1.087,-6.281,-6.281,0
1787801946.801,shoulder_pan,-6.907,-7.429,-6.907,0.522,0.522,0
1787801946.801,shoulder_lift,-96.316,-96.308,-96.316,-0.008,-0.008,0
1787801946.801,elbow_flex,95.072,93.978,95.072,1.094,1.094,0
1787801946.801,wrist_flex,72.233,70.462,72.233,1.772,1.772,0
1787801946.801,wrist_roll,6.690,6.198,6.690,0.492,0.492,0
1787801946.801,gripper,1.087,7.368,1.087,-6.280,-6.280,0
1787801946.853,shoulder_pan,-6.897,-7.429,-6.897,0.531,0.531,0
1787801946.853,shoulder_lift,-96.442,-96.308,-96.442,-0.135,-0.135,0
1787801946.853,elbow_flex,95.157,93.978,95.157,1.179,1.179,0
1787801946.853,wrist_flex,72.420,70.637,72.420,1.782,1.782,0
1787801946.853,wrist_roll,6.688,6.198,6.688,0.490,0.490,0
1787801946.853,gripper,1.088,7.368,1.088,-6.280,-6.280,0
1787801946.901,shoulder_pan,-6.871,-7.429,-6.871,0.557,0.557,0
1787801946.901,shoulder_lift,-96.613,-96.484,-96.613,-0.130,-0.130,0
1787801946.901,elbow_flex,95.314,93.978,95.314,1.336,1.336,0
1787801946.901,wrist_flex,72.607,70.725,72.607,1.882,1.882,0
1787801946.901,wrist_roll,6.686,6.198,6.686,0.488,0.488,0
1787801946.901,gripper,1.089,7.368,1.089,-6.279,-6.279,0
1787801946.952,shoulder_pan,-6.868,-7.429,-6.868,0.560,0.560,0
1787801946.952,shoulder_lift,-96.697,-96.659,-96.697,-0.038,-0.038,0
1787801946.952,elbow_flex,95.383,93.978,95.383,1.405,1.405,0
1787801946.952,wrist_flex,72.777,70.989,72.777,1.788,1.788,0
1787801946.952,wrist_roll,6.684,6.198,6.684,0.486,0.486,0
1787801946.952,gripper,1.090,7.368,1.090,-6.277,-6.277,0
1787801947.003,shoulder_pan,-6.840,-7.429,-6.840,0.588,0.588,0
1787801947.003,shoulder_lift,-96.850,-96.659,-96.850,-0.190,-0.190,0
1787801947.003,elbow_flex,95.472,93.978,95.472,1.494,1.494,0
1787801947.003,wrist_flex,72.972,71.165,72.972,1.808,1.808,0
1787801947.003,wrist_roll,6.682,6.198,6.682,0.484,0.484,0
1787801947.003,gripper,1.091,7.368,1.091,-6.277,-6.277,0
1787801947.054,shoulder_pan,-6.807,-7.341,-6.807,0.534,0.534,0
1787801947.054,shoulder_lift,-97.083,-97.011,-97.083,-0.072,-0.072,0
1787801947.054,elbow_flex,95.652,93.978,95.652,1.674,1.674,0
1787801947.054,wrist_flex,73.275,71.165,73.275,2.110,2.110,0
1787801947.054,wrist_roll,6.682,6.198,6.682,0.484,0.484,0
1787801947.054,gripper,1.092,7.368,1.092,-6.275,-6.275,0
1787801947.102,shoulder_pan,-6.789,-7.253,-6.789,0.464,0.464,0
1787801947.102,shoulder_lift,-97.247,-97.099,-97.247,-0.148,-0.148,0
1787801947.102,elbow_flex,95.773,94.066,95.773,1.707,1.707,0
1787801947.102,wrist_flex,73.460,71.429,73.460,2.032,2.032,0
1787801947.102,wrist_roll,6.683,6.198,6.683,0.485,0.485,0
1787801947.102,gripper,1.094,7.368,1.094,-6.274,-6.274,0
1787801947.153,shoulder_pan,-6.761,-7.253,-6.761,0.492,0.492,0
1787801947.153,shoulder_lift,-97.357,-97.275,-97.357,-0.083,-0.083,0
1787801947.153,elbow_flex,95.840,94.154,95.840,1.686,1.686,0
1787801947.153,wrist_flex,73.647,71.516,73.647,2.131,2.131,0
1787801947.153,wrist_roll,6.684,6.198,6.684,0.486,0.486,0
1787801947.153,gripper,1.094,7.368,1.094,-6.273,-6.273,0
1787801947.203,shoulder_pan,-6.717,-7.253,-6.717,0.536,0.536,0
1787801947.203,shoulder_lift,-97.588,-97.451,-97.588,-0.137,-0.137,0
1787801947.203,elbow_flex,95.975,94.154,95.975,1.821,1.821,0
1787801947.203,wrist_flex,73.957,71.780,73.957,2.177,2.177,0
1787801947.203,wrist_roll,6.685,6.198,6.685,0.487,0.487,0
1787801947.203,gripper,1.096,7.368,1.096,-6.272,-6.272,0
1787801947.253,shoulder_pan,-6.699,-7.253,-6.699,0.553,0.553,0
1787801947.253,shoulder_lift,-97.734,-97.626,-97.734,-0.107,-0.107,0
1787801947.253,elbow_flex,96.080,94.154,96.080,1.926,1.926,0
1787801947.253,wrist_flex,74.170,71.868,74.170,2.302,2.302,0
1787801947.253,wrist_roll,6.683,6.198,6.683,0.486,0.486,0
1787801947.253,gripper,1.097,7.368,1.097,-6.271,-6.271,0
1787801947.301,shoulder_pan,-6.676,-7.165,-6.676,0.489,0.489,0
1787801947.301,shoulder_lift,-97.915,-97.890,-97.915,-0.025,-0.025,0
1787801947.301,elbow_flex,96.201,94.242,96.201,1.959,1.959,0
1787801947.301,wrist_flex,74.479,72.132,74.479,2.347,2.347,0
1787801947.301,wrist_roll,6.682,6.198,6.682,0.484,0.484,0
1787801947.301,gripper,1.099,7.368,1.099,-6.269,-6.269,0
1787801947.354,shoulder_pan,-6.633,-7.165,-6.633,0.532,0.532,0
1787801947.354,shoulder_lift,-98.061,-98.154,-98.061,0.093,0.093,0
1787801947.354,elbow_flex,96.284,94.242,96.284,2.042,2.042,0
1787801947.354,wrist_flex,74.676,72.484,74.676,2.193,2.193,0
1787801947.354,wrist_roll,6.682,6.198,6.682,0.484,0.484,0
1787801947.354,gripper,1.100,7.368,1.100,-6.268,-6.268,0
1787801947.402,shoulder_pan,-6.612,-7.165,-6.612,0.553,0.553,0
1787801947.402,shoulder_lift,-98.258,-98.242,-98.258,-0.017,-0.017,0
1787801947.402,elbow_flex,96.423,94.242,96.423,2.181,2.181,0
1787801947.402,wrist_flex,74.897,72.571,74.897,2.325,2.325,0
1787801947.402,wrist_roll,6.684,6.198,6.684,0.486,0.486,0
1787801947.402,gripper,1.101,7.368,1.101,-6.267,-6.267,0
1787801947.453,shoulder_pan,-6.566,-7.165,-6.566,0.599,0.599,0
1787801947.453,shoulder_lift,-98.518,-98.505,-98.518,-0.012,-0.012,0
1787801947.453,elbow_flex,96.587,94.242,96.587,2.346,2.346,0
1787801947.453,wrist_flex,75.243,72.835,75.243,2.408,2.408,0
1787801947.453,wrist_roll,6.683,6.198,6.683,0.485,0.485,0
1787801947.453,gripper,1.103,7.368,1.103,-6.265,-6.265,0
1787801947.504,shoulder_pan,-6.520,-7.165,-6.520,0.645,0.645,0
1787801947.504,shoulder_lift,-98.673,-98.681,-98.673,0.008,0.008,0
1787801947.504,elbow_flex,96.706,94.242,96.706,2.464,2.464,0
1787801947.504,wrist_flex,75.459,73.187,75.459,2.272,2.272,0
1787801947.504,wrist_roll,6.683,6.198,6.683,0.485,0.485,0
1787801947.504,gripper,1.104,7.368,1.104,-6.264,-6.264,0
1787801947.552,shoulder_pan,-6.460,-7.165,-6.460,0.705,0.705,0
1787801947.552,shoulder_lift,-98.860,-98.945,-98.860,0.085,0.085,0
1787801947.552,elbow_flex,96.785,94.418,96.785,2.367,2.367,0
1787801947.552,wrist_flex,75.791,73.275,75.791,2.516,2.516,0
1787801947.552,wrist_roll,6.680,6.198,6.680,0.482,0.482,0
1787801947.552,gripper,1.106,7.368,1.106,-6.261,-6.261,0
1787801947.603,shoulder_pan,-6.458,-7.165,-6.458,0.707,0.707,0
1787801947.603,shoulder_lift,-98.991,-99.209,-98.991,0.217,0.217,0
1787801947.603,elbow_flex,96.838,94.418,96.838,2.420,2.420,0
1787801947.603,wrist_flex,76.000,73.538,76.000,2.462,2.462,0
1787801947.603,wrist_roll,6.677,6.198,6.677,0.480,0.480,0
1787801947.603,gripper,1.109,7.368,1.109,-6.259,-6.259,0
1787801947.653,shoulder_pan,-6.435,-7.165,-6.435,0.730,0.730,0
1787801947.653,shoulder_lift,-99.218,-99.297,-99.218,0.079,0.079,0
1787801947.653,elbow_flex,96.955,94.505,96.955,2.450,2.450,0
1787801947.653,wrist_flex,76.254,73.802,76.254,2.452,2.452,0
1787801947.653,wrist_roll,6.677,6.198,6.677,0.479,0.479,0
1787801947.653,gripper,1.110,7.368,1.110,-6.257,-6.257,0
1787801947.703,shoulder_pan,-6.369,-7.165,-6.369,0.796,0.796,0
1787801947.703,shoulder_lift,-99.370,-99.648,-99.370,0.278,0.278,0
1787801947.703,elbow_flex,97.017,94.505,97.017,2.511,2.511,0
1787801947.703,wrist_flex,76.473,73.978,76.473,2.495,2.495,0
1787801947.703,wrist_roll,6.677,6.198,6.677,0.479,0.479,0
1787801947.703,gripper,1.112,7.368,1.112,-6.256,-6.256,0
1787801947.754,shoulder_pan,-6.351,-7.165,-6.351,0.814,0.814,0
1787801947.754,shoulder_lift,-99.576,-99.648,-99.576,0.073,0.073,0
1787801947.754,elbow_flex,97.101,94.505,97.101,2.596,2.596,0
1787801947.754,wrist_flex,76.671,74.154,76.671,2.517,2.517,0
1787801947.754,wrist_roll,6.678,6.198,6.678,0.481,0.481,0
1787801947.754,gripper,1.113,7.368,1.113,-6.255,-6.255,0
1787801947.803,shoulder_pan,-6.327,-6.989,-6.327,0.662,0.662,0
1787801947.803,shoulder_lift,-99.675,-100.000,-99.675,0.325,0.325,0
1787801947.803,elbow_flex,97.123,94.505,97.123,2.617,2.617,0
1787801947.803,wrist_flex,76.817,74.330,76.817,2.487,2.487,0
1787801947.803,wrist_roll,6.677,6.198,6.677,0.479,0.479,0
1787801947.803,gripper,1.114,7.368,1.114,-6.254,-6.254,0
1787801947.853,shoulder_pan,-6.330,-6.813,-6.330,0.483,0.483,0
1787801947.853,shoulder_lift,-99.880,-100.000,-99.880,0.120,0.120,0
1787801947.853,elbow_flex,97.190,94.593,97.190,2.597,2.597,0
1787801947.853,wrist_flex,77.017,74.505,77.017,2.511,2.511,0
1787801947.853,wrist_roll,6.676,6.198,6.676,0.479,0.479,0
1787801947.853,gripper,1.115,7.368,1.115,-6.252,-6.252,0
1787801947.904,shoulder_pan,-6.274,-6.813,-6.274,0.540,0.540,0
1787801947.904,shoulder_lift,-100.141,-100.264,-100.141,0.122,0.122,0
1787801947.904,elbow_flex,97.270,94.593,97.270,2.677,2.677,0
1787801947.904,wrist_flex,77.253,74.681,77.253,2.572,2.572,0
1787801947.904,wrist_roll,6.677,6.198,6.677,0.480,0.480,0
1787801947.904,gripper,1.116,7.368,1.116,-6.252,-6.252,0
1787801947.956,shoulder_pan,-6.259,-6.813,-6.259,0.554,0.554,0
1787801947.956,shoulder_lift,-100.321,-100.527,-100.321,0.207,0.207,0
1787801947.956,elbow_flex,97.305,94.593,97.305,2.712,2.712,0
1787801947.956,wrist_flex,77.398,74.945,77.398,2.453,2.453,0
1787801947.956,wrist_roll,6.679,6.198,6.679,0.481,0.481,0
1787801947.956,gripper,1.117,7.368,1.117,-6.251,-6.251,0
1787801948.003,shoulder_pan,-6.241,-6.813,-6.241,0.572,0.572,0
1787801948.003,shoulder_lift,-100.536,-100.615,-100.536,0.079,0.079,0
1787801948.003,elbow_flex,97.335,94.593,97.335,2.741,2.741,0
1787801948.003,wrist_flex,77.592,75.209,77.592,2.383,2.383,0
1787801948.003,wrist_roll,6.680,6.198,6.680,0.482,0.482,0
1787801948.003,gripper,1.117,7.368,1.117,-6.251,-6.251,0
1787801948.055,shoulder_pan,-6.242,-6.813,-6.242,0.571,0.571,0
1787801948.055,shoulder_lift,-100.685,-100.967,-100.685,0.282,0.282,0
1787801948.055,elbow_flex,97.340,94.681,97.340,2.658,2.658,0
1787801948.055,wrist_flex,77.699,75.297,77.699,2.402,2.402,0
1787801948.055,wrist_roll,6.680,6.198,6.680,0.482,0.482,0
1787801948.055,gripper,1.117,7.368,1.117,-6.251,-6.251,0
1787801948.104,shoulder_pan,-6.221,-6.813,-6.221,0.593,0.593,0
1787801948.104,shoulder_lift,-100.788,-101.055,-100.788,0.266,0.266,0
1787801948.104,elbow_flex,97.334,94.681,97.334,2.653,2.653,0
1787801948.104,wrist_flex,77.796,75.473,77.796,2.324,2.324,0
1787801948.104,wrist_roll,6.678,6.198,6.678,0.480,0.480,0
1787801948.104,gripper,1.117,7.368,1.117,-6.251,-6.251,0
1787801948.154,shoulder_pan,-6.204,-6.813,-6.204,0.609,0.609,0
1787801948.154,shoulder_lift,-100.930,-101.055,-100.930,0.125,0.125,0
1787801948.154,elbow_flex,97.329,94.681,97.329,2.648,2.648,0
1787801948.154,wrist_flex,77.923,75.560,77.923,2.363,2.363,0
1787801948.154,wrist_roll,6.677,6.198,6.677,0.480,0.480,0
1787801948.154,gripper,1.117,7.368,1.117,-6.251,-6.251,0
1787801948.205,shoulder_pan,-6.183,-6.813,-6.183,0.631,0.631,0
1787801948.205,shoulder_lift,-101.040,-101.319,-101.040,0.278,0.278,0
1787801948.205,elbow_flex,97.323,94.681,97.323,2.641,2.641,0
1787801948.205,wrist_flex,78.008,75.560,78.008,2.448,2.448,0
1787801948.205,wrist_roll,6.678,6.198,6.678,0.480,0.480,0
1787801948.205,gripper,1.117,7.368,1.117,-6.251,-6.251,0
1787801948.255,shoulder_pan,-6.150,-6.813,-6.150,0.663,0.663,0
1787801948.255,shoulder_lift,-101.101,-101.407,-101.101,0.306,0.306,0
1787801948.255,elbow_flex,97.280,94.681,97.280,2.599,2.599,0
1787801948.255,wrist_flex,78.060,75.736,78.060,2.323,2.323,0
1787801948.255,wrist_roll,6.677,6.198,6.677,0.480,0.480,0
1787801948.255,gripper,1.117,7.368,1.117,-6.251,-6.251,0
1787801948.304,shoulder_pan,-6.147,-6.813,-6.147,0.666,0.666,0
1787801948.304,shoulder_lift,-101.171,-101.407,-101.171,0.235,0.235,0
1787801948.304,elbow_flex,97.247,94.681,97.247,2.565,2.565,0
1787801948.304,wrist_flex,78.102,75.736,78.102,2.366,2.366,0
1787801948.304,wrist_roll,6.679,6.198,6.679,0.482,0.482,0
1787801948.304,gripper,1.116,7.368,1.116,-6.251,-6.251,0
1787801948.353,shoulder_pan,-6.149,-6.813,-6.149,0.664,0.664,0
1787801948.353,shoulder_lift,-101.234,-101.407,-101.234,0.173,0.173,0
1787801948.353,elbow_flex,97.220,94.681,97.220,2.539,2.539,0
1787801948.353,wrist_flex,78.137,75.912,78.137,2.225,2.225,0
1787801948.353,wrist_roll,6.681,6.198,6.681,0.483,0.483,0
1787801948.353,gripper,1.116,7.368,1.116,-6.252,-6.252,0
1787801948.405,shoulder_pan,-6.116,-6.813,-6.116,0.697,0.697,0
1787801948.405,shoulder_lift,-101.210,-101.582,-101.210,0.372,0.372,0
1787801948.405,elbow_flex,97.168,94.681,97.168,2.487,2.487,0
1787801948.405,wrist_flex,78.116,75.912,78.116,2.204,2.204,0
1787801948.405,wrist_roll,6.680,6.198,6.680,0.483,0.483,0
1787801948.405,gripper,1.116,7.368,1.116,-6.252,-6.252,0
1787801948.454,shoulder_pan,-6.131,-6.813,-6.131,0.682,0.682,0
1787801948.454,shoulder_lift,-101.237,-101.582,-101.237,0.345,0.345,0
1787801948.454,elbow_flex,97.128,94.681,97.128,2.447,2.447,0
1787801948.454,wrist_flex,78.100,76.088,78.100,2.012,2.012,0
1787801948.454,wrist_roll,6.684,6.198,6.684,0.486,0.486,0
1787801948.454,gripper,1.114,7.368,1.114,-6.253,-6.253,0
1787801948.504,shoulder_pan,-6.117,-6.813,-6.117,0.696,0.696,0
1787801948.504,shoulder_lift,-101.194,-101.582,-101.194,0.388,0.388,0
1787801948.504,elbow_flex,97.055,94.681,97.055,2.374,2.374,0
1787801948.504,wrist_flex,78.042,76.088,78.042,1.954,1.954,0
1787801948.504,wrist_roll,6.686,6.198,6.686,0.489,0.489,0
1787801948.504,gripper,1.114,7.368,1.114,-6.254,-6.254,0
1787801948.555,shoulder_pan,-6.078,-6.813,-6.078,0.735,0.735,0
1787801948.555,shoulder_lift,-101.191,-101.582,-101.191,0.391,0.391,0
1787801948.555,elbow_flex,97.019,94.681,97.019,2.338,2.338,0
1787801948.555,wrist_flex,78.030,76.088,78.030,1.942,1.942,0
1787801948.555,wrist_roll,6.691,6.198,6.691,0.493,0.493,0
1787801948.555,gripper,1.113,7.368,1.113,-6.254,-6.254,0
1787801948.605,shoulder_pan,-6.064,-6.813,-6.064,0.750,0.750,0
1787801948.605,shoulder_lift,-101.144,-101.582,-101.144,0.438,0.438,0
1787801948.605,elbow_flex,96.975,94.681,96.975,2.293,2.293,0
1787801948.605,wrist_flex,77.960,76.088,77.960,1.872,1.872,0
1787801948.605,wrist_roll,6.697,6.198,6.697,0.500,0.500,0
1787801948.605,gripper,1.112,7.368,1.112,-6.256,-6.256,0
1787801948.655,shoulder_pan,-6.046,-6.725,-6.046,0.679,0.679,0
1787801948.655,shoulder_lift,-101.173,-101.582,-101.173,0.409,0.409,0
1787801948.655,elbow_flex,96.960,94.681,96.960,2.279,2.279,0
1787801948.655,wrist_flex,77.942,76.088,77.942,1.854,1.854,0
1787801948.655,wrist_roll,6.701,6.198,6.701,0.504,0.504,0
1787801948.655,gripper,1.111,7.368,1.111,-6.256,-6.256,0
1787801948.706,shoulder_pan,-5.975,-6.637,-5.975,0.663,0.663,0
1787801948.706,shoulder_lift,-101.107,-101.582,-101.107,0.475,0.475,0
1787801948.706,elbow_flex,96.908,94.681,96.908,2.226,2.226,0
1787801948.706,wrist_flex,77.900,76.088,77.900,1.812,1.812,0
1787801948.706,wrist_roll,6.705,6.198,6.705,0.507,0.507,0
1787801948.706,gripper,1.111,7.368,1.111,-6.257,-6.257,0
1787801948.755,shoulder_pan,-5.897,-6.637,-5.897,0.740,0.740,0
1787801948.755,shoulder_lift,-101.122,-101.582,-101.122,0.461,0.461,0
1787801948.755,elbow_flex,96.889,94.681,96.889,2.208,2.208,0
1787801948.755,wrist_flex,77.846,76.088,77.846,1.758,1.758,0
1787801948.755,wrist_roll,6.705,6.198,6.705,0.507,0.507,0
1787801948.755,gripper,1.110,7.368,1.110,-6.258,-6.258,0
1787801948.804,shoulder_pan,-5.825,-6.637,-5.825,0.812,0.812,0
1787801948.804,shoulder_lift,-101.110,-101.582,-101.110,0.472,0.472,0
1787801948.804,elbow_flex,96.863,94.681,96.863,2.182,2.182,0
1787801948.804,wrist_flex,77.822,76.088,77.822,1.734,1.734,0
1787801948.804,wrist_roll,6.708,6.198,6.708,0.510,0.510,0
1787801948.804,gripper,1.109,7.368,1.109,-6.258,-6.258,0
1787801948.854,shoulder_pan,-5.734,-6.637,-5.734,0.904,0.904,0
1787801948.854,shoulder_lift,-101.065,-101.582,-101.065,0.518,0.518,0
1787801948.854,elbow_flex,96.834,94.681,96.834,2.152,2.152,0
1787801948.854,wrist_flex,77.750,76.088,77.750,1.662,1.662,0
1787801948.854,wrist_roll,6.708,6.198,6.708,0.511,0.511,0
1787801948.854,gripper,1.109,7.368,1.109,-6.259,-6.259,0
1787801948.905,shoulder_pan,-5.638,-6.637,-5.638,0.999,0.999,0
1787801948.905,shoulder_lift,-101.127,-101.582,-101.127,0.456,0.456,0
1787801948.905,elbow_flex,96.815,94.681,96.815,2.134,2.134,0
1787801948.905,wrist_flex,77.748,76.088,77.748,1.660,1.660,0
1787801948.905,wrist_roll,6.712,6.198,6.712,0.514,0.514,0
1787801948.905,gripper,1.108,7.368,1.108,-6.259,-6.259,0
1787801948.957,shoulder_pan,-5.531,-6.637,-5.531,1.106,1.106,0
1787801948.957,shoulder_lift,-101.161,-101.582,-101.161,0.421,0.421,0
1787801948.957,elbow_flex,96.783,94.681,96.783,2.102,2.102,0
1787801948.957,wrist_flex,77.730,76.088,77.730,1.642,1.642,0
1787801948.957,wrist_roll,6.710,6.198,6.710,0.512,0.512,0
1787801948.957,gripper,1.108,7.368,1.108,-6.260,-6.260,0
1787801949.005,shoulder_pan,-5.467,-6.374,-5.467,0.907,0.907,0
1787801949.005,shoulder_lift,-101.176,-101.582,-101.176,0.407,0.407,0
1787801949.005,elbow_flex,96.770,94.681,96.770,2.089,2.089,0
1787801949.005,wrist_flex,77.711,76.088,77.711,1.623,1.623,0
1787801949.005,wrist_roll,6.711,6.198,6.711,0.513,0.513,0
1787801949.005,gripper,1.107,7.368,1.107,-6.261,-6.261,0
1787801949.055,shoulder_pan,-5.332,-6.286,-5.332,0.954,0.954,0
1787801949.055,shoulder_lift,-101.236,-101.582,-101.236,0.346,0.346,0
1787801949.055,elbow_flex,96.737,94.681,96.737,2.056,2.056,0
1787801949.055,wrist_flex,77.653,76.088,77.653,1.566,1.566,0
1787801949.055,wrist_roll,6.701,6.198,6.701,0.503,0.503,0
1787801949.055,gripper,1.106,7.368,1.106,-6.262,-6.262,0
1787801949.107,shoulder_pan,-5.245,-6.198,-5.245,0.953,0.953,0
1787801949.107,shoulder_lift,-101.313,-101.582,-101.313,0.270,0.270,0
1787801949.107,elbow_flex,96.721,94.681,96.721,2.040,2.040,0
1787801949.107,wrist_flex,77.662,76.088,77.662,1.574,1.574,0
1787801949.107,wrist_roll,6.699,6.198,6.699,0.501,0.501,0
1787801949.107,gripper,1.105,7.368,1.105,-6.262,-6.262,0
1787801949.156,shoulder_pan,-5.143,-6.198,-5.143,1.054,1.054,0
1787801949.156,shoulder_lift,-101.315,-101.582,-101.315,0.267,0.267,0
1787801949.156,elbow_flex,96.695,94.681,96.695,2.013,2.013,0
1787801949.156,wrist_flex,77.614,76.088,77.614,1.526,1.526,0
1787801949.156,wrist_roll,6.692,6.198,6.692,0.494,0.494,0
1787801949.156,gripper,1.105,7.368,1.105,-6.263,-6.263,0
1787801949.207,shoulder_pan,-5.079,-6.198,-5.079,1.119,1.119,0
1787801949.207,shoulder_lift,-101.422,-101.582,-101.422,0.160,0.160,0
1787801949.207,elbow_flex,96.684,94.681,96.684,2.002,2.002,0
1787801949.207,wrist_flex,77.616,76.088,77.616,1.528,1.528,0
1787801949.207,wrist_roll,6.690,6.198,6.690,0.492,0.492,0
1787801949.207,gripper,1.104,7.368,1.104,-6.264,-6.264,0
1787801949.256,shoulder_pan,-4.979,-6.198,-4.979,1.219,1.219,0
1787801949.256,shoulder_lift,-101.528,-101.846,-101.528,0.318,0.318,0
1787801949.256,elbow_flex,96.683,94.681,96.683,2.002,2.002,0
1787801949.256,wrist_flex,77.641,76.088,77.641,1.553,1.553,0
1787801949.256,wrist_roll,6.694,6.198,6.694,0.496,0.496,0
1787801949.256,gripper,1.104,7.368,1.104,-6.264,-6.264,0
1787801949.307,shoulder_pan,-4.891,-6.198,-4.891,1.307,1.307,0
1787801949.307,shoulder_lift,-101.578,-101.846,-101.578,0.268,0.268,0
1787801949.307,elbow_flex,96.680,94.681,96.680,1.999,1.999,0
1787801949.307,wrist_flex,77.630,76.088,77.630,1.542,1.542,0
1787801949.307,wrist_roll,6.694,6.198,6.694,0.496,0.496,0
1787801949.307,gripper,1.104,7.368,1.104,-6.264,-6.264,0
1787801949.356,shoulder_pan,-4.810,-6.198,-4.810,1.388,1.388,0
1787801949.356,shoulder_lift,-101.659,-101.846,-101.659,0.187,0.187,0
1787801949.356,elbow_flex,96.696,94.681,96.696,2.014,2.014,0
1787801949.356,wrist_flex,77.612,76.088,77.612,1.524,1.524,0
1787801949.356,wrist_roll,6.698,6.110,6.698,0.588,0.588,0
1787801949.356,gripper,1.103,7.368,1.103,-6.264,-6.264,0
1787801949.419,shoulder_pan,-6.352,-5.846,-6.352,-0.506,-0.506,0
1787801949.419,shoulder_lift,-103.504,-101.846,-103.504,-1.658,-1.658,0
1787801949.419,elbow_flex,96.705,94.681,96.705,2.024,2.024,0
1787801949.419,wrist_flex,78.461,76.088,78.461,2.373,2.373,0
1787801949.419,wrist_roll,6.490,6.110,6.490,0.380,0.380,0
1787801949.419,gripper,1.084,7.368,1.084,-6.284,-6.284,0
1787801949.456,shoulder_pan,-6.381,-5.846,-6.381,-0.535,-0.535,0
1787801949.456,shoulder_lift,-103.537,-102.022,-103.537,-1.515,-1.515,0
1787801949.456,elbow_flex,96.747,94.681,96.747,2.066,2.066,0
1787801949.456,wrist_flex,78.416,76.176,78.416,2.240,2.240,0
1787801949.456,wrist_roll,6.483,6.110,6.483,0.373,0.373,0
1787801949.456,gripper,1.086,7.368,1.086,-6.282,-6.282,0
1787801949.506,shoulder_pan,-6.356,-6.286,-6.356,-0.070,-0.070,0
1787801949.506,shoulder_lift,-103.539,-103.077,-103.539,-0.462,-0.462,0
1787801949.506,elbow_flex,96.764,94.769,96.764,1.994,1.994,0
1787801949.506,wrist_flex,78.323,76.791,78.323,1.531,1.531,0
1787801949.506,wrist_roll,6.476,6.110,6.476,0.366,0.366,0
1787801949.506,gripper,1.090,7.368,1.090,-6.278,-6.278,0
1787801949.557,shoulder_pan,-6.371,-6.286,-6.371,-0.085,-0.085,0
1787801949.557,shoulder_lift,-103.561,-103.253,-103.561,-0.309,-0.309,0
1787801949.557,elbow_flex,96.773,94.857,96.773,1.916,1.916,0
1787801949.557,wrist_flex,78.244,76.879,78.244,1.365,1.365,0
1787801949.557,wrist_roll,6.473,6.110,6.473,0.363,0.363,0
1787801949.557,gripper,1.092,7.368,1.092,-6.276,-6.276,0
1787801949.607,shoulder_pan,-6.394,-6.286,-6.394,-0.109,-0.109,0
1787801949.607,shoulder_lift,-103.578,-103.253,-103.578,-0.326,-0.326,0
1787801949.607,elbow_flex,96.772,94.857,96.772,1.915,1.915,0
1787801949.607,wrist_flex,78.134,76.879,78.134,1.255,1.255,0
1787801949.607,wrist_roll,6.469,6.110,6.469,0.359,0.359,0
1787801949.607,gripper,1.093,7.368,1.093,-6.275,-6.275,0
1787801949.657,shoulder_pan,-6.370,-6.286,-6.370,-0.084,-0.084,0
1787801949.657,shoulder_lift,-103.588,-103.253,-103.588,-0.335,-0.335,0
1787801949.657,elbow_flex,96.784,94.857,96.784,1.927,1.927,0
1787801949.657,wrist_flex,77.905,76.879,77.905,1.026,1.026,0
1787801949.657,wrist_roll,6.465,6.110,6.465,0.355,0.355,0
1787801949.657,gripper,1.095,7.368,1.095,-6.273,-6.273,0
1787801949.708,shoulder_pan,-6.388,-6.286,-6.388,-0.102,-0.102,0
1787801949.708,shoulder_lift,-103.613,-103.253,-103.613,-0.360,-0.360,0
1787801949.708,elbow_flex,96.777,94.857,96.777,1.920,1.920,0
1787801949.708,wrist_flex,77.765,76.879,77.765,0.886,0.886,0
1787801949.708,wrist_roll,6.466,6.110,6.466,0.356,0.356,0
1787801949.708,gripper,1.096,7.368,1.096,-6.272,-6.272,0
1787801949.757,shoulder_pan,-6.416,-6.286,-6.416,-0.130,-0.130,0
1787801949.757,shoulder_lift,-103.618,-103.253,-103.618,-0.366,-0.366,0
1787801949.757,elbow_flex,96.784,94.857,96.784,1.927,1.927,0
1787801949.757,wrist_flex,77.606,76.879,77.606,0.726,0.726,0
1787801949.757,wrist_roll,6.466,6.110,6.466,0.356,0.356,0
1787801949.757,gripper,1.098,7.368,1.098,-6.270,-6.270,0
1787801949.806,shoulder_pan,-6.429,-6.286,-6.429,-0.143,-0.143,0
1787801949.806,shoulder_lift,-103.651,-103.341,-103.651,-0.310,-0.310,0
1787801949.806,elbow_flex,96.783,94.857,96.783,1.926,1.926,0
1787801949.806,wrist_flex,77.452,76.879,77.452,0.573,0.573,0
1787801949.806,wrist_roll,6.469,6.110,6.469,0.359,0.359,0
1787801949.806,gripper,1.099,7.368,1.099,-6.269,-6.269,0
1787801949.859,shoulder_pan,-6.422,-6.286,-6.422,-0.136,-0.136,0
1787801949.859,shoulder_lift,-103.654,-103.341,-103.654,-0.313,-0.313,0
1787801949.859,elbow_flex,96.787,94.857,96.787,1.929,1.929,0
1787801949.859,wrist_flex,77.312,76.879,77.312,0.433,0.433,0
1787801949.859,wrist_roll,6.474,6.110,6.474,0.364,0.364,0
1787801949.859,gripper,1.099,7.368,1.099,-6.269,-6.269,0
1787801949.906,shoulder_pan,-6.435,-6.286,-6.435,-0.149,-0.149,0
1787801949.906,shoulder_lift,-103.674,-103.341,-103.674,-0.333,-0.333,0
1787801949.906,elbow_flex,96.795,94.857,96.795,1.938,1.938,0
1787801949.906,wrist_flex,77.193,76.879,77.193,0.314,0.314,0
1787801949.906,wrist_roll,6.481,6.110,6.481,0.371,0.371,0
1787801949.906,gripper,1.099,7.368,1.099,-6.268,-6.268,0
1787801949.957,shoulder_pan,-6.445,-6.286,-6.445,-0.160,-0.160,0
1787801949.957,shoulder_lift,-103.696,-103.341,-103.696,-0.356,-0.356,0
1787801949.957,elbow_flex,96.787,94.945,96.787,1.842,1.842,0
1787801949.957,wrist_flex,77.050,76.879,77.050,0.171,0.171,0
1787801949.957,wrist_roll,6.486,6.110,6.486,0.376,0.376,0
1787801949.957,gripper,1.100,7.368,1.100,-6.267,-6.267,0
1787801950.007,shoulder_pan,-6.446,-6.286,-6.446,-0.160,-0.160,0
1787801950.007,shoulder_lift,-103.699,-103.341,-103.699,-0.359,-0.359,0
1787801950.007,elbow_flex,96.771,94.945,96.771,1.826,1.826,0
1787801950.007,wrist_flex,76.985,76.879,76.985,0.106,0.106,0
1787801950.007,wrist_roll,6.493,6.110,6.493,0.383,0.383,0
1787801950.007,gripper,1.101,7.368,1.101,-6.266,-6.266,0
1787801950.057,shoulder_pan,-6.442,-6.286,-6.442,-0.157,-0.157,0
1787801950.057,shoulder_lift,-103.717,-103.341,-103.717,-0.377,-0.377,0
1787801950.057,elbow_flex,96.765,94.945,96.765,1.820,1.820,0
1787801950.057,wrist_flex,76.860,76.791,76.860,0.068,0.068,0
1787801950.057,wrist_roll,6.501,6.110,6.501,0.391,0.391,0
1787801950.057,gripper,1.102,7.368,1.102,-6.265,-6.265,0
1787801950.109,shoulder_pan,-6.453,-6.286,-6.453,-0.167,-0.167,0
1787801950.109,shoulder_lift,-103.729,-103.341,-103.729,-0.389,-0.389,0
1787801950.109,elbow_flex,96.744,94.945,96.744,1.799,1.799,0
1787801950.109,wrist_flex,76.747,76.703,76.747,0.044,0.044,0
1787801950.109,wrist_roll,6.508,6.110,6.508,0.398,0.398,0
1787801950.109,gripper,1.103,7.368,1.103,-6.265,-6.265,0
1787801950.157,shoulder_pan,-6.444,-6.286,-6.444,-0.158,-0.158,0
1787801950.157,shoulder_lift,-103.730,-103.341,-103.730,-0.389,-0.389,0
1787801950.157,elbow_flex,96.715,94.945,96.715,1.769,1.769,0
1787801950.157,wrist_flex,76.665,76.703,76.665,-0.038,-0.038,0
1787801950.157,wrist_roll,6.514,6.110,6.514,0.404,0.404,0
1787801950.157,gripper,1.103,7.368,1.103,-6.264,-6.264,0
1787801950.206,shoulder_pan,-6.450,-6.286,-6.450,-0.165,-0.165,0
1787801950.206,shoulder_lift,-103.740,-103.341,-103.740,-0.400,-0.400,0
1787801950.206,elbow_flex,96.715,94.945,96.715,1.770,1.770,0
1787801950.206,wrist_flex,76.593,76.703,76.593,-0.110,-0.110,0
1787801950.206,wrist_roll,6.521,6.110,6.521,0.411,0.411,0
1787801950.206,gripper,1.104,7.368,1.104,-6.264,-6.264,0
1787801950.259,shoulder_pan,-6.446,-6.286,-6.446,-0.160,-0.160,0
1787801950.259,shoulder_lift,-103.747,-103.341,-103.747,-0.407,-0.407,0
1787801950.259,elbow_flex,96.687,94.945,96.687,1.742,1.742,0
1787801950.259,wrist_flex,76.512,76.703,76.512,-0.192,-0.192,0
1787801950.259,wrist_roll,6.531,6.110,6.531,0.421,0.421,0
1787801950.259,gripper,1.104,7.368,1.104,-6.264,-6.264,0
1787801950.307,shoulder_pan,-6.439,-6.286,-6.439,-0.154,-0.154,0
1787801950.307,shoulder_lift,-103.755,-103.341,-103.755,-0.415,-0.415,0
1787801950.307,elbow_flex,96.665,94.945,96.665,1.720,1.720,0
1787801950.307,wrist_flex,76.493,76.703,76.493,-0.210,-0.210,0
1787801950.307,wrist_roll,6.537,6.110,6.537,0.427,0.427,0
1787801950.307,gripper,1.104,7.368,1.104,-6.264,-6.264,0
1787801950.360,shoulder_pan,-6.448,-6.286,-6.448,-0.162,-0.162,0
1787801950.360,shoulder_lift,-103.753,-103.341,-103.753,-0.412,-0.412,0
1787801950.360,elbow_flex,96.639,94.945,96.639,1.694,1.694,0
1787801950.360,wrist_flex,76.442,76.703,76.442,-0.262,-0.262,0
1787801950.360,wrist_roll,6.544,6.110,6.544,0.434,0.434,0
1787801950.360,gripper,1.104,7.368,1.104,-6.264,-6.264,0
1787801950.407,shoulder_pan,-6.443,-6.286,-6.443,-0.157,-0.157,0
1787801950.407,shoulder_lift,-103.749,-103.341,-103.749,-0.408,-0.408,0
1787801950.407,elbow_flex,96.597,94.945,96.597,1.652,1.652,0
1787801950.407,wrist_flex,76.350,76.703,76.350,-0.353,-0.353,0
1787801950.407,wrist_roll,6.548,6.110,6.548,0.439,0.439,0
1787801950.407,gripper,1.104,7.368,1.104,-6.264,-6.264,0
1787801950.456,shoulder_pan,-6.450,-6.286,-6.450,-0.165,-0.165,0
1787801950.456,shoulder_lift,-103.747,-103.341,-103.747,-0.406,-0.406,0
1787801950.456,elbow_flex,96.555,94.945,96.555,1.610,1.610,0
1787801950.456,wrist_flex,76.327,76.615,76.327,-0.288,-0.288,0
1787801950.456,wrist_roll,6.556,6.110,6.556,0.446,0.446,0
1787801950.456,gripper,1.104,7.368,1.104,-6.264,-6.264,0
1787801950.510,shoulder_pan,-6.463,-6.286,-6.463,-0.177,-0.177,0
1787801950.510,shoulder_lift,-103.747,-103.341,-103.747,-0.407,-0.407,0
1787801950.510,elbow_flex,96.506,94.945,96.506,1.561,1.561,0
1787801950.510,wrist_flex,76.285,76.440,76.285,-0.154,-0.154,0
1787801950.510,wrist_roll,6.564,6.110,6.564,0.454,0.454,0
1787801950.510,gripper,1.104,7.368,1.104,-6.263,-6.263,0
1787801950.557,shoulder_pan,-6.472,-6.286,-6.472,-0.186,-0.186,0
1787801950.557,shoulder_lift,-103.745,-103.341,-103.745,-0.404,-0.404,0
1787801950.557,elbow_flex,96.450,95.033,96.450,1.417,1.417,0
1787801950.557,wrist_flex,76.269,76.352,76.269,-0.083,-0.083,0
1787801950.557,wrist_roll,6.570,6.110,6.570,0.460,0.460,0
1787801950.557,gripper,1.104,7.368,1.104,-6.264,-6.264,0
1787801950.609,shoulder_pan,-6.489,-6.286,-6.489,-0.203,-0.203,0
1787801950.609,shoulder_lift,-103.745,-103.341,-103.745,-0.404,-0.404,0
1787801950.609,elbow_flex,96.404,95.033,96.404,1.371,1.371,0
1787801950.609,wrist_flex,76.259,76.352,76.259,-0.093,-0.093,0
1787801950.609,wrist_roll,6.574,6.110,6.574,0.464,0.464,0
1787801950.609,gripper,1.104,7.368,1.104,-6.263,-6.263,0
1787801950.657,shoulder_pan,-6.507,-6.286,-6.507,-0.221,-0.221,0
1787801950.657,shoulder_lift,-103.738,-103.341,-103.738,-0.397,-0.397,0
1787801950.657,elbow_flex,96.360,95.033,96.360,1.327,1.327,0
1787801950.657,wrist_flex,76.186,76.264,76.186,-0.078,-0.078,0
1787801950.657,wrist_roll,6.580,6.110,6.580,0.470,0.470,0
1787801950.657,gripper,1.104,7.368,1.104,-6.263,-6.263,0
1787801950.709,shoulder_pan,-6.527,-6.286,-6.527,-0.242,-0.242,0
1787801950.709,shoulder_lift,-103.738,-103.341,-103.738,-0.398,-0.398,0
1787801950.709,elbow_flex,96.296,95.121,96.296,1.175,1.175,0
1787801950.709,wrist_flex,76.181,76.264,76.181,-0.083,-0.083,0
1787801950.709,wrist_roll,6.585,6.110,6.585,0.475,0.475,0
1787801950.709,gripper,1.104,7.368,1.104,-6.264,-6.264,0
1787801950.759,shoulder_pan,-6.547,-6.286,-6.547,-0.261,-0.261,0
1787801950.759,shoulder_lift,-103.731,-103.341,-103.731,-0.391,-0.391,0
1787801950.759,elbow_flex,96.237,95.121,96.237,1.116,1.116,0
1787801950.759,wrist_flex,76.154,76.176,76.154,-0.022,-0.022,0
1787801950.759,wrist_roll,6.589,6.110,6.589,0.479,0.479,0
1787801950.759,gripper,1.104,7.368,1.104,-6.264,-6.264,0
1787801950.807,shoulder_pan,-6.571,-6.286,-6.571,-0.285,-0.285,0
1787801950.807,shoulder_lift,-103.735,-103.341,-103.735,-0.394,-0.394,0
1787801950.807,elbow_flex,96.201,95.121,96.201,1.080,1.080,0
1787801950.807,wrist_flex,76.167,76.176,76.167,-0.009,-0.009,0
1787801950.807,wrist_roll,6.594,6.110,6.594,0.484,0.484,0
1787801950.807,gripper,1.104,7.368,1.104,-6.263,-6.263,0
1787801950.860,shoulder_pan,-6.587,-6.286,-6.587,-0.301,-0.301,0
1787801950.860,shoulder_lift,-103.727,-103.341,-103.727,-0.387,-0.387,0
1787801950.860,elbow_flex,96.080,95.121,96.080,0.959,0.959,0
1787801950.860,wrist_flex,76.169,76.176,76.169,-0.007,-0.007,0
1787801950.860,wrist_roll,6.596,6.110,6.596,0.486,0.486,0
1787801950.860,gripper,1.104,7.368,1.104,-6.264,-6.264,0
1787801950.908,shoulder_pan,-6.623,-6.286,-6.623,-0.338,-0.338,0
1787801950.908,shoulder_lift,-103.724,-103.341,-103.724,-0.383,-0.383,0
1787801950.908,elbow_flex,95.846,95.121,95.846,0.725,0.725,0
1787801950.908,wrist_flex,76.240,76.176,76.240,0.065,0.065,0
1787801950.908,wrist_roll,6.599,6.110,6.599,0.489,0.489,0
1787801950.908,gripper,1.103,7.368,1.103,-6.264,-6.264,0
1787801950.960,shoulder_pan,-6.658,-6.286,-6.658,-0.372,-0.372,0
1787801950.960,shoulder_lift,-103.711,-103.341,-103.711,-0.370,-0.370,0
1787801950.960,elbow_flex,95.599,95.121,95.599,0.478,0.478,0
1787801950.960,wrist_flex,76.233,76.176,76.233,0.057,0.057,0
1787801950.960,wrist_roll,6.603,6.110,6.603,0.493,0.493,0
1787801950.960,gripper,1.103,7.368,1.103,-6.265,-6.265,0
1787801951.010,shoulder_pan,-6.728,-6.286,-6.728,-0.442,-0.442,0
1787801951.010,shoulder_lift,-103.681,-103.341,-103.681,-0.340,-0.340,0
1787801951.010,elbow_flex,95.071,95.121,95.071,-0.050,-0.050,0
1787801951.010,wrist_flex,76.278,76.176,76.278,0.102,0.102,0
1787801951.010,wrist_roll,6.608,6.110,6.608,0.498,0.498,0
1787801951.010,gripper,1.102,7.368,1.102,-6.265,-6.265,0
1787801951.058,shoulder_pan,-6.762,-6.286,-6.762,-0.476,-0.476,0
1787801951.058,shoulder_lift,-103.660,-103.341,-103.660,-0.319,-0.319,0
1787801951.058,elbow_flex,94.790,95.121,94.790,-0.331,-0.331,0
1787801951.058,wrist_flex,76.165,76.176,76.165,-0.011,-0.011,0
1787801951.058,wrist_roll,6.609,6.110,6.609,0.499,0.499,0
1787801951.058,gripper,1.101,7.368,1.101,-6.267,-6.267,0
1787801951.109,shoulder_pan,-6.954,-6.286,-6.954,-0.668,-0.668,0
1787801951.109,shoulder_lift,-103.506,-103.341,-103.506,-0.165,-0.165,0
1787801951.109,elbow_flex,93.035,95.033,93.035,-1.998,-1.998,0
1787801951.109,wrist_flex,75.841,76.176,75.841,-0.335,-0.335,0
1787801951.109,wrist_roll,6.615,6.110,6.615,0.505,0.505,0
1787801951.109,gripper,1.093,7.368,1.093,-6.275,-6.275,0
1787801951.159,shoulder_pan,-7.138,-6.462,-7.138,-0.677,-0.677,0
1787801951.159,shoulder_lift,-103.231,-103.341,-103.231,0.109,0.109,0
1787801951.159,elbow_flex,91.174,94.945,91.174,-3.771,-3.771,0
1787801951.159,wrist_flex,75.219,76.176,75.219,-0.957,-0.957,0
1787801951.159,wrist_roll,6.620,6.110,6.620,0.510,0.510,0
1787801951.159,gripper,1.081,7.368,1.081,-6.286,-6.286,0
1787801951.209,shoulder_pan,-7.327,-6.637,-7.327,-0.690,-0.690,0
1787801951.209,shoulder_lift,-102.775,-103.253,-102.775,0.477,0.477,0
1787801951.209,elbow_flex,89.139,94.418,89.139,-5.278,-5.278,0
1787801951.209,wrist_flex,74.092,76.000,74.092,-1.908,-1.908,0
1787801951.209,wrist_roll,6.629,6.198,6.629,0.432,0.432,0
1787801951.209,gripper,1.064,7.368,1.064,-6.303,-6.303,0
1787801951.260,shoulder_pan,-7.437,-6.813,-7.437,-0.624,-0.624,0
1787801951.260,shoulder_lift,-102.447,-103.077,-102.447,0.630,0.630,0
1787801951.260,elbow_flex,88.000,93.451,88.000,-5.450,-5.450,0
1787801951.260,wrist_flex,73.274,75.912,73.274,-2.638,-2.638,0
1787801951.260,wrist_roll,6.636,6.374,6.636,0.262,0.262,0
1787801951.260,gripper,1.056,7.368,1.056,-6.312,-6.312,0
1787801951.308,shoulder_pan,-7.491,-7.077,-7.491,-0.415,-0.415,0
1787801951.308,shoulder_lift,-102.201,-103.077,-102.201,0.876,0.876,0
1787801951.308,elbow_flex,87.432,91.956,87.432,-4.524,-4.524,0
1787801951.308,wrist_flex,72.030,75.033,72.030,-3.003,-3.003,0
1787801951.308,wrist_roll,6.644,6.374,6.644,0.271,0.271,0
1787801951.308,gripper,1.038,7.368,1.038,-6.330,-6.330,0
1787801951.360,shoulder_pan,-7.603,-7.165,-7.603,-0.438,-0.438,0
1787801951.360,shoulder_lift,-101.845,-102.901,-101.845,1.056,1.056,0
1787801951.360,elbow_flex,86.315,90.813,86.315,-4.498,-4.498,0
1787801951.360,wrist_flex,71.615,74.154,71.615,-2.539,-2.539,0
1787801951.360,wrist_roll,6.644,6.374,6.644,0.270,0.270,0
1787801951.360,gripper,1.035,7.368,1.035,-6.333,-6.333,0
1787801951.409,shoulder_pan,-7.654,-7.165,-7.654,-0.489,-0.489,0
1787801951.409,shoulder_lift,-101.682,-102.549,-101.682,0.867,0.867,0
1787801951.409,elbow_flex,85.978,89.934,85.978,-3.956,-3.956,0
1787801951.409,wrist_flex,71.197,73.275,71.197,-2.078,-2.078,0
1787801951.409,wrist_roll,6.648,6.374,6.648,0.274,0.274,0
1787801951.409,gripper,1.030,7.368,1.030,-6.338,-6.338,0
1787801951.459,shoulder_pan,-7.703,-7.165,-7.703,-0.538,-0.538,0
1787801951.459,shoulder_lift,-101.532,-102.022,-101.532,0.490,0.490,0
1787801951.459,elbow_flex,85.631,88.967,85.631,-3.336,-3.336,0
1787801951.459,wrist_flex,71.093,72.747,71.093,-1.655,-1.655,0
1787801951.459,wrist_roll,6.649,6.374,6.649,0.275,0.275,0
1787801951.459,gripper,1.029,7.368,1.029,-6.339,-6.339,0
1787801951.509,shoulder_pan,-7.758,-7.429,-7.758,-0.329,-0.329,0
1787801951.509,shoulder_lift,-101.333,-102.198,-101.333,0.864,0.864,0
1787801951.509,elbow_flex,85.300,88.440,85.300,-3.139,-3.139,0
1787801951.509,wrist_flex,70.976,72.396,70.976,-1.419,-1.419,0
1787801951.509,wrist_roll,6.651,6.374,6.651,0.277,0.277,0
1787801951.509,gripper,1.026,7.368,1.026,-6.342,-6.342,0
1787801951.558,shoulder_pan,-7.786,-7.604,-7.786,-0.182,-0.182,0
1787801951.558,shoulder_lift,-101.253,-101.846,-101.253,0.593,0.593,0
1787801951.558,elbow_flex,85.170,88.088,85.170,-2.918,-2.918,0
1787801951.558,wrist_flex,70.947,72.132,70.947,-1.185,-1.185,0
1787801951.558,wrist_roll,6.653,6.374,6.653,0.279,0.279,0
1787801951.558,gripper,1.026,7.368,1.026,-6.342,-6.342,0
1787801951.611,shoulder_pan,-7.809,-7.604,-7.809,-0.205,-0.205,0
1787801951.611,shoulder_lift,-101.119,-101.758,-101.119,0.639,0.639,0
1787801951.611,elbow_flex,85.014,87.824,85.014,-2.810,-2.810,0
1787801951.611,wrist_flex,70.944,72.044,70.944,-1.100,-1.100,0
1787801951.611,wrist_roll,6.654,6.374,6.654,0.280,0.280,0
1787801951.611,gripper,1.025,7.368,1.025,-6.343,-6.343,0
1787801951.659,shoulder_pan,-7.844,-7.604,-7.844,-0.239,-0.239,0
1787801951.659,shoulder_lift,-100.928,-101.582,-100.928,0.654,0.654,0
1787801951.659,elbow_flex,84.876,87.648,84.876,-2.772,-2.772,0
1787801951.659,wrist_flex,70.973,72.044,70.973,-1.071,-1.071,0
1787801951.659,wrist_roll,6.656,6.374,6.656,0.283,0.283,0
1787801951.659,gripper,1.023,7.368,1.023,-6.344,-6.344,0
1787801951.710,shoulder_pan,-7.885,-7.604,-7.885,-0.281,-0.281,0
1787801951.710,shoulder_lift,-100.575,-101.319,-100.575,0.743,0.743,0
1787801951.710,elbow_flex,84.534,87.648,84.534,-3.114,-3.114,0
1787801951.710,wrist_flex,70.994,72.044,70.994,-1.050,-1.050,0
1787801951.710,wrist_roll,6.657,6.374,6.657,0.283,0.283,0
1787801951.710,gripper,1.021,7.368,1.021,-6.347,-6.347,0
1787801951.760,shoulder_pan,-7.930,-7.604,-7.930,-0.325,-0.325,0
1787801951.760,shoulder_lift,-100.117,-101.231,-100.117,1.114,1.114,0
1787801951.760,elbow_flex,84.069,87.560,84.069,-3.492,-3.492,0
1787801951.760,wrist_flex,71.037,72.044,71.037,-1.007,-1.007,0
1787801951.760,wrist_roll,6.658,6.374,6.658,0.284,0.284,0
1787801951.760,gripper,1.017,7.368,1.017,-6.350,-6.350,0
1787801951.809,shoulder_pan,-7.976,-7.604,-7.976,-0.372,-0.372,0
1787801951.809,shoulder_lift,-99.618,-100.879,-99.618,1.261,1.261,0
1787801951.809,elbow_flex,83.522,86.945,83.522,-3.423,-3.423,0
1787801951.809,wrist_flex,70.993,72.044,70.993,-1.051,-1.051,0
1787801951.809,wrist_roll,6.655,6.374,6.655,0.282,0.282,0
1787801951.809,gripper,1.013,7.368,1.013,-6.354,-6.354,0
1787801951.861,shoulder_pan,-8.039,-7.604,-8.039,-0.435,-0.435,0
1787801951.861,shoulder_lift,-98.802,-100.440,-98.802,1.637,1.637,0
1787801951.861,elbow_flex,82.739,86.505,82.739,-3.766,-3.766,0
1787801951.861,wrist_flex,70.850,72.044,70.850,-1.194,-1.194,0
1787801951.861,wrist_roll,6.652,6.374,6.652,0.279,0.279,0
1787801951.861,gripper,1.008,7.368,1.008,-6.360,-6.360,0
1787801951.911,shoulder_pan,-8.136,-7.604,-8.136,-0.532,-0.532,0
1787801951.911,shoulder_lift,-97.252,-99.824,-97.252,2.572,2.572,0
1787801951.911,elbow_flex,80.991,86.066,80.991,-5.075,-5.075,0
1787801951.911,wrist_flex,70.418,72.044,70.418,-1.626,-1.626,0
1787801951.911,wrist_roll,6.639,6.374,6.639,0.265,0.265,0
1787801951.911,gripper,0.997,7.368,0.997,-6.371,-6.371,0
1787801951.959,shoulder_pan,-8.217,-7.604,-8.217,-0.612,-0.612,0
1787801951.959,shoulder_lift,-96.210,-99.209,-96.210,2.998,2.998,0
1787801951.959,elbow_flex,79.883,85.275,79.883,-5.392,-5.392,0
1787801951.959,wrist_flex,69.964,71.868,69.964,-1.905,-1.905,0
1787801951.959,wrist_roll,6.633,6.374,6.633,0.259,0.259,0
1787801951.959,gripper,0.990,7.368,0.990,-6.378,-6.378,0
1787801952.009,shoulder_pan,-8.272,-7.604,-8.272,-0.667,-0.667,0
1787801952.009,shoulder_lift,-95.435,-97.714,-95.435,2.279,2.279,0
1787801952.009,elbow_flex,79.099,83.868,79.099,-4.769,-4.769,0
1787801952.009,wrist_flex,69.539,71.429,69.539,-1.889,-1.889,0
1787801952.009,wrist_roll,6.630,6.374,6.630,0.256,0.256,0
1787801952.009,gripper,0.985,7.368,0.985,-6.382,-6.382,0
1787801952.059,shoulder_pan,-8.337,-7.780,-8.337,-0.556,-0.556,0
1787801952.059,shoulder_lift,-94.469,-97.011,-94.469,2.542,2.542,0
1787801952.059,elbow_flex,78.051,82.725,78.051,-4.674,-4.674,0
1787801952.059,wrist_flex,69.055,70.901,69.055,-1.846,-1.846,0
1787801952.059,wrist_roll,6.625,6.374,6.625,0.252,0.252,0
1787801952.059,gripper,0.980,7.368,0.980,-6.388,-6.388,0
1787801952.111,shoulder_pan,-8.369,-8.132,-8.369,-0.237,-0.237,0
1787801952.111,shoulder_lift,-93.974,-96.044,-93.974,2.070,2.070,0
1787801952.111,elbow_flex,77.528,81.758,77.528,-4.230,-4.230,0
1787801952.111,wrist_flex,68.587,70.549,68.587,-1.963,-1.963,0
1787801952.111,wrist_roll,6.620,6.374,6.620,0.247,0.247,0
1787801952.111,gripper,0.978,7.368,0.978,-6.390,-6.390,0
1787801952.161,shoulder_pan,-8.426,-8.132,-8.426,-0.294,-0.294,0
1787801952.161,shoulder_lift,-93.490,-94.901,-93.490,1.411,1.411,0
1787801952.161,elbow_flex,77.130,80.791,77.130,-3.661,-3.661,0
1787801952.161,wrist_flex,68.120,70.022,68.120,-1.902,-1.902,0
1787801952.161,wrist_roll,6.619,6.374,6.619,0.245,0.245,0
1787801952.161,gripper,0.976,7.368,0.976,-6.391,-6.391,0
1787801952.209,shoulder_pan,-8.480,-8.132,-8.480,-0.348,-0.348,0
1787801952.209,shoulder_lift,-93.007,-94.637,-93.007,1.631,1.631,0
1787801952.209,elbow_flex,76.729,80.176,76.729,-3.447,-3.447,0
1787801952.209,wrist_flex,67.277,69.582,67.277,-2.306,-2.306,0
1787801952.209,wrist_roll,6.614,6.374,6.614,0.241,0.241,0
1787801952.209,gripper,0.975,7.368,0.975,-6.393,-6.393,0
1787801952.263,shoulder_pan,-8.522,-8.132,-8.522,-0.390,-0.390,0
1787801952.263,shoulder_lift,-92.547,-93.846,-92.547,1.299,1.299,0
1787801952.263,elbow_flex,76.310,79.648,76.310,-3.338,-3.338,0
1787801952.263,wrist_flex,66.474,68.879,66.474,-2.405,-2.405,0
1787801952.263,wrist_roll,6.606,6.374,6.606,0.232,0.232,0
1787801952.263,gripper,0.974,7.368,0.974,-6.394,-6.394,0
1787801952.311,shoulder_pan,-8.616,-8.132,-8.616,-0.484,-0.484,0
1787801952.311,shoulder_lift,-91.824,-93.231,-91.824,1.407,1.407,0
1787801952.311,elbow_flex,75.720,79.209,75.720,-3.489,-3.489,0
1787801952.311,wrist_flex,64.896,68.264,64.896,-3.368,-3.368,0
1787801952.311,wrist_roll,6.596,6.374,6.596,0.223,0.223,0
1787801952.311,gripper,0.972,7.368,0.972,-6.395,-6.395,0
1787801952.360,shoulder_pan,-8.709,-8.132,-8.709,-0.577,-0.577,0
1787801952.360,shoulder_lift,-91.303,-92.879,-91.303,1.576,1.576,0
1787801952.360,elbow_flex,75.319,78.769,75.319,-3.450,-3.450,0
1787801952.360,wrist_flex,63.751,67.560,63.751,-3.810,-3.810,0
1787801952.360,wrist_roll,6.590,6.374,6.590,0.217,0.217,0
1787801952.360,gripper,0.971,7.368,0.971,-6.397,-6.397,0
1787801952.412,shoulder_pan,-8.829,-8.132,-8.829,-0.698,-0.698,0
1787801952.412,shoulder_lift,-90.725,-92.264,-90.725,1.539,1.539,0
1787801952.412,elbow_flex,75.028,78.154,75.028,-3.126,-3.126,0
1787801952.412,wrist_flex,62.716,66.154,62.716,-3.438,-3.438,0
1787801952.412,wrist_roll,6.589,6.374,6.589,0.215,0.215,0
1787801952.412,gripper,0.969,7.368,0.969,-6.399,-6.399,0
1787801952.460,shoulder_pan,-8.905,-8.396,-8.905,-0.509,-0.509,0
1787801952.460,shoulder_lift,-90.347,-91.560,-90.347,1.213,1.213,0
1787801952.460,elbow_flex,74.801,77.802,74.801,-3.001,-3.001,0
1787801952.460,wrist_flex,61.806,65.099,61.806,-3.293,-3.293,0
1787801952.460,wrist_roll,6.586,6.374,6.586,0.212,0.212,0
1787801952.460,gripper,0.968,7.368,0.968,-6.400,-6.400,0
1787801952.511,shoulder_pan,-9.038,-8.659,-9.038,-0.378,-0.378,0
1787801952.511,shoulder_lift,-89.764,-91.033,-89.764,1.269,1.269,0
1787801952.511,elbow_flex,74.390,77.714,74.390,-3.324,-3.324,0
1787801952.511,wrist_flex,60.667,63.956,60.667,-3.289,-3.289,0
1787801952.511,wrist_roll,6.584,6.374,6.584,0.210,0.210,0
1787801952.511,gripper,0.966,7.368,0.966,-6.402,-6.402,0
1787801952.562,shoulder_pan,-9.159,-8.659,-9.159,-0.500,-0.500,0
1787801952.562,shoulder_lift,-89.399,-90.593,-89.399,1.195,1.195,0
1787801952.562,elbow_flex,74.299,77.451,74.299,-3.152,-3.152,0
1787801952.562,wrist_flex,59.904,63.077,59.904,-3.173,-3.173,0
1787801952.562,wrist_roll,6.586,6.374,6.586,0.213,0.213,0
1787801952.562,gripper,0.964,7.368,0.964,-6.404,-6.404,0
1787801952.612,shoulder_pan,-9.279,-8.659,-9.279,-0.620,-0.620,0
1787801952.612,shoulder_lift,-89.084,-89.978,-89.084,0.894,0.894,0
1787801952.612,elbow_flex,74.198,77.099,74.198,-2.901,-2.901,0
1787801952.612,wrist_flex,59.353,61.846,59.353,-2.494,-2.494,0
1787801952.612,wrist_roll,6.587,6.374,6.587,0.213,0.213,0
1787801952.612,gripper,0.963,7.368,0.963,-6.405,-6.405,0
1787801952.660,shoulder_pan,-9.348,-8.659,-9.348,-0.689,-0.689,0
1787801952.660,shoulder_lift,-88.919,-89.626,-88.919,0.708,0.708,0
1787801952.660,elbow_flex,74.176,76.923,74.176,-2.747,-2.747,0
1787801952.660,wrist_flex,58.966,61.143,58.966,-2.177,-2.177,0
1787801952.660,wrist_roll,6.586,6.374,6.586,0.212,0.212,0
1787801952.660,gripper,0.962,7.368,0.962,-6.405,-6.405,0
1787801952.713,shoulder_pan,-9.445,-8.923,-9.445,-0.522,-0.522,0
1787801952.713,shoulder_lift,-88.707,-89.275,-88.707,0.568,0.568,0
1787801952.713,elbow_flex,74.144,76.923,74.144,-2.779,-2.779,0
1787801952.713,wrist_flex,58.566,60.440,58.566,-1.874,-1.874,0
1787801952.713,wrist_roll,6.585,6.374,6.585,0.212,0.212,0
1787801952.713,gripper,0.962,7.368,0.962,-6.406,-6.406,0
1787801952.762,shoulder_pan,-9.526,-9.099,-9.526,-0.427,-0.427,0
1787801952.762,shoulder_lift,-88.552,-89.187,-88.552,0.635,0.635,0
1787801952.762,elbow_flex,74.197,76.923,74.197,-2.726,-2.726,0
1787801952.762,wrist_flex,58.231,60.000,58.231,-1.769,-1.769,0
1787801952.762,wrist_roll,6.587,6.374,6.587,0.213,0.213,0
1787801952.762,gripper,0.961,7.368,0.961,-6.406,-6.406,0
1787801952.812,shoulder_pan,-9.614,-9.099,-9.614,-0.515,-0.515,0
1787801952.812,shoulder_lift,-88.376,-88.923,-88.376,0.547,0.547,0
1787801952.812,elbow_flex,74.167,76.923,74.167,-2.756,-2.756,0
1787801952.812,wrist_flex,57.966,59.560,57.966,-1.594,-1.594,0
1787801952.812,wrist_roll,6.588,6.374,6.588,0.214,0.214,0
1787801952.812,gripper,0.961,7.368,0.961,-6.407,-6.407,0
1787801952.860,shoulder_pan,-9.731,-9.187,-9.731,-0.544,-0.544,0
1787801952.860,shoulder_lift,-88.074,-88.835,-88.074,0.761,0.761,0
1787801952.860,elbow_flex,74.082,76.923,74.082,-2.841,-2.841,0
1787801952.860,wrist_flex,57.512,59.385,57.512,-1.873,-1.873,0
1787801952.860,wrist_roll,6.590,6.374,6.590,0.216,0.216,0
1787801952.860,gripper,0.961,7.368,0.961,-6.407,-6.407,0
1787801952.913,shoulder_pan,-9.871,-9.187,-9.871,-0.684,-0.684,0
1787801952.913,shoulder_lift,-87.800,-88.484,-87.800,0.684,0.684,0
1787801952.913,elbow_flex,74.033,76.923,74.033,-2.890,-2.890,0
1787801952.913,wrist_flex,57.094,58.857,57.094,-1.764,-1.764,0
1787801952.913,wrist_roll,6.592,6.374,6.592,0.218,0.218,0
1787801952.913,gripper,0.960,7.368,0.960,-6.407,-6.407,0
1787801952.961,shoulder_pan,-10.008,-9.451,-10.008,-0.558,-0.558,0
1787801952.961,shoulder_lift,-87.531,-88.220,-87.531,0.689,0.689,0
1787801952.961,elbow_flex,73.976,76.923,73.976,-2.947,-2.947,0
1787801952.961,wrist_flex,56.637,58.505,56.637,-1.869,-1.869,0
1787801952.961,wrist_roll,6.597,6.374,6.597,0.223,0.223,0
1787801952.961,gripper,0.961,7.368,0.961,-6.407,-6.407,0
1787801953.014,shoulder_pan,-10.188,-9.538,-10.188,-0.650,-0.650,0
1787801953.014,shoulder_lift,-87.163,-88.132,-87.163,0.969,0.969,0
1787801953.014,elbow_flex,73.858,76.923,73.858,-3.065,-3.065,0
1787801953.014,wrist_flex,56.024,58.154,56.024,-2.130,-2.130,0
1787801953.014,wrist_roll,6.603,6.374,6.603,0.229,0.229,0
1787801953.014,gripper,0.961,7.368,0.961,-6.406,-6.406,0
1787801953.062,shoulder_pan,-10.180,-9.538,-10.180,-0.642,-0.642,0
1787801953.062,shoulder_lift,-87.138,-87.692,-87.138,0.554,0.554,0
1787801953.062,elbow_flex,73.989,76.835,73.989,-2.846,-2.846,0
1787801953.062,wrist_flex,55.981,57.714,55.981,-1.733,-1.733,0
1787801953.062,wrist_roll,6.607,6.374,6.607,0.234,0.234,0
1787801953.062,gripper,0.962,7.368,0.962,-6.405,-6.405,0
1787801953.111,shoulder_pan,-10.332,-9.802,-10.332,-0.529,-0.529,0
1787801953.111,shoulder_lift,-86.761,-87.516,-86.761,0.755,0.755,0
1787801953.111,elbow_flex,73.937,76.747,73.937,-2.810,-2.810,0
1787801953.111,wrist_flex,55.403,57.275,55.403,-1.872,-1.872,0
1787801953.111,wrist_roll,6.614,6.374,6.614,0.241,0.241,0
1787801953.111,gripper,0.963,7.368,0.963,-6.405,-6.405,0
1787801953.161,shoulder_pan,-10.569,-9.978,-10.569,-0.591,-0.591,0
1787801953.161,shoulder_lift,-86.186,-87.341,-86.186,1.154,1.154,0
1787801953.161,elbow_flex,73.833,76.747,73.833,-2.914,-2.914,0
1787801953.161,wrist_flex,54.548,57.011,54.548,-2.463,-2.463,0
1787801953.161,wrist_roll,6.629,6.374,6.629,0.255,0.255,0
1787801953.161,gripper,0.964,7.368,0.964,-6.404,-6.404,0
1787801953.213,shoulder_pan,-10.600,-10.066,-10.600,-0.534,-0.534,0
1787801953.213,shoulder_lift,-85.871,-86.901,-85.871,1.030,1.030,0
1787801953.213,elbow_flex,73.917,76.747,73.917,-2.830,-2.830,0
1787801953.213,wrist_flex,54.133,56.308,54.133,-2.175,-2.175,0
1787801953.213,wrist_roll,6.639,6.374,6.639,0.266,0.266,0
1787801953.213,gripper,0.965,7.368,0.965,-6.402,-6.402,0
1787801953.261,shoulder_pan,-10.611,-10.154,-10.611,-0.458,-0.458,0
1787801953.261,shoulder_lift,-85.786,-86.374,-85.786,0.587,0.587,0
1787801953.261,elbow_flex,74.145,76.747,74.145,-2.602,-2.602,0
1787801953.261,wrist_flex,54.068,55.780,54.068,-1.712,-1.712,0
1787801953.261,wrist_roll,6.647,6.374,6.647,0.273,0.273,0
1787801953.261,gripper,0.967,7.368,0.967,-6.401,-6.401,0
1787801953.312,shoulder_pan,-10.713,-10.154,-10.713,-0.559,-0.559,0
1787801953.312,shoulder_lift,-85.023,-86.198,-85.023,1.174,1.174,0
1787801953.312,elbow_flex,74.183,76.747,74.183,-2.564,-2.564,0
1787801953.312,wrist_flex,53.188,55.341,53.188,-2.153,-2.153,0
1787801953.312,wrist_roll,6.670,6.374,6.670,0.296,0.296,0
1787801953.312,gripper,0.970,7.368,0.970,-6.397,-6.397,0
1787801953.362,shoulder_pan,-10.469,-10.242,-10.469,-0.227,-0.227,0
1787801953.362,shoulder_lift,-85.560,-85.846,-85.560,0.286,0.286,0
1787801953.362,elbow_flex,74.701,76.747,74.701,-2.046,-2.046,0
1787801953.362,wrist_flex,53.975,54.989,53.975,-1.014,-1.014,0
1787801953.362,wrist_roll,6.668,6.374,6.668,0.295,0.295,0
1787801953.362,gripper,0.973,7.368,0.973,-6.395,-6.395,0
1787801953.413,shoulder_pan,-10.457,-10.330,-10.457,-0.127,-0.127,0
1787801953.413,shoulder_lift,-85.338,-85.582,-85.338,0.244,0.244,0
1787801953.413,elbow_flex,74.836,76.747,74.836,-1.911,-1.911,0
1787801953.413,wrist_flex,53.713,54.549,53.713,-0.836,-0.836,0
1787801953.413,wrist_roll,6.674,6.374,6.674,0.300,0.300,0
1787801953.413,gripper,0.974,7.368,0.974,-6.393,-6.393,0
1787801953.463,shoulder_pan,-10.703,-10.330,-10.703,-0.373,-0.373,0
1787801953.463,shoulder_lift,-84.812,-85.582,-84.812,0.770,0.770,0
1787801953.463,elbow_flex,74.653,76.747,74.653,-2.094,-2.094,0
1787801953.463,wrist_flex,52.981,54.549,52.981,-1.568,-1.568,0
1787801953.463,wrist_roll,6.680,6.374,6.680,0.307,0.307,0
1787801953.463,gripper,0.974,7.368,0.974,-6.394,-6.394,0
1787801953.513,shoulder_pan,-10.567,-10.330,-10.567,-0.237,-0.237,0
1787801953.513,shoulder_lift,-85.033,-85.495,-85.033,0.461,0.461,0
1787801953.513,elbow_flex,75.099,76.747,75.099,-1.648,-1.648,0
1787801953.513,wrist_flex,53.351,54.374,53.351,-1.022,-1.022,0
1787801953.513,wrist_roll,6.680,6.374,6.680,0.307,0.307,0
1787801953.513,gripper,0.975,7.368,0.975,-6.393,-6.393,0
1787801953.563,shoulder_pan,-10.566,-10.505,-10.566,-0.060,-0.060,0
1787801953.563,shoulder_lift,-84.978,-85.231,-84.978,0.253,0.253,0
1787801953.563,elbow_flex,75.258,76.747,75.258,-1.489,-1.489,0
1787801953.563,wrist_flex,53.303,54.198,53.303,-0.895,-0.895,0
1787801953.563,wrist_roll,6.684,6.374,6.684,0.310,0.310,0
1787801953.563,gripper,0.975,7.368,0.975,-6.393,-6.393,0
1787801953.612,shoulder_pan,-10.946,-10.505,-10.946,-0.440,-0.440,0
1787801953.612,shoulder_lift,-84.371,-85.231,-84.371,0.860,0.860,0
1787801953.612,elbow_flex,75.045,76.747,75.045,-1.703,-1.703,0
1787801953.612,wrist_flex,52.379,54.198,52.379,-1.819,-1.819,0
1787801953.612,wrist_roll,6.694,6.374,6.694,0.321,0.321,0
1787801953.612,gripper,0.974,7.368,0.974,-6.394,-6.394,0
1787801953.662,shoulder_pan,-10.571,-10.505,-10.571,-0.065,-0.065,0
1787801953.662,shoulder_lift,-85.469,-85.055,-85.469,-0.415,-0.415,0
1787801953.662,elbow_flex,75.972,76.747,75.972,-0.775,-0.775,0
1787801953.662,wrist_flex,53.819,54.022,53.819,-0.203,-0.203,0
1787801953.662,wrist_roll,6.697,6.374,6.697,0.324,0.324,0
1787801953.662,gripper,0.976,7.368,0.976,-6.392,-6.392,0
1787801953.713,shoulder_pan,-10.586,-10.593,-10.586,0.008,0.008,0
1787801953.713,shoulder_lift,-85.738,-84.967,-85.738,-0.770,-0.770,0
1787801953.713,elbow_flex,76.334,76.747,76.334,-0.413,-0.413,0
1787801953.713,wrist_flex,54.158,53.670,54.158,0.488,0.488,0
1787801953.713,wrist_roll,6.701,6.374,6.701,0.328,0.328,0
1787801953.713,gripper,0.977,7.368,0.977,-6.391,-6.391,0
1787801953.763,shoulder_pan,-10.214,-10.593,-10.214,0.380,0.380,0
1787801953.763,shoulder_lift,-86.708,-85.319,-86.708,-1.389,-1.389,0
1787801953.763,elbow_flex,77.113,76.835,77.113,0.278,0.278,0
1787801953.763,wrist_flex,55.482,54.022,55.482,1.460,1.460,0
1787801953.763,wrist_roll,6.699,6.374,6.699,0.326,0.326,0
1787801953.763,gripper,0.979,7.368,0.979,-6.389,-6.389,0
1787801953.814,shoulder_pan,-10.107,-10.593,-10.107,0.487,0.487,0
1787801953.814,shoulder_lift,-87.455,-85.670,-87.455,-1.784,-1.784,0
1787801953.814,elbow_flex,77.758,77.011,77.758,0.747,0.747,0
1787801953.814,wrist_flex,56.363,54.110,56.363,2.253,2.253,0
1787801953.814,wrist_roll,6.704,6.374,6.704,0.330,0.330,0
1787801953.814,gripper,0.981,7.368,0.981,-6.387,-6.387,0
1787801953.864,shoulder_pan,-9.584,-10.593,-9.584,1.009,1.009,0
1787801953.864,shoulder_lift,-88.817,-86.374,-88.817,-2.443,-2.443,0
1787801953.864,elbow_flex,78.625,77.626,78.625,0.998,0.998,0
1787801953.864,wrist_flex,58.039,55.165,58.039,2.875,2.875,0
1787801953.864,wrist_roll,6.693,6.374,6.693,0.320,0.320,0
1787801953.864,gripper,0.984,7.368,0.984,-6.384,-6.384,0
1787801953.913,shoulder_pan,-9.445,-10.593,-9.445,1.149,1.149,0
1787801953.913,shoulder_lift,-89.561,-87.165,-89.561,-2.396,-2.396,0
1787801953.913,elbow_flex,79.334,78.154,79.334,1.180,1.180,0
1787801953.913,wrist_flex,59.043,56.132,59.043,2.911,2.911,0
1787801953.913,wrist_roll,6.698,6.374,6.698,0.325,0.325,0
1787801953.913,gripper,0.987,7.368,0.987,-6.381,-6.381,0
1787801953.964,shoulder_pan,-9.032,-10.154,-9.032,1.122,1.122,0
1787801953.964,shoulder_lift,-91.108,-88.484,-91.108,-2.624,-2.624,0
1787801953.964,elbow_flex,80.366,79.121,80.366,1.245,1.245,0
1787801953.964,wrist_flex,60.643,57.538,60.643,3.104,3.104,0
1787801953.964,wrist_roll,6.696,6.374,6.696,0.322,0.322,0
1787801953.964,gripper,0.989,7.368,0.989,-6.379,-6.379,0
1787801954.015,shoulder_pan,-8.620,-9.714,-8.620,1.095,1.095,0
1787801954.015,shoulder_lift,-92.430,-89.099,-92.430,-3.331,-3.331,0
1787801954.015,elbow_flex,81.621,79.824,81.621,1.797,1.797,0
1787801954.015,wrist_flex,62.683,58.769,62.683,3.914,3.914,0
1787801954.015,wrist_roll,6.696,6.374,6.696,0.322,0.322,0
1787801954.015,gripper,0.998,7.368,0.998,-6.370,-6.370,0
1787801954.063,shoulder_pan,-8.358,-9.363,-8.358,1.005,1.005,0
1787801954.063,shoulder_lift,-93.538,-90.505,-93.538,-3.032,-3.032,0
1787801954.063,elbow_flex,82.828,80.791,82.828,2.037,2.037,0
1787801954.063,wrist_flex,64.400,60.264,64.400,4.136,4.136,0
1787801954.063,wrist_roll,6.709,6.374,6.709,0.335,0.335,0
1787801954.063,gripper,1.013,7.368,1.013,-6.354,-6.354,0
1787801954.114,shoulder_pan,-8.126,-8.923,-8.126,0.797,0.797,0
1787801954.114,shoulder_lift,-94.623,-91.824,-94.623,-2.799,-2.799,0
1787801954.114,elbow_flex,83.769,82.022,83.769,1.747,1.747,0
1787801954.114,wrist_flex,65.751,62.198,65.751,3.553,3.553,0
1787801954.114,wrist_roll,6.709,6.374,6.709,0.335,0.335,0
1787801954.114,gripper,1.020,7.368,1.020,-6.348,-6.348,0
1787801954.164,shoulder_pan,-8.018,-8.747,-8.018,0.729,0.729,0
1787801954.164,shoulder_lift,-96.068,-92.879,-96.068,-3.189,-3.189,0
1787801954.164,elbow_flex,85.360,83.165,85.360,2.195,2.195,0
1787801954.164,wrist_flex,67.749,63.692,67.749,4.057,4.057,0
1787801954.164,wrist_roll,6.721,6.374,6.721,0.348,0.348,0
1787801954.164,gripper,1.036,7.368,1.036,-6.332,-6.332,0
1787801954.214,shoulder_pan,-7.922,-8.484,-7.922,0.562,0.562,0
1787801954.214,shoulder_lift,-97.136,-94.110,-97.136,-3.027,-3.027,0
1787801954.214,elbow_flex,86.319,84.132,86.319,2.187,2.187,0
1787801954.214,wrist_flex,68.752,65.099,68.752,3.653,3.653,0
1787801954.214,wrist_roll,6.723,6.374,6.723,0.349,0.349,0
1787801954.214,gripper,1.038,7.368,1.038,-6.330,-6.330,0
1787801954.265,shoulder_pan,-7.685,-8.396,-7.685,0.711,0.711,0
1787801954.265,shoulder_lift,-98.756,-95.604,-98.756,-3.152,-3.152,0
1787801954.265,elbow_flex,88.673,85.538,88.673,3.134,3.134,0
1787801954.265,wrist_flex,71.019,67.121,71.019,3.898,3.898,0
1787801954.265,wrist_roll,6.746,6.374,6.746,0.373,0.373,0
1787801954.265,gripper,1.057,7.368,1.057,-6.311,-6.311,0
1787801954.314,shoulder_pan,-7.584,-8.308,-7.584,0.724,0.724,0
1787801954.314,shoulder_lift,-99.716,-96.484,-99.716,-3.233,-3.233,0
1787801954.314,elbow_flex,89.826,86.681,89.826,3.145,3.145,0
1787801954.314,wrist_flex,71.888,68.264,71.888,3.625,3.625,0
1787801954.314,wrist_roll,6.757,6.374,6.757,0.383,0.383,0
1787801954.314,gripper,1.057,7.368,1.057,-6.310,-6.310,0
1787801954.365,shoulder_pan,-7.396,-7.956,-7.396,0.560,0.560,0
1787801954.365,shoulder_lift,-101.292,-98.330,-101.292,-2.962,-2.962,0
1787801954.365,elbow_flex,92.524,88.703,92.524,3.821,3.821,0
1787801954.365,wrist_flex,74.361,70.198,74.361,4.163,4.163,0
1787801954.365,wrist_roll,6.777,6.374,6.777,0.404,0.404,0
1787801954.365,gripper,1.077,7.368,1.077,-6.290,-6.290,0
1787801954.426,shoulder_pan,-6.545,-7.780,-6.545,1.235,1.235,0
1787801954.426,shoulder_lift,-101.548,-99.385,-101.548,-2.164,-2.164,0
1787801954.426,elbow_flex,91.320,90.286,91.320,1.034,1.034,0
1787801954.426,wrist_flex,68.168,71.868,68.168,-3.700,-3.700,0
1787801954.426,wrist_roll,6.530,6.374,6.530,0.156,0.156,0
1787801954.426,gripper,1.000,7.368,1.000,-6.367,-6.367,0
1787801954.463,shoulder_pan,-6.579,-7.780,-6.579,1.201,1.201,0
1787801954.463,shoulder_lift,-101.542,-100.615,-101.542,-0.927,-0.927,0
1787801954.463,elbow_flex,90.648,91.604,90.648,-0.956,-0.956,0
1787801954.463,wrist_flex,67.693,72.835,67.693,-5.142,-5.142,0
1787801954.463,wrist_roll,6.531,6.374,6.531,0.158,0.158,0
1787801954.463,gripper,1.001,7.368,1.001,-6.366,-6.366,0
1787801954.515,shoulder_pan,-6.594,-6.901,-6.594,0.307,0.307,0
1787801954.515,shoulder_lift,-101.484,-100.527,-101.484,-0.956,-0.956,0
1787801954.515,elbow_flex,89.879,91.956,89.879,-2.077,-2.077,0
1787801954.515,wrist_flex,67.134,71.956,67.134,-4.822,-4.822,0
1787801954.515,wrist_roll,6.532,6.198,6.532,0.334,0.334,0
1787801954.515,gripper,1.004,7.368,1.004,-6.363,-6.363,0
1787801954.563,shoulder_pan,-6.620,-7.253,-6.620,0.633,0.633,0
1787801954.563,shoulder_lift,-101.404,-101.319,-101.404,-0.085,-0.085,0
1787801954.563,elbow_flex,88.979,91.604,88.979,-2.625,-2.625,0
1787801954.563,wrist_flex,66.658,69.495,66.658,-2.836,-2.836,0
1787801954.563,wrist_roll,6.535,6.374,6.535,0.161,0.161,0
1787801954.563,gripper,1.009,7.368,1.009,-6.358,-6.358,0
1787801954.614,shoulder_pan,-6.661,-6.813,-6.661,0.152,0.152,0
1787801954.614,shoulder_lift,-101.276,-100.791,-101.276,-0.484,-0.484,0
1787801954.614,elbow_flex,88.174,91.692,88.174,-3.518,-3.518,0
1787801954.614,wrist_flex,66.138,68.615,66.138,-2.477,-2.477,0
1787801954.614,wrist_roll,6.538,6.374,6.538,0.164,0.164,0
1787801954.614,gripper,1.011,7.368,1.011,-6.356,-6.356,0
1787801954.665,shoulder_pan,-6.732,-7.077,-6.732,0.345,0.345,0
1787801954.665,shoulder_lift,-101.094,-101.143,-101.094,0.049,0.049,0
1787801954.665,elbow_flex,87.065,91.341,87.065,-4.276,-4.276,0
1787801954.665,wrist_flex,65.460,67.824,65.460,-2.364,-2.364,0
1787801954.665,wrist_roll,6.543,6.374,6.543,0.169,0.169,0
1787801954.665,gripper,1.016,7.368,1.016,-6.352,-6.352,0
1787801954.713,shoulder_pan,-6.791,-6.989,-6.791,0.199,0.199,0
1787801954.713,shoulder_lift,-100.948,-101.055,-100.948,0.107,0.107,0
1787801954.713,elbow_flex,86.440,90.637,86.440,-4.198,-4.198,0
1787801954.713,wrist_flex,64.921,67.209,64.921,-2.288,-2.288,0
1787801954.713,wrist_roll,6.550,6.374,6.550,0.176,0.176,0
1787801954.713,gripper,1.014,7.368,1.014,-6.354,-6.354,0
1787801954.765,shoulder_pan,-6.842,-6.901,-6.842,0.060,0.060,0
1787801954.765,shoulder_lift,-100.714,-100.791,-100.714,0.077,0.077,0
1787801954.765,elbow_flex,85.687,89.758,85.687,-4.071,-4.071,0
1787801954.765,wrist_flex,64.442,66.593,64.442,-2.152,-2.152,0
1787801954.765,wrist_roll,6.549,6.374,6.549,0.175,0.175,0
1787801954.765,gripper,1.015,7.368,1.015,-6.353,-6.353,0
1787801954.815,shoulder_pan,-6.915,-6.901,-6.915,-0.014,-0.014,0
1787801954.815,shoulder_lift,-100.429,-100.879,-100.429,0.450,0.450,0
1787801954.815,elbow_flex,84.811,89.055,84.811,-4.244,-4.244,0
1787801954.815,wrist_flex,63.826,65.978,63.826,-2.152,-2.152,0
1787801954.815,wrist_roll,6.555,6.374,6.555,0.181,0.181,0
1787801954.815,gripper,1.013,7.368,1.013,-6.354,-6.354,0
1787801954.865,shoulder_pan,-6.961,-6.901,-6.961,-0.059,-0.059,0
1787801954.865,shoulder_lift,-100.145,-100.879,-100.145,0.734,0.734,0
1787801954.865,elbow_flex,84.087,88.264,84.087,-4.177,-4.177,0
1787801954.865,wrist_flex,63.367,65.451,63.367,-2.084,-2.084,0
1787801954.865,wrist_roll,6.558,6.374,6.558,0.185,0.185,0
1787801954.865,gripper,1.009,7.368,1.009,-6.359,-6.359,0
1787801954.916,shoulder_pan,-7.006,-6.901,-7.006,-0.105,-0.105,0
1787801954.916,shoulder_lift,-99.810,-100.703,-99.810,0.893,0.893,0
1787801954.916,elbow_flex,83.351,87.385,83.351,-4.033,-4.033,0
1787801954.916,wrist_flex,62.907,64.923,62.907,-2.016,-2.016,0
1787801954.916,wrist_roll,6.559,6.374,6.559,0.185,0.185,0
1787801954.916,gripper,1.005,7.368,1.005,-6.362,-6.362,0
1787801954.964,shoulder_pan,-7.086,-6.901,-7.086,-0.185,-0.185,0
1787801954.964,shoulder_lift,-99.506,-100.440,-99.506,0.934,0.934,0
1787801954.964,elbow_flex,82.663,86.681,82.663,-4.018,-4.018,0
1787801954.964,wrist_flex,62.492,64.484,62.492,-1.992,-1.992,0
1787801954.964,wrist_roll,6.558,6.374,6.558,0.184,0.184,0
1787801954.964,gripper,1.005,7.368,1.005,-6.363,-6.363,0
1787801955.015,shoulder_pan,-7.147,-6.901,-7.147,-0.246,-0.246,0
1787801955.015,shoulder_lift,-99.112,-100.000,-99.112,0.888,0.888,0
1787801955.015,elbow_flex,82.007,85.978,82.007,-3.971,-3.971,0
1787801955.015,wrist_flex,62.018,63.956,62.018,-1.938,-1.938,0
1787801955.015,wrist_roll,6.558,6.374,6.558,0.185,0.185,0
1787801955.015,gripper,0.998,7.368,0.998,-6.370,-6.370,0
1787801955.065,shoulder_pan,-7.233,-6.901,-7.233,-0.332,-0.332,0
1787801955.065,shoulder_lift,-98.751,-99.824,-98.751,1.073,1.073,0
1787801955.065,elbow_flex,81.301,85.363,81.301,-4.062,-4.062,0
1787801955.065,wrist_flex,61.692,63.516,61.692,-1.824,-1.824,0
1787801955.065,wrist_roll,6.556,6.374,6.556,0.183,0.183,0
1787801955.065,gripper,0.995,7.368,0.995,-6.373,-6.373,0
1787801955.115,shoulder_pan,-7.364,-6.901,-7.364,-0.463,-0.463,0
1787801955.115,shoulder_lift,-98.203,-99.297,-98.203,1.094,1.094,0
1787801955.115,elbow_flex,80.312,84.571,80.312,-4.259,-4.259,0
1787801955.115,wrist_flex,61.185,63.077,61.185,-1.892,-1.892,0
1787801955.115,wrist_roll,6.554,6.374,6.554,0.180,0.180,0
1787801955.115,gripper,0.986,7.368,0.986,-6.381,-6.381,0
1787801955.165,shoulder_pan,-7.475,-6.901,-7.475,-0.574,-0.574,0
1787801955.165,shoulder_lift,-97.628,-99.033,-97.628,1.405,1.405,0
1787801955.165,elbow_flex,79.404,83.956,79.404,-4.552,-4.552,0
1787801955.165,wrist_flex,60.866,62.725,60.866,-1.859,-1.859,0
1787801955.165,wrist_roll,6.552,6.374,6.552,0.179,0.179,0
1787801955.165,gripper,0.980,7.368,0.980,-6.387,-6.387,0
1787801955.214,shoulder_pan,-7.589,-7.077,-7.589,-0.512,-0.512,0
1787801955.214,shoulder_lift,-97.189,-98.505,-97.189,1.316,1.316,0
1787801955.214,elbow_flex,78.659,82.989,78.659,-4.330,-4.330,0
1787801955.214,wrist_flex,60.604,62.198,60.604,-1.593,-1.593,0
1787801955.214,wrist_roll,6.547,6.374,6.547,0.173,0.173,0
1787801955.214,gripper,0.972,7.368,0.972,-6.395,-6.395,0
1787801955.264,shoulder_pan,-7.664,-7.077,-7.664,-0.587,-0.587,0
1787801955.264,shoulder_lift,-96.649,-97.978,-96.649,1.329,1.329,0
1787801955.264,elbow_flex,77.718,82.198,77.718,-4.479,-4.479,0
1787801955.264,wrist_flex,60.423,61.846,60.423,-1.423,-1.423,0
1787801955.264,wrist_roll,6.539,6.374,6.539,0.166,0.166,0
1787801955.264,gripper,0.970,7.368,0.970,-6.398,-6.398,0
1787801955.319,shoulder_pan,-7.790,-7.429,-7.790,-0.361,-0.361,0
1787801955.319,shoulder_lift,-95.785,-97.451,-95.785,1.665,1.665,0
1787801955.319,elbow_flex,76.595,81.231,76.595,-4.636,-4.636,0
1787801955.319,wrist_flex,60.333,61.582,60.333,-1.250,-1.250,0
1787801955.319,wrist_roll,6.531,6.374,6.531,0.158,0.158,0
1787801955.319,gripper,0.965,7.368,0.965,-6.403,-6.403,0
1787801955.365,shoulder_pan,-7.832,-7.604,-7.832,-0.227,-0.227,0
1787801955.365,shoulder_lift,-95.270,-96.923,-95.270,1.653,1.653,0
1787801955.365,elbow_flex,75.761,80.440,75.761,-4.678,-4.678,0
1787801955.365,wrist_flex,60.055,61.495,60.055,-1.439,-1.439,0
1787801955.365,wrist_roll,6.531,6.374,6.531,0.157,0.157,0
1787801955.365,gripper,0.959,7.368,0.959,-6.409,-6.409,0
1787801955.416,shoulder_pan,-7.898,-7.604,-7.898,-0.293,-0.293,0
1787801955.416,shoulder_lift,-94.411,-96.132,-94.411,1.721,1.721,0
1787801955.416,elbow_flex,74.582,79.297,74.582,-4.714,-4.714,0
1787801955.416,wrist_flex,59.843,61.407,59.843,-1.564,-1.564,0
1787801955.416,wrist_roll,6.528,6.374,6.528,0.155,0.155,0
1787801955.416,gripper,0.953,7.368,0.953,-6.415,-6.415,0
1787801955.466,shoulder_pan,-7.983,-7.604,-7.983,-0.378,-0.378,0
1787801955.466,shoulder_lift,-93.676,-95.692,-93.676,2.017,2.017,0
1787801955.466,elbow_flex,73.483,78.418,73.483,-4.934,-4.934,0
1787801955.466,wrist_flex,59.840,61.055,59.840,-1.215,-1.215,0
1787801955.466,wrist_roll,6.524,6.374,6.524,0.151,0.151,0
1787801955.466,gripper,0.954,7.368,0.954,-6.414,-6.414,0
1787801955.516,shoulder_pan,-8.099,-7.604,-8.099,-0.494,-0.494,0
1787801955.516,shoulder_lift,-92.849,-94.901,-92.849,2.052,2.052,0
1787801955.516,elbow_flex,72.158,77.275,72.158,-5.117,-5.117,0
1787801955.516,wrist_flex,59.647,60.879,59.647,-1.232,-1.232,0
1787801955.516,wrist_roll,6.522,6.374,6.522,0.148,0.148,0
1787801955.516,gripper,0.948,7.368,0.948,-6.419,-6.419,0
1787801955.567,shoulder_pan,-8.223,-7.604,-8.223,-0.619,-0.619,0
1787801955.567,shoulder_lift,-92.214,-93.934,-92.214,1.720,1.720,0
1787801955.567,elbow_flex,70.970,76.132,70.970,-5.162,-5.162,0
1787801955.567,wrist_flex,59.289,60.879,59.289,-1.590,-1.590,0
1787801955.567,wrist_roll,6.520,6.374,6.520,0.146,0.146,0
1787801955.567,gripper,0.947,7.368,0.947,-6.420,-6.420,0
1787801955.616,shoulder_pan,-8.275,-7.604,-8.275,-0.670,-0.670,0
1787801955.616,shoulder_lift,-91.513,-93.231,-91.513,1.717,1.717,0
1787801955.616,elbow_flex,70.121,75.077,70.121,-4.956,-4.956,0
1787801955.616,wrist_flex,59.165,60.615,59.165,-1.451,-1.451,0
1787801955.616,wrist_roll,6.516,6.374,6.516,0.142,0.142,0
1787801955.616,gripper,0.945,7.368,0.945,-6.423,-6.423,0
1787801955.667,shoulder_pan,-8.353,-7.780,-8.353,-0.573,-0.573,0
1787801955.667,shoulder_lift,-90.824,-92.703,-90.824,1.880,1.880,0
1787801955.667,elbow_flex,69.365,73.846,69.365,-4.481,-4.481,0
1787801955.667,wrist_flex,58.719,60.527,58.719,-1.809,-1.809,0
1787801955.667,wrist_roll,6.512,6.374,6.512,0.139,0.139,0
1787801955.667,gripper,0.944,7.368,0.944,-6.423,-6.423,0
1787801955.717,shoulder_pan,-8.452,-8.044,-8.452,-0.408,-0.408,0
1787801955.717,shoulder_lift,-90.269,-92.000,-90.269,1.731,1.731,0
1787801955.717,elbow_flex,68.629,72.879,68.629,-4.250,-4.250,0
1787801955.717,wrist_flex,58.302,60.264,58.302,-1.962,-1.962,0
1787801955.717,wrist_roll,6.509,6.374,6.509,0.135,0.135,0
1787801955.717,gripper,0.946,7.368,0.946,-6.422,-6.422,0
1787801955.766,shoulder_pan,-8.532,-8.132,-8.532,-0.400,-0.400,0
1787801955.766,shoulder_lift,-89.482,-91.121,-89.482,1.639,1.639,0
1787801955.766,elbow_flex,67.981,72.088,67.981,-4.107,-4.107,0
1787801955.766,wrist_flex,57.952,59.736,57.952,-1.784,-1.784,0
1787801955.766,wrist_roll,6.507,6.374,6.507,0.133,0.133,0
1787801955.766,gripper,0.944,7.368,0.944,-6.424,-6.424,0
1787801955.816,shoulder_pan,-8.573,-8.132,-8.573,-0.441,-0.441,0
1787801955.816,shoulder_lift,-89.001,-90.593,-89.001,1.593,1.593,0
1787801955.816,elbow_flex,67.638,71.297,67.638,-3.659,-3.659,0
1787801955.816,wrist_flex,57.435,59.473,57.435,-2.038,-2.038,0
1787801955.816,wrist_roll,6.507,6.374,6.507,0.133,0.133,0
1787801955.816,gripper,0.944,7.368,0.944,-6.424,-6.424,0
1787801955.867,shoulder_pan,-8.687,-8.132,-8.687,-0.555,-0.555,0
1787801955.867,shoulder_lift,-88.313,-89.978,-88.313,1.665,1.665,0
1787801955.867,elbow_flex,67.026,70.593,67.026,-3.568,-3.568,0
1787801955.867,wrist_flex,57.085,59.033,57.085,-1.948,-1.948,0
1787801955.867,wrist_roll,6.506,6.374,6.506,0.132,0.132,0
1787801955.867,gripper,0.943,7.368,0.943,-6.424,-6.424,0
1787801955.916,shoulder_pan,-8.779,-8.132,-8.779,-0.647,-0.647,0
1787801955.916,shoulder_lift,-87.634,-89.187,-87.634,1.553,1.553,0
1787801955.916,elbow_flex,66.555,70.154,66.555,-3.599,-3.599,0
1787801955.916,wrist_flex,56.553,58.505,56.553,-1.953,-1.953,0
1787801955.916,wrist_roll,6.502,6.374,6.502,0.128,0.128,0
1787801955.916,gripper,0.941,7.368,0.941,-6.427,-6.427,0
1787801955.967,shoulder_pan,-8.862,-8.396,-8.862,-0.467,-0.467,0
1787801955.967,shoulder_lift,-87.120,-88.571,-87.120,1.452,1.452,0
1787801955.967,elbow_flex,66.351,69.714,66.351,-3.364,-3.364,0
1787801955.967,wrist_flex,55.994,58.242,55.994,-2.248,-2.248,0
1787801955.967,wrist_roll,6.508,6.374,6.508,0.134,0.134,0
1787801955.967,gripper,0.937,7.368,0.937,-6.431,-6.431,0
1787801956.018,shoulder_pan,-8.936,-8.659,-8.936,-0.277,-0.277,0
1787801956.018,shoulder_lift,-86.659,-87.956,-86.659,1.298,1.298,0
1787801956.018,elbow_flex,66.134,69.275,66.134,-3.140,-3.140,0
1787801956.018,wrist_flex,55.493,57.626,55.493,-2.134,-2.134,0
1787801956.018,wrist_roll,6.509,6.374,6.509,0.136,0.136,0
1787801956.018,gripper,0.937,7.368,0.937,-6.431,-6.431,0
1787801956.067,shoulder_pan,-9.033,-8.659,-9.033,-0.373,-0.373,0
1787801956.067,shoulder_lift,-86.185,-87.429,-86.185,1.244,1.244,0
1787801956.067,elbow_flex,65.905,69.011,65.905,-3.106,-3.106,0
1787801956.067,wrist_flex,54.985,57.187,54.985,-2.201,-2.201,0
1787801956.067,wrist_roll,6.509,6.374,6.509,0.136,0.136,0
1787801956.067,gripper,0.933,7.368,0.933,-6.434,-6.434,0
1787801956.117,shoulder_pan,-9.139,-8.659,-9.139,-0.479,-0.479,0
1787801956.117,shoulder_lift,-85.686,-86.901,-85.686,1.215,1.215,0
1787801956.117,elbow_flex,65.838,68.835,65.838,-2.997,-2.997,0
1787801956.117,wrist_flex,54.356,56.571,54.356,-2.215,-2.215,0
1787801956.117,wrist_roll,6.515,6.374,6.515,0.141,0.141,0
1787801956.117,gripper,0.931,7.368,0.931,-6.437,-6.437,0
1787801956.167,shoulder_pan,-9.236,-8.659,-9.236,-0.577,-0.577,0
1787801956.167,shoulder_lift,-85.221,-86.374,-85.221,1.152,1.152,0
1787801956.167,elbow_flex,65.723,68.747,65.723,-3.024,-3.024,0
1787801956.167,wrist_flex,53.970,56.044,53.970,-2.074,-2.074,0
1787801956.167,wrist_roll,6.516,6.374,6.516,0.142,0.142,0
1787801956.167,gripper,0.929,7.368,0.929,-6.438,-6.438,0
1787801956.218,shoulder_pan,-9.393,-8.659,-9.393,-0.734,-0.734,0
1787801956.218,shoulder_lift,-84.714,-85.934,-84.714,1.221,1.221,0
1787801956.218,elbow_flex,65.533,68.571,65.533,-3.038,-3.038,0
1787801956.218,wrist_flex,53.358,55.516,53.358,-2.158,-2.158,0
1787801956.218,wrist_roll,6.523,6.374,6.523,0.149,0.149,0
1787801956.218,gripper,0.926,7.368,0.926,-6.441,-6.441,0
1787801956.268,shoulder_pan,-9.550,-8.923,-9.550,-0.627,-0.627,0
1787801956.268,shoulder_lift,-84.165,-85.407,-84.165,1.241,1.241,0
1787801956.268,elbow_flex,65.238,68.484,65.238,-3.246,-3.246,0
1787801956.268,wrist_flex,52.584,55.077,52.584,-2.493,-2.493,0
1787801956.268,wrist_roll,6.529,6.374,6.529,0.155,0.155,0
1787801956.268,gripper,0.924,7.368,0.924,-6.444,-6.444,0
1787801956.317,shoulder_pan,-9.601,-9.187,-9.601,-0.414,-0.414,0
1787801956.317,shoulder_lift,-83.870,-84.879,-83.870,1.010,1.010,0
1787801956.317,elbow_flex,65.410,68.308,65.410,-2.898,-2.898,0
1787801956.317,wrist_flex,52.235,54.462,52.235,-2.226,-2.226,0
1787801956.317,wrist_roll,6.534,6.374,6.534,0.161,0.161,0
1787801956.317,gripper,0.924,7.368,0.924,-6.444,-6.444,0
1787801956.368,shoulder_pan,-9.743,-9.187,-9.743,-0.556,-0.556,0
1787801956.368,shoulder_lift,-83.275,-84.527,-83.275,1.252,1.252,0
1787801956.368,elbow_flex,65.268,68.308,65.268,-3.039,-3.039,0
1787801956.368,wrist_flex,51.643,53.758,51.643,-2.116,-2.116,0
1787801956.368,wrist_roll,6.547,6.374,6.547,0.173,0.173,0
1787801956.368,gripper,0.921,7.368,0.921,-6.447,-6.447,0
1787801956.417,shoulder_pan,-9.900,-9.187,-9.900,-0.713,-0.713,0
1787801956.417,shoulder_lift,-82.989,-84.000,-82.989,1.011,1.011,0
1787801956.417,elbow_flex,65.310,68.308,65.310,-2.998,-2.998,0
1787801956.417,wrist_flex,51.235,53.231,51.235,-1.996,-1.996,0
1787801956.417,wrist_roll,6.557,6.374,6.557,0.183,0.183,0
1787801956.417,gripper,0.919,7.368,0.919,-6.448,-6.448,0
1787801956.469,shoulder_pan,-10.023,-9.538,-10.023,-0.484,-0.484,0
1787801956.469,shoulder_lift,-82.511,-83.473,-82.511,0.962,0.962,0
1787801956.469,elbow_flex,65.296,68.308,65.296,-3.012,-3.012,0
1787801956.469,wrist_flex,50.743,52.703,50.743,-1.960,-1.960,0
1787801956.469,wrist_roll,6.566,6.374,6.566,0.192,0.192,0
1787801956.469,gripper,0.919,7.368,0.919,-6.449,-6.449,0
1787801956.517,shoulder_pan,-10.180,-9.626,-10.180,-0.553,-0.553,0
1787801956.517,shoulder_lift,-81.935,-83.209,-81.935,1.274,1.274,0
1787801956.517,elbow_flex,65.085,68.308,65.085,-3.223,-3.223,0
1787801956.517,wrist_flex,49.990,52.264,49.990,-2.274,-2.274,0
1787801956.517,wrist_roll,6.571,6.374,6.571,0.197,0.197,0
1787801956.517,gripper,0.918,7.368,0.918,-6.450,-6.450,0
1787801956.568,shoulder_pan,-10.317,-9.802,-10.317,-0.515,-0.515,0
1787801956.568,shoulder_lift,-81.415,-82.593,-81.415,1.178,1.178,0
1787801956.568,elbow_flex,65.025,68.308,65.025,-3.283,-3.283,0
1787801956.568,wrist_flex,49.432,51.648,49.432,-2.217,-2.217,0
1787801956.568,wrist_roll,6.578,6.374,6.578,0.205,0.205,0
1787801956.568,gripper,0.915,7.368,0.915,-6.453,-6.453,0
1787801956.617,shoulder_pan,-10.521,-9.890,-10.521,-0.631,-0.631,0
1787801956.617,shoulder_lift,-80.922,-82.154,-80.922,1.232,1.232,0
1787801956.617,elbow_flex,64.804,68.308,64.804,-3.504,-3.504,0
1787801956.617,wrist_flex,48.620,51.121,48.620,-2.501,-2.501,0
1787801956.617,wrist_roll,6.586,6.374,6.586,0.213,0.213,0
1787801956.617,gripper,0.914,7.368,0.914,-6.453,-6.453,0
1787801956.668,shoulder_pan,-10.647,-10.066,-10.647,-0.581,-0.581,0
1787801956.668,shoulder_lift,-80.595,-81.538,-80.595,0.944,0.944,0
1787801956.668,elbow_flex,64.866,68.220,64.866,-3.354,-3.354,0
1787801956.668,wrist_flex,48.008,50.418,48.008,-2.409,-2.409,0
1787801956.668,wrist_roll,6.596,6.374,6.596,0.222,0.222,0
1787801956.668,gripper,0.914,7.368,0.914,-6.453,-6.453,0
1787801956.717,shoulder_pan,-10.835,-10.154,-10.835,-0.681,-0.681,0
1787801956.717,shoulder_lift,-79.792,-81.099,-79.792,1.307,1.307,0
1787801956.717,elbow_flex,64.413,68.132,64.413,-3.719,-3.719,0
1787801956.717,wrist_flex,46.990,49.714,46.990,-2.724,-2.724,0
1787801956.717,wrist_roll,6.604,6.374,6.604,0.230,0.230,0
1787801956.717,gripper,0.912,7.368,0.912,-6.456,-6.456,0
1787801956.767,shoulder_pan,-11.081,-10.242,-11.081,-0.839,-0.839,0
1787801956.767,shoulder_lift,-79.190,-80.659,-79.190,1.470,1.470,0
1787801956.767,elbow_flex,64.306,67.692,64.306,-3.386,-3.386,0
1787801956.767,wrist_flex,46.357,49.011,46.357,-2.654,-2.654,0
1787801956.767,wrist_roll,6.616,6.374,6.616,0.243,0.243,0
1787801956.767,gripper,0.909,7.368,0.909,-6.458,-6.458,0
1787801956.817,shoulder_pan,-11.162,-10.593,-11.162,-0.569,-0.569,0
1787801956.817,shoulder_lift,-78.750,-80.044,-78.750,1.294,1.294,0
1787801956.817,elbow_flex,64.171,67.341,64.171,-3.169,-3.169,0
1787801956.817,wrist_flex,45.628,48.220,45.628,-2.592,-2.592,0
1787801956.817,wrist_roll,6.624,6.374,6.624,0.250,0.250,0
1787801956.817,gripper,0.910,7.368,0.910,-6.458,-6.458,0
1787801956.869,shoulder_pan,-11.409,-10.769,-11.409,-0.639,-0.639,0
1787801956.869,shoulder_lift,-78.186,-79.429,-78.186,1.243,1.243,0
1787801956.869,elbow_flex,63.966,67.253,63.966,-3.286,-3.286,0
1787801956.869,wrist_flex,44.722,47.341,44.722,-2.619,-2.619,0
1787801956.869,wrist_roll,6.630,6.374,6.630,0.257,0.257,0
1787801956.869,gripper,0.908,7.368,0.908,-6.459,-6.459,0
1787801956.918,shoulder_pan,-11.533,-10.945,-11.533,-0.588,-0.588,0
1787801956.918,shoulder_lift,-77.812,-78.901,-77.812,1.089,1.089,0
1787801956.918,elbow_flex,63.976,67.253,63.976,-3.277,-3.277,0
1787801956.918,wrist_flex,44.183,46.725,44.183,-2.542,-2.542,0
1787801956.918,wrist_roll,6.635,6.374,6.635,0.261,0.261,0
1787801956.918,gripper,0.907,7.368,0.907,-6.460,-6.460,0
1787801956.969,shoulder_pan,-11.741,-11.121,-11.741,-0.620,-0.620,0
1787801956.969,shoulder_lift,-77.298,-78.374,-77.298,1.075,1.075,0
1787801956.969,elbow_flex,63.769,67.253,63.769,-3.484,-3.484,0
1787801956.969,wrist_flex,43.361,45.934,43.361,-2.573,-2.573,0
1787801956.969,wrist_roll,6.644,6.374,6.644,0.271,0.271,0
1787801956.969,gripper,0.906,7.368,0.906,-6.462,-6.462,0
1787801957.019,shoulder_pan,-11.882,-11.297,-11.882,-0.585,-0.585,0
1787801957.019,shoulder_lift,-77.193,-77.846,-77.193,0.653,0.653,0
1787801957.019,elbow_flex,63.989,67.253,63.989,-3.264,-3.264,0
1787801957.019,wrist_flex,42.909,45.231,42.909,-2.322,-2.322,0
1787801957.019,wrist_roll,6.654,6.374,6.654,0.280,0.280,0
1787801957.019,gripper,0.907,7.368,0.907,-6.461,-6.461,0
1787801957.069,shoulder_pan,-11.957,-11.560,-11.957,-0.396,-0.396,0
1787801957.069,shoulder_lift,-76.897,-77.495,-76.897,0.597,0.597,0
1787801957.069,elbow_flex,63.877,67.253,63.877,-3.375,-3.375,0
1787801957.069,wrist_flex,42.662,44.440,42.662,-1.777,-1.777,0
1787801957.069,wrist_roll,6.652,6.374,6.652,0.279,0.279,0
1787801957.069,gripper,0.904,7.368,0.904,-6.463,-6.463,0
1787801957.119,shoulder_pan,-12.100,-11.560,-12.100,-0.540,-0.540,0
1787801957.119,shoulder_lift,-76.745,-77.407,-76.745,0.661,0.661,0
1787801957.119,elbow_flex,64.051,67.253,64.051,-3.202,-3.202,0
1787801957.119,wrist_flex,42.143,44.088,42.143,-1.945,-1.945,0
1787801957.119,wrist_roll,6.644,6.374,6.644,0.270,0.270,0
1787801957.119,gripper,0.904,7.368,0.904,-6.464,-6.464,0
1787801957.170,shoulder_pan,-12.337,-11.560,-12.337,-0.777,-0.777,0
1787801957.170,shoulder_lift,-76.216,-77.143,-76.216,0.927,0.927,0
1787801957.170,elbow_flex,63.655,67.253,63.655,-3.598,-3.598,0
1787801957.170,wrist_flex,41.492,43.560,41.492,-2.068,-2.068,0
1787801957.170,wrist_roll,6.658,6.374,6.658,0.284,0.284,0
1787801957.170,gripper,0.901,7.368,0.901,-6.466,-6.466,0
1787801957.219,shoulder_pan,-12.465,-11.648,-12.465,-0.817,-0.817,0
1787801957.219,shoulder_lift,-76.141,-76.703,-76.141,0.562,0.562,0
1787801957.219,elbow_flex,63.932,67.253,63.932,-3.321,-3.321,0
1787801957.219,wrist_flex,41.121,43.121,41.121,-2.000,-2.000,0
1787801957.219,wrist_roll,6.654,6.374,6.654,0.280,0.280,0
1787801957.219,gripper,0.903,7.368,0.903,-6.465,-6.465,0
1787801957.268,shoulder_pan,-12.660,-12.000,-12.660,-0.660,-0.660,0
1787801957.268,shoulder_lift,-75.740,-76.440,-75.740,0.700,0.700,0
1787801957.268,elbow_flex,63.628,67.253,63.628,-3.624,-3.624,0
1787801957.268,wrist_flex,40.544,42.593,40.544,-2.050,-2.050,0
1787801957.268,wrist_roll,6.656,6.374,6.656,0.282,0.282,0
1787801957.268,gripper,0.901,7.368,0.901,-6.467,-6.467,0
1787801957.319,shoulder_pan,-12.789,-12.264,-12.789,-0.526,-0.526,0
1787801957.319,shoulder_lift,-75.630,-76.264,-75.630,0.633,0.633,0
1787801957.319,elbow_flex,63.764,67.253,63.764,-3.489,-3.489,0
1787801957.319,wrist_flex,40.284,42.154,40.284,-1.870,-1.870,0
1787801957.319,wrist_roll,6.659,6.374,6.659,0.285,0.285,0
1787801957.319,gripper,0.902,7.368,0.902,-6.466,-6.466,0
1787801957.370,shoulder_pan,-12.954,-12.264,-12.954,-0.690,-0.690,0
1787801957.370,shoulder_lift,-75.397,-75.912,-75.397,0.515,0.515,0
1787801957.370,elbow_flex,63.682,66.901,63.682,-3.219,-3.219,0
1787801957.370,wrist_flex,39.827,41.714,39.827,-1.887,-1.887,0
1787801957.370,wrist_roll,6.656,6.374,6.656,0.282,0.282,0
1787801957.370,gripper,0.901,7.368,0.901,-6.466,-6.466,0
1787801957.420,shoulder_pan,-13.157,-12.264,-13.157,-0.893,-0.893,0
1787801957.420,shoulder_lift,-75.070,-75.824,-75.070,0.755,0.755,0
1787801957.420,elbow_flex,63.639,66.901,63.639,-3.262,-3.262,0
1787801957.420,wrist_flex,39.358,41.275,39.358,-1.917,-1.917,0
1787801957.420,wrist_roll,6.661,6.374,6.661,0.288,0.288,0
1787801957.420,gripper,0.901,7.368,0.901,-6.467,-6.467,0
1787801957.469,shoulder_pan,-13.364,-12.615,-13.364,-0.748,-0.748,0
1787801957.469,shoulder_lift,-74.975,-75.560,-74.975,0.586,0.586,0
1787801957.469,elbow_flex,63.650,66.813,63.650,-3.163,-3.163,0
1787801957.469,wrist_flex,39.089,40.835,39.089,-1.746,-1.746,0
1787801957.469,wrist_roll,6.660,6.374,6.660,0.286,0.286,0
1787801957.469,gripper,0.903,7.368,0.903,-6.465,-6.465,0
1787801957.520,shoulder_pan,-13.569,-12.879,-13.569,-0.689,-0.689,0
1787801957.520,shoulder_lift,-74.693,-75.297,-74.693,0.604,0.604,0
1787801957.520,elbow_flex,63.602,66.725,63.602,-3.123,-3.123,0
1787801957.520,wrist_flex,38.599,40.484,38.599,-1.884,-1.884,0
1787801957.520,wrist_roll,6.666,6.374,6.666,0.292,0.292,0
1787801957.520,gripper,0.901,7.368,0.901,-6.467,-6.467,0
1787801957.569,shoulder_pan,-13.821,-13.055,-13.821,-0.766,-0.766,0
1787801957.569,shoulder_lift,-74.387,-75.209,-74.387,0.822,0.822,0
1787801957.569,elbow_flex,63.498,66.725,63.498,-3.228,-3.228,0
1787801957.569,wrist_flex,38.064,40.044,38.064,-1.980,-1.980,0
1787801957.569,wrist_roll,6.669,6.374,6.669,0.295,0.295,0
1787801957.569,gripper,0.903,7.368,0.903,-6.465,-6.465,0
1787801957.619,shoulder_pan,-14.029,-13.231,-14.029,-0.798,-0.798,0
1787801957.619,shoulder_lift,-74.046,-74.769,-74.046,0.724,0.724,0
1787801957.619,elbow_flex,63.460,66.725,63.460,-3.265,-3.265,0
1787801957.619,wrist_flex,37.580,39.692,37.580,-2.112,-2.112,0
1787801957.619,wrist_roll,6.667,6.374,6.667,0.293,0.293,0
1787801957.619,gripper,0.906,7.368,0.906,-6.462,-6.462,0
1787801957.669,shoulder_pan,-14.178,-13.407,-14.178,-0.771,-0.771,0
1787801957.669,shoulder_lift,-73.830,-74.418,-73.830,0.587,0.587,0
1787801957.669,elbow_flex,63.424,66.725,63.424,-3.301,-3.301,0
1787801957.669,wrist_flex,37.357,39.077,37.357,-1.720,-1.720,0
1787801957.669,wrist_roll,6.663,6.374,6.663,0.289,0.289,0
1787801957.669,gripper,0.907,7.368,0.907,-6.461,-6.461,0
1787801957.720,shoulder_pan,-14.520,-13.758,-14.520,-0.762,-0.762,0
1787801957.720,shoulder_lift,-73.489,-74.154,-73.489,0.665,0.665,0
1787801957.720,elbow_flex,63.266,66.725,63.266,-3.460,-3.460,0
1787801957.720,wrist_flex,36.796,38.725,36.796,-1.929,-1.929,0
1787801957.720,wrist_roll,6.661,6.374,6.661,0.288,0.288,0
1787801957.720,gripper,0.910,7.368,0.910,-6.458,-6.458,0
1787801957.769,shoulder_pan,-14.846,-13.758,-14.846,-1.088,-1.088,0
1787801957.769,shoulder_lift,-73.033,-73.802,-73.033,0.769,0.769,0
1787801957.769,elbow_flex,63.101,66.725,63.101,-3.624,-3.624,0
1787801957.769,wrist_flex,36.372,38.286,36.372,-1.914,-1.914,0
1787801957.769,wrist_roll,6.666,6.374,6.666,0.292,0.292,0
1787801957.769,gripper,0.912,7.368,0.912,-6.456,-6.456,0
1787801957.821,shoulder_pan,-15.474,-14.286,-15.474,-1.189,-1.189,0
1787801957.821,shoulder_lift,-71.861,-73.451,-71.861,1.590,1.590,0
1787801957.821,elbow_flex,62.410,66.286,62.410,-3.876,-3.876,0
1787801957.821,wrist_flex,35.041,37.846,35.041,-2.805,-2.805,0
1787801957.821,wrist_roll,6.654,6.374,6.654,0.281,0.281,0
1787801957.821,gripper,0.913,7.368,0.913,-6.455,-6.455,0
1787801957.868,shoulder_pan,-15.900,-14.637,-15.900,-1.263,-1.263,0
1787801957.868,shoulder_lift,-71.051,-73.011,-71.051,1.960,1.960,0
1787801957.868,elbow_flex,62.006,66.022,62.006,-4.016,-4.016,0
1787801957.868,wrist_flex,34.020,37.319,34.020,-3.299,-3.299,0
1787801957.868,wrist_roll,6.660,6.374,6.660,0.286,0.286,0
1787801957.868,gripper,0.914,7.368,0.914,-6.453,-6.453,0
1787801957.920,shoulder_pan,-16.033,-15.165,-16.033,-0.868,-0.868,0
1787801957.920,shoulder_lift,-70.923,-71.956,-70.923,1.033,1.033,0
1787801957.920,elbow_flex,62.049,65.407,62.049,-3.357,-3.357,0
1787801957.920,wrist_flex,34.033,36.176,34.033,-2.143,-2.143,0
1787801957.920,wrist_roll,6.656,6.374,6.656,0.282,0.282,0
1787801957.920,gripper,0.916,7.368,0.916,-6.452,-6.452,0
1787801957.970,shoulder_pan,-16.530,-15.604,-16.530,-0.926,-0.926,0
1787801957.970,shoulder_lift,-70.074,-71.429,-70.074,1.355,1.355,0
1787801957.970,elbow_flex,61.647,65.055,61.647,-3.408,-3.408,0
1787801957.970,wrist_flex,32.867,35.473,32.867,-2.605,-2.605,0
1787801957.970,wrist_roll,6.653,6.374,6.653,0.280,0.280,0
1787801957.970,gripper,0.918,7.368,0.918,-6.450,-6.450,0
1787801958.020,shoulder_pan,-16.834,-15.780,-16.834,-1.054,-1.054,0
1787801958.020,shoulder_lift,-69.482,-70.901,-69.482,1.419,1.419,0
1787801958.020,elbow_flex,61.367,64.791,61.367,-3.424,-3.424,0
1787801958.020,wrist_flex,32.139,34.945,32.139,-2.806,-2.806,0
1787801958.020,wrist_roll,6.651,6.374,6.651,0.277,0.277,0
1787801958.020,gripper,0.919,7.368,0.919,-6.448,-6.448,0
1787801958.069,shoulder_pan,-17.091,-16.308,-17.091,-0.783,-0.783,0
1787801958.069,shoulder_lift,-68.754,-70.198,-68.754,1.444,1.444,0
1787801958.069,elbow_flex,61.030,64.352,61.030,-3.321,-3.321,0
1787801958.069,wrist_flex,31.303,34.066,31.303,-2.763,-2.763,0
1787801958.069,wrist_roll,6.642,6.374,6.642,0.269,0.269,0
1787801958.069,gripper,0.918,7.368,0.918,-6.449,-6.449,0
1787801958.121,shoulder_pan,-17.061,-16.484,-17.061,-0.577,-0.577,0
1787801958.121,shoulder_lift,-68.715,-69.495,-68.715,0.780,0.780,0
1787801958.121,elbow_flex,61.205,64.000,61.205,-2.795,-2.795,0
1787801958.121,wrist_flex,31.362,33.275,31.362,-1.913,-1.913,0
1787801958.121,wrist_roll,6.634,6.374,6.634,0.261,0.261,0
1787801958.121,gripper,0.919,7.368,0.919,-6.449,-6.449,0
1787801958.171,shoulder_pan,-17.140,-16.659,-17.140,-0.480,-0.480,0
1787801958.171,shoulder_lift,-68.347,-69.143,-68.347,0.796,0.796,0
1787801958.171,elbow_flex,61.214,63.824,61.214,-2.610,-2.610,0
1787801958.171,wrist_flex,30.976,32.747,30.976,-1.771,-1.771,0
1787801958.171,wrist_roll,6.641,6.374,6.641,0.267,0.267,0
1787801958.171,gripper,0.919,7.368,0.919,-6.449,-6.449,0
1787801958.221,shoulder_pan,-17.363,-16.747,-17.363,-0.616,-0.616,0
1787801958.221,shoulder_lift,-67.627,-68.879,-67.627,1.252,1.252,0
1787801958.221,elbow_flex,60.758,63.824,60.758,-3.066,-3.066,0
1787801958.221,wrist_flex,30.187,32.484,30.187,-2.297,-2.297,0
1787801958.221,wrist_roll,6.632,6.374,6.632,0.258,0.258,0
1787801958.221,gripper,0.918,7.368,0.918,-6.449,-6.449,0
1787801958.270,shoulder_pan,-17.195,-16.835,-17.195,-0.359,-0.359,0
1787801958.270,shoulder_lift,-67.775,-68.264,-67.775,0.489,0.489,0
1787801958.270,elbow_flex,61.203,63.736,61.203,-2.533,-2.533,0
1787801958.270,wrist_flex,30.554,31.956,30.554,-1.402,-1.402,0
1787801958.270,wrist_roll,6.633,6.374,6.633,0.259,0.259,0
1787801958.270,gripper,0.919,7.368,0.919,-6.449,-6.449,0
1787801958.320,shoulder_pan,-17.334,-16.923,-17.334,-0.411,-0.411,0
1787801958.320,shoulder_lift,-67.359,-68.000,-67.359,0.641,0.641,0
1787801958.320,elbow_flex,61.079,63.560,61.079,-2.482,-2.482,0
1787801958.320,wrist_flex,30.115,31.604,30.115,-1.489,-1.489,0
1787801958.320,wrist_roll,6.630,6.374,6.630,0.256,0.256,0
1787801958.320,gripper,0.919,7.368,0.919,-6.449,-6.449,0
1787801958.369,shoulder_pan,-16.989,-17.011,-16.989,0.022,0.022,0
1787801958.369,shoulder_lift,-68.080,-67.648,-68.080,-0.432,-0.432,0
1787801958.369,elbow_flex,62.028,63.560,62.028,-1.533,-1.533,0
1787801958.369,wrist_flex,31.163,31.429,31.163,-0.266,-0.266,0
1787801958.369,wrist_roll,6.633,6.374,6.633,0.259,0.259,0
1787801958.369,gripper,0.922,7.368,0.922,-6.445,-6.445,0
1787801958.419,shoulder_pan,-17.102,-17.011,-17.102,-0.091,-0.091,0
1787801958.419,shoulder_lift,-67.829,-67.473,-67.829,-0.356,-0.356,0
1787801958.419,elbow_flex,61.905,63.473,61.905,-1.568,-1.568,0
1787801958.419,wrist_flex,30.748,31.341,30.748,-0.592,-0.592,0
1787801958.419,wrist_roll,6.620,6.374,6.620,0.247,0.247,0
1787801958.419,gripper,0.922,7.368,0.922,-6.445,-6.445,0
1787801958.469,shoulder_pan,-17.265,-17.011,-17.265,-0.254,-0.254,0
1787801958.469,shoulder_lift,-67.115,-67.473,-67.115,0.358,0.358,0
1787801958.469,elbow_flex,61.649,63.473,61.649,-1.823,-1.823,0
1787801958.469,wrist_flex,30.105,31.429,30.105,-1.324,-1.324,0
1787801958.469,wrist_roll,6.625,6.374,6.625,0.251,0.251,0
1787801958.469,gripper,0.921,7.368,0.921,-6.447,-6.447,0
1787801958.520,shoulder_pan,-17.001,-17.011,-17.001,0.010,0.010,0
1787801958.520,shoulder_lift,-67.794,-67.385,-67.794,-0.409,-0.409,0
1787801958.520,elbow_flex,62.440,63.473,62.440,-1.033,-1.033,0
1787801958.520,wrist_flex,30.972,31.429,30.972,-0.457,-0.457,0
1787801958.520,wrist_roll,6.623,6.374,6.623,0.250,0.250,0
1787801958.520,gripper,0.923,7.368,0.923,-6.445,-6.445,0
1787801958.573,shoulder_pan,-16.961,-17.011,-16.961,0.050,0.050,0
1787801958.573,shoulder_lift,-67.963,-67.297,-67.963,-0.667,-0.667,0
1787801958.573,elbow_flex,62.755,63.473,62.755,-0.717,-0.717,0
1787801958.573,wrist_flex,31.171,31.253,31.171,-0.081,-0.081,0
1787801958.573,wrist_roll,6.623,6.374,6.623,0.249,0.249,0
1787801958.573,gripper,0.924,7.368,0.924,-6.443,-6.443,0
1787801958.620,shoulder_pan,-17.068,-17.011,-17.068,-0.057,-0.057,0
1787801958.620,shoulder_lift,-67.618,-67.297,-67.618,-0.322,-0.322,0
1787801958.620,elbow_flex,62.635,63.473,62.635,-0.837,-0.837,0
1787801958.620,wrist_flex,30.719,31.341,30.719,-0.622,-0.622,0
1787801958.620,wrist_roll,6.618,6.374,6.618,0.244,0.244,0
1787801958.620,gripper,0.922,7.368,0.922,-6.446,-6.446,0
1787801958.672,shoulder_pan,-16.937,-17.011,-16.937,0.074,0.074,0
1787801958.672,shoulder_lift,-68.272,-67.297,-68.272,-0.976,-0.976,0
1787801958.672,elbow_flex,63.425,63.473,63.425,-0.047,-0.047,0
1787801958.672,wrist_flex,31.482,31.341,31.482,0.141,0.141,0
1787801958.672,wrist_roll,6.635,6.374,6.635,0.261,0.261,0
1787801958.672,gripper,0.926,7.368,0.926,-6.442,-6.442,0
1787801958.720,shoulder_pan,-16.740,-17.011,-16.740,0.271,0.271,0
1787801958.720,shoulder_lift,-68.913,-67.297,-68.913,-1.616,-1.616,0
1787801958.720,elbow_flex,64.134,63.560,64.134,0.574,0.574,0
1787801958.720,wrist_flex,32.262,31.341,32.262,0.922,0.922,0
1787801958.720,wrist_roll,6.613,6.374,6.613,0.239,0.239,0
1787801958.720,gripper,0.928,7.368,0.928,-6.440,-6.440,0
1787801958.773,shoulder_pan,-16.712,-17.011,-16.712,0.299,0.299,0
1787801958.773,shoulder_lift,-69.138,-67.912,-69.138,-1.226,-1.226,0
1787801958.773,elbow_flex,64.453,64.000,64.453,0.453,0.453,0
1787801958.773,wrist_flex,32.529,31.692,32.529,0.837,0.837,0
1787801958.773,wrist_roll,6.624,6.374,6.624,0.250,0.250,0
1787801958.773,gripper,0.930,7.368,0.930,-6.438,-6.438,0
1787801958.822,shoulder_pan,-16.511,-17.011,-16.511,0.500,0.500,0
1787801958.822,shoulder_lift,-70.228,-68.176,-70.228,-2.052,-2.052,0
1787801958.822,elbow_flex,65.563,64.264,65.563,1.299,1.299,0
1787801958.822,wrist_flex,33.634,32.132,33.634,1.502,1.502,0
1787801958.822,wrist_roll,6.628,6.374,6.628,0.254,0.254,0
1787801958.822,gripper,0.933,7.368,0.933,-6.435,-6.435,0
1787801958.872,shoulder_pan,-16.303,-17.011,-16.303,0.708,0.708,0
1787801958.872,shoulder_lift,-70.764,-68.615,-70.764,-2.148,-2.148,0
1787801958.872,elbow_flex,66.061,64.791,66.061,1.269,1.269,0
1787801958.872,wrist_flex,34.327,32.571,34.327,1.755,1.755,0
1787801958.872,wrist_roll,6.622,6.374,6.622,0.248,0.248,0
1787801958.872,gripper,0.934,7.368,0.934,-6.433,-6.433,0
1787801958.920,shoulder_pan,-16.058,-17.011,-16.058,0.953,0.953,0
1787801958.920,shoulder_lift,-71.914,-69.407,-71.914,-2.508,-2.508,0
1787801958.920,elbow_flex,67.222,65.846,67.222,1.375,1.375,0
1787801958.920,wrist_flex,35.784,33.451,35.784,2.334,2.334,0
1787801958.920,wrist_roll,6.628,6.374,6.628,0.254,0.254,0
1787801958.920,gripper,0.939,7.368,0.939,-6.429,-6.429,0
1787801958.972,shoulder_pan,-15.813,-16.747,-15.813,0.934,0.934,0
1787801958.972,shoulder_lift,-72.832,-70.110,-72.832,-2.723,-2.723,0
1787801958.972,elbow_flex,68.148,66.462,68.148,1.686,1.686,0
1787801958.972,wrist_flex,36.680,34.242,36.680,2.438,2.438,0
1787801958.972,wrist_roll,6.630,6.374,6.630,0.256,0.256,0
1787801958.972,gripper,0.940,7.368,0.940,-6.427,-6.427,0
1787801959.020,shoulder_pan,-15.593,-16.484,-15.593,0.890,0.890,0
1787801959.020,shoulder_lift,-73.991,-71.165,-73.991,-2.826,-2.826,0
1787801959.020,elbow_flex,69.138,67.692,69.138,1.446,1.446,0
1787801959.020,wrist_flex,38.015,35.385,38.015,2.631,2.631,0
1787801959.020,wrist_roll,6.636,6.374,6.636,0.262,0.262,0
1787801959.020,gripper,0.944,7.368,0.944,-6.424,-6.424,0
1787801959.073,shoulder_pan,-15.409,-16.220,-15.409,0.811,0.811,0
1787801959.073,shoulder_lift,-74.771,-72.044,-74.771,-2.727,-2.727,0
1787801959.073,elbow_flex,69.993,68.923,69.993,1.070,1.070,0
1787801959.073,wrist_flex,39.028,36.527,39.028,2.501,2.501,0
1787801959.073,wrist_roll,6.629,6.374,6.629,0.256,0.256,0
1787801959.073,gripper,0.950,7.368,0.950,-6.418,-6.418,0
1787801959.122,shoulder_pan,-15.138,-15.956,-15.138,0.818,0.818,0
1787801959.122,shoulder_lift,-75.997,-73.099,-75.997,-2.898,-2.898,0
1787801959.122,elbow_flex,71.136,69.538,71.136,1.598,1.598,0
1787801959.122,wrist_flex,40.452,37.670,40.452,2.781,2.781,0
1787801959.122,wrist_roll,6.641,6.374,6.641,0.268,0.268,0
1787801959.122,gripper,0.953,7.368,0.953,-6.415,-6.415,0
1787801959.170,shoulder_pan,-15.011,-15.868,-15.011,0.857,0.857,0
1787801959.170,shoulder_lift,-76.886,-74.066,-76.886,-2.820,-2.820,0
1787801959.170,elbow_flex,72.165,70.505,72.165,1.659,1.659,0
1787801959.170,wrist_flex,41.525,38.725,41.525,2.799,2.799,0
1787801959.170,wrist_roll,6.639,6.374,6.639,0.265,0.265,0
1787801959.170,gripper,0.955,7.368,0.955,-6.412,-6.412,0
1787801959.222,shoulder_pan,-14.806,-15.516,-14.806,0.710,0.710,0
1787801959.222,shoulder_lift,-77.809,-75.209,-77.809,-2.600,-2.600,0
1787801959.222,elbow_flex,73.078,71.736,73.078,1.342,1.342,0
1787801959.222,wrist_flex,42.518,40.044,42.518,2.474,2.474,0
1787801959.222,wrist_roll,6.640,6.374,6.640,0.266,0.266,0
1787801959.222,gripper,0.957,7.368,0.957,-6.411,-6.411,0
1787801959.272,shoulder_pan,-14.541,-15.429,-14.541,0.888,0.888,0
1787801959.272,shoulder_lift,-79.076,-76.088,-79.076,-2.988,-2.988,0
1787801959.272,elbow_flex,74.451,72.615,74.451,1.836,1.836,0
1787801959.272,wrist_flex,44.036,41.099,44.036,2.938,2.938,0
1787801959.272,wrist_roll,6.642,6.374,6.642,0.269,0.269,0
1787801959.272,gripper,0.958,7.368,0.958,-6.409,-6.409,0
1787801959.321,shoulder_pan,-14.300,-15.429,-14.300,1.129,1.129,0
1787801959.321,shoulder_lift,-79.915,-77.143,-79.915,-2.772,-2.772,0
1787801959.321,elbow_flex,75.235,73.495,75.235,1.740,1.740,0
1787801959.321,wrist_flex,44.871,42.242,44.871,2.630,2.630,0
1787801959.321,wrist_roll,6.645,6.374,6.645,0.272,0.272,0
1787801959.321,gripper,0.960,7.368,0.960,-6.408,-6.408,0
1787801959.373,shoulder_pan,-14.121,-14.989,-14.121,0.868,0.868,0
1787801959.373,shoulder_lift,-80.523,-78.374,-80.523,-2.150,-2.150,0
1787801959.373,elbow_flex,75.990,74.813,75.990,1.177,1.177,0
1787801959.373,wrist_flex,45.821,43.648,45.821,2.173,2.173,0
1787801959.373,wrist_roll,6.629,6.374,6.629,0.256,0.256,0
1787801959.373,gripper,0.962,7.368,0.962,-6.405,-6.405,0
1787801959.432,shoulder_pan,-12.686,-14.813,-12.686,2.127,2.127,0
1787801959.432,shoulder_lift,-83.232,-79.253,-83.232,-3.980,-3.980,0
1787801959.432,elbow_flex,62.242,75.780,62.242,-13.538,-13.538,0
1787801959.432,wrist_flex,41.523,44.791,41.523,-3.268,-3.268,0
1787801959.432,wrist_roll,6.475,6.374,6.475,0.102,0.102,0
1787801959.432,gripper,0.900,7.368,0.900,-6.468,-6.468,0
1787801959.472,shoulder_pan,-12.913,-14.637,-12.913,1.725,1.725,0
1787801959.472,shoulder_lift,-82.240,-79.780,-82.240,-2.460,-2.460,0
1787801959.472,elbow_flex,61.443,76.132,61.443,-14.689,-14.689,0
1787801959.472,wrist_flex,40.684,45.231,40.684,-4.547,-4.547,0
1787801959.472,wrist_roll,6.483,6.374,6.483,0.109,0.109,0
1787801959.472,gripper,0.894,7.368,0.894,-6.474,-6.474,0
1787801959.523,shoulder_pan,-12.966,-13.582,-12.966,0.616,0.616,0
1787801959.523,shoulder_lift,-81.517,-81.275,-81.517,-0.242,-0.242,0
1787801959.523,elbow_flex,60.973,75.341,60.973,-14.367,-14.367,0
1787801959.523,wrist_flex,39.899,44.088,39.899,-4.189,-4.189,0
1787801959.523,wrist_roll,6.489,6.374,6.489,0.115,0.115,0
1787801959.523,gripper,0.890,7.368,0.890,-6.478,-6.478,0
1787801959.572,shoulder_pan,-13.034,-13.582,-13.034,0.549,0.549,0
1787801959.572,shoulder_lift,-80.976,-81.187,-80.976,0.211,0.211,0
1787801959.572,elbow_flex,60.680,70.681,60.680,-10.001,-10.001,0
1787801959.572,wrist_flex,39.212,42.593,39.212,-3.382,-3.382,0
1787801959.572,wrist_roll,6.492,6.374,6.492,0.118,0.118,0
1787801959.572,gripper,0.888,7.368,0.888,-6.480,-6.480,0
1787801959.623,shoulder_pan,-13.103,-13.582,-13.103,0.479,0.479,0
1787801959.623,shoulder_lift,-80.316,-81.451,-80.316,1.135,1.135,0
1787801959.623,elbow_flex,60.276,66.198,60.276,-5.922,-5.922,0
1787801959.623,wrist_flex,38.496,41.363,38.496,-2.867,-2.867,0
1787801959.623,wrist_roll,6.498,6.374,6.498,0.124,0.124,0
1787801959.623,gripper,0.885,7.368,0.885,-6.482,-6.482,0
1787801959.672,shoulder_pan,-13.181,-13.495,-13.181,0.314,0.314,0
1787801959.672,shoulder_lift,-79.629,-81.275,-79.629,1.646,1.646,0
1787801959.672,elbow_flex,59.915,64.440,59.915,-4.524,-4.524,0
1787801959.672,wrist_flex,37.596,40.396,37.596,-2.799,-2.799,0
1787801959.672,wrist_roll,6.508,6.374,6.508,0.134,0.134,0
1787801959.672,gripper,0.885,7.368,0.885,-6.483,-6.483,0
1787801959.723,shoulder_pan,-13.259,-13.495,-13.259,0.235,0.235,0
1787801959.723,shoulder_lift,-79.188,-80.396,-79.188,1.207,1.207,0
1787801959.723,elbow_flex,59.729,63.473,59.729,-3.744,-3.744,0
1787801959.723,wrist_flex,36.964,39.780,36.964,-2.816,-2.816,0
1787801959.723,wrist_roll,6.515,6.374,6.515,0.141,0.141,0
1787801959.723,gripper,0.885,7.368,0.885,-6.483,-6.483,0
1787801959.773,shoulder_pan,-13.327,-13.495,-13.327,0.167,0.167,0
1787801959.773,shoulder_lift,-78.751,-79.868,-78.751,1.117,1.117,0
1787801959.773,elbow_flex,59.530,62.945,59.530,-3.415,-3.415,0
1787801959.773,wrist_flex,36.271,38.901,36.271,-2.630,-2.630,0
1787801959.773,wrist_roll,6.520,6.374,6.520,0.146,0.146,0
1787801959.773,gripper,0.885,7.368,0.885,-6.483,-6.483,0
1787801959.823,shoulder_pan,-13.408,-13.495,-13.408,0.087,0.087,0
1787801959.823,shoulder_lift,-78.291,-79.429,-78.291,1.138,1.138,0
1787801959.823,elbow_flex,59.367,62.505,59.367,-3.138,-3.138,0
1787801959.823,wrist_flex,35.452,38.198,35.452,-2.746,-2.746,0
1787801959.823,wrist_roll,6.531,6.374,6.531,0.157,0.157,0
1787801959.823,gripper,0.885,7.368,0.885,-6.483,-6.483,0
1787801959.872,shoulder_pan,-13.451,-13.495,-13.451,0.043,0.043,0
1787801959.872,shoulder_lift,-77.939,-78.989,-77.939,1.050,1.050,0
1787801959.872,elbow_flex,59.240,62.418,59.240,-3.178,-3.178,0
1787801959.872,wrist_flex,34.854,37.495,34.854,-2.641,-2.641,0
1787801959.872,wrist_roll,6.541,6.374,6.541,0.167,0.167,0
1787801959.872,gripper,0.885,7.368,0.885,-6.483,-6.483,0
1787801959.924,shoulder_pan,-13.596,-13.495,-13.596,-0.102,-0.102,0
1787801959.924,shoulder_lift,-77.504,-78.462,-77.504,0.958,0.958,0
1787801959.924,elbow_flex,59.118,62.418,59.118,-3.300,-3.300,0
1787801959.924,wrist_flex,33.954,36.703,33.954,-2.749,-2.749,0
1787801959.924,wrist_roll,6.552,6.374,6.552,0.179,0.179,0
1787801959.924,gripper,0.884,7.368,0.884,-6.483,-6.483,0
1787801959.973,shoulder_pan,-13.711,-13.495,-13.711,-0.216,-0.216,0
1787801959.973,shoulder_lift,-77.101,-78.110,-77.101,1.009,1.009,0
1787801959.973,elbow_flex,59.073,62.418,59.073,-3.345,-3.345,0
1787801959.973,wrist_flex,33.029,36.000,33.029,-2.971,-2.971,0
1787801959.973,wrist_roll,6.573,6.374,6.573,0.199,0.199,0
1787801959.973,gripper,0.884,7.368,0.884,-6.483,-6.483,0
1787801960.023,shoulder_pan,-13.846,-13.495,-13.846,-0.351,-0.351,0
1787801960.023,shoulder_lift,-76.829,-77.670,-76.829,0.841,0.841,0
1787801960.023,elbow_flex,58.958,62.418,58.958,-3.460,-3.460,0
1787801960.023,wrist_flex,32.311,35.121,32.311,-2.810,-2.810,0
1787801960.023,wrist_roll,6.584,6.374,6.584,0.210,0.210,0
1787801960.023,gripper,0.884,7.368,0.884,-6.483,-6.483,0
1787801960.073,shoulder_pan,-13.987,-13.495,-13.987,-0.492,-0.492,0
1787801960.073,shoulder_lift,-76.442,-77.231,-76.442,0.789,0.789,0
1787801960.073,elbow_flex,58.817,62.330,58.817,-3.513,-3.513,0
1787801960.073,wrist_flex,31.443,34.330,31.443,-2.887,-2.887,0
1787801960.073,wrist_roll,6.598,6.374,6.598,0.225,0.225,0
1787801960.073,gripper,0.884,7.368,0.884,-6.483,-6.483,0
1787801960.123,shoulder_pan,-14.168,-13.495,-14.168,-0.674,-0.674,0
1787801960.123,shoulder_lift,-76.165,-76.967,-76.165,0.802,0.802,0
1787801960.123,elbow_flex,58.662,62.154,58.662,-3.492,-3.492,0
1787801960.123,wrist_flex,30.700,33.538,30.700,-2.838,-2.838,0
1787801960.123,wrist_roll,6.610,6.374,6.610,0.236,0.236,0
1787801960.123,gripper,0.884,7.368,0.884,-6.483,-6.483,0
1787801960.175,shoulder_pan,-14.409,-13.495,-14.409,-0.915,-0.915,0
1787801960.175,shoulder_lift,-75.837,-76.527,-75.837,0.691,0.691,0
1787801960.175,elbow_flex,58.533,61.978,58.533,-3.445,-3.445,0
1787801960.175,wrist_flex,29.965,32.659,29.965,-2.695,-2.695,0
1787801960.175,wrist_roll,6.621,6.374,6.621,0.248,0.248,0
1787801960.175,gripper,0.884,7.368,0.884,-6.483,-6.483,0
1787801960.223,shoulder_pan,-14.662,-13.846,-14.662,-0.816,-0.816,0
1787801960.223,shoulder_lift,-75.530,-76.264,-75.530,0.733,0.733,0
1787801960.223,elbow_flex,58.369,61.714,58.369,-3.345,-3.345,0
1787801960.223,wrist_flex,29.284,31.956,29.284,-2.672,-2.672,0
1787801960.223,wrist_roll,6.633,6.374,6.633,0.259,0.259,0
1787801960.223,gripper,0.884,7.368,0.884,-6.483,-6.483,0
1787801960.274,shoulder_pan,-14.913,-14.198,-14.913,-0.715,-0.715,0
1787801960.274,shoulder_lift,-75.183,-75.912,-75.183,0.729,0.729,0
1787801960.274,elbow_flex,58.239,61.451,58.239,-3.211,-3.211,0
1787801960.274,wrist_flex,28.704,31.165,28.704,-2.460,-2.460,0
1787801960.274,wrist_roll,6.637,6.374,6.637,0.264,0.264,0
1787801960.274,gripper,0.884,7.368,0.884,-6.484,-6.484,0
1787801960.324,shoulder_pan,-15.303,-14.462,-15.303,-0.842,-0.842,0
1787801960.324,shoulder_lift,-74.845,-75.648,-74.845,0.803,0.803,0
1787801960.324,elbow_flex,58.070,61.275,58.070,-3.205,-3.205,0
1787801960.324,wrist_flex,28.169,30.462,28.169,-2.293,-2.293,0
1787801960.324,wrist_roll,6.638,6.374,6.638,0.264,0.264,0
1787801960.324,gripper,0.884,7.368,0.884,-6.484,-6.484,0
1787801960.375,shoulder_pan,-15.698,-14.725,-15.698,-0.972,-0.972,0
1787801960.375,shoulder_lift,-74.511,-75.209,-74.511,0.697,0.697,0
1787801960.375,elbow_flex,57.873,61.187,57.873,-3.314,-3.314,0
1787801960.375,wrist_flex,27.756,29.846,27.756,-2.091,-2.091,0
1787801960.375,wrist_roll,6.637,6.374,6.637,0.263,0.263,0
1787801960.375,gripper,0.884,7.368,0.884,-6.484,-6.484,0
1787801960.422,shoulder_pan,-16.305,-15.077,-16.305,-1.228,-1.228,0
1787801960.422,shoulder_lift,-74.169,-74.945,-74.169,0.776,0.776,0
1787801960.422,elbow_flex,57.628,61.187,57.628,-3.559,-3.559,0
1787801960.422,wrist_flex,27.483,29.319,27.483,-1.835,-1.835,0
1787801960.422,wrist_roll,6.627,6.374,6.627,0.254,0.254,0
1787801960.422,gripper,0.884,7.368,0.884,-6.484,-6.484,0
1787801960.476,shoulder_pan,-16.729,-15.604,-16.729,-1.125,-1.125,0
1787801960.476,shoulder_lift,-73.636,-74.681,-73.636,1.045,1.045,0
1787801960.476,elbow_flex,57.407,60.923,57.407,-3.517,-3.517,0
1787801960.476,wrist_flex,26.958,28.879,26.958,-1.921,-1.921,0
1787801960.476,wrist_roll,6.624,6.374,6.624,0.250,0.250,0
1787801960.476,gripper,0.884,7.368,0.884,-6.484,-6.484,0
1787801960.523,shoulder_pan,-17.308,-15.956,-17.308,-1.352,-1.352,0
1787801960.523,shoulder_lift,-73.075,-74.242,-73.075,1.167,1.167,0
1787801960.523,elbow_flex,57.204,60.747,57.204,-3.543,-3.543,0
1787801960.523,wrist_flex,26.436,28.527,26.436,-2.092,-2.092,0
1787801960.523,wrist_roll,6.616,6.374,6.616,0.243,0.243,0
1787801960.523,gripper,0.884,7.368,0.884,-6.484,-6.484,0
1787801960.572,shoulder_pan,-18.027,-16.484,-18.027,-1.543,-1.543,0
1787801960.572,shoulder_lift,-72.544,-73.714,-72.544,1.171,1.171,0
1787801960.572,elbow_flex,56.892,60.571,56.892,-3.679,-3.679,0
1787801960.572,wrist_flex,26.083,28.000,26.083,-1.917,-1.917,0
1787801960.572,wrist_roll,6.608,6.374,6.608,0.235,0.235,0
1787801960.572,gripper,0.884,7.368,0.884,-6.483,-6.483,0
1787801960.625,shoulder_pan,-18.291,-17.099,-18.291,-1.192,-1.192,0
1787801960.625,shoulder_lift,-72.074,-73.187,-72.074,1.113,1.113,0
1787801960.625,elbow_flex,56.799,60.571,56.799,-3.772,-3.772,0
1787801960.625,wrist_flex,25.537,27.473,25.537,-1.935,-1.935,0
1787801960.625,wrist_roll,6.608,6.374,6.608,0.234,0.234,0
1787801960.625,gripper,0.884,7.368,0.884,-6.483,-6.483,0
1787801960.673,shoulder_pan,-18.760,-17.626,-18.760,-1.133,-1.133,0
1787801960.673,shoulder_lift,-71.380,-72.659,-71.380,1.280,1.280,0
1787801960.673,elbow_flex,56.759,60.571,56.759,-3.812,-3.812,0
1787801960.673,wrist_flex,24.578,27.121,24.578,-2.543,-2.543,0
1787801960.673,wrist_roll,6.606,6.374,6.606,0.232,0.232,0
1787801960.673,gripper,0.884,7.368,0.884,-6.483,-6.483,0
1787801960.726,shoulder_pan,-19.216,-18.066,-19.216,-1.150,-1.150,0
1787801960.726,shoulder_lift,-70.602,-72.044,-70.602,1.442,1.442,0
1787801960.726,elbow_flex,56.607,60.571,56.607,-3.964,-3.964,0
1787801960.726,wrist_flex,23.662,26.418,23.662,-2.755,-2.755,0
1787801960.726,wrist_roll,6.603,6.374,6.603,0.229,0.229,0
1787801960.726,gripper,0.886,7.368,0.886,-6.482,-6.482,0
1787801960.775,shoulder_pan,-19.462,-18.418,-19.462,-1.045,-1.045,0
1787801960.775,shoulder_lift,-70.125,-71.429,-70.125,1.303,1.303,0
1787801960.775,elbow_flex,56.556,60.571,56.556,-4.016,-4.016,0
1787801960.775,wrist_flex,23.038,25.714,23.038,-2.677,-2.677,0
1787801960.775,wrist_roll,6.592,6.374,6.592,0.218,0.218,0
1787801960.775,gripper,0.888,7.368,0.888,-6.480,-6.480,0
1787801960.824,shoulder_pan,-19.751,-18.857,-19.751,-0.894,-0.894,0
1787801960.824,shoulder_lift,-69.374,-70.725,-69.374,1.351,1.351,0
1787801960.824,elbow_flex,56.354,60.308,56.354,-3.954,-3.954,0
1787801960.824,wrist_flex,22.249,25.011,22.249,-2.762,-2.762,0
1787801960.824,wrist_roll,6.585,6.374,6.585,0.211,0.211,0
1787801960.824,gripper,0.891,7.368,0.891,-6.477,-6.477,0
1787801960.874,shoulder_pan,-19.912,-19.033,-19.912,-0.879,-0.879,0
1787801960.874,shoulder_lift,-68.910,-70.198,-68.910,1.288,1.288,0
1787801960.874,elbow_flex,56.288,60.220,56.288,-3.932,-3.932,0
1787801960.874,wrist_flex,21.678,24.308,21.678,-2.629,-2.629,0
1787801960.874,wrist_roll,6.573,6.374,6.573,0.199,0.199,0
1787801960.874,gripper,0.893,7.368,0.893,-6.475,-6.475,0
1787801960.924,shoulder_pan,-20.095,-19.385,-20.095,-0.711,-0.711,0
1787801960.924,shoulder_lift,-68.343,-69.495,-68.343,1.151,1.151,0
1787801960.924,elbow_flex,56.110,60.220,56.110,-4.110,-4.110,0
1787801960.924,wrist_flex,21.139,23.604,21.139,-2.465,-2.465,0
1787801960.924,wrist_roll,6.563,6.374,6.563,0.190,0.190,0
1787801960.924,gripper,0.894,7.368,0.894,-6.474,-6.474,0
1787801960.974,shoulder_pan,-20.221,-19.473,-20.221,-0.748,-0.748,0
1787801960.974,shoulder_lift,-67.702,-68.967,-67.702,1.265,1.265,0
1787801960.974,elbow_flex,55.930,60.220,55.930,-4.290,-4.290,0
1787801960.974,wrist_flex,20.583,22.989,20.583,-2.406,-2.406,0
1787801960.974,wrist_roll,6.553,6.374,6.553,0.179,0.179,0
1787801960.974,gripper,0.893,7.368,0.893,-6.474,-6.474,0
1787801961.025,shoulder_pan,-20.308,-19.736,-20.308,-0.572,-0.572,0
1787801961.025,shoulder_lift,-67.160,-68.352,-67.160,1.192,1.192,0
1787801961.025,elbow_flex,55.790,60.044,55.790,-4.254,-4.254,0
1787801961.025,wrist_flex,20.114,22.374,20.114,-2.260,-2.260,0
1787801961.025,wrist_roll,6.538,6.374,6.538,0.164,0.164,0
1787801961.025,gripper,0.892,7.368,0.892,-6.476,-6.476,0
1787801961.073,shoulder_pan,-20.374,-19.912,-20.374,-0.462,-0.462,0
1787801961.073,shoulder_lift,-66.792,-67.736,-66.792,0.945,0.945,0
1787801961.073,elbow_flex,55.715,59.692,55.715,-3.978,-3.978,0
1787801961.073,wrist_flex,19.769,21.846,19.769,-2.077,-2.077,0
1787801961.073,wrist_roll,6.531,6.374,6.531,0.157,0.157,0
1787801961.073,gripper,0.892,7.368,0.892,-6.476,-6.476,0
1787801961.124,shoulder_pan,-20.390,-19.912,-20.390,-0.478,-0.478,0
1787801961.124,shoulder_lift,-66.286,-67.209,-66.286,0.923,0.923,0
1787801961.124,elbow_flex,55.615,59.341,55.615,-3.725,-3.725,0
1787801961.124,wrist_flex,19.376,21.319,19.376,-1.942,-1.942,0
1787801961.124,wrist_roll,6.522,6.374,6.522,0.148,0.148,0
1787801961.124,gripper,0.891,7.368,0.891,-6.477,-6.477,0
1787801961.175,shoulder_pan,-20.463,-19.912,-20.463,-0.551,-0.551,0
1787801961.175,shoulder_lift,-65.723,-66.769,-65.723,1.046,1.046,0
1787801961.175,elbow_flex,55.515,59.253,55.515,-3.738,-3.738,0
1787801961.175,wrist_flex,18.896,20.967,18.896,-2.071,-2.071,0
1787801961.175,wrist_roll,6.508,6.374,6.508,0.135,0.135,0
1787801961.175,gripper,0.889,7.368,0.889,-6.479,-6.479,0
1787801961.224,shoulder_pan,-20.514,-19.912,-20.514,-0.602,-0.602,0
1787801961.224,shoulder_lift,-65.166,-66.330,-65.166,1.164,1.164,0
1787801961.224,elbow_flex,55.407,59.253,55.407,-3.846,-3.846,0
1787801961.224,wrist_flex,18.454,20.527,18.454,-2.074,-2.074,0
1787801961.224,wrist_roll,6.494,6.374,6.494,0.120,0.120,0
1787801961.224,gripper,0.888,7.368,0.888,-6.480,-6.480,0
1787801961.275,shoulder_pan,-20.554,-19.912,-20.554,-0.642,-0.642,0
1787801961.275,shoulder_lift,-64.601,-65.714,-64.601,1.113,1.113,0
1787801961.275,elbow_flex,55.259,59.077,55.259,-3.818,-3.818,0
1787801961.275,wrist_flex,18.023,20.088,18.023,-2.065,-2.065,0
1787801961.275,wrist_roll,6.479,6.374,6.479,0.106,0.106,0
1787801961.275,gripper,0.886,7.368,0.886,-6.482,-6.482,0
1787801961.325,shoulder_pan,-20.572,-19.912,-20.572,-0.660,-0.660,0
1787801961.325,shoulder_lift,-63.924,-65.187,-63.924,1.263,1.263,0
1787801961.325,elbow_flex,55.112,58.901,55.112,-3.789,-3.789,0
1787801961.325,wrist_flex,17.497,19.560,17.497,-2.063,-2.063,0
1787801961.325,wrist_roll,6.467,6.374,6.467,0.093,0.093,0
1787801961.325,gripper,0.885,7.368,0.885,-6.482,-6.482,0
1787801961.376,shoulder_pan,-20.600,-19.912,-20.600,-0.688,-0.688,0
1787801961.376,shoulder_lift,-63.491,-64.571,-63.491,1.081,1.081,0
1787801961.376,elbow_flex,55.015,58.725,55.015,-3.710,-3.710,0
1787801961.376,wrist_flex,17.147,19.121,17.147,-1.974,-1.974,0
1787801961.376,wrist_roll,6.451,6.374,6.451,0.077,0.077,0
1787801961.376,gripper,0.885,7.368,0.885,-6.483,-6.483,0
1787801961.425,shoulder_pan,-20.643,-19.912,-20.643,-0.731,-0.731,0
1787801961.425,shoulder_lift,-63.078,-63.956,-63.078,0.878,0.878,0
1787801961.425,elbow_flex,54.923,58.374,54.923,-3.450,-3.450,0
1787801961.425,wrist_flex,16.819,18.681,16.819,-1.863,-1.863,0
1787801961.425,wrist_roll,6.436,6.374,6.436,0.062,0.062,0
1787801961.425,gripper,0.884,7.368,0.884,-6.483,-6.483,0
1787801961.476,shoulder_pan,-20.701,-20.000,-20.701,-0.701,-0.701,0
1787801961.476,shoulder_lift,-62.709,-63.516,-62.709,0.807,0.807,0
1787801961.476,elbow_flex,54.799,58.198,54.799,-3.399,-3.399,0
1787801961.476,wrist_flex,16.509,18.242,16.509,-1.733,-1.733,0
1787801961.476,wrist_roll,6.419,6.374,6.419,0.045,0.045,0
1787801961.476,gripper,0.884,7.368,0.884,-6.483,-6.483,0
1787801961.525,shoulder_pan,-20.797,-20.088,-20.797,-0.709,-0.709,0
1787801961.525,shoulder_lift,-62.368,-63.077,-62.368,0.709,0.709,0
1787801961.525,elbow_flex,54.689,58.198,54.689,-3.509,-3.509,0
1787801961.525,wrist_flex,16.196,17.978,16.196,-1.782,-1.782,0
1787801961.525,wrist_roll,6.405,6.374,6.405,0.031,0.031,0
1787801961.525,gripper,0.884,7.368,0.884,-6.483,-6.483,0
1787801961.576,shoulder_pan,-20.923,-20.352,-20.923,-0.572,-0.572,0
1787801961.576,shoulder_lift,-62.217,-62.637,-62.217,0.420,0.420,0
1787801961.576,elbow_flex,54.601,58.110,54.601,-3.509,-3.509,0
1787801961.576,wrist_flex,15.972,17.626,15.972,-1.654,-1.654,0
1787801961.576,wrist_roll,6.383,6.374,6.383,0.010,0.010,0
1787801961.576,gripper,0.884,7.368,0.884,-6.483,-6.483,0
1787801961.626,shoulder_pan,-21.086,-20.440,-21.086,-0.647,-0.647,0
1787801961.626,shoulder_lift,-62.035,-62.462,-62.035,0.427,0.427,0
1787801961.626,elbow_flex,54.492,58.022,54.492,-3.530,-3.530,0
1787801961.626,wrist_flex,15.708,17.363,15.708,-1.655,-1.655,0
1787801961.626,wrist_roll,6.360,6.374,6.360,-0.013,-0.013,0
1787801961.626,gripper,0.884,7.368,0.884,-6.484,-6.484,0
1787801961.675,shoulder_pan,-21.229,-20.527,-21.229,-0.702,-0.702,0
1787801961.675,shoulder_lift,-61.963,-62.374,-61.963,0.410,0.410,0
1787801961.675,elbow_flex,54.413,57.758,54.413,-3.345,-3.345,0
1787801961.675,wrist_flex,15.571,17.187,15.571,-1.616,-1.616,0
1787801961.675,wrist_roll,6.340,6.374,6.340,-0.034,-0.034,0
1787801961.675,gripper,0.884,7.368,0.884,-6.484,-6.484,0
1787801961.726,shoulder_pan,-21.406,-20.615,-21.406,-0.791,-0.791,0
1787801961.726,shoulder_lift,-61.968,-62.198,-61.968,0.230,0.230,0
1787801961.726,elbow_flex,54.406,57.670,54.406,-3.264,-3.264,0
1787801961.726,wrist_flex,15.474,17.011,15.474,-1.537,-1.537,0
1787801961.726,wrist_roll,6.327,6.374,6.327,-0.046,-0.046,0
1787801961.726,gripper,0.884,7.368,0.884,-6.484,-6.484,0
1787801961.774,shoulder_pan,-21.576,-20.791,-21.576,-0.785,-0.785,0
1787801961.774,shoulder_lift,-61.928,-62.110,-61.928,0.181,0.181,0
1787801961.774,elbow_flex,54.381,57.670,54.381,-3.290,-3.290,0
1787801961.774,wrist_flex,15.334,16.659,15.334,-1.325,-1.325,0
1787801961.774,wrist_roll,6.312,6.374,6.312,-0.062,-0.062,0
1787801961.774,gripper,0.884,7.368,0.884,-6.484,-6.484,0
1787801961.827,shoulder_pan,-21.679,-21.055,-21.679,-0.624,-0.624,0
1787801961.827,shoulder_lift,-61.876,-62.022,-61.876,0.146,0.146,0
1787801961.827,elbow_flex,54.347,57.670,54.347,-3.323,-3.323,0
1787801961.827,wrist_flex,15.254,16.659,15.254,-1.405,-1.405,0
1787801961.827,wrist_roll,6.303,6.374,6.303,-0.071,-0.071,0
1787801961.827,gripper,0.884,7.368,0.884,-6.484,-6.484,0
1787801961.874,shoulder_pan,-21.884,-21.055,-21.884,-0.829,-0.829,0
1787801961.874,shoulder_lift,-61.943,-62.022,-61.943,0.079,0.079,0
1787801961.874,elbow_flex,54.368,57.670,54.368,-3.302,-3.302,0
1787801961.874,wrist_flex,15.198,16.659,15.198,-1.461,-1.461,0
1787801961.874,wrist_roll,6.293,6.374,6.293,-0.081,-0.081,0
1787801961.874,gripper,0.884,7.368,0.884,-6.484,-6.484,0
1787801961.927,shoulder_pan,-22.066,-21.319,-22.066,-0.747,-0.747,0
1787801961.927,shoulder_lift,-61.981,-62.022,-61.981,0.041,0.041,0
1787801961.927,elbow_flex,54.400,57.670,54.400,-3.270,-3.270,0
1787801961.927,wrist_flex,15.093,16.659,15.093,-1.566,-1.566,0
1787801961.927,wrist_roll,6.285,6.286,6.285,-0.001,-0.001,0
1787801961.927,gripper,0.884,7.368,0.884,-6.484,-6.484,0
1787801961.974,shoulder_pan,-22.147,-21.582,-22.147,-0.565,-0.565,0
1787801961.974,shoulder_lift,-61.872,-62.022,-61.872,0.150,0.150,0
1787801961.974,elbow_flex,54.389,57.670,54.389,-3.281,-3.281,0
1787801961.974,wrist_flex,14.981,16.659,14.981,-1.679,-1.679,0
1787801961.974,wrist_roll,6.280,6.286,6.280,-0.006,-0.006,0
1787801961.974,gripper,0.884,7.368,0.884,-6.484,-6.484,0
1787801962.026,shoulder_pan,-22.235,-21.582,-22.235,-0.652,-0.652,0
1787801962.026,shoulder_lift,-61.797,-62.022,-61.797,0.225,0.225,0
1787801962.026,elbow_flex,54.395,57.670,54.395,-3.276,-3.276,0
1787801962.026,wrist_flex,14.860,16.396,14.860,-1.535,-1.535,0
1787801962.026,wrist_roll,6.273,6.286,6.273,-0.012,-0.012,0
1787801962.026,gripper,0.884,7.368,0.884,-6.484,-6.484,0
1787801962.075,shoulder_pan,-22.292,-21.670,-22.292,-0.621,-0.621,0
1787801962.075,shoulder_lift,-61.769,-62.022,-61.769,0.253,0.253,0
1787801962.075,elbow_flex,54.420,57.670,54.420,-3.251,-3.251,0
1787801962.075,wrist_flex,14.818,16.220,14.818,-1.402,-1.402,0
1787801962.075,wrist_roll,6.273,6.286,6.273,-0.013,-0.013,0
1787801962.075,gripper,0.884,7.368,0.884,-6.484,-6.484,0
1787801962.125,shoulder_pan,-22.358,-21.846,-22.358,-0.512,-0.512,0
1787801962.125,shoulder_lift,-61.713,-62.022,-61.713,0.309,0.309,0
1787801962.125,elbow_flex,54.434,57.670,54.434,-3.236,-3.236,0
1787801962.125,wrist_flex,14.739,16.132,14.739,-1.393,-1.393,0
1787801962.125,wrist_roll,6.269,6.286,6.269,-0.017,-0.017,0
1787801962.125,gripper,0.884,7.368,0.884,-6.484,-6.484,0
1787801962.178,shoulder_pan,-22.383,-21.934,-22.383,-0.449,-0.449,0
1787801962.178,shoulder_lift,-61.629,-62.022,-61.629,0.393,0.393,0
1787801962.178,elbow_flex,54.438,57.670,54.438,-3.233,-3.233,0
1787801962.178,wrist_flex,14.657,16.132,14.657,-1.474,-1.474,0
1787801962.178,wrist_roll,6.268,6.286,6.268,-0.018,-0.018,0
1787801962.178,gripper,0.884,7.368,0.884,-6.484,-6.484,0
1787801962.226,shoulder_pan,-22.455,-21.934,-22.455,-0.521,-0.521,0
1787801962.226,shoulder_lift,-61.585,-61.758,-61.585,0.173,0.173,0
1787801962.226,elbow_flex,54.467,57.670,54.467,-3.203,-3.203,0
1787801962.226,wrist_flex,14.592,16.132,14.592,-1.540,-1.540,0
1787801962.226,wrist_roll,6.264,6.286,6.264,-0.021,-0.021,0
1787801962.226,gripper,0.884,7.368,0.884,-6.484,-6.484,0
1787801962.277,shoulder_pan,-22.514,-21.934,-22.514,-0.580,-0.580,0
1787801962.277,shoulder_lift,-61.486,-61.758,-61.486,0.272,0.272,0
1787801962.277,elbow_flex,54.461,57.670,54.461,-3.209,-3.209,0
1787801962.277,wrist_flex,14.508,16.132,14.508,-1.624,-1.624,0
1787801962.277,wrist_roll,6.264,6.286,6.264,-0.022,-0.022,0
1787801962.277,gripper,0.884,7.368,0.884,-6.484,-6.484,0
1787801962.328,shoulder_pan,-22.573,-21.934,-22.573,-0.639,-0.639,0
1787801962.328,shoulder_lift,-61.430,-61.758,-61.430,0.328,0.328,0
1787801962.328,elbow_flex,54.473,57.670,54.473,-3.197,-3.197,0
1787801962.328,wrist_flex,14.447,15.956,14.447,-1.509,-1.509,0
1787801962.328,wrist_roll,6.264,6.286,6.264,-0.022,-0.022,0
1787801962.328,gripper,0.884,7.368,0.884,-6.484,-6.484,0
1787801962.376,shoulder_pan,-22.641,-21.934,-22.641,-0.707,-0.707,0
1787801962.376,shoulder_lift,-61.356,-61.670,-61.356,0.314,0.314,0
1787801962.376,elbow_flex,54.462,57.670,54.462,-3.209,-3.209,0
1787801962.376,wrist_flex,14.385,15.604,14.385,-1.219,-1.219,0
1787801962.376,wrist_roll,6.262,6.286,6.262,-0.024,-0.024,0
1787801962.376,gripper,0.884,7.368,0.884,-6.484,-6.484,0
1787801962.425,shoulder_pan,-22.670,-21.934,-22.670,-0.736,-0.736,0
1787801962.425,shoulder_lift,-61.330,-61.582,-61.330,0.252,0.252,0
1787801962.425,elbow_flex,54.519,57.670,54.519,-3.151,-3.151,0
1787801962.425,wrist_flex,14.338,15.604,14.338,-1.266,-1.266,0
1787801962.425,wrist_roll,6.259,6.286,6.259,-0.026,-0.026,0
1787801962.425,gripper,0.884,7.368,0.884,-6.484,-6.484,0
1787801962.475,shoulder_pan,-22.724,-22.022,-22.724,-0.702,-0.702,0
1787801962.475,shoulder_lift,-61.269,-61.495,-61.269,0.225,0.225,0
1787801962.475,elbow_flex,54.557,57.670,54.557,-3.114,-3.114,0
1787801962.475,wrist_flex,14.281,15.604,14.281,-1.323,-1.323,0
1787801962.475,wrist_roll,6.262,6.286,6.262,-0.024,-0.024,0
1787801962.475,gripper,0.884,7.368,0.884,-6.484,-6.484,0
1787801962.528,shoulder_pan,-22.788,-22.110,-22.788,-0.678,-0.678,0
1787801962.528,shoulder_lift,-61.164,-61.495,-61.164,0.330,0.330,0
1787801962.528,elbow_flex,54.547,57.670,54.547,-3.123,-3.123,0
1787801962.528,wrist_flex,14.216,15.604,14.216,-1.388,-1.388,0
1787801962.528,wrist_roll,6.256,6.286,6.256,-0.030,-0.030,0
1787801962.528,gripper,0.884,7.368,0.884,-6.484,-6.484,0
1787801962.576,shoulder_pan,-22.809,-22.286,-22.809,-0.523,-0.523,0
1787801962.576,shoulder_lift,-61.126,-61.319,-61.126,0.192,0.192,0
1787801962.576,elbow_flex,54.576,57.670,54.576,-3.095,-3.095,0
1787801962.576,wrist_flex,14.210,15.604,14.210,-1.395,-1.395,0
1787801962.576,wrist_roll,6.257,6.286,6.257,-0.029,-0.029,0
1787801962.576,gripper,0.884,7.368,0.884,-6.484,-6.484,0
1787801962.627,shoulder_pan,-22.854,-22.286,-22.854,-0.568,-0.568,0
1787801962.627,shoulder_lift,-61.057,-61.319,-61.057,0.262,0.262,0
1787801962.627,elbow_flex,54.595,57.670,54.595,-3.076,-3.076,0
1787801962.627,wrist_flex,14.180,15.604,14.180,-1.425,-1.425,0
1787801962.627,wrist_roll,6.257,6.286,6.257,-0.029,-0.029,0
1787801962.627,gripper,0.884,7.368,0.884,-6.484,-6.484,0
1787801962.678,shoulder_pan,-22.888,-22.462,-22.888,-0.426,-0.426,0
1787801962.678,shoulder_lift,-61.015,-61.231,-61.015,0.215,0.215,0
1787801962.678,elbow_flex,54.607,57.670,54.607,-3.063,-3.063,0
1787801962.678,wrist_flex,14.196,15.604,14.196,-1.409,-1.409,0
1787801962.678,wrist_roll,6.252,6.286,6.252,-0.034,-0.034,0
1787801962.678,gripper,0.884,7.368,0.884,-6.484,-6.484,0
1787801962.728,shoulder_pan,-22.890,-22.462,-22.890,-0.428,-0.428,0
1787801962.728,shoulder_lift,-61.047,-61.143,-61.047,0.096,0.096,0
1787801962.728,elbow_flex,54.662,57.670,54.662,-3.009,-3.009,0
1787801962.728,wrist_flex,14.211,15.429,14.211,-1.218,-1.218,0
1787801962.728,wrist_roll,6.249,6.286,6.249,-0.037,-0.037,0
1787801962.728,gripper,0.884,7.368,0.884,-6.484,-6.484,0
1787801962.778,shoulder_pan,-22.818,-22.462,-22.818,-0.357,-0.357,0
1787801962.778,shoulder_lift,-61.173,-61.143,-61.173,-0.030,-0.030,0
1787801962.778,elbow_flex,54.761,57.670,54.761,-2.909,-2.909,0
1787801962.778,wrist_flex,14.256,15.429,14.256,-1.173,-1.173,0
1787801962.778,wrist_roll,6.241,6.286,6.241,-0.045,-0.045,0
1787801962.778,gripper,0.884,7.368,0.884,-6.484,-6.484,0
1787801962.829,shoulder_pan,-22.736,-22.462,-22.736,-0.275,-0.275,0
1787801962.829,shoulder_lift,-61.317,-61.143,-61.317,-0.174,-0.174,0
1787801962.829,elbow_flex,54.776,57.670,54.776,-2.894,-2.894,0
1787801962.829,wrist_flex,14.442,15.429,14.442,-0.987,-0.987,0
1787801962.829,wrist_roll,6.222,6.286,6.222,-0.063,-0.063,0
1787801962.829,gripper,0.884,7.368,0.884,-6.484,-6.484,0
1787801962.877,shoulder_pan,-22.712,-22.462,-22.712,-0.250,-0.250,0
1787801962.877,shoulder_lift,-61.309,-61.143,-61.309,-0.166,-0.166,0
1787801962.877,elbow_flex,54.815,57.670,54.815,-2.855,-2.855,0
1787801962.877,wrist_flex,14.504,15.429,14.504,-0.925,-0.925,0
1787801962.877,wrist_roll,6.217,6.286,6.217,-0.068,-0.068,0
1787801962.877,gripper,0.884,7.368,0.884,-6.484,-6.484,0
1787801962.928,shoulder_pan,-22.750,-22.462,-22.750,-0.288,-0.288,0
1787801962.928,shoulder_lift,-61.227,-61.143,-61.227,-0.084,-0.084,0
1787801962.928,elbow_flex,54.844,57.670,54.844,-2.827,-2.827,0
1787801962.928,wrist_flex,14.487,15.429,14.487,-0.941,-0.941,0
1787801962.928,wrist_roll,6.215,6.286,6.215,-0.070,-0.070,0
1787801962.928,gripper,0.884,7.368,0.884,-6.484,-6.484,0
1787801962.978,shoulder_pan,-22.745,-22.462,-22.745,-0.284,-0.284,0
1787801962.978,shoulder_lift,-61.165,-61.143,-61.165,-0.022,-0.022,0
1787801962.978,elbow_flex,54.913,57.670,54.913,-2.758,-2.758,0
1787801962.978,wrist_flex,14.518,15.429,14.518,-0.911,-0.911,0
1787801962.978,wrist_roll,6.210,6.286,6.210,-0.076,-0.076,0
1787801962.978,gripper,0.884,7.368,0.884,-6.484,-6.484,0
1787801963.029,shoulder_pan,-22.766,-22.462,-22.766,-0.304,-0.304,0
1787801963.029,shoulder_lift,-61.052,-61.143,-61.052,0.091,0.091,0
1787801963.029,elbow_flex,54.914,57.670,54.914,-2.756,-2.756,0
1787801963.029,wrist_flex,14.472,15.429,14.472,-0.956,-0.956,0
1787801963.029,wrist_roll,6.210,6.286,6.210,-0.076,-0.076,0
1787801963.029,gripper,0.884,7.368,0.884,-6.484,-6.484,0
1787801963.078,shoulder_pan,-22.788,-22.462,-22.788,-0.326,-0.326,0
1787801963.078,shoulder_lift,-60.962,-61.143,-60.962,0.181,0.181,0
1787801963.078,elbow_flex,54.898,57.670,54.898,-2.772,-2.772,0
1787801963.078,wrist_flex,14.466,15.429,14.466,-0.963,-0.963,0
1787801963.078,wrist_roll,6.204,6.286,6.204,-0.082,-0.082,0
1787801963.078,gripper,0.884,7.368,0.884,-6.484,-6.484,0
1787801963.129,shoulder_pan,-22.805,-22.462,-22.805,-0.343,-0.343,0
1787801963.129,shoulder_lift,-60.889,-61.143,-60.889,0.253,0.253,0
1787801963.129,elbow_flex,54.939,57.670,54.939,-2.731,-2.731,0
1787801963.129,wrist_flex,14.444,15.429,14.444,-0.984,-0.984,0
1787801963.129,wrist_roll,6.200,6.286,6.200,-0.086,-0.086,0
1787801963.129,gripper,0.884,7.368,0.884,-6.484,-6.484,0
1787801963.176,shoulder_pan,-22.814,-22.462,-22.814,-0.353,-0.353,0
1787801963.176,shoulder_lift,-60.855,-61.143,-60.855,0.288,0.288,0
1787801963.176,elbow_flex,54.963,57.670,54.963,-2.707,-2.707,0
1787801963.176,wrist_flex,14.477,15.429,14.477,-0.952,-0.952,0
1787801963.176,wrist_roll,6.199,6.286,6.199,-0.087,-0.087,0
1787801963.176,gripper,0.884,7.368,0.884,-6.484,-6.484,0
1787801963.229,shoulder_pan,-22.828,-22.462,-22.828,-0.366,-0.366,0
1787801963.229,shoulder_lift,-60.818,-61.055,-60.818,0.237,0.237,0
1787801963.229,elbow_flex,55.041,57.670,55.041,-2.629,-2.629,0
1787801963.229,wrist_flex,14.451,15.429,14.451,-0.978,-0.978,0
1787801963.229,wrist_roll,6.198,6.286,6.198,-0.088,-0.088,0
1787801963.229,gripper,0.884,7.368,0.884,-6.484,-6.484,0
1787801963.277,shoulder_pan,-22.832,-22.462,-22.832,-0.370,-0.370,0
1787801963.277,shoulder_lift,-60.866,-60.967,-60.866,0.101,0.101,0
1787801963.277,elbow_flex,55.135,57.670,55.135,-2.535,-2.535,0
1787801963.277,wrist_flex,14.554,15.429,14.554,-0.874,-0.874,0
1787801963.277,wrist_roll,6.195,6.286,6.195,-0.090,-0.090,0
1787801963.277,gripper,0.884,7.368,0.884,-6.484,-6.484,0
1787801963.327,shoulder_pan,-22.882,-22.462,-22.882,-0.420,-0.420,0
1787801963.327,shoulder_lift,-60.874,-60.967,-60.874,0.093,0.093,0
1787801963.327,elbow_flex,55.148,57.670,55.148,-2.523,-2.523,0
1787801963.327,wrist_flex,14.624,15.429,14.624,-0.805,-0.805,0
1787801963.327,wrist_roll,6.191,6.286,6.191,-0.095,-0.095,0
1787801963.327,gripper,0.884,7.368,0.884,-6.483,-6.483,0
1787801963.379,shoulder_pan,-22.907,-22.462,-22.907,-0.445,-0.445,0
1787801963.379,shoulder_lift,-60.965,-60.967,-60.965,0.002,0.002,0
1787801963.379,elbow_flex,55.252,57.670,55.252,-2.419,-2.419,0
1787801963.379,wrist_flex,14.784,15.429,14.784,-0.644,-0.644,0
1787801963.379,wrist_roll,6.191,6.286,6.191,-0.094,-0.094,0
1787801963.379,gripper,0.886,7.368,0.886,-6.482,-6.482,0
1787801963.429,shoulder_pan,-22.919,-22.462,-22.919,-0.457,-0.457,0
1787801963.429,shoulder_lift,-60.983,-60.967,-60.983,-0.016,-0.016,0
1787801963.429,elbow_flex,55.272,57.670,55.272,-2.398,-2.398,0
1787801963.429,wrist_flex,14.863,15.429,14.863,-0.566,-0.566,0
1787801963.429,wrist_roll,6.191,6.286,6.191,-0.094,-0.094,0
1787801963.429,gripper,0.887,7.368,0.887,-6.481,-6.481,0
1787801963.478,shoulder_pan,-22.911,-22.462,-22.911,-0.449,-0.449,0
1787801963.478,shoulder_lift,-61.174,-60.967,-61.174,-0.207,-0.207,0
1787801963.478,elbow_flex,55.502,57.670,55.502,-2.169,-2.169,0
1787801963.478,wrist_flex,15.083,15.429,15.083,-0.346,-0.346,0
1787801963.478,wrist_roll,6.191,6.286,6.191,-0.095,-0.095,0
1787801963.478,gripper,0.890,7.368,0.890,-6.478,-6.478,0
1787801963.530,shoulder_pan,-22.893,-22.462,-22.893,-0.431,-0.431,0
1787801963.530,shoulder_lift,-61.305,-60.967,-61.305,-0.338,-0.338,0
1787801963.530,elbow_flex,55.607,57.670,55.607,-2.063,-2.063,0
1787801963.530,wrist_flex,15.207,15.429,15.207,-0.222,-0.222,0
1787801963.530,wrist_roll,6.191,6.286,6.191,-0.095,-0.095,0
1787801963.530,gripper,0.892,7.368,0.892,-6.476,-6.476,0
1787801963.577,shoulder_pan,-22.873,-22.462,-22.873,-0.412,-0.412,0
1787801963.577,shoulder_lift,-61.443,-60.967,-61.443,-0.476,-0.476,0
1787801963.577,elbow_flex,55.808,57.670,55.808,-1.862,-1.862,0
1787801963.577,wrist_flex,15.324,15.429,15.324,-0.105,-0.105,0
1787801963.577,wrist_roll,6.196,6.286,6.196,-0.090,-0.090,0
1787801963.577,gripper,0.896,7.368,0.896,-6.472,-6.472,0
1787801963.631,shoulder_pan,-22.839,-22.462,-22.839,-0.377,-0.377,0
1787801963.631,shoulder_lift,-61.586,-60.967,-61.586,-0.619,-0.619,0
1787801963.631,elbow_flex,56.006,57.670,56.006,-1.664,-1.664,0
1787801963.631,wrist_flex,15.482,15.429,15.482,0.053,0.053,0
1787801963.631,wrist_roll,6.198,6.286,6.198,-0.088,-0.088,0
1787801963.631,gripper,0.898,7.368,0.898,-6.469,-6.469,0
1787801963.677,shoulder_pan,-22.779,-22.462,-22.779,-0.317,-0.317,0
1787801963.677,shoulder_lift,-61.826,-60.967,-61.826,-0.859,-0.859,0
1787801963.677,elbow_flex,56.306,57.670,56.306,-1.364,-1.364,0
1787801963.677,wrist_flex,15.758,15.429,15.758,0.329,0.329,0
1787801963.677,wrist_roll,6.200,6.286,6.200,-0.086,-0.086,0
1787801963.677,gripper,0.902,7.368,0.902,-6.466,-6.466,0
1787801963.729,shoulder_pan,-22.725,-22.462,-22.725,-0.264,-0.264,0
1787801963.729,shoulder_lift,-62.063,-60.967,-62.063,-1.096,-1.096,0
1787801963.729,elbow_flex,56.632,57.670,56.632,-1.038,-1.038,0
1787801963.729,wrist_flex,15.984,15.429,15.984,0.556,0.556,0
1787801963.729,wrist_roll,6.210,6.286,6.210,-0.076,-0.076,0
1787801963.729,gripper,0.907,7.368,0.907,-6.461,-6.461,0
1787801963.779,shoulder_pan,-22.645,-22.462,-22.645,-0.183,-0.183,0
1787801963.779,shoulder_lift,-62.313,-61.055,-62.313,-1.258,-1.258,0
1787801963.779,elbow_flex,57.000,57.670,57.000,-0.671,-0.671,0
1787801963.779,wrist_flex,16.302,15.780,16.302,0.521,0.521,0
1787801963.779,wrist_roll,6.222,6.286,6.222,-0.063,-0.063,0
1787801963.779,gripper,0.911,7.368,0.911,-6.457,-6.457,0
1787801963.831,shoulder_pan,-22.566,-22.462,-22.566,-0.105,-0.105,0
1787801963.831,shoulder_lift,-62.561,-61.055,-62.561,-1.506,-1.506,0
1787801963.831,elbow_flex,57.275,57.670,57.275,-0.395,-0.395,0
1787801963.831,wrist_flex,16.535,15.868,16.535,0.666,0.666,0
1787801963.831,wrist_roll,6.232,6.286,6.232,-0.054,-0.054,0
1787801963.831,gripper,0.914,7.368,0.914,-6.454,-6.454,0
1787801963.879,shoulder_pan,-22.454,-22.462,-22.454,0.007,0.007,0
1787801963.879,shoulder_lift,-62.859,-61.407,-62.859,-1.452,-1.452,0
1787801963.879,elbow_flex,57.601,57.670,57.601,-0.069,-0.069,0
1787801963.879,wrist_flex,16.843,16.220,16.843,0.623,0.623,0
1787801963.879,wrist_roll,6.247,6.286,6.247,-0.038,-0.038,0
1787801963.879,gripper,0.916,7.368,0.916,-6.452,-6.452,0
1787801963.931,shoulder_pan,-22.331,-22.462,-22.331,0.130,0.130,0
1787801963.931,shoulder_lift,-63.189,-61.758,-63.189,-1.431,-1.431,0
1787801963.931,elbow_flex,57.913,57.846,57.913,0.067,0.067,0
1787801963.931,wrist_flex,17.186,16.308,17.186,0.878,0.878,0
1787801963.931,wrist_roll,6.253,6.286,6.253,-0.033,-0.033,0
1787801963.931,gripper,0.918,7.368,0.918,-6.449,-6.449,0
1787801963.980,shoulder_pan,-22.175,-22.462,-22.175,0.286,0.286,0
1787801963.980,shoulder_lift,-63.618,-62.110,-63.618,-1.508,-1.508,0
1787801963.980,elbow_flex,58.264,58.110,58.264,0.154,0.154,0
1787801963.980,wrist_flex,17.630,16.747,17.630,0.883,0.883,0
1787801963.980,wrist_roll,6.256,6.286,6.256,-0.030,-0.030,0
1787801963.980,gripper,0.921,7.368,0.921,-6.446,-6.446,0
1787801964.030,shoulder_pan,-22.022,-22.462,-22.022,0.439,0.439,0
1787801964.030,shoulder_lift,-63.986,-62.374,-63.986,-1.613,-1.613,0
1787801964.030,elbow_flex,58.557,58.374,58.557,0.183,0.183,0
1787801964.030,wrist_flex,18.096,17.011,18.096,1.085,1.085,0
1787801964.030,wrist_roll,6.262,6.286,6.262,-0.023,-0.023,0
1787801964.030,gripper,0.924,7.368,0.924,-6.444,-6.444,0
1787801964.081,shoulder_pan,-21.881,-22.462,-21.881,0.581,0.581,0
1787801964.081,shoulder_lift,-64.298,-62.901,-64.298,-1.397,-1.397,0
1787801964.081,elbow_flex,58.846,58.813,58.846,0.033,0.033,0
1787801964.081,wrist_flex,18.565,17.538,18.565,1.026,1.026,0
1787801964.081,wrist_roll,6.274,6.286,6.274,-0.012,-0.012,0
1787801964.081,gripper,0.928,7.368,0.928,-6.440,-6.440,0
1787801964.129,shoulder_pan,-21.675,-22.462,-21.675,0.787,0.787,0
1787801964.129,shoulder_lift,-64.749,-63.165,-64.749,-1.584,-1.584,0
1787801964.129,elbow_flex,59.105,59.077,59.105,0.028,0.028,0
1787801964.129,wrist_flex,19.268,18.066,19.268,1.203,1.203,0
1787801964.129,wrist_roll,6.278,6.286,6.278,-0.008,-0.008,0
1787801964.129,gripper,0.931,7.368,0.931,-6.437,-6.437,0
1787801964.181,shoulder_pan,-21.473,-22.462,-21.473,0.989,0.989,0
1787801964.181,shoulder_lift,-65.301,-63.516,-65.301,-1.785,-1.785,0
1787801964.181,elbow_flex,59.576,59.253,59.576,0.324,0.324,0
1787801964.181,wrist_flex,19.827,18.593,19.827,1.234,1.234,0
1787801964.181,wrist_roll,6.284,6.286,6.284,-0.001,-0.001,0
1787801964.181,gripper,0.933,7.368,0.933,-6.434,-6.434,0
1787801964.228,shoulder_pan,-21.299,-22.374,-21.299,1.074,1.074,0
1787801964.228,shoulder_lift,-65.676,-64.044,-65.676,-1.632,-1.632,0
1787801964.228,elbow_flex,59.916,59.780,59.916,0.136,0.136,0
1787801964.228,wrist_flex,20.418,19.209,20.418,1.209,1.209,0
1787801964.228,wrist_roll,6.287,6.286,6.287,0.001,0.001,0
1787801964.228,gripper,0.936,7.368,0.936,-6.432,-6.432,0
1787801964.280,shoulder_pan,-21.050,-22.022,-21.050,0.972,0.972,0
1787801964.280,shoulder_lift,-66.198,-64.484,-66.198,-1.714,-1.714,0
1787801964.280,elbow_flex,60.352,60.220,60.352,0.133,0.133,0
1787801964.280,wrist_flex,21.157,19.824,21.157,1.333,1.333,0
1787801964.280,wrist_roll,6.291,6.374,6.291,-0.083,-0.083,0
1787801964.280,gripper,0.939,7.368,0.939,-6.429,-6.429,0
1787801964.330,shoulder_pan,-20.843,-21.670,-20.843,0.827,0.827,0
1787801964.330,shoulder_lift,-66.594,-64.835,-66.594,-1.759,-1.759,0
1787801964.330,elbow_flex,60.722,60.484,60.722,0.239,0.239,0
1787801964.330,wrist_flex,21.738,20.440,21.738,1.298,1.298,0
1787801964.330,wrist_roll,6.295,6.286,6.295,0.009,0.009,0
1787801964.330,gripper,0.940,7.368,0.940,-6.428,-6.428,0
1787801964.380,shoulder_pan,-20.575,-21.582,-20.575,1.008,1.008,0
1787801964.380,shoulder_lift,-67.056,-65.451,-67.056,-1.606,-1.606,0
1787801964.380,elbow_flex,61.200,61.099,61.200,0.101,0.101,0
1787801964.380,wrist_flex,22.464,21.055,22.464,1.409,1.409,0
1787801964.380,wrist_roll,6.300,6.286,6.300,0.015,0.015,0
1787801964.380,gripper,0.943,7.368,0.943,-6.424,-6.424,0
1787801964.447,shoulder_pan,-20.756,-21.143,-20.756,0.387,0.387,0
1787801964.447,shoulder_lift,-66.658,-65.978,-66.658,-0.680,-0.680,0
1787801964.447,elbow_flex,57.118,61.626,57.118,-4.509,-4.509,0
1787801964.447,wrist_flex,16.665,22.022,16.665,-5.357,-5.357,0
1787801964.447,wrist_roll,6.573,6.286,6.573,0.288,0.288,0
1787801964.447,gripper,0.887,7.368,0.887,-6.480,-6.480,0
1787801964.478,shoulder_pan,-20.902,-21.055,-20.902,0.153,0.153,0
1787801964.478,shoulder_lift,-66.477,-66.154,-66.477,-0.323,-0.323,0
1787801964.478,elbow_flex,57.110,61.626,57.110,-4.516,-4.516,0
1787801964.478,wrist_flex,16.467,22.198,16.467,-5.730,-5.730,0
1787801964.478,wrist_roll,6.576,6.286,6.576,0.291,0.291,0
1787801964.478,gripper,0.887,7.368,0.887,-6.481,-6.481,0
1787801964.530,shoulder_pan,-21.098,-21.055,-21.098,-0.043,-0.043,0
1787801964.530,shoulder_lift,-66.295,-66.066,-66.295,-0.229,-0.229,0
1787801964.530,elbow_flex,57.147,61.187,57.147,-4.040,-4.040,0
1787801964.530,wrist_flex,16.252,21.143,16.252,-4.891,-4.891,0
1787801964.530,wrist_roll,6.575,6.374,6.575,0.201,0.201,0
1787801964.530,gripper,0.887,7.368,0.887,-6.481,-6.481,0
1787801964.581,shoulder_pan,-21.220,-21.055,-21.220,-0.165,-0.165,0
1787801964.581,shoulder_lift,-66.149,-66.154,-66.149,0.005,0.005,0
1787801964.581,elbow_flex,57.152,60.571,57.152,-3.419,-3.419,0
1787801964.581,wrist_flex,16.144,18.681,16.144,-2.538,-2.538,0
1787801964.581,wrist_roll,6.580,6.374,6.580,0.207,0.207,0
1787801964.581,gripper,0.887,7.368,0.887,-6.481,-6.481,0
1787801964.629,shoulder_pan,-21.358,-21.055,-21.358,-0.303,-0.303,0
1787801964.629,shoulder_lift,-66.035,-66.242,-66.035,0.207,0.207,0
1787801964.629,elbow_flex,57.266,60.044,57.266,-2.778,-2.778,0
1787801964.629,wrist_flex,16.077,17.978,16.077,-1.901,-1.901,0
1787801964.629,wrist_roll,6.588,6.374,6.588,0.214,0.214,0
1787801964.629,gripper,0.886,7.368,0.886,-6.482,-6.482,0
1787801964.682,shoulder_pan,-21.504,-21.055,-21.504,-0.450,-0.450,0
1787801964.682,shoulder_lift,-65.918,-66.066,-65.918,0.147,0.147,0
1787801964.682,elbow_flex,57.385,60.132,57.385,-2.747,-2.747,0
1787801964.682,wrist_flex,16.101,17.538,16.101,-1.438,-1.438,0
1787801964.682,wrist_roll,6.590,6.374,6.590,0.216,0.216,0
1787801964.682,gripper,0.884,7.368,0.884,-6.483,-6.483,0
1787801964.729,shoulder_pan,-21.648,-21.055,-21.648,-0.593,-0.593,0
1787801964.729,shoulder_lift,-65.760,-66.066,-65.760,0.306,0.306,0
1787801964.729,elbow_flex,57.552,60.220,57.552,-2.668,-2.668,0
1787801964.729,wrist_flex,16.192,17.363,16.192,-1.170,-1.170,0
1787801964.729,wrist_roll,6.595,6.374,6.595,0.221,0.221,0
1787801964.729,gripper,0.884,7.368,0.884,-6.484,-6.484,0
1787801964.783,shoulder_pan,-21.741,-21.055,-21.741,-0.686,-0.686,0
1787801964.783,shoulder_lift,-65.636,-66.154,-65.636,0.518,0.518,0
1787801964.783,elbow_flex,57.605,60.132,57.605,-2.527,-2.527,0
1787801964.783,wrist_flex,16.344,17.363,16.344,-1.019,-1.019,0
1787801964.783,wrist_roll,6.603,6.374,6.603,0.230,0.230,0
1787801964.783,gripper,0.884,7.368,0.884,-6.484,-6.484,0
1787801964.829,shoulder_pan,-21.888,-21.055,-21.888,-0.833,-0.833,0
1787801964.829,shoulder_lift,-65.586,-65.890,-65.586,0.304,0.304,0
1787801964.829,elbow_flex,57.855,60.132,57.855,-2.277,-2.277,0
1787801964.829,wrist_flex,16.628,17.363,16.628,-0.734,-0.734,0
1787801964.829,wrist_roll,6.616,6.374,6.616,0.243,0.243,0
1787801964.829,gripper,0.883,7.368,0.883,-6.484,-6.484,0
1787801964.881,shoulder_pan,-21.986,-21.319,-21.986,-0.667,-0.667,0
1787801964.881,shoulder_lift,-65.473,-65.802,-65.473,0.329,0.329,0
1787801964.881,elbow_flex,57.980,60.132,57.980,-2.152,-2.152,0
1787801964.881,wrist_flex,16.799,17.363,16.799,-0.563,-0.563,0
1787801964.881,wrist_roll,6.624,6.374,6.624,0.250,0.250,0
1787801964.881,gripper,0.883,7.368,0.883,-6.484,-6.484,0
1787801964.931,shoulder_pan,-22.068,-21.495,-22.068,-0.574,-0.574,0
1787801964.931,shoulder_lift,-65.423,-65.714,-65.423,0.292,0.292,0
1787801964.931,elbow_flex,58.061,60.132,58.061,-2.071,-2.071,0
1787801964.931,wrist_flex,17.085,17.363,17.085,-0.278,-0.278,0
1787801964.931,wrist_roll,6.632,6.374,6.632,0.258,0.258,0
1787801964.931,gripper,0.883,7.368,0.883,-6.484,-6.484,0
1787801964.981,shoulder_pan,-22.083,-21.582,-22.083,-0.500,-0.500,0
1787801964.981,shoulder_lift,-65.449,-65.626,-65.449,0.177,0.177,0
1787801964.981,elbow_flex,58.116,60.132,58.116,-2.016,-2.016,0
1787801964.981,wrist_flex,17.340,17.363,17.340,-0.023,-0.023,0
1787801964.981,wrist_roll,6.622,6.374,6.622,0.248,0.248,0
1787801964.981,gripper,0.883,7.368,0.883,-6.484,-6.484,0
1787801965.032,shoulder_pan,-22.109,-21.582,-22.109,-0.526,-0.526,0
1787801965.032,shoulder_lift,-65.374,-65.538,-65.374,0.164,0.164,0
1787801965.032,elbow_flex,58.094,60.132,58.094,-2.038,-2.038,0
1787801965.032,wrist_flex,17.369,17.363,17.369,0.006,0.006,0
1787801965.032,wrist_roll,6.613,6.374,6.613,0.239,0.239,0
1787801965.032,gripper,0.883,7.368,0.883,-6.484,-6.484,0
1787801965.081,shoulder_pan,-22.083,-21.582,-22.083,-0.501,-0.501,0
1787801965.081,shoulder_lift,-65.359,-65.538,-65.359,0.179,0.179,0
1787801965.081,elbow_flex,58.134,60.132,58.134,-1.998,-1.998,0
1787801965.081,wrist_flex,17.436,17.363,17.436,0.073,0.073,0
1787801965.081,wrist_roll,6.606,6.374,6.606,0.232,0.232,0
1787801965.081,gripper,0.883,7.368,0.883,-6.484,-6.484,0
1787801965.131,shoulder_pan,-22.057,-21.582,-22.057,-0.474,-0.474,0
1787801965.131,shoulder_lift,-65.347,-65.538,-65.347,0.192,0.192,0
1787801965.131,elbow_flex,58.100,60.132,58.100,-2.032,-2.032,0
1787801965.131,wrist_flex,17.436,17.363,17.436,0.073,0.073,0
1787801965.131,wrist_roll,6.595,6.374,6.595,0.221,0.221,0
1787801965.131,gripper,0.884,7.368,0.884,-6.484,-6.484,0
1787801965.180,shoulder_pan,-22.041,-21.582,-22.041,-0.459,-0.459,0
1787801965.180,shoulder_lift,-65.198,-65.538,-65.198,0.340,0.340,0
1787801965.180,elbow_flex,58.084,60.132,58.084,-2.048,-2.048,0
1787801965.180,wrist_flex,17.222,17.363,17.222,-0.141,-0.141,0
1787801965.180,wrist_roll,6.583,6.374,6.583,0.209,0.209,0
1787801965.180,gripper,0.884,7.368,0.884,-6.484,-6.484,0
1787801965.232,shoulder_pan,-22.037,-21.582,-22.037,-0.454,-0.454,0
1787801965.232,shoulder_lift,-65.147,-65.538,-65.147,0.392,0.392,0
1787801965.232,elbow_flex,58.062,60.132,58.062,-2.070,-2.070,0
1787801965.232,wrist_flex,17.153,17.363,17.153,-0.210,-0.210,0
1787801965.232,wrist_roll,6.570,6.374,6.570,0.197,0.197,0
1787801965.232,gripper,0.884,7.368,0.884,-6.484,-6.484,0
1787801965.280,shoulder_pan,-22.014,-21.582,-22.014,-0.432,-0.432,0
1787801965.280,shoulder_lift,-64.994,-65.363,-64.994,0.368,0.368,0
1787801965.280,elbow_flex,58.032,60.132,58.032,-2.100,-2.100,0
1787801965.280,wrist_flex,16.882,17.363,16.882,-0.481,-0.481,0
1787801965.280,wrist_roll,6.566,6.374,6.566,0.192,0.192,0
1787801965.280,gripper,0.884,7.368,0.884,-6.484,-6.484,0
1787801965.332,shoulder_pan,-22.017,-21.582,-22.017,-0.435,-0.435,0
1787801965.332,shoulder_lift,-64.961,-65.187,-64.961,0.226,0.226,0
1787801965.332,elbow_flex,58.094,60.132,58.094,-2.038,-2.038,0
1787801965.332,wrist_flex,16.741,17.363,16.741,-0.621,-0.621,0
1787801965.332,wrist_roll,6.550,6.374,6.550,0.177,0.177,0
1787801965.332,gripper,0.884,7.368,0.884,-6.484,-6.484,0
1787801965.382,shoulder_pan,-22.019,-21.582,-22.019,-0.437,-0.437,0
1787801965.382,shoulder_lift,-64.837,-65.099,-64.837,0.262,0.262,0
1787801965.382,elbow_flex,58.017,60.132,58.017,-2.115,-2.115,0
1787801965.382,wrist_flex,16.533,17.363,16.533,-0.829,-0.829,0
1787801965.382,wrist_roll,6.543,6.374,6.543,0.170,0.170,0
1787801965.382,gripper,0.884,7.368,0.884,-6.484,-6.484,0
1787801965.433,shoulder_pan,-22.001,-21.582,-22.001,-0.418,-0.418,0
1787801965.433,shoulder_lift,-64.700,-65.011,-64.700,0.311,0.311,0
1787801965.433,elbow_flex,57.986,60.132,57.986,-2.146,-2.146,0
1787801965.433,wrist_flex,16.210,17.363,16.210,-1.153,-1.153,0
1787801965.433,wrist_roll,6.539,6.374,6.539,0.166,0.166,0
1787801965.433,gripper,0.884,7.368,0.884,-6.484,-6.484,0
1787801965.480,shoulder_pan,-22.014,-21.582,-22.014,-0.432,-0.432,0
1787801965.480,shoulder_lift,-64.659,-65.011,-64.659,0.352,0.352,0
1787801965.480,elbow_flex,58.019,60.132,58.019,-2.113,-2.113,0
1787801965.480,wrist_flex,16.161,17.363,16.161,-1.202,-1.202,0
1787801965.480,wrist_roll,6.527,6.374,6.527,0.153,0.153,0
1787801965.480,gripper,0.884,7.368,0.884,-6.484,-6.484,0
1787801965.531,shoulder_pan,-21.986,-21.582,-21.986,-0.404,-0.404,0
1787801965.531,shoulder_lift,-64.520,-64.923,-64.520,0.403,0.403,0
1787801965.531,elbow_flex,57.920,60.132,57.920,-2.212,-2.212,0
1787801965.531,wrist_flex,15.918,17.363,15.918,-1.445,-1.445,0
1787801965.531,wrist_roll,6.526,6.374,6.526,0.153,0.153,0
1787801965.531,gripper,0.884,7.368,0.884,-6.484,-6.484,0
1787801965.580,shoulder_pan,-21.941,-21.582,-21.941,-0.358,-0.358,0
1787801965.580,shoulder_lift,-64.443,-64.835,-64.443,0.392,0.392,0
1787801965.580,elbow_flex,57.885,60.132,57.885,-2.247,-2.247,0
1787801965.580,wrist_flex,15.756,17.363,15.756,-1.607,-1.607,0
1787801965.580,wrist_roll,6.527,6.374,6.527,0.154,0.154,0
1787801965.580,gripper,0.884,7.368,0.884,-6.484,-6.484,0
1787801965.630,shoulder_pan,-21.916,-21.582,-21.916,-0.334,-0.334,0
1787801965.630,shoulder_lift,-64.307,-64.659,-64.307,0.352,0.352,0
1787801965.630,elbow_flex,57.759,60.132,57.759,-2.372,-2.372,0
1787801965.630,wrist_flex,15.554,17.187,15.554,-1.633,-1.633,0
1787801965.630,wrist_roll,6.524,6.374,6.524,0.150,0.150,0
1787801965.630,gripper,0.884,7.368,0.884,-6.484,-6.484,0
1787801965.680,shoulder_pan,-21.899,-21.582,-21.899,-0.317,-0.317,0
1787801965.680,shoulder_lift,-64.209,-64.484,-64.209,0.275,0.275,0
1787801965.680,elbow_flex,57.690,60.132,57.690,-2.442,-2.442,0
1787801965.680,wrist_flex,15.431,17.011,15.431,-1.580,-1.580,0
1787801965.680,wrist_roll,6.523,6.374,6.523,0.149,0.149,0
1787801965.680,gripper,0.884,7.368,0.884,-6.484,-6.484,0
1787801965.733,shoulder_pan,-21.884,-21.582,-21.884,-0.302,-0.302,0
1787801965.733,shoulder_lift,-64.104,-64.396,-64.104,0.292,0.292,0
1787801965.733,elbow_flex,57.631,60.132,57.631,-2.501,-2.501,0
1787801965.733,wrist_flex,15.282,17.011,15.282,-1.729,-1.729,0
1787801965.733,wrist_roll,6.519,6.374,6.519,0.146,0.146,0
1787801965.733,gripper,0.884,7.368,0.884,-6.484,-6.484,0
1787801965.783,shoulder_pan,-21.870,-21.670,-21.870,-0.199,-0.199,0
1787801965.783,shoulder_lift,-63.965,-64.308,-63.965,0.343,0.343,0
1787801965.783,elbow_flex,57.539,60.132,57.539,-2.593,-2.593,0
1787801965.783,wrist_flex,15.105,16.659,15.105,-1.554,-1.554,0
1787801965.783,wrist_roll,6.519,6.374,6.519,0.145,0.145,0
1787801965.783,gripper,0.884,7.368,0.884,-6.484,-6.484,0
1787801965.834,shoulder_pan,-21.860,-21.670,-21.860,-0.190,-0.190,0
1787801965.834,shoulder_lift,-63.815,-64.220,-63.815,0.405,0.405,0
1787801965.834,elbow_flex,57.439,60.132,57.439,-2.693,-2.693,0
1787801965.834,wrist_flex,14.878,16.659,14.878,-1.781,-1.781,0
1787801965.834,wrist_roll,6.513,6.374,6.513,0.140,0.140,0
1787801965.834,gripper,0.884,7.368,0.884,-6.483,-6.483,0
1787801965.882,shoulder_pan,-21.890,-21.670,-21.890,-0.219,-0.219,0
1787801965.882,shoulder_lift,-63.650,-64.132,-63.650,0.482,0.482,0
1787801965.882,elbow_flex,57.327,60.132,57.327,-2.804,-2.804,0
1787801965.882,wrist_flex,14.756,16.396,14.756,-1.640,-1.640,0
1787801965.882,wrist_roll,6.511,6.374,6.511,0.137,0.137,0
1787801965.882,gripper,0.884,7.368,0.884,-6.483,-6.483,0
1787801965.932,shoulder_pan,-21.862,-21.670,-21.862,-0.192,-0.192,0
1787801965.932,shoulder_lift,-63.521,-63.956,-63.521,0.436,0.436,0
1787801965.932,elbow_flex,57.234,60.132,57.234,-2.898,-2.898,0
1787801965.932,wrist_flex,14.474,16.132,14.474,-1.658,-1.658,0
1787801965.932,wrist_roll,6.511,6.374,6.511,0.137,0.137,0
1787801965.932,gripper,0.884,7.368,0.884,-6.483,-6.483,0
1787801965.983,shoulder_pan,-21.846,-21.670,-21.846,-0.176,-0.176,0
1787801965.983,shoulder_lift,-63.390,-63.780,-63.390,0.391,0.391,0
1787801965.983,elbow_flex,57.153,60.132,57.153,-2.979,-2.979,0
1787801965.983,wrist_flex,14.343,16.044,14.343,-1.701,-1.701,0
1787801965.983,wrist_roll,6.512,6.374,6.512,0.139,0.139,0
1787801965.983,gripper,0.884,7.368,0.884,-6.483,-6.483,0
1787801966.031,shoulder_pan,-21.827,-21.670,-21.827,-0.157,-0.157,0
1787801966.031,shoulder_lift,-63.265,-63.604,-63.265,0.339,0.339,0
1787801966.031,elbow_flex,57.108,60.132,57.108,-3.024,-3.024,0
1787801966.031,wrist_flex,14.163,15.868,14.163,-1.705,-1.705,0
1787801966.031,wrist_roll,6.515,6.374,6.515,0.141,0.141,0
1787801966.031,gripper,0.884,7.368,0.884,-6.483,-6.483,0
1787801966.083,shoulder_pan,-21.863,-21.670,-21.863,-0.193,-0.193,0
1787801966.083,shoulder_lift,-63.107,-63.429,-63.107,0.321,0.321,0
1787801966.083,elbow_flex,56.993,60.132,56.993,-3.139,-3.139,0
1787801966.083,wrist_flex,14.077,15.516,14.077,-1.440,-1.440,0
1787801966.083,wrist_roll,6.511,6.374,6.511,0.137,0.137,0
1787801966.083,gripper,0.884,7.368,0.884,-6.483,-6.483,0
1787801966.131,shoulder_pan,-21.845,-21.670,-21.845,-0.175,-0.175,0
1787801966.131,shoulder_lift,-62.951,-63.429,-62.951,0.478,0.478,0
1787801966.131,elbow_flex,56.887,60.132,56.887,-3.245,-3.245,0
1787801966.131,wrist_flex,13.832,15.429,13.832,-1.597,-1.597,0
1787801966.131,wrist_roll,6.510,6.374,6.510,0.137,0.137,0
1787801966.131,gripper,0.884,7.368,0.884,-6.483,-6.483,0
1787801966.183,shoulder_pan,-21.865,-21.670,-21.865,-0.194,-0.194,0
1787801966.183,shoulder_lift,-62.815,-63.165,-62.815,0.350,0.350,0
1787801966.183,elbow_flex,56.760,60.132,56.760,-3.372,-3.372,0
1787801966.183,wrist_flex,13.586,15.165,13.586,-1.579,-1.579,0
1787801966.183,wrist_roll,6.505,6.374,6.505,0.132,0.132,0
1787801966.183,gripper,0.885,7.368,0.885,-6.483,-6.483,0
1787801966.232,shoulder_pan,-21.876,-21.670,-21.876,-0.205,-0.205,0
1787801966.232,shoulder_lift,-62.641,-63.077,-62.641,0.436,0.436,0
1787801966.232,elbow_flex,56.695,60.132,56.695,-3.437,-3.437,0
1787801966.232,wrist_flex,13.414,15.077,13.414,-1.663,-1.663,0
1787801966.232,wrist_roll,6.507,6.374,6.507,0.134,0.134,0
1787801966.232,gripper,0.885,7.368,0.885,-6.483,-6.483,0
1787801966.283,shoulder_pan,-21.892,-21.670,-21.892,-0.221,-0.221,0
1787801966.283,shoulder_lift,-62.546,-63.077,-62.546,0.531,0.531,0
1787801966.283,elbow_flex,56.607,60.132,56.607,-3.525,-3.525,0
1787801966.283,wrist_flex,13.278,14.901,13.278,-1.623,-1.623,0
1787801966.283,wrist_roll,6.503,6.374,6.503,0.129,0.129,0
1787801966.283,gripper,0.885,7.368,0.885,-6.483,-6.483,0
1787801966.331,shoulder_pan,-21.903,-21.670,-21.903,-0.233,-0.233,0
1787801966.331,shoulder_lift,-62.408,-62.725,-62.408,0.318,0.318,0
1787801966.331,elbow_flex,56.562,60.132,56.562,-3.570,-3.570,0
1787801966.331,wrist_flex,13.073,14.637,13.073,-1.565,-1.565,0
1787801966.331,wrist_roll,6.499,6.374,6.499,0.126,0.126,0
1787801966.331,gripper,0.885,7.368,0.885,-6.483,-6.483,0
1787801966.383,shoulder_pan,-21.922,-21.670,-21.922,-0.252,-0.252,0
1787801966.383,shoulder_lift,-62.287,-62.549,-62.287,0.262,0.262,0
1787801966.383,elbow_flex,56.505,60.132,56.505,-3.626,-3.626,0
1787801966.383,wrist_flex,12.935,14.549,12.935,-1.615,-1.615,0
1787801966.383,wrist_roll,6.497,6.374,6.497,0.123,0.123,0
1787801966.383,gripper,0.885,7.368,0.885,-6.483,-6.483,0
1787801966.434,shoulder_pan,-21.948,-21.670,-21.948,-0.277,-0.277,0
1787801966.434,shoulder_lift,-62.140,-62.549,-62.140,0.409,0.409,0
1787801966.434,elbow_flex,56.438,60.044,56.438,-3.606,-3.606,0
1787801966.434,wrist_flex,12.744,14.374,12.744,-1.630,-1.630,0
1787801966.434,wrist_roll,6.493,6.374,6.493,0.120,0.120,0
1787801966.434,gripper,0.885,7.368,0.885,-6.483,-6.483,0
1787801966.483,shoulder_pan,-22.002,-21.670,-22.002,-0.332,-0.332,0
1787801966.483,shoulder_lift,-61.971,-62.286,-61.971,0.315,0.315,0
1787801966.483,elbow_flex,56.312,60.044,56.312,-3.732,-3.732,0
1787801966.483,wrist_flex,12.532,14.110,12.532,-1.578,-1.578,0
1787801966.483,wrist_roll,6.487,6.374,6.487,0.114,0.114,0
1787801966.483,gripper,0.885,7.368,0.885,-6.483,-6.483,0
1787801966.532,shoulder_pan,-22.010,-21.670,-22.010,-0.340,-0.340,0
1787801966.532,shoulder_lift,-61.918,-62.198,-61.918,0.280,0.280,0
1787801966.532,elbow_flex,56.307,60.044,56.307,-3.737,-3.737,0
1787801966.532,wrist_flex,12.396,14.022,12.396,-1.626,-1.626,0
1787801966.532,wrist_roll,6.484,6.374,6.484,0.110,0.110,0
1787801966.532,gripper,0.885,7.368,0.885,-6.483,-6.483,0
1787801966.584,shoulder_pan,-22.037,-21.670,-22.037,-0.367,-0.367,0
1787801966.584,shoulder_lift,-61.793,-62.198,-61.793,0.405,0.405,0
1787801966.584,elbow_flex,56.230,60.044,56.230,-3.814,-3.814,0
1787801966.584,wrist_flex,12.231,13.934,12.231,-1.703,-1.703,0
1787801966.584,wrist_roll,6.478,6.374,6.478,0.104,0.104,0
1787801966.584,gripper,0.885,7.368,0.885,-6.483,-6.483,0
1787801966.633,shoulder_pan,-22.056,-21.670,-22.056,-0.385,-0.385,0
1787801966.633,shoulder_lift,-61.701,-62.022,-61.701,0.321,0.321,0
1787801966.633,elbow_flex,56.210,60.044,56.210,-3.834,-3.834,0
1787801966.633,wrist_flex,12.075,13.670,12.075,-1.595,-1.595,0
1787801966.633,wrist_roll,6.474,6.374,6.474,0.100,0.100,0
1787801966.633,gripper,0.885,7.368,0.885,-6.483,-6.483,0
1787801966.683,shoulder_pan,-22.073,-21.670,-22.073,-0.402,-0.402,0
1787801966.683,shoulder_lift,-61.617,-61.846,-61.617,0.229,0.229,0
1787801966.683,elbow_flex,56.175,60.044,56.175,-3.869,-3.869,0
1787801966.683,wrist_flex,11.946,13.407,11.946,-1.460,-1.460,0
1787801966.683,wrist_roll,6.472,6.374,6.472,0.098,0.098,0
1787801966.683,gripper,0.885,7.368,0.885,-6.483,-6.483,0
1787801966.736,shoulder_pan,-22.071,-21.670,-22.071,-0.400,-0.400,0
1787801966.736,shoulder_lift,-61.571,-61.670,-61.571,0.099,0.099,0
1787801966.736,elbow_flex,56.191,60.044,56.191,-3.853,-3.853,0
1787801966.736,wrist_flex,11.852,13.143,11.852,-1.290,-1.290,0
1787801966.736,wrist_roll,6.471,6.374,6.471,0.097,0.097,0
1787801966.736,gripper,0.885,7.368,0.885,-6.483,-6.483,0
1787801966.784,shoulder_pan,-22.089,-21.670,-22.089,-0.419,-0.419,0
1787801966.784,shoulder_lift,-61.515,-61.670,-61.515,0.155,0.155,0
1787801966.784,elbow_flex,56.186,59.868,56.186,-3.682,-3.682,0
1787801966.784,wrist_flex,11.717,13.143,11.717,-1.426,-1.426,0
1787801966.784,wrist_roll,6.467,6.374,6.467,0.093,0.093,0
1787801966.784,gripper,0.885,7.368,0.885,-6.483,-6.483,0
1787801966.834,shoulder_pan,-22.136,-21.670,-22.136,-0.466,-0.466,0
1787801966.834,shoulder_lift,-61.404,-61.670,-61.404,0.266,0.266,0
1787801966.834,elbow_flex,56.111,59.868,56.111,-3.757,-3.757,0
1787801966.834,wrist_flex,11.551,13.143,11.551,-1.592,-1.592,0
1787801966.834,wrist_roll,6.458,6.374,6.458,0.084,0.084,0
1787801966.834,gripper,0.885,7.368,0.885,-6.483,-6.483,0
1787801966.884,shoulder_pan,-22.178,-21.670,-22.178,-0.507,-0.507,0
1787801966.884,shoulder_lift,-61.237,-61.670,-61.237,0.433,0.433,0
1787801966.884,elbow_flex,56.021,59.868,56.021,-3.847,-3.847,0
1787801966.884,wrist_flex,11.368,12.879,11.368,-1.511,-1.511,0
1787801966.884,wrist_roll,6.455,6.374,6.455,0.081,0.081,0
1787801966.884,gripper,0.885,7.368,0.885,-6.483,-6.483,0
1787801966.936,shoulder_pan,-22.205,-21.670,-22.205,-0.535,-0.535,0
1787801966.936,shoulder_lift,-61.150,-61.495,-61.150,0.344,0.344,0
1787801966.936,elbow_flex,55.982,59.868,55.982,-3.886,-3.886,0
1787801966.936,wrist_flex,11.242,12.791,11.242,-1.549,-1.549,0
1787801966.936,wrist_roll,6.450,6.374,6.450,0.077,0.077,0
1787801966.936,gripper,0.885,7.368,0.885,-6.483,-6.483,0
1787801966.982,shoulder_pan,-22.239,-21.670,-22.239,-0.569,-0.569,0
1787801966.982,shoulder_lift,-61.069,-61.319,-61.069,0.249,0.249,0
1787801966.982,elbow_flex,55.947,59.868,55.947,-3.921,-3.921,0
1787801966.982,wrist_flex,11.130,12.527,11.130,-1.397,-1.397,0
1787801966.982,wrist_roll,6.449,6.374,6.449,0.075,0.075,0
1787801966.982,gripper,0.885,7.368,0.885,-6.483,-6.483,0
1787801967.035,shoulder_pan,-22.286,-21.670,-22.286,-0.615,-0.615,0
1787801967.035,shoulder_lift,-60.947,-61.319,-60.947,0.371,0.371,0
1787801967.035,elbow_flex,55.862,59.868,55.862,-4.006,-4.006,0
1787801967.035,wrist_flex,10.975,12.440,10.975,-1.465,-1.465,0
1787801967.035,wrist_roll,6.444,6.374,6.444,0.070,0.070,0
1787801967.035,gripper,0.885,7.368,0.885,-6.483,-6.483,0
1787801967.084,shoulder_pan,-22.289,-21.670,-22.289,-0.618,-0.618,0
1787801967.084,shoulder_lift,-60.891,-61.143,-60.891,0.251,0.251,0
1787801967.084,elbow_flex,55.848,59.868,55.848,-4.020,-4.020,0
1787801967.084,wrist_flex,10.911,12.440,10.911,-1.528,-1.528,0
1787801967.084,wrist_roll,6.447,6.374,6.447,0.074,0.074,0
1787801967.084,gripper,0.885,7.368,0.885,-6.483,-6.483,0
1787801967.134,shoulder_pan,-22.349,-21.670,-22.349,-0.679,-0.679,0
1787801967.134,shoulder_lift,-60.746,-60.967,-60.746,0.221,0.221,0
1787801967.134,elbow_flex,55.733,59.868,55.733,-4.135,-4.135,0
1787801967.134,wrist_flex,10.767,12.176,10.767,-1.409,-1.409,0
1787801967.134,wrist_roll,6.444,6.374,6.444,0.070,0.070,0
1787801967.134,gripper,0.885,7.368,0.885,-6.483,-6.483,0
1787801967.183,shoulder_pan,-22.385,-21.670,-22.385,-0.715,-0.715,0
1787801967.183,shoulder_lift,-60.662,-60.967,-60.662,0.305,0.305,0
1787801967.183,elbow_flex,55.681,59.868,55.681,-4.187,-4.187,0
1787801967.183,wrist_flex,10.668,12.088,10.668,-1.420,-1.420,0
1787801967.183,wrist_roll,6.441,6.374,6.441,0.067,0.067,0
1787801967.183,gripper,0.885,7.368,0.885,-6.483,-6.483,0
1787801967.235,shoulder_pan,-22.403,-21.758,-22.403,-0.645,-0.645,0
1787801967.235,shoulder_lift,-60.558,-60.967,-60.558,0.409,0.409,0
1787801967.235,elbow_flex,55.607,59.516,55.607,-3.909,-3.909,0
1787801967.235,wrist_flex,10.580,12.000,10.580,-1.420,-1.420,0
1787801967.235,wrist_roll,6.444,6.374,6.444,0.070,0.070,0
1787801967.235,gripper,0.885,7.368,0.885,-6.483,-6.483,0
1787801967.283,shoulder_pan,-22.427,-22.022,-22.427,-0.405,-0.405,0
1787801967.283,shoulder_lift,-60.390,-60.703,-60.390,0.314,0.314,0
1787801967.283,elbow_flex,55.482,59.429,55.482,-3.946,-3.946,0
1787801967.283,wrist_flex,10.464,11.912,10.464,-1.448,-1.448,0
1787801967.283,wrist_roll,6.443,6.374,6.443,0.069,0.069,0
1787801967.283,gripper,0.885,7.368,0.885,-6.483,-6.483,0
1787801967.334,shoulder_pan,-22.420,-22.022,-22.420,-0.398,-0.398,0
1787801967.334,shoulder_lift,-60.354,-60.615,-60.354,0.261,0.261,0
1787801967.334,elbow_flex,55.482,59.341,55.482,-3.858,-3.858,0
1787801967.334,wrist_flex,10.439,11.824,10.439,-1.385,-1.385,0
1787801967.334,wrist_roll,6.446,6.374,6.446,0.072,0.072,0
1787801967.334,gripper,0.885,7.368,0.885,-6.483,-6.483,0
1787801967.383,shoulder_pan,-22.408,-22.022,-22.408,-0.386,-0.386,0
1787801967.383,shoulder_lift,-60.161,-60.527,-60.161,0.366,0.366,0
1787801967.383,elbow_flex,55.350,59.341,55.350,-3.991,-3.991,0
1787801967.383,wrist_flex,10.372,11.824,10.372,-1.452,-1.452,0
1787801967.383,wrist_roll,6.448,6.374,6.448,0.074,0.074,0
1787801967.383,gripper,0.885,7.368,0.885,-6.483,-6.483,0
1787801967.436,shoulder_pan,-22.389,-22.022,-22.389,-0.367,-0.367,0
1787801967.436,shoulder_lift,-60.060,-60.352,-60.060,0.292,0.292,0
1787801967.436,elbow_flex,55.297,59.341,55.297,-4.043,-4.043,0
1787801967.436,wrist_flex,10.367,11.648,10.367,-1.282,-1.282,0
1787801967.436,wrist_roll,6.450,6.374,6.450,0.076,0.076,0
1787801967.436,gripper,0.885,7.368,0.885,-6.483,-6.483,0
1787801967.485,shoulder_pan,-22.362,-22.022,-22.362,-0.340,-0.340,0
1787801967.485,shoulder_lift,-59.847,-60.264,-59.847,0.417,0.417,0
1787801967.485,elbow_flex,55.138,59.341,55.138,-4.202,-4.202,0
1787801967.485,wrist_flex,10.329,11.473,10.329,-1.143,-1.143,0
1787801967.485,wrist_roll,6.452,6.374,6.452,0.078,0.078,0
1787801967.485,gripper,0.885,7.368,0.885,-6.483,-6.483,0
1787801967.534,shoulder_pan,-22.304,-22.022,-22.304,-0.282,-0.282,0
1787801967.534,shoulder_lift,-59.676,-60.088,-59.676,0.412,0.412,0
1787801967.534,elbow_flex,55.044,59.341,55.044,-4.297,-4.297,0
1787801967.534,wrist_flex,10.324,11.473,10.324,-1.148,-1.148,0
1787801967.534,wrist_roll,6.456,6.374,6.456,0.083,0.083,0
1787801967.534,gripper,0.885,7.368,0.885,-6.483,-6.483,0
1787801967.585,shoulder_pan,-22.287,-22.022,-22.287,-0.265,-0.265,0
1787801967.585,shoulder_lift,-59.517,-59.912,-59.517,0.395,0.395,0
1787801967.585,elbow_flex,54.924,59.341,54.924,-4.416,-4.416,0
1787801967.585,wrist_flex,10.296,11.473,10.296,-1.176,-1.176,0
1787801967.585,wrist_roll,6.455,6.374,6.455,0.082,0.082,0
1787801967.585,gripper,0.885,7.368,0.885,-6.483,-6.483,0
1787801967.639,shoulder_pan,-22.229,-22.022,-22.229,-0.207,-0.207,0
1787801967.639,shoulder_lift,-59.324,-59.648,-59.324,0.324,0.324,0
1787801967.639,elbow_flex,54.800,59.341,54.800,-4.540,-4.540,0
1787801967.639,wrist_flex,10.306,11.473,10.306,-1.166,-1.166,0
1787801967.639,wrist_roll,6.461,6.374,6.461,0.087,0.087,0
1787801967.639,gripper,0.885,7.368,0.885,-6.483,-6.483,0
1787801967.684,shoulder_pan,-22.185,-22.022,-22.185,-0.163,-0.163,0
1787801967.684,shoulder_lift,-59.137,-59.560,-59.137,0.423,0.423,0
1787801967.684,elbow_flex,54.695,59.341,54.695,-4.645,-4.645,0
1787801967.684,wrist_flex,10.279,11.473,10.279,-1.194,-1.194,0
1787801967.684,wrist_roll,6.464,6.374,6.464,0.090,0.090,0
1787801967.684,gripper,0.885,7.368,0.885,-6.483,-6.483,0
1787801967.734,shoulder_pan,-22.156,-22.022,-22.156,-0.134,-0.134,0
1787801967.734,shoulder_lift,-58.974,-59.385,-58.974,0.411,0.411,0
1787801967.734,elbow_flex,54.585,59.341,54.585,-4.756,-4.756,0
1787801967.734,wrist_flex,10.241,11.473,10.241,-1.232,-1.232,0
1787801967.734,wrist_roll,6.461,6.374,6.461,0.087,0.087,0
1787801967.734,gripper,0.885,7.368,0.885,-6.483,-6.483,0
1787801967.785,shoulder_pan,-22.131,-22.022,-22.131,-0.109,-0.109,0
1787801967.785,shoulder_lift,-58.929,-59.121,-58.929,0.192,0.192,0
1787801967.785,elbow_flex,54.553,59.077,54.553,-4.524,-4.524,0
1787801967.785,wrist_flex,10.245,11.473,10.245,-1.228,-1.228,0
1787801967.785,wrist_roll,6.462,6.374,6.462,0.088,0.088,0
1787801967.785,gripper,0.885,7.368,0.885,-6.483,-6.483,0
1787801967.834,shoulder_pan,-22.138,-22.022,-22.138,-0.116,-0.116,0
1787801967.834,shoulder_lift,-58.877,-59.033,-58.877,0.156,0.156,0
1787801967.834,elbow_flex,54.500,58.462,54.500,-3.961,-3.961,0
1787801967.834,wrist_flex,10.212,11.473,10.212,-1.261,-1.261,0
1787801967.834,wrist_roll,6.464,6.374,6.464,0.090,0.090,0
1787801967.834,gripper,0.885,7.368,0.885,-6.483,-6.483,0
1787801967.886,shoulder_pan,-22.129,-22.022,-22.129,-0.107,-0.107,0
1787801967.886,shoulder_lift,-58.870,-59.033,-58.870,0.163,0.163,0
1787801967.886,elbow_flex,54.502,57.758,54.502,-3.256,-3.256,0
1787801967.886,wrist_flex,10.213,11.385,10.213,-1.171,-1.171,0
1787801967.886,wrist_roll,6.456,6.374,6.456,0.082,0.082,0
1787801967.886,gripper,0.885,7.368,0.885,-6.483,-6.483,0
1787801967.935,shoulder_pan,-22.148,-22.022,-22.148,-0.126,-0.126,0
1787801967.935,shoulder_lift,-58.868,-59.033,-58.868,0.165,0.165,0
1787801967.935,elbow_flex,54.461,57.582,54.461,-3.122,-3.122,0
1787801967.935,wrist_flex,10.215,11.385,10.215,-1.169,-1.169,0
1787801967.935,wrist_roll,6.452,6.374,6.452,0.078,0.078,0
1787801967.935,gripper,0.885,7.368,0.885,-6.483,-6.483,0
1787801967.986,shoulder_pan,-22.163,-22.022,-22.163,-0.141,-0.141,0
1787801967.986,shoulder_lift,-58.887,-59.033,-58.887,0.146,0.146,0
1787801967.986,elbow_flex,54.462,57.582,54.462,-3.120,-3.120,0
1787801967.986,wrist_flex,10.227,11.385,10.227,-1.158,-1.158,0
1787801967.986,wrist_roll,6.444,6.374,6.444,0.071,0.071,0
1787801967.986,gripper,0.885,7.368,0.885,-6.483,-6.483,0
1787801968.036,shoulder_pan,-22.183,-22.022,-22.183,-0.161,-0.161,0
1787801968.036,shoulder_lift,-58.921,-59.033,-58.921,0.112,0.112,0
1787801968.036,elbow_flex,54.459,57.495,54.459,-3.036,-3.036,0
1787801968.036,wrist_flex,10.250,11.385,10.250,-1.134,-1.134,0
1787801968.036,wrist_roll,6.437,6.374,6.437,0.064,0.064,0
1787801968.036,gripper,0.885,7.368,0.885,-6.483,-6.483,0
1787801968.087,shoulder_pan,-22.194,-22.022,-22.194,-0.172,-0.172,0
1787801968.087,shoulder_lift,-58.989,-59.033,-58.989,0.044,0.044,0
1787801968.087,elbow_flex,54.478,57.495,54.478,-3.017,-3.017,0
1787801968.087,wrist_flex,10.301,11.385,10.301,-1.084,-1.084,0
1787801968.087,wrist_roll,6.428,6.374,6.428,0.054,0.054,0
1787801968.087,gripper,0.885,7.368,0.885,-6.483,-6.483,0
1787801968.135,shoulder_pan,-22.213,-22.022,-22.213,-0.191,-0.191,0
1787801968.135,shoulder_lift,-59.009,-59.033,-59.009,0.024,0.024,0
1787801968.135,elbow_flex,54.483,57.495,54.483,-3.012,-3.012,0
1787801968.135,wrist_flex,10.288,11.385,10.288,-1.097,-1.097,0
1787801968.135,wrist_roll,6.419,6.374,6.419,0.045,0.045,0
1787801968.135,gripper,0.885,7.368,0.885,-6.483,-6.483,0
1787801968.186,shoulder_pan,-22.223,-22.022,-22.223,-0.201,-0.201,0
1787801968.186,shoulder_lift,-59.039,-59.033,-59.039,-0.006,-0.006,0
1787801968.186,elbow_flex,54.471,57.495,54.471,-3.024,-3.024,0
1787801968.186,wrist_flex,10.308,11.385,10.308,-1.076,-1.076,0
1787801968.186,wrist_roll,6.420,6.374,6.420,0.047,0.047,0
1787801968.186,gripper,0.885,7.368,0.885,-6.483,-6.483,0
1787801968.236,shoulder_pan,-22.250,-22.022,-22.250,-0.228,-0.228,0
1787801968.236,shoulder_lift,-59.033,-59.033,-59.033,-0.000,-0.000,0
1787801968.236,elbow_flex,54.427,57.495,54.427,-3.067,-3.067,0
1787801968.236,wrist_flex,10.301,11.385,10.301,-1.084,-1.084,0
1787801968.236,wrist_roll,6.415,6.374,6.415,0.042,0.042,0
1787801968.236,gripper,0.885,7.368,0.885,-6.483,-6.483,0
1787801968.286,shoulder_pan,-22.280,-22.022,-22.280,-0.258,-0.258,0
1787801968.286,shoulder_lift,-59.029,-59.033,-59.029,0.004,0.004,0
1787801968.286,elbow_flex,54.392,57.495,54.392,-3.103,-3.103,0
1787801968.286,wrist_flex,10.286,11.385,10.286,-1.098,-1.098,0
1787801968.286,wrist_roll,6.412,6.374,6.412,0.038,0.038,0
1787801968.286,gripper,0.885,7.368,0.885,-6.483,-6.483,0
1787801968.335,shoulder_pan,-22.311,-22.022,-22.311,-0.289,-0.289,0
1787801968.335,shoulder_lift,-59.039,-59.033,-59.039,-0.006,-0.006,0
1787801968.335,elbow_flex,54.350,57.495,54.350,-3.144,-3.144,0
1787801968.335,wrist_flex,10.291,11.385,10.291,-1.094,-1.094,0
1787801968.335,wrist_roll,6.403,6.374,6.403,0.029,0.029,0
1787801968.335,gripper,0.885,7.368,0.885,-6.483,-6.483,0
1787801968.387,shoulder_pan,-22.334,-22.022,-22.334,-0.312,-0.312,0
1787801968.387,shoulder_lift,-59.095,-59.033,-59.095,-0.062,-0.062,0
1787801968.387,elbow_flex,54.379,57.495,54.379,-3.116,-3.116,0
1787801968.387,wrist_flex,10.308,11.385,10.308,-1.077,-1.077,0
1787801968.387,wrist_roll,6.405,6.374,6.405,0.031,0.031,0
1787801968.387,gripper,0.885,7.368,0.885,-6.483,-6.483,0
1787801968.435,shoulder_pan,-22.358,-22.022,-22.358,-0.336,-0.336,0
1787801968.435,shoulder_lift,-59.083,-59.033,-59.083,-0.050,-0.050,0
1787801968.435,elbow_flex,54.340,57.495,54.340,-3.155,-3.155,0
1787801968.435,wrist_flex,10.310,11.385,10.310,-1.075,-1.075,0
1787801968.435,wrist_roll,6.404,6.374,6.404,0.030,0.030,0
1787801968.435,gripper,0.885,7.368,0.885,-6.483,-6.483,0
1787801968.485,shoulder_pan,-22.388,-22.022,-22.388,-0.366,-0.366,0
1787801968.485,shoulder_lift,-59.113,-59.033,-59.113,-0.080,-0.080,0
1787801968.485,elbow_flex,54.354,57.495,54.354,-3.141,-3.141,0
1787801968.485,wrist_flex,10.298,11.385,10.298,-1.087,-1.087,0
1787801968.485,wrist_roll,6.404,6.374,6.404,0.031,0.031,0
1787801968.485,gripper,0.885,7.368,0.885,-6.483,-6.483,0
1787801968.536,shoulder_pan,-22.424,-22.022,-22.424,-0.402,-0.402,0
1787801968.536,shoulder_lift,-59.102,-59.033,-59.102,-0.069,-0.069,0
1787801968.536,elbow_flex,54.305,57.495,54.305,-3.189,-3.189,0
1787801968.536,wrist_flex,10.305,11.385,10.305,-1.080,-1.080,0
1787801968.536,wrist_roll,6.407,6.374,6.407,0.033,0.033,0
1787801968.536,gripper,0.885,7.368,0.885,-6.483,-6.483,0
1787801968.586,shoulder_pan,-22.445,-22.022,-22.445,-0.423,-0.423,0
1787801968.586,shoulder_lift,-59.096,-59.033,-59.096,-0.063,-0.063,0
1787801968.586,elbow_flex,54.274,57.495,54.274,-3.221,-3.221,0
1787801968.586,wrist_flex,10.312,11.385,10.312,-1.073,-1.073,0
1787801968.586,wrist_roll,6.403,6.374,6.403,0.029,0.029,0
1787801968.586,gripper,0.885,7.368,0.885,-6.483,-6.483,0
1787801968.637,shoulder_pan,-22.485,-22.022,-22.485,-0.463,-0.463,0
1787801968.637,shoulder_lift,-59.120,-59.033,-59.120,-0.087,-0.087,0
1787801968.637,elbow_flex,54.269,57.495,54.269,-3.225,-3.225,0
1787801968.637,wrist_flex,10.347,11.385,10.347,-1.038,-1.038,0
1787801968.637,wrist_roll,6.400,6.374,6.400,0.027,0.027,0
1787801968.637,gripper,0.885,7.368,0.885,-6.483,-6.483,0
1787801968.687,shoulder_pan,-22.543,-22.022,-22.543,-0.521,-0.521,0
1787801968.687,shoulder_lift,-59.151,-59.033,-59.151,-0.118,-0.118,0
1787801968.687,elbow_flex,54.251,57.495,54.251,-3.243,-3.243,0
1787801968.687,wrist_flex,10.364,11.385,10.364,-1.020,-1.020,0
1787801968.687,wrist_roll,6.397,6.374,6.397,0.023,0.023,0
1787801968.687,gripper,0.885,7.368,0.885,-6.483,-6.483,0
1787801968.736,shoulder_pan,-22.584,-22.022,-22.584,-0.562,-0.562,0
1787801968.736,shoulder_lift,-59.129,-59.033,-59.129,-0.096,-0.096,0
1787801968.736,elbow_flex,54.222,57.495,54.222,-3.272,-3.272,0
1787801968.736,wrist_flex,10.377,11.385,10.377,-1.008,-1.008,0
1787801968.736,wrist_roll,6.387,6.374,6.387,0.013,0.013,0
1787801968.736,gripper,0.885,7.368,0.885,-6.483,-6.483,0
1787801968.787,shoulder_pan,-22.639,-22.022,-22.639,-0.617,-0.617,0
1787801968.787,shoulder_lift,-59.120,-59.033,-59.120,-0.087,-0.087,0
1787801968.787,elbow_flex,54.183,57.495,54.183,-3.312,-3.312,0
1787801968.787,wrist_flex,10.384,11.385,10.384,-1.001,-1.001,0
1787801968.787,wrist_roll,6.371,6.374,6.371,-0.002,-0.002,0
1787801968.787,gripper,0.885,7.368,0.885,-6.483,-6.483,0
1787801968.836,shoulder_pan,-22.687,-22.022,-22.687,-0.665,-0.665,0
1787801968.836,shoulder_lift,-59.061,-59.033,-59.061,-0.028,-0.028,0
1787801968.836,elbow_flex,54.118,57.495,54.118,-3.377,-3.377,0
1787801968.836,wrist_flex,10.387,11.385,10.387,-0.998,-0.998,0
1787801968.836,wrist_roll,6.358,6.374,6.358,-0.016,-0.016,0
1787801968.836,gripper,0.885,7.368,0.885,-6.483,-6.483,0
1787801968.885,shoulder_pan,-22.722,-22.110,-22.722,-0.612,-0.612,0
1787801968.885,shoulder_lift,-59.011,-59.033,-59.011,0.022,0.022,0
1787801968.885,elbow_flex,54.059,57.495,54.059,-3.436,-3.436,0
1787801968.885,wrist_flex,10.418,11.385,10.418,-0.966,-0.966,0
1787801968.885,wrist_roll,6.338,6.374,6.338,-0.035,-0.035,0
1787801968.885,gripper,0.885,7.368,0.885,-6.483,-6.483,0
1787801968.936,shoulder_pan,-22.793,-22.286,-22.793,-0.507,-0.507,0
1787801968.936,shoulder_lift,-59.011,-59.033,-59.011,0.022,0.022,0
1787801968.936,elbow_flex,54.023,57.495,54.023,-3.471,-3.471,0
1787801968.936,wrist_flex,10.444,11.385,10.444,-0.940,-0.940,0
1787801968.936,wrist_roll,6.328,6.374,6.328,-0.045,-0.045,0
1787801968.936,gripper,0.885,7.368,0.885,-6.483,-6.483,0
1787801968.987,shoulder_pan,-22.845,-22.286,-22.845,-0.560,-0.560,0
1787801968.987,shoulder_lift,-59.009,-59.033,-59.009,0.024,0.024,0
1787801968.987,elbow_flex,53.988,57.495,53.988,-3.507,-3.507,0
1787801968.987,wrist_flex,10.461,11.385,10.461,-0.924,-0.924,0
1787801968.987,wrist_roll,6.307,6.374,6.307,-0.067,-0.067,0
1787801968.987,gripper,0.885,7.368,0.885,-6.483,-6.483,0
1787801969.037,shoulder_pan,-22.876,-22.374,-22.876,-0.502,-0.502,0
1787801969.037,shoulder_lift,-58.955,-59.033,-58.955,0.078,0.078,0
1787801969.037,elbow_flex,53.934,57.495,53.934,-3.560,-3.560,0
1787801969.037,wrist_flex,10.492,11.385,10.492,-0.892,-0.892,0
1787801969.037,wrist_roll,6.281,6.374,6.281,-0.093,-0.093,0
1787801969.037,gripper,0.885,7.368,0.885,-6.483,-6.483,0
1787801969.088,shoulder_pan,-22.920,-22.462,-22.920,-0.459,-0.459,0
1787801969.088,shoulder_lift,-58.951,-59.033,-58.951,0.082,0.082,0
1787801969.088,elbow_flex,53.921,57.495,53.921,-3.574,-3.574,0
1787801969.088,wrist_flex,10.494,11.385,10.494,-0.891,-0.891,0
1787801969.088,wrist_roll,6.265,6.374,6.265,-0.109,-0.109,0
1787801969.088,gripper,0.885,7.368,0.885,-6.483,-6.483,0
1787801969.136,shoulder_pan,-22.957,-22.462,-22.957,-0.495,-0.495,0
1787801969.136,shoulder_lift,-58.907,-59.033,-58.907,0.126,0.126,0
1787801969.136,elbow_flex,53.892,57.495,53.892,-3.603,-3.603,0
1787801969.136,wrist_flex,10.509,11.385,10.509,-0.876,-0.876,0
1787801969.136,wrist_roll,6.247,6.374,6.247,-0.126,-0.126,0
1787801969.136,gripper,0.885,7.368,0.885,-6.483,-6.483,0
1787801969.189,shoulder_pan,-22.989,-22.462,-22.989,-0.528,-0.528,0
1787801969.189,shoulder_lift,-58.939,-59.033,-58.939,0.094,0.094,0
1787801969.189,elbow_flex,53.897,57.495,53.897,-3.597,-3.597,0
1787801969.189,wrist_flex,10.541,11.385,10.541,-0.844,-0.844,0
1787801969.189,wrist_roll,6.239,6.374,6.239,-0.135,-0.135,0
1787801969.189,gripper,0.885,7.368,0.885,-6.483,-6.483,0
1787801969.236,shoulder_pan,-23.018,-22.549,-23.018,-0.469,-0.469,0
1787801969.236,shoulder_lift,-58.962,-59.033,-58.962,0.071,0.071,0
1787801969.236,elbow_flex,53.910,57.495,53.910,-3.585,-3.585,0
1787801969.236,wrist_flex,10.575,11.385,10.575,-0.809,-0.809,0
1787801969.236,wrist_roll,6.227,6.374,6.227,-0.147,-0.147,0
1787801969.236,gripper,0.885,7.368,0.885,-6.483,-6.483,0
1787801969.289,shoulder_pan,-23.034,-22.549,-23.034,-0.485,-0.485,0
1787801969.289,shoulder_lift,-58.955,-59.033,-58.955,0.078,0.078,0
1787801969.289,elbow_flex,53.911,57.495,53.911,-3.583,-3.583,0
1787801969.289,wrist_flex,10.601,11.385,10.601,-0.784,-0.784,0
1787801969.289,wrist_roll,6.217,6.374,6.217,-0.156,-0.156,0
1787801969.289,gripper,0.885,7.368,0.885,-6.483,-6.483,0
1787801969.337,shoulder_pan,-23.054,-22.549,-23.054,-0.505,-0.505,0
1787801969.337,shoulder_lift,-58.989,-59.033,-58.989,0.044,0.044,0
1787801969.337,elbow_flex,53.923,57.495,53.923,-3.572,-3.572,0
1787801969.337,wrist_flex,10.648,11.385,10.648,-0.737,-0.737,0
1787801969.337,wrist_roll,6.214,6.374,6.214,-0.159,-0.159,0
1787801969.337,gripper,0.885,7.368,0.885,-6.483,-6.483,0
1787801969.389,shoulder_pan,-23.074,-22.549,-23.074,-0.524,-0.524,0
1787801969.389,shoulder_lift,-59.020,-59.033,-59.020,0.013,0.013,0
1787801969.389,elbow_flex,53.963,57.495,53.963,-3.532,-3.532,0
1787801969.389,wrist_flex,10.669,11.385,10.669,-0.716,-0.716,0
1787801969.389,wrist_roll,6.209,6.374,6.209,-0.165,-0.165,0
1787801969.389,gripper,0.885,7.368,0.885,-6.483,-6.483,0
1787801969.447,shoulder_pan,-23.186,-22.549,-23.186,-0.636,-0.636,0
1787801969.447,shoulder_lift,-58.824,-59.033,-58.824,0.208,0.208,0
1787801969.447,elbow_flex,55.422,57.495,55.422,-2.073,-2.073,0
1787801969.447,wrist_flex,7.513,11.385,7.513,-3.872,-3.872,0
1787801969.447,wrist_roll,6.429,6.374,6.429,0.055,0.055,0
1787801969.447,gripper,0.885,7.368,0.885,-6.483,-6.483,0
1787801969.486,shoulder_pan,-23.178,-22.549,-23.178,-0.628,-0.628,0
1787801969.486,shoulder_lift,-58.817,-59.033,-58.817,0.216,0.216,0
1787801969.486,elbow_flex,55.453,57.495,55.453,-2.042,-2.042,0
1787801969.486,wrist_flex,7.467,11.385,7.467,-3.918,-3.918,0
1787801969.486,wrist_roll,6.424,6.374,6.424,0.051,0.051,0
1787801969.486,gripper,0.885,7.368,0.885,-6.483,-6.483,0
1787801969.538,shoulder_pan,-23.168,-22.637,-23.168,-0.531,-0.531,0
1787801969.538,shoulder_lift,-58.802,-58.945,-58.802,0.143,0.143,0
1787801969.538,elbow_flex,55.467,57.495,55.467,-2.028,-2.028,0
1787801969.538,wrist_flex,7.433,9.802,7.433,-2.369,-2.369,0
1787801969.538,wrist_roll,6.419,6.374,6.419,0.045,0.045,0
1787801969.538,gripper,0.885,7.368,0.885,-6.483,-6.483,0
1787801969.589,shoulder_pan,-23.160,-22.813,-23.160,-0.347,-0.347,0
1787801969.589,shoulder_lift,-58.779,-59.033,-58.779,0.254,0.254,0
1787801969.589,elbow_flex,55.496,57.495,55.496,-1.999,-1.999,0
1787801969.589,wrist_flex,7.356,9.011,7.356,-1.655,-1.655,0
1787801969.589,wrist_roll,6.410,6.374,6.410,0.037,0.037,0
1787801969.589,gripper,0.885,7.368,0.885,-6.483,-6.483,0
1787801969.638,shoulder_pan,-23.154,-22.813,-23.154,-0.341,-0.341,0
1787801969.638,shoulder_lift,-58.736,-58.857,-58.736,0.121,0.121,0
1787801969.638,elbow_flex,55.484,57.495,55.484,-2.010,-2.010,0
1787801969.638,wrist_flex,7.314,8.659,7.314,-1.345,-1.345,0
1787801969.638,wrist_roll,6.408,6.374,6.408,0.034,0.034,0
1787801969.638,gripper,0.885,7.368,0.885,-6.483,-6.483,0
1787801969.688,shoulder_pan,-23.137,-22.813,-23.137,-0.324,-0.324,0
1787801969.688,shoulder_lift,-58.693,-58.857,-58.693,0.164,0.164,0
1787801969.688,elbow_flex,55.479,57.495,55.479,-2.016,-2.016,0
1787801969.688,wrist_flex,7.258,8.659,7.258,-1.402,-1.402,0
1787801969.688,wrist_roll,6.403,6.374,6.403,0.029,0.029,0
1787801969.688,gripper,0.885,7.368,0.885,-6.483,-6.483,0
1787801969.738,shoulder_pan,-23.123,-22.813,-23.123,-0.309,-0.309,0
1787801969.738,shoulder_lift,-58.630,-58.857,-58.630,0.227,0.227,0
1787801969.738,elbow_flex,55.440,57.495,55.440,-2.055,-2.055,0
1787801969.738,wrist_flex,7.223,8.659,7.223,-1.436,-1.436,0
1787801969.738,wrist_roll,6.405,6.374,6.405,0.031,0.031,0
1787801969.738,gripper,0.885,7.368,0.885,-6.483,-6.483,0
1787801969.789,shoulder_pan,-23.109,-22.813,-23.109,-0.296,-0.296,0
1787801969.789,shoulder_lift,-58.569,-58.857,-58.569,0.288,0.288,0
1787801969.789,elbow_flex,55.413,57.495,55.413,-2.082,-2.082,0
1787801969.789,wrist_flex,7.188,8.484,7.188,-1.296,-1.296,0
1787801969.789,wrist_roll,6.409,6.374,6.409,0.035,0.035,0
1787801969.789,gripper,0.885,7.368,0.885,-6.483,-6.483,0
1787801969.840,shoulder_pan,-23.088,-22.813,-23.088,-0.275,-0.275,0
1787801969.840,shoulder_lift,-58.542,-58.681,-58.542,0.139,0.139,0
1787801969.840,elbow_flex,55.378,57.495,55.378,-2.116,-2.116,0
1787801969.840,wrist_flex,7.152,8.484,7.152,-1.332,-1.332,0
1787801969.840,wrist_roll,6.413,6.374,6.413,0.039,0.039,0
1787801969.840,gripper,0.885,7.368,0.885,-6.483,-6.483,0
1787801969.887,shoulder_pan,-23.067,-22.813,-23.067,-0.254,-0.254,0
1787801969.887,shoulder_lift,-58.491,-58.681,-58.491,0.191,0.191,0
1787801969.887,elbow_flex,55.344,57.495,55.344,-2.151,-2.151,0
1787801969.887,wrist_flex,7.135,8.396,7.135,-1.260,-1.260,0
1787801969.887,wrist_roll,6.413,6.374,6.413,0.040,0.040,0
1787801969.887,gripper,0.885,7.368,0.885,-6.483,-6.483,0
1787801969.937,shoulder_pan,-23.049,-22.813,-23.049,-0.236,-0.236,0
1787801969.937,shoulder_lift,-58.478,-58.593,-58.478,0.116,0.116,0
1787801969.937,elbow_flex,55.305,57.495,55.305,-2.190,-2.190,0
1787801969.937,wrist_flex,7.116,8.396,7.116,-1.280,-1.280,0
1787801969.937,wrist_roll,6.419,6.374,6.419,0.045,0.045,0
1787801969.937,gripper,0.885,7.368,0.885,-6.483,-6.483,0
1787801969.990,shoulder_pan,-23.031,-22.813,-23.031,-0.218,-0.218,0
1787801969.990,shoulder_lift,-58.417,-58.593,-58.417,0.176,0.176,0
1787801969.990,elbow_flex,55.249,57.495,55.249,-2.246,-2.246,0
1787801969.990,wrist_flex,7.102,8.396,7.102,-1.294,-1.294,0
1787801969.990,wrist_roll,6.424,6.374,6.424,0.050,0.050,0
1787801969.990,gripper,0.885,7.368,0.885,-6.483,-6.483,0
1787801970.038,shoulder_pan,-23.017,-22.813,-23.017,-0.204,-0.204,0
1787801970.038,shoulder_lift,-58.395,-58.593,-58.395,0.198,0.198,0
1787801970.038,elbow_flex,55.188,57.495,55.188,-2.306,-2.306,0
1787801970.038,wrist_flex,7.123,8.396,7.123,-1.273,-1.273,0
1787801970.038,wrist_roll,6.425,6.374,6.425,0.051,0.051,0
1787801970.038,gripper,0.885,7.368,0.885,-6.483,-6.483,0
1787801970.089,shoulder_pan,-23.003,-22.813,-23.003,-0.190,-0.190,0
1787801970.089,shoulder_lift,-58.373,-58.593,-58.373,0.221,0.221,0
1787801970.089,elbow_flex,55.162,57.495,55.162,-2.332,-2.332,0
1787801970.089,wrist_flex,7.099,8.396,7.099,-1.297,-1.297,0
1787801970.089,wrist_roll,6.432,6.374,6.432,0.058,0.058,0
1787801970.089,gripper,0.885,7.368,0.885,-6.483,-6.483,0
1787801970.138,shoulder_pan,-22.990,-22.813,-22.990,-0.177,-0.177,0
1787801970.138,shoulder_lift,-58.322,-58.593,-58.322,0.272,0.272,0
1787801970.138,elbow_flex,55.089,57.495,55.089,-2.406,-2.406,0
1787801970.138,wrist_flex,7.103,8.396,7.103,-1.293,-1.293,0
1787801970.138,wrist_roll,6.436,6.374,6.436,0.063,0.063,0
1787801970.138,gripper,0.885,7.368,0.885,-6.483,-6.483,0
1787801970.190,shoulder_pan,-22.979,-22.813,-22.979,-0.166,-0.166,0
1787801970.190,shoulder_lift,-58.303,-58.505,-58.303,0.203,0.203,0
1787801970.190,elbow_flex,55.060,57.495,55.060,-2.435,-2.435,0
1787801970.190,wrist_flex,7.100,8.396,7.100,-1.296,-1.296,0
1787801970.190,wrist_roll,6.441,6.374,6.441,0.067,0.067,0
1787801970.190,gripper,0.885,7.368,0.885,-6.483,-6.483,0
1787801970.240,shoulder_pan,-22.971,-22.813,-22.971,-0.158,-0.158,0
1787801970.240,shoulder_lift,-58.267,-58.418,-58.267,0.151,0.151,0
1787801970.240,elbow_flex,55.029,57.495,55.029,-2.466,-2.466,0
1787801970.240,wrist_flex,7.073,8.396,7.073,-1.323,-1.323,0
1787801970.240,wrist_roll,6.447,6.374,6.447,0.073,0.073,0
1787801970.240,gripper,0.885,7.368,0.885,-6.483,-6.483,0
1787801970.288,shoulder_pan,-22.960,-22.813,-22.960,-0.147,-0.147,0
1787801970.288,shoulder_lift,-58.259,-58.418,-58.259,0.158,0.158,0
1787801970.288,elbow_flex,54.979,57.495,54.979,-2.515,-2.515,0
1787801970.288,wrist_flex,7.116,8.396,7.116,-1.280,-1.280,0
1787801970.288,wrist_roll,6.450,6.374,6.450,0.076,0.076,0
1787801970.288,gripper,0.885,7.368,0.885,-6.483,-6.483,0
1787801970.341,shoulder_pan,-22.959,-22.813,-22.959,-0.146,-0.146,0
1787801970.341,shoulder_lift,-58.215,-58.418,-58.215,0.203,0.203,0
1787801970.341,elbow_flex,54.940,57.495,54.940,-2.554,-2.554,0
1787801970.341,wrist_flex,7.110,8.396,7.110,-1.285,-1.285,0
1787801970.341,wrist_roll,6.458,6.374,6.458,0.084,0.084,0
1787801970.341,gripper,0.885,7.368,0.885,-6.483,-6.483,0
1787801970.388,shoulder_pan,-22.953,-22.813,-22.953,-0.140,-0.140,0
1787801970.388,shoulder_lift,-58.213,-58.330,-58.213,0.116,0.116,0
1787801970.388,elbow_flex,54.916,57.495,54.916,-2.578,-2.578,0
1787801970.388,wrist_flex,7.108,8.396,7.108,-1.287,-1.287,0
1787801970.388,wrist_roll,6.462,6.374,6.462,0.088,0.088,0
1787801970.388,gripper,0.885,7.368,0.885,-6.483,-6.483,0
1787801970.440,shoulder_pan,-22.945,-22.813,-22.945,-0.132,-0.132,0
1787801970.440,shoulder_lift,-58.178,-58.330,-58.178,0.151,0.151,0
1787801970.440,elbow_flex,54.878,57.495,54.878,-2.617,-2.617,0
1787801970.440,wrist_flex,7.115,8.396,7.115,-1.280,-1.280,0
1787801970.440,wrist_roll,6.463,6.374,6.463,0.090,0.090,0
1787801970.440,gripper,0.885,7.368,0.885,-6.483,-6.483,0
1787801970.488,shoulder_pan,-22.948,-22.813,-22.948,-0.134,-0.134,0
1787801970.488,shoulder_lift,-58.155,-58.330,-58.155,0.175,0.175,0
1787801970.488,elbow_flex,54.864,57.495,54.864,-2.631,-2.631,0
1787801970.488,wrist_flex,7.108,8.396,7.108,-1.287,-1.287,0
1787801970.488,wrist_roll,6.473,6.374,6.473,0.099,0.099,0
1787801970.488,gripper,0.885,7.368,0.885,-6.483,-6.483,0
1787801970.540,shoulder_pan,-22.946,-22.813,-22.946,-0.133,-0.133,0
1787801970.540,shoulder_lift,-58.147,-58.330,-58.147,0.182,0.182,0
1787801970.540,elbow_flex,54.827,57.495,54.827,-2.668,-2.668,0
1787801970.540,wrist_flex,7.128,8.396,7.128,-1.268,-1.268,0
1787801970.540,wrist_roll,6.479,6.374,6.479,0.106,0.106,0
1787801970.540,gripper,0.885,7.368,0.885,-6.483,-6.483,0
1787801970.588,shoulder_pan,-22.945,-22.813,-22.945,-0.131,-0.131,0
1787801970.588,shoulder_lift,-58.141,-58.330,-58.141,0.189,0.189,0
1787801970.588,elbow_flex,54.806,57.495,54.806,-2.688,-2.688,0
1787801970.588,wrist_flex,7.139,8.308,7.139,-1.169,-1.169,0
1787801970.588,wrist_roll,6.484,6.374,6.484,0.111,0.111,0
1787801970.588,gripper,0.885,7.368,0.885,-6.483,-6.483,0
1787801970.641,shoulder_pan,-22.948,-22.813,-22.948,-0.135,-0.135,0
1787801970.641,shoulder_lift,-58.140,-58.330,-58.140,0.189,0.189,0
1787801970.641,elbow_flex,54.805,57.495,54.805,-2.690,-2.690,0
1787801970.641,wrist_flex,7.117,8.308,7.117,-1.191,-1.191,0
1787801970.641,wrist_roll,6.492,6.374,6.492,0.118,0.118,0
1787801970.641,gripper,0.885,7.368,0.885,-6.483,-6.483,0
1787801970.690,shoulder_pan,-22.951,-22.813,-22.951,-0.138,-0.138,0
1787801970.690,shoulder_lift,-58.115,-58.330,-58.115,0.215,0.215,0
1787801970.690,elbow_flex,54.794,57.495,54.794,-2.700,-2.700,0
1787801970.690,wrist_flex,7.104,8.308,7.104,-1.204,-1.204,0
1787801970.690,wrist_roll,6.497,6.374,6.497,0.124,0.124,0
1787801970.690,gripper,0.885,7.368,0.885,-6.483,-6.483,0
1787801970.740,shoulder_pan,-22.960,-22.813,-22.960,-0.147,-0.147,0
1787801970.740,shoulder_lift,-58.107,-58.330,-58.107,0.223,0.223,0
1787801970.740,elbow_flex,54.761,57.495,54.761,-2.734,-2.734,0
1787801970.740,wrist_flex,7.148,8.308,7.148,-1.160,-1.160,0
1787801970.740,wrist_roll,6.508,6.374,6.508,0.135,0.135,0
1787801970.740,gripper,0.885,7.368,0.885,-6.483,-6.483,0
1787801970.790,shoulder_pan,-22.962,-22.813,-22.962,-0.149,-0.149,0
1787801970.790,shoulder_lift,-58.058,-58.330,-58.058,0.271,0.271,0
1787801970.790,elbow_flex,54.741,57.495,54.741,-2.753,-2.753,0
1787801970.790,wrist_flex,7.130,8.308,7.130,-1.177,-1.177,0
1787801970.790,wrist_roll,6.513,6.374,6.513,0.139,0.139,0
1787801970.790,gripper,0.885,7.368,0.885,-6.483,-6.483,0
1787801970.839,shoulder_pan,-22.969,-22.813,-22.969,-0.156,-0.156,0
1787801970.839,shoulder_lift,-58.016,-58.330,-58.016,0.314,0.314,0
1787801970.839,elbow_flex,54.721,57.495,54.721,-2.774,-2.774,0
1787801970.839,wrist_flex,7.133,8.308,7.133,-1.175,-1.175,0
1787801970.839,wrist_roll,6.520,6.374,6.520,0.146,0.146,0
1787801970.839,gripper,0.885,7.368,0.885,-6.483,-6.483,0
1787801970.892,shoulder_pan,-22.974,-22.813,-22.974,-0.161,-0.161,0
1787801970.892,shoulder_lift,-57.985,-58.154,-57.985,0.169,0.169,0
1787801970.892,elbow_flex,54.679,57.495,54.679,-2.816,-2.816,0
1787801970.892,wrist_flex,7.159,8.308,7.159,-1.149,-1.149,0
1787801970.892,wrist_roll,6.527,6.374,6.527,0.153,0.153,0
1787801970.892,gripper,0.885,7.368,0.885,-6.483,-6.483,0
1787801970.939,shoulder_pan,-22.980,-22.813,-22.980,-0.167,-0.167,0
1787801970.939,shoulder_lift,-57.952,-58.154,-57.952,0.202,0.202,0
1787801970.939,elbow_flex,54.677,57.495,54.677,-2.817,-2.817,0
1787801970.939,wrist_flex,7.135,8.308,7.135,-1.173,-1.173,0
1787801970.939,wrist_roll,6.536,6.374,6.536,0.163,0.163,0
1787801970.939,gripper,0.885,7.368,0.885,-6.483,-6.483,0
1787801970.990,shoulder_pan,-22.991,-22.813,-22.991,-0.178,-0.178,0
1787801970.990,shoulder_lift,-57.921,-58.154,-57.921,0.233,0.233,0
1787801970.990,elbow_flex,54.666,57.495,54.666,-2.828,-2.828,0
1787801970.990,wrist_flex,7.122,8.308,7.122,-1.186,-1.186,0
1787801970.990,wrist_roll,6.543,6.374,6.543,0.170,0.170,0
1787801970.990,gripper,0.885,7.368,0.885,-6.483,-6.483,0
1787801971.040,shoulder_pan,-23.000,-22.813,-23.000,-0.187,-0.187,0
1787801971.040,shoulder_lift,-57.824,-58.066,-57.824,0.242,0.242,0
1787801971.040,elbow_flex,54.627,57.495,54.627,-2.868,-2.868,0
1787801971.040,wrist_flex,7.112,8.308,7.112,-1.196,-1.196,0
1787801971.040,wrist_roll,6.554,6.374,6.554,0.180,0.180,0
1787801971.040,gripper,0.885,7.368,0.885,-6.483,-6.483,0
1787801971.090,shoulder_pan,-23.008,-22.813,-23.008,-0.195,-0.195,0
1787801971.090,shoulder_lift,-57.785,-58.066,-57.785,0.281,0.281,0
1787801971.090,elbow_flex,54.625,57.495,54.625,-2.870,-2.870,0
1787801971.090,wrist_flex,7.076,8.220,7.076,-1.143,-1.143,0
1787801971.090,wrist_roll,6.560,6.374,6.560,0.187,0.187,0
1787801971.090,gripper,0.885,7.368,0.885,-6.483,-6.483,0
1787801971.141,shoulder_pan,-23.018,-22.813,-23.018,-0.205,-0.205,0
1787801971.141,shoulder_lift,-57.685,-58.066,-57.685,0.381,0.381,0
1787801971.141,elbow_flex,54.601,57.495,54.601,-2.893,-2.893,0
1787801971.141,wrist_flex,7.020,8.220,7.020,-1.199,-1.199,0
1787801971.141,wrist_roll,6.569,6.374,6.569,0.195,0.195,0
1787801971.141,gripper,0.885,7.368,0.885,-6.483,-6.483,0
1787801971.190,shoulder_pan,-23.026,-22.813,-23.026,-0.213,-0.213,0
1787801971.190,shoulder_lift,-57.629,-57.890,-57.629,0.262,0.262,0
1787801971.190,elbow_flex,54.609,57.495,54.609,-2.885,-2.885,0
1787801971.190,wrist_flex,6.973,8.220,6.973,-1.246,-1.246,0
1787801971.190,wrist_roll,6.574,6.374,6.574,0.201,0.201,0
1787801971.190,gripper,0.885,7.368,0.885,-6.483,-6.483,0
1787801971.241,shoulder_pan,-23.034,-22.813,-23.034,-0.221,-0.221,0
1787801971.241,shoulder_lift,-57.505,-57.890,-57.505,0.385,0.385,0
1787801971.241,elbow_flex,54.577,57.495,54.577,-2.917,-2.917,0
1787801971.241,wrist_flex,6.912,8.220,6.912,-1.308,-1.308,0
1787801971.241,wrist_roll,6.582,6.374,6.582,0.208,0.208,0
1787801971.241,gripper,0.885,7.368,0.885,-6.483,-6.483,0
1787801971.291,shoulder_pan,-23.045,-22.813,-23.045,-0.231,-0.231,0
1787801971.291,shoulder_lift,-57.410,-57.890,-57.410,0.480,0.480,0
1787801971.291,elbow_flex,54.560,57.495,54.560,-2.934,-2.934,0
1787801971.291,wrist_flex,6.859,8.220,6.859,-1.361,-1.361,0
1787801971.291,wrist_roll,6.589,6.374,6.589,0.215,0.215,0
1787801971.291,gripper,0.885,7.368,0.885,-6.483,-6.483,0
1787801971.341,shoulder_pan,-23.051,-22.813,-23.051,-0.238,-0.238,0
1787801971.341,shoulder_lift,-57.266,-57.714,-57.266,0.448,0.448,0
1787801971.341,elbow_flex,54.531,57.495,54.531,-2.964,-2.964,0
1787801971.341,wrist_flex,6.807,8.220,6.807,-1.412,-1.412,0
1787801971.341,wrist_roll,6.598,6.374,6.598,0.224,0.224,0
1787801971.341,gripper,0.885,7.368,0.885,-6.483,-6.483,0
1787801971.392,shoulder_pan,-23.059,-22.813,-23.059,-0.246,-0.246,0
1787801971.392,shoulder_lift,-57.208,-57.626,-57.208,0.418,0.418,0
1787801971.392,elbow_flex,54.532,57.495,54.532,-2.963,-2.963,0
1787801971.392,wrist_flex,6.770,8.044,6.770,-1.274,-1.274,0
1787801971.392,wrist_roll,6.602,6.374,6.602,0.228,0.228,0
1787801971.392,gripper,0.885,7.368,0.885,-6.483,-6.483,0
1787801971.441,shoulder_pan,-23.069,-22.813,-23.069,-0.256,-0.256,0
1787801971.441,shoulder_lift,-57.087,-57.538,-57.087,0.451,0.451,0
1787801971.441,elbow_flex,54.512,57.495,54.512,-2.983,-2.983,0
1787801971.441,wrist_flex,6.699,7.956,6.699,-1.257,-1.257,0
1787801971.441,wrist_roll,6.608,6.374,6.608,0.235,0.235,0
1787801971.441,gripper,0.885,7.368,0.885,-6.483,-6.483,0
1787801971.491,shoulder_pan,-23.072,-22.813,-23.072,-0.259,-0.259,0
1787801971.491,shoulder_lift,-56.970,-57.538,-56.970,0.568,0.568,0
1787801971.491,elbow_flex,54.500,57.495,54.500,-2.994,-2.994,0
1787801971.491,wrist_flex,6.628,7.956,6.628,-1.328,-1.328,0
1787801971.491,wrist_roll,6.614,6.374,6.614,0.241,0.241,0
1787801971.491,gripper,0.885,7.368,0.885,-6.483,-6.483,0
1787801971.542,shoulder_pan,-23.077,-22.813,-23.077,-0.264,-0.264,0
1787801971.542,shoulder_lift,-56.836,-57.363,-56.836,0.527,0.527,0
1787801971.542,elbow_flex,54.464,57.495,54.464,-3.031,-3.031,0
1787801971.542,wrist_flex,6.573,7.956,6.573,-1.383,-1.383,0
1787801971.542,wrist_roll,6.621,6.374,6.621,0.248,0.248,0
1787801971.542,gripper,0.885,7.368,0.885,-6.483,-6.483,0
1787801971.591,shoulder_pan,-23.084,-22.813,-23.084,-0.270,-0.270,0
1787801971.591,shoulder_lift,-56.735,-57.363,-56.735,0.628,0.628,0
1787801971.591,elbow_flex,54.463,57.495,54.463,-3.032,-3.032,0
1787801971.591,wrist_flex,6.486,7.956,6.486,-1.470,-1.470,0
1787801971.591,wrist_roll,6.627,6.374,6.627,0.253,0.253,0
1787801971.591,gripper,0.885,7.368,0.885,-6.483,-6.483,0
1787801971.639,shoulder_pan,-23.088,-22.813,-23.088,-0.274,-0.274,0
1787801971.639,shoulder_lift,-56.618,-57.275,-56.618,0.656,0.656,0
1787801971.639,elbow_flex,54.463,57.495,54.463,-3.032,-3.032,0
1787801971.639,wrist_flex,6.402,7.868,6.402,-1.466,-1.466,0
1787801971.639,wrist_roll,6.637,6.374,6.637,0.263,0.263,0
1787801971.639,gripper,0.885,7.368,0.885,-6.483,-6.483,0
1787801971.691,shoulder_pan,-23.085,-22.813,-23.085,-0.271,-0.271,0
1787801971.691,shoulder_lift,-56.544,-57.099,-56.544,0.555,0.555,0
1787801971.691,elbow_flex,54.455,57.495,54.455,-3.039,-3.039,0
1787801971.691,wrist_flex,6.318,7.868,6.318,-1.550,-1.550,0
1787801971.691,wrist_roll,6.642,6.374,6.642,0.268,0.268,0
1787801971.691,gripper,0.885,7.368,0.885,-6.483,-6.483,0
1787801971.742,shoulder_pan,-23.088,-22.813,-23.088,-0.275,-0.275,0
1787801971.742,shoulder_lift,-56.479,-57.099,-56.479,0.620,0.620,0
1787801971.742,elbow_flex,54.454,57.495,54.454,-3.040,-3.040,0
1787801971.742,wrist_flex,6.258,7.692,6.258,-1.434,-1.434,0
1787801971.742,wrist_roll,6.649,6.374,6.649,0.275,0.275,0
1787801971.742,gripper,0.885,7.368,0.885,-6.483,-6.483,0
1787801971.793,shoulder_pan,-23.089,-22.813,-23.089,-0.276,-0.276,0
1787801971.793,shoulder_lift,-56.353,-57.099,-56.353,0.746,0.746,0
1787801971.793,elbow_flex,54.432,57.495,54.432,-3.062,-3.062,0
1787801971.793,wrist_flex,6.180,7.692,6.180,-1.512,-1.512,0
1787801971.793,wrist_roll,6.653,6.374,6.653,0.279,0.279,0
1787801971.793,gripper,0.885,7.368,0.885,-6.483,-6.483,0
1787801971.841,shoulder_pan,-23.086,-22.813,-23.086,-0.273,-0.273,0
1787801971.841,shoulder_lift,-56.258,-56.923,-56.258,0.665,0.665,0
1787801971.841,elbow_flex,54.427,57.495,54.427,-3.068,-3.068,0
1787801971.841,wrist_flex,6.058,7.604,6.058,-1.547,-1.547,0
1787801971.841,wrist_roll,6.663,6.374,6.663,0.289,0.289,0
1787801971.841,gripper,0.885,7.368,0.885,-6.483,-6.483,0
1787801971.892,shoulder_pan,-23.087,-22.813,-23.087,-0.274,-0.274,0
1787801971.892,shoulder_lift,-56.135,-56.835,-56.135,0.700,0.700,0
1787801971.892,elbow_flex,54.411,57.495,54.411,-3.083,-3.083,0
1787801971.892,wrist_flex,5.977,7.604,5.977,-1.627,-1.627,0
1787801971.892,wrist_roll,6.664,6.374,6.664,0.291,0.291,0
1787801971.892,gripper,0.885,7.368,0.885,-6.483,-6.483,0
1787801971.942,shoulder_pan,-23.079,-22.813,-23.079,-0.266,-0.266,0
1787801971.942,shoulder_lift,-56.045,-56.835,-56.045,0.790,0.790,0
1787801971.942,elbow_flex,54.403,57.495,54.403,-3.091,-3.091,0
1787801971.942,wrist_flex,5.866,7.516,5.866,-1.650,-1.650,0
1787801971.942,wrist_roll,6.670,6.374,6.670,0.297,0.297,0
1787801971.942,gripper,0.885,7.368,0.885,-6.483,-6.483,0
1787801971.993,shoulder_pan,-23.086,-22.813,-23.086,-0.273,-0.273,0
1787801971.993,shoulder_lift,-56.007,-56.835,-56.007,0.829,0.829,0
1787801971.993,elbow_flex,54.398,57.495,54.398,-3.096,-3.096,0
1787801971.993,wrist_flex,5.815,7.516,5.815,-1.702,-1.702,0
1787801971.993,wrist_roll,6.673,6.374,6.673,0.299,0.299,0
1787801971.993,gripper,0.884,7.368,0.884,-6.483,-6.483,0
1787801972.041,shoulder_pan,-23.080,-22.813,-23.080,-0.267,-0.267,0
1787801972.041,shoulder_lift,-55.860,-56.835,-55.860,0.975,0.975,0
1787801972.041,elbow_flex,54.364,57.495,54.364,-3.130,-3.130,0
1787801972.041,wrist_flex,5.713,7.253,5.713,-1.540,-1.540,0
1787801972.041,wrist_roll,6.676,6.374,6.676,0.303,0.303,0
1787801972.041,gripper,0.884,7.368,0.884,-6.483,-6.483,0
1787801972.091,shoulder_pan,-23.075,-22.813,-23.075,-0.262,-0.262,0
1787801972.091,shoulder_lift,-55.789,-56.747,-55.789,0.959,0.959,0
1787801972.091,elbow_flex,54.367,57.495,54.367,-3.127,-3.127,0
1787801972.091,wrist_flex,5.595,7.253,5.595,-1.658,-1.658,0
1787801972.091,wrist_roll,6.681,6.374,6.681,0.307,0.307,0
1787801972.091,gripper,0.884,7.368,0.884,-6.483,-6.483,0
1787801972.142,shoulder_pan,-23.070,-22.813,-23.070,-0.257,-0.257,0
1787801972.142,shoulder_lift,-55.720,-56.659,-55.720,0.940,0.940,0
1787801972.142,elbow_flex,54.352,57.495,54.352,-3.143,-3.143,0
1787801972.142,wrist_flex,5.514,7.253,5.514,-1.739,-1.739,0
1787801972.142,wrist_roll,6.685,6.374,6.685,0.311,0.311,0
1787801972.142,gripper,0.884,7.368,0.884,-6.483,-6.483,0
1787801972.191,shoulder_pan,-23.066,-22.813,-23.066,-0.252,-0.252,0
1787801972.191,shoulder_lift,-55.650,-56.484,-55.650,0.833,0.833,0
1787801972.191,elbow_flex,54.325,57.495,54.325,-3.169,-3.169,0
1787801972.191,wrist_flex,5.442,7.077,5.442,-1.635,-1.635,0
1787801972.191,wrist_roll,6.687,6.374,6.687,0.313,0.313,0
1787801972.191,gripper,0.884,7.368,0.884,-6.483,-6.483,0
1787801972.243,shoulder_pan,-23.061,-22.813,-23.061,-0.248,-0.248,0
1787801972.243,shoulder_lift,-55.546,-56.484,-55.546,0.937,0.937,0
1787801972.243,elbow_flex,54.302,57.495,54.302,-3.193,-3.193,0
1787801972.243,wrist_flex,5.322,6.901,5.322,-1.579,-1.579,0
1787801972.243,wrist_roll,6.687,6.374,6.687,0.313,0.313,0
1787801972.243,gripper,0.884,7.368,0.884,-6.483,-6.483,0
1787801972.291,shoulder_pan,-23.054,-22.813,-23.054,-0.241,-0.241,0
1787801972.291,shoulder_lift,-55.440,-56.484,-55.440,1.044,1.044,0
1787801972.291,elbow_flex,54.265,57.495,54.265,-3.230,-3.230,0
1787801972.291,wrist_flex,5.218,6.901,5.218,-1.683,-1.683,0
1787801972.291,wrist_roll,6.691,6.374,6.691,0.317,0.317,0
1787801972.291,gripper,0.884,7.368,0.884,-6.483,-6.483,0
1787801972.341,shoulder_pan,-23.048,-22.813,-23.048,-0.234,-0.234,0
1787801972.341,shoulder_lift,-55.349,-56.308,-55.349,0.958,0.958,0
1787801972.341,elbow_flex,54.241,57.495,54.241,-3.253,-3.253,0
1787801972.341,wrist_flex,5.083,6.813,5.083,-1.730,-1.730,0
1787801972.341,wrist_roll,6.688,6.374,6.688,0.315,0.315,0
1787801972.341,gripper,0.884,7.368,0.884,-6.483,-6.483,0
1787801972.394,shoulder_pan,-23.043,-22.813,-23.043,-0.230,-0.230,0
1787801972.394,shoulder_lift,-55.219,-56.308,-55.219,1.088,1.088,0
1787801972.394,elbow_flex,54.219,57.495,54.219,-3.275,-3.275,0
1787801972.394,wrist_flex,4.939,6.725,4.939,-1.786,-1.786,0
1787801972.394,wrist_roll,6.693,6.374,6.693,0.319,0.319,0
1787801972.394,gripper,0.884,7.368,0.884,-6.483,-6.483,0
1787801972.443,shoulder_pan,-23.037,-22.813,-23.037,-0.224,-0.224,0
1787801972.443,shoulder_lift,-55.082,-56.308,-55.082,1.226,1.226,0
1787801972.443,elbow_flex,54.162,57.495,54.162,-3.332,-3.332,0
1787801972.443,wrist_flex,4.809,6.637,4.809,-1.828,-1.828,0
1787801972.443,wrist_roll,6.691,6.374,6.691,0.317,0.317,0
1787801972.443,gripper,0.884,7.368,0.884,-6.483,-6.483,0
1787801972.492,shoulder_pan,-23.029,-22.813,-23.029,-0.216,-0.216,0
1787801972.492,shoulder_lift,-54.913,-56.044,-54.913,1.131,1.131,0
1787801972.492,elbow_flex,54.133,57.495,54.133,-3.362,-3.362,0
1787801972.492,wrist_flex,4.639,6.549,4.639,-1.910,-1.910,0
1787801972.492,wrist_roll,6.692,6.374,6.692,0.318,0.318,0
1787801972.492,gripper,0.884,7.368,0.884,-6.483,-6.483,0
1787801972.543,shoulder_pan,-23.021,-22.813,-23.021,-0.207,-0.207,0
1787801972.543,shoulder_lift,-54.703,-56.044,-54.703,1.341,1.341,0
1787801972.543,elbow_flex,54.089,57.495,54.089,-3.405,-3.405,0
1787801972.543,wrist_flex,4.452,6.374,4.452,-1.922,-1.922,0
1787801972.543,wrist_roll,6.691,6.374,6.691,0.318,0.318,0
1787801972.543,gripper,0.884,7.368,0.884,-6.483,-6.483,0
1787801972.593,shoulder_pan,-23.004,-22.813,-23.004,-0.191,-0.191,0
1787801972.593,shoulder_lift,-54.402,-55.868,-54.402,1.466,1.466,0
1787801972.593,elbow_flex,54.018,57.495,54.018,-3.476,-3.476,0
1787801972.593,wrist_flex,4.159,6.198,4.159,-2.039,-2.039,0
1787801972.593,wrist_roll,6.696,6.374,6.696,0.322,0.322,0
1787801972.593,gripper,0.884,7.368,0.884,-6.483,-6.483,0
1787801972.644,shoulder_pan,-22.986,-22.813,-22.986,-0.172,-0.172,0
1787801972.644,shoulder_lift,-54.139,-55.692,-54.139,1.553,1.553,0
1787801972.644,elbow_flex,53.969,57.495,53.969,-3.525,-3.525,0
1787801972.644,wrist_flex,3.919,5.934,3.919,-2.016,-2.016,0
1787801972.644,wrist_roll,6.700,6.374,6.700,0.327,0.327,0
1787801972.644,gripper,0.884,7.368,0.884,-6.483,-6.483,0
1787801972.692,shoulder_pan,-22.962,-22.813,-22.962,-0.148,-0.148,0
1787801972.692,shoulder_lift,-53.812,-55.429,-53.812,1.616,1.616,0
1787801972.692,elbow_flex,53.888,57.495,53.888,-3.607,-3.607,0
1787801972.692,wrist_flex,3.656,5.758,3.656,-2.103,-2.103,0
1787801972.692,wrist_roll,6.702,6.374,6.702,0.328,0.328,0
1787801972.692,gripper,0.884,7.368,0.884,-6.483,-6.483,0
1787801972.743,shoulder_pan,-22.935,-22.813,-22.935,-0.122,-0.122,0
1787801972.743,shoulder_lift,-53.477,-55.341,-53.477,1.863,1.863,0
1787801972.743,elbow_flex,53.821,57.495,53.821,-3.673,-3.673,0
1787801972.743,wrist_flex,3.382,5.582,3.382,-2.201,-2.201,0
1787801972.743,wrist_roll,6.706,6.374,6.706,0.332,0.332,0
1787801972.743,gripper,0.884,7.368,0.884,-6.483,-6.483,0
1787801972.794,shoulder_pan,-22.895,-22.813,-22.895,-0.082,-0.082,0
1787801972.794,shoulder_lift,-52.960,-55.077,-52.960,2.117,2.117,0
1787801972.794,elbow_flex,53.748,57.495,53.748,-3.747,-3.747,0
1787801972.794,wrist_flex,2.944,5.231,2.944,-2.286,-2.286,0
1787801972.794,wrist_roll,6.712,6.374,6.712,0.338,0.338,0
1787801972.794,gripper,0.884,7.368,0.884,-6.483,-6.483,0
1787801972.843,shoulder_pan,-22.797,-22.813,-22.797,0.016,0.016,0
1787801972.843,shoulder_lift,-52.474,-54.725,-52.474,2.252,2.252,0
1787801972.843,elbow_flex,53.641,57.495,53.641,-3.854,-3.854,0
1787801972.843,wrist_flex,2.569,4.879,2.569,-2.310,-2.310,0
1787801972.843,wrist_roll,6.719,6.374,6.719,0.345,0.345,0
1787801972.843,gripper,0.884,7.368,0.884,-6.483,-6.483,0
1787801972.894,shoulder_pan,-22.708,-22.813,-22.708,0.105,0.105,0
1787801972.894,shoulder_lift,-51.882,-54.462,-51.882,2.580,2.580,0
1787801972.894,elbow_flex,53.577,57.495,53.577,-3.918,-3.918,0
1787801972.894,wrist_flex,2.041,4.615,2.041,-2.574,-2.574,0
1787801972.894,wrist_roll,6.724,6.286,6.724,0.438,0.438,0
1787801972.894,gripper,0.884,7.368,0.884,-6.483,-6.483,0
1787801972.943,shoulder_pan,-22.503,-22.813,-22.503,0.310,0.310,0
1787801972.943,shoulder_lift,-50.994,-54.198,-50.994,3.204,3.204,0
1787801972.943,elbow_flex,53.448,57.495,53.448,-4.046,-4.046,0
1787801972.943,wrist_flex,1.374,4.264,1.374,-2.890,-2.890,0
1787801972.943,wrist_roll,6.731,6.286,6.731,0.445,0.445,0
1787801972.943,gripper,0.884,7.368,0.884,-6.483,-6.483,0
1787801972.995,shoulder_pan,-22.298,-22.813,-22.298,0.515,0.515,0
1787801972.995,shoulder_lift,-50.131,-53.758,-50.131,3.627,3.627,0
1787801972.995,elbow_flex,53.413,57.495,53.413,-4.081,-4.081,0
1787801972.995,wrist_flex,0.614,3.824,0.614,-3.210,-3.210,0
1787801972.995,wrist_roll,6.735,6.198,6.735,0.537,0.537,0
1787801972.995,gripper,0.884,7.368,0.884,-6.483,-6.483,0
1787801973.043,shoulder_pan,-22.078,-22.813,-22.078,0.735,0.735,0
1787801973.043,shoulder_lift,-49.273,-53.231,-49.273,3.958,3.958,0
1787801973.043,elbow_flex,53.419,57.495,53.419,-4.075,-4.075,0
1787801973.043,wrist_flex,-0.210,3.297,-0.210,-3.507,-3.507,0
1787801973.043,wrist_roll,6.738,6.198,6.738,0.541,0.541,0
1787801973.043,gripper,0.884,7.368,0.884,-6.483,-6.483,0
1787801973.094,shoulder_pan,-21.845,-22.637,-21.845,0.792,0.792,0
1787801973.094,shoulder_lift,-48.626,-52.703,-48.626,4.077,4.077,0
1787801973.094,elbow_flex,53.503,57.495,53.503,-3.992,-3.992,0
1787801973.094,wrist_flex,-0.929,2.505,-0.929,-3.435,-3.435,0
1787801973.094,wrist_roll,6.735,6.198,6.735,0.537,0.537,0
1787801973.094,gripper,0.885,7.368,0.885,-6.483,-6.483,0
1787801973.144,shoulder_pan,-21.586,-22.549,-21.586,0.964,0.964,0
1787801973.144,shoulder_lift,-48.093,-52.176,-48.093,4.083,4.083,0
1787801973.144,elbow_flex,53.711,57.582,53.711,-3.872,-3.872,0
1787801973.144,wrist_flex,-1.709,1.890,-1.709,-3.600,-3.600,0
1787801973.144,wrist_roll,6.729,6.198,6.729,0.531,0.531,0
1787801973.144,gripper,0.887,7.368,0.887,-6.480,-6.480,0
1787801973.193,shoulder_pan,-21.319,-22.286,-21.319,0.967,0.967,0
1787801973.193,shoulder_lift,-48.021,-51.824,-48.021,3.803,3.803,0
1787801973.193,elbow_flex,54.228,57.582,54.228,-3.354,-3.354,0
1787801973.193,wrist_flex,-2.379,1.363,-2.379,-3.741,-3.741,0
1787801973.193,wrist_roll,6.726,6.198,6.726,0.528,0.528,0
1787801973.193,gripper,0.888,7.368,0.888,-6.480,-6.480,0
1787801973.244,shoulder_pan,-21.067,-22.286,-21.067,1.219,1.219,0
1787801973.244,shoulder_lift,-48.270,-51.648,-48.270,3.379,3.379,0
1787801973.244,elbow_flex,54.796,57.670,54.796,-2.874,-2.874,0
1787801973.244,wrist_flex,-2.842,0.659,-2.842,-3.501,-3.501,0
1787801973.244,wrist_roll,6.719,6.198,6.719,0.521,0.521,0
1787801973.244,gripper,0.887,7.368,0.887,-6.480,-6.480,0
1787801973.294,shoulder_pan,-20.850,-22.110,-20.850,1.260,1.260,0
1787801973.294,shoulder_lift,-49.290,-51.560,-49.290,2.271,2.271,0
1787801973.294,elbow_flex,55.697,57.670,55.697,-1.973,-1.973,0
1787801973.294,wrist_flex,-2.897,0.396,-2.897,-3.293,-3.293,0
1787801973.294,wrist_roll,6.714,6.198,6.714,0.517,0.517,0
1787801973.294,gripper,0.887,7.368,0.887,-6.480,-6.480,0
1787801973.345,shoulder_pan,-20.729,-22.022,-20.729,1.293,1.293,0
1787801973.345,shoulder_lift,-50.526,-51.560,-50.526,1.034,1.034,0
1787801973.345,elbow_flex,56.410,57.758,56.410,-1.348,-1.348,0
1787801973.345,wrist_flex,-2.571,0.132,-2.571,-2.703,-2.703,0
1787801973.345,wrist_roll,6.710,6.110,6.710,0.600,0.600,0
1787801973.345,gripper,0.887,7.368,0.887,-6.481,-6.481,0
1787801973.396,shoulder_pan,-20.613,-21.934,-20.613,1.321,1.321,0
1787801973.396,shoulder_lift,-51.883,-51.560,-51.883,-0.322,-0.322,0
1787801973.396,elbow_flex,57.255,57.758,57.255,-0.503,-0.503,0
1787801973.396,wrist_flex,-2.044,0.132,-2.044,-2.176,-2.176,0
1787801973.396,wrist_roll,6.705,6.110,6.705,0.595,0.595,0
1787801973.396,gripper,0.886,7.368,0.886,-6.482,-6.482,0
1787801973.443,shoulder_pan,-20.532,-21.934,-20.532,1.402,1.402,0
1787801973.443,shoulder_lift,-53.471,-51.736,-53.471,-1.735,-1.735,0
1787801973.443,elbow_flex,58.024,57.846,58.024,0.178,0.178,0
1787801973.443,wrist_flex,-1.222,0.132,-1.222,-1.354,-1.354,0
1787801973.443,wrist_roll,6.705,6.110,6.705,0.595,0.595,0
1787801973.443,gripper,0.886,7.368,0.886,-6.482,-6.482,0
1787801973.494,shoulder_pan,-20.389,-21.934,-20.389,1.545,1.545,0
1787801973.494,shoulder_lift,-55.391,-52.527,-55.391,-2.863,-2.863,0
1787801973.494,elbow_flex,59.101,58.549,59.101,0.552,0.552,0
1787801973.494,wrist_flex,-0.302,0.044,-0.302,-0.345,-0.345,0
1787801973.494,wrist_roll,6.705,6.110,6.705,0.595,0.595,0
1787801973.494,gripper,0.885,7.368,0.885,-6.483,-6.483,0
1787801973.546,shoulder_pan,-20.329,-21.846,-20.329,1.517,1.517,0
1787801973.546,shoulder_lift,-57.228,-53.758,-57.228,-3.470,-3.470,0
1787801973.546,elbow_flex,59.886,59.341,59.886,0.545,0.545,0
1787801973.546,wrist_flex,0.997,0.044,0.997,0.954,0.954,0
1787801973.546,wrist_roll,6.698,6.110,6.698,0.588,0.588,0
1787801973.546,gripper,0.885,7.368,0.885,-6.483,-6.483,0
1787801973.594,shoulder_pan,-20.202,-21.846,-20.202,1.644,1.644,0
1787801973.594,shoulder_lift,-58.805,-54.989,-58.805,-3.816,-3.816,0
1787801973.594,elbow_flex,60.780,60.220,60.780,0.560,0.560,0
1787801973.594,wrist_flex,1.915,0.308,1.915,1.607,1.607,0
1787801973.594,wrist_roll,6.702,6.286,6.702,0.416,0.416,0
1787801973.594,gripper,0.885,7.368,0.885,-6.483,-6.483,0
1787801973.645,shoulder_pan,-20.020,-21.758,-20.020,1.739,1.739,0
1787801973.645,shoulder_lift,-60.659,-56.571,-60.659,-4.088,-4.088,0
1787801973.645,elbow_flex,61.905,60.835,61.905,1.070,1.070,0
1787801973.645,wrist_flex,3.224,1.099,3.224,2.125,2.125,0
1787801973.645,wrist_roll,6.690,6.286,6.690,0.404,0.404,0
1787801973.645,gripper,0.885,7.368,0.885,-6.483,-6.483,0
1787801973.695,shoulder_pan,-19.812,-21.495,-19.812,1.683,1.683,0
1787801973.695,shoulder_lift,-62.150,-57.802,-62.150,-4.348,-4.348,0
1787801973.695,elbow_flex,62.971,61.451,62.971,1.521,1.521,0
1787801973.695,wrist_flex,4.286,1.890,4.286,2.396,2.396,0
1787801973.695,wrist_roll,6.693,6.286,6.693,0.407,0.407,0
1787801973.695,gripper,0.886,7.368,0.886,-6.482,-6.482,0
1787801973.743,shoulder_pan,-19.530,-20.615,-19.530,1.085,1.085,0
1787801973.743,shoulder_lift,-63.876,-59.385,-63.876,-4.492,-4.492,0
1787801973.743,elbow_flex,64.262,62.681,64.262,1.580,1.580,0
1787801973.743,wrist_flex,5.544,2.945,5.544,2.598,2.598,0
1787801973.743,wrist_roll,6.691,6.286,6.691,0.405,0.405,0
1787801973.743,gripper,0.889,7.368,0.889,-6.479,-6.479,0
1787801973.796,shoulder_pan,-19.118,-20.264,-19.118,1.146,1.146,0
1787801973.796,shoulder_lift,-66.200,-60.791,-66.200,-5.409,-5.409,0
1787801973.796,elbow_flex,66.130,63.560,66.130,2.569,2.569,0
1787801973.796,wrist_flex,7.520,4.176,7.520,3.344,3.344,0
1787801973.796,wrist_roll,6.703,6.110,6.703,0.593,0.593,0
1787801973.796,gripper,0.896,7.368,0.896,-6.472,-6.472,0
1787801973.845,shoulder_pan,-18.712,-20.000,-18.712,1.288,1.288,0
1787801973.845,shoulder_lift,-68.940,-62.462,-68.940,-6.478,-6.478,0
1787801973.845,elbow_flex,68.122,64.440,68.122,3.682,3.682,0
1787801973.845,wrist_flex,9.891,5.319,9.891,4.573,4.573,0
1787801973.845,wrist_roll,6.711,6.286,6.711,0.425,0.425,0
1787801973.845,gripper,0.902,7.368,0.902,-6.466,-6.466,0
1787801973.895,shoulder_pan,-18.424,-19.473,-18.424,1.049,1.049,0
1787801973.895,shoulder_lift,-70.670,-64.835,-70.670,-5.835,-5.835,0
1787801973.895,elbow_flex,69.468,66.198,69.468,3.270,3.270,0
1787801973.895,wrist_flex,11.620,7.165,11.620,4.455,4.455,0
1787801973.895,wrist_roll,6.725,6.198,6.725,0.527,0.527,0
1787801973.895,gripper,0.910,7.368,0.910,-6.458,-6.458,0
1787801973.946,shoulder_pan,-18.017,-19.121,-18.017,1.104,1.104,0
1787801973.946,shoulder_lift,-72.790,-67.209,-72.790,-5.581,-5.581,0
1787801973.946,elbow_flex,71.129,68.308,71.129,2.822,2.822,0
1787801973.946,wrist_flex,13.702,9.275,13.702,4.428,4.428,0
1787801973.946,wrist_roll,6.727,6.198,6.727,0.530,0.530,0
1787801973.946,gripper,0.911,7.368,0.911,-6.456,-6.456,0
1787801973.994,shoulder_pan,-17.603,-18.857,-17.603,1.255,1.255,0
1787801973.994,shoulder_lift,-75.431,-68.967,-75.431,-6.464,-6.464,0
1787801973.994,elbow_flex,72.974,69.802,72.974,3.172,3.172,0
1787801973.994,wrist_flex,16.372,10.945,16.372,5.427,5.427,0
1787801973.994,wrist_roll,6.743,6.286,6.743,0.457,0.457,0
1787801973.994,gripper,0.924,7.368,0.924,-6.444,-6.444,0
1787801974.046,shoulder_pan,-17.291,-18.330,-17.291,1.038,1.038,0
1787801974.046,shoulder_lift,-76.887,-71.429,-76.887,-5.458,-5.458,0
1787801974.046,elbow_flex,74.139,71.560,74.139,2.578,2.578,0
1787801974.046,wrist_flex,18.071,13.143,18.071,4.928,4.928,0
1787801974.046,wrist_roll,6.749,6.286,6.749,0.463,0.463,0
1787801974.046,gripper,0.929,7.368,0.929,-6.439,-6.439,0
1787801974.094,shoulder_pan,-17.026,-17.978,-17.026,0.952,0.952,0
1787801974.094,shoulder_lift,-77.957,-73.538,-77.957,-4.418,-4.418,0
1787801974.094,elbow_flex,75.115,73.143,75.115,1.972,1.972,0
1787801974.094,wrist_flex,19.689,15.341,19.689,4.348,4.348,0
1787801974.094,wrist_roll,6.765,6.286,6.765,0.479,0.479,0
1787801974.094,gripper,0.938,7.368,0.938,-6.430,-6.430,0
1787801974.145,shoulder_pan,-16.568,-17.714,-16.568,1.147,1.147,0
1787801974.145,shoulder_lift,-80.307,-75.385,-80.307,-4.923,-4.923,0
1787801974.145,elbow_flex,76.849,74.462,76.849,2.387,2.387,0
1787801974.145,wrist_flex,22.578,17.363,22.578,5.215,5.215,0
1787801974.145,wrist_roll,6.774,6.286,6.774,0.488,0.488,0
1787801974.145,gripper,0.946,7.368,0.946,-6.422,-6.422,0
1787801974.196,shoulder_pan,-16.270,-17.363,-16.270,1.093,1.093,0
1787801974.196,shoulder_lift,-81.640,-76.791,-81.640,-4.849,-4.849,0
1787801974.196,elbow_flex,77.939,75.516,77.939,2.422,2.422,0
1787801974.196,wrist_flex,24.520,19.033,24.520,5.487,5.487,0
1787801974.196,wrist_roll,6.783,6.286,6.783,0.497,0.497,0
1787801974.196,gripper,0.954,7.368,0.954,-6.414,-6.414,0
1787801974.244,shoulder_pan,-15.968,-16.923,-15.968,0.956,0.956,0
1787801974.244,shoulder_lift,-82.812,-78.989,-82.812,-3.823,-3.823,0
1787801974.244,elbow_flex,78.961,77.099,78.961,1.862,1.862,0
1787801974.244,wrist_flex,26.560,21.582,26.560,4.977,4.977,0
1787801974.244,wrist_roll,6.794,6.286,6.794,0.508,0.508,0
1787801974.244,gripper,0.958,7.368,0.958,-6.410,-6.410,0
1787801974.294,shoulder_pan,-15.626,-16.659,-15.626,1.033,1.033,0
1787801974.294,shoulder_lift,-84.350,-80.396,-84.350,-3.954,-3.954,0
1787801974.294,elbow_flex,80.145,78.418,80.145,1.727,1.727,0
1787801974.294,wrist_flex,28.563,23.692,28.563,4.871,4.871,0
1787801974.294,wrist_roll,6.800,6.286,6.800,0.514,0.514,0
1787801974.294,gripper,0.963,7.368,0.963,-6.404,-6.404,0
1787801974.346,shoulder_pan,-15.366,-16.396,-15.366,1.029,1.029,0
1787801974.346,shoulder_lift,-85.309,-81.890,-85.309,-3.419,-3.419,0
1787801974.346,elbow_flex,80.963,79.560,80.963,1.402,1.402,0
1787801974.346,wrist_flex,30.475,25.802,30.475,4.673,4.673,0
1787801974.346,wrist_roll,6.801,6.374,6.801,0.427,0.427,0
1787801974.346,gripper,0.968,7.368,0.968,-6.400,-6.400,0
1787801974.396,shoulder_pan,-15.111,-15.956,-15.111,0.845,0.845,0
1787801974.396,shoulder_lift,-86.275,-83.297,-86.275,-2.978,-2.978,0
1787801974.396,elbow_flex,81.837,80.527,81.837,1.309,1.309,0
1787801974.396,wrist_flex,32.615,27.824,32.615,4.791,4.791,0
1787801974.396,wrist_roll,6.805,6.374,6.805,0.431,0.431,0
1787801974.396,gripper,0.973,7.368,0.973,-6.395,-6.395,0
1787801974.461,shoulder_pan,-10.052,-15.780,-10.052,5.728,5.728,0
1787801974.461,shoulder_lift,-100.217,-84.791,-100.217,-15.426,-15.426,0
1787801974.461,elbow_flex,88.664,81.582,88.664,7.082,7.082,0
1787801974.461,wrist_flex,23.895,30.462,23.895,-6.566,-6.566,0
1787801974.461,wrist_roll,6.456,6.374,6.456,0.082,0.082,0
1787801974.461,gripper,0.917,7.368,0.917,-6.450,-6.450,0
1787801974.495,shoulder_pan,-9.590,-15.604,-9.590,6.015,6.015,0
1787801974.495,shoulder_lift,-100.899,-85.231,-100.899,-15.668,-15.668,0
1787801974.495,elbow_flex,89.712,81.934,89.712,7.778,7.778,0
1787801974.495,wrist_flex,24.334,31.341,24.334,-7.007,-7.007,0
1787801974.495,wrist_roll,6.442,6.374,6.442,0.069,0.069,0
1787801974.495,gripper,0.907,7.368,0.907,-6.461,-6.461,0
1787801974.547,shoulder_pan,-9.202,-13.582,-9.202,4.380,4.380,0
1787801974.547,shoulder_lift,-101.648,-87.868,-101.648,-13.780,-13.780,0
1787801974.547,elbow_flex,90.883,84.308,90.883,6.576,6.576,0
1787801974.547,wrist_flex,24.756,30.198,24.756,-5.442,-5.442,0
1787801974.547,wrist_roll,6.440,6.286,6.440,0.154,0.154,0
1787801974.547,gripper,0.902,7.368,0.902,-6.466,-6.466,0
1787801974.596,shoulder_pan,-8.801,-11.033,-8.801,2.232,2.232,0
1787801974.596,shoulder_lift,-102.321,-93.143,-102.321,-9.178,-9.178,0
1787801974.596,elbow_flex,92.177,88.352,92.177,3.825,3.825,0
1787801974.596,wrist_flex,25.105,27.473,25.105,-2.367,-2.367,0
1787801974.596,wrist_roll,6.424,6.110,6.424,0.315,0.315,0
1787801974.596,gripper,0.894,7.368,0.894,-6.473,-6.473,0
1787801974.647,shoulder_pan,-8.572,-10.330,-8.572,1.757,1.757,0
1787801974.647,shoulder_lift,-102.746,-97.802,-102.746,-4.944,-4.944,0
1787801974.647,elbow_flex,92.940,90.462,92.940,2.478,2.478,0
1787801974.647,wrist_flex,25.397,26.857,25.397,-1.460,-1.460,0
1787801974.647,wrist_roll,6.417,6.286,6.417,0.131,0.131,0
1787801974.647,gripper,0.890,7.368,0.890,-6.478,-6.478,0
1787801974.696,shoulder_pan,-8.310,-9.538,-8.310,1.228,1.228,0
1787801974.696,shoulder_lift,-103.244,-100.352,-103.244,-2.892,-2.892,0
1787801974.696,elbow_flex,94.062,91.868,94.062,2.193,2.193,0
1787801974.696,wrist_flex,25.655,26.593,25.655,-0.938,-0.938,0
1787801974.696,wrist_roll,6.394,6.286,6.394,0.109,0.109,0
1787801974.696,gripper,0.886,7.368,0.886,-6.482,-6.482,0
1787801974.746,shoulder_pan,-8.137,-9.011,-8.137,0.874,0.874,0
1787801974.746,shoulder_lift,-103.553,-101.143,-103.553,-2.411,-2.411,0
1787801974.746,elbow_flex,94.792,93.451,94.792,1.341,1.341,0
1787801974.746,wrist_flex,26.016,26.593,26.016,-0.577,-0.577,0
1787801974.746,wrist_roll,6.385,6.198,6.385,0.188,0.188,0
1787801974.746,gripper,0.886,7.368,0.886,-6.482,-6.482,0
1787801974.795,shoulder_pan,-7.999,-8.923,-7.999,0.924,0.924,0
1787801974.795,shoulder_lift,-103.739,-102.198,-103.739,-1.541,-1.541,0
1787801974.795,elbow_flex,95.515,94.418,95.515,1.098,1.098,0
1787801974.795,wrist_flex,26.437,26.593,26.437,-0.156,-0.156,0
1787801974.795,wrist_roll,6.380,6.286,6.380,0.095,0.095,0
1787801974.795,gripper,0.886,7.368,0.886,-6.482,-6.482,0
1787801974.846,shoulder_pan,-7.939,-8.484,-7.939,0.544,0.544,0
1787801974.846,shoulder_lift,-103.862,-102.813,-103.862,-1.049,-1.049,0
1787801974.846,elbow_flex,96.205,95.209,96.205,0.997,0.997,0
1787801974.846,wrist_flex,27.168,26.593,27.168,0.574,0.574,0
1787801974.846,wrist_roll,6.375,6.286,6.375,0.090,0.090,0
1787801974.846,gripper,0.886,7.368,0.886,-6.482,-6.482,0
1787801974.896,shoulder_pan,-7.857,-8.308,-7.857,0.451,0.451,0
1787801974.896,shoulder_lift,-103.873,-103.077,-103.873,-0.796,-0.796,0
1787801974.896,elbow_flex,96.482,96.088,96.482,0.394,0.394,0
1787801974.896,wrist_flex,27.865,26.769,27.865,1.095,1.095,0
1787801974.896,wrist_roll,6.375,6.286,6.375,0.089,0.089,0
1787801974.896,gripper,0.885,7.368,0.885,-6.482,-6.482,0
1787801974.946,shoulder_pan,-7.784,-8.308,-7.784,0.524,0.524,0
1787801974.946,shoulder_lift,-103.874,-103.077,-103.874,-0.798,-0.798,0
1787801974.946,elbow_flex,96.637,96.440,96.637,0.198,0.198,0
1787801974.946,wrist_flex,28.745,27.297,28.745,1.448,1.448,0
1787801974.946,wrist_roll,6.374,6.286,6.374,0.088,0.088,0
1787801974.946,gripper,0.885,7.368,0.885,-6.482,-6.482,0
1787801974.998,shoulder_pan,-7.684,-8.308,-7.684,0.624,0.624,0
1787801974.998,shoulder_lift,-103.872,-103.077,-103.872,-0.795,-0.795,0
1787801974.998,elbow_flex,96.725,96.791,96.725,-0.066,-0.066,0
1787801974.998,wrist_flex,29.837,27.912,29.837,1.925,1.925,0
1787801974.998,wrist_roll,6.374,6.286,6.374,0.088,0.088,0
1787801974.998,gripper,0.885,7.368,0.885,-6.483,-6.483,0
1787801975.045,shoulder_pan,-7.554,-8.308,-7.554,0.754,0.754,0
1787801975.045,shoulder_lift,-103.883,-103.077,-103.883,-0.806,-0.806,0
1787801975.045,elbow_flex,96.801,96.791,96.801,0.010,0.010,0
1787801975.045,wrist_flex,31.089,28.615,31.089,2.473,2.473,0
1787801975.045,wrist_roll,6.372,6.286,6.372,0.086,0.086,0
1787801975.045,gripper,0.885,7.368,0.885,-6.483,-6.483,0
1787801975.098,shoulder_pan,-7.432,-7.868,-7.432,0.437,0.437,0
1787801975.098,shoulder_lift,-103.900,-103.077,-103.900,-0.823,-0.823,0
1787801975.098,elbow_flex,96.861,96.791,96.861,0.069,0.069,0
1787801975.098,wrist_flex,32.297,29.758,32.297,2.539,2.539,0
1787801975.098,wrist_roll,6.373,6.286,6.373,0.087,0.087,0
1787801975.098,gripper,0.885,7.368,0.885,-6.483,-6.483,0
1787801975.147,shoulder_pan,-7.289,-7.868,-7.289,0.579,0.579,0
1787801975.147,shoulder_lift,-103.918,-103.077,-103.918,-0.841,-0.841,0
1787801975.147,elbow_flex,96.949,96.791,96.949,0.158,0.158,0
1787801975.147,wrist_flex,34.019,30.901,34.019,3.118,3.118,0
1787801975.147,wrist_roll,6.375,6.286,6.375,0.089,0.089,0
1787801975.147,gripper,0.885,7.368,0.885,-6.483,-6.483,0
1787801975.197,shoulder_pan,-7.254,-7.780,-7.254,0.526,0.526,0
1787801975.197,shoulder_lift,-103.940,-103.077,-103.940,-0.863,-0.863,0
1787801975.197,elbow_flex,96.988,96.791,96.988,0.196,0.196,0
1787801975.197,wrist_flex,35.265,32.044,35.265,3.221,3.221,0
1787801975.197,wrist_roll,6.384,6.286,6.384,0.098,0.098,0
1787801975.197,gripper,0.884,7.368,0.884,-6.483,-6.483,0
1787801975.245,shoulder_pan,-7.212,-7.516,-7.212,0.304,0.304,0
1787801975.245,shoulder_lift,-103.941,-103.077,-103.941,-0.864,-0.864,0
1787801975.245,elbow_flex,97.017,96.879,97.017,0.138,0.138,0
1787801975.245,wrist_flex,36.630,33.538,36.630,3.091,3.091,0
1787801975.245,wrist_roll,6.393,6.286,6.393,0.107,0.107,0
1787801975.245,gripper,0.884,7.368,0.884,-6.483,-6.483,0
1787801975.295,shoulder_pan,-7.159,-7.516,-7.159,0.358,0.358,0
1787801975.295,shoulder_lift,-103.970,-103.077,-103.970,-0.893,-0.893,0
1787801975.295,elbow_flex,97.030,96.879,97.030,0.151,0.151,0
1787801975.295,wrist_flex,38.245,34.857,38.245,3.388,3.388,0
1787801975.295,wrist_roll,6.398,6.286,6.398,0.112,0.112,0
1787801975.295,gripper,0.884,7.368,0.884,-6.484,-6.484,0
1787801975.346,shoulder_pan,-7.148,-7.516,-7.148,0.368,0.368,0
1787801975.346,shoulder_lift,-103.978,-103.077,-103.978,-0.901,-0.901,0
1787801975.346,elbow_flex,97.026,96.879,97.026,0.146,0.146,0
1787801975.346,wrist_flex,40.314,36.264,40.314,4.050,4.050,0
1787801975.346,wrist_roll,6.403,6.286,6.403,0.118,0.118,0
1787801975.346,gripper,0.884,7.368,0.884,-6.484,-6.484,0
1787801975.398,shoulder_pan,-7.178,-7.516,-7.178,0.338,0.338,0
1787801975.398,shoulder_lift,-103.971,-103.077,-103.971,-0.895,-0.895,0
1787801975.398,elbow_flex,96.988,96.879,96.988,0.109,0.109,0
1787801975.398,wrist_flex,41.993,37.846,41.993,4.147,4.147,0
1787801975.398,wrist_roll,6.410,6.286,6.410,0.125,0.125,0
1787801975.398,gripper,0.884,7.368,0.884,-6.484,-6.484,0
1787801975.447,shoulder_pan,-7.234,-7.516,-7.234,0.283,0.283,0
1787801975.447,shoulder_lift,-103.963,-103.077,-103.963,-0.886,-0.886,0
1787801975.447,elbow_flex,96.950,96.879,96.950,0.070,0.070,0
1787801975.447,wrist_flex,43.956,39.780,43.956,4.176,4.176,0
1787801975.447,wrist_roll,6.411,6.286,6.411,0.125,0.125,0
1787801975.447,gripper,0.884,7.368,0.884,-6.484,-6.484,0
1787801975.497,shoulder_pan,-7.272,-7.516,-7.272,0.245,0.245,0
1787801975.497,shoulder_lift,-103.930,-103.077,-103.930,-0.853,-0.853,0
1787801975.497,elbow_flex,96.897,96.879,96.897,0.018,0.018,0
1787801975.497,wrist_flex,46.185,41.363,46.185,4.823,4.823,0
1787801975.497,wrist_roll,6.412,6.286,6.412,0.126,0.126,0
1787801975.497,gripper,0.884,7.368,0.884,-6.484,-6.484,0
1787801975.548,shoulder_pan,-7.310,-7.516,-7.310,0.207,0.207,0
1787801975.548,shoulder_lift,-103.920,-103.077,-103.920,-0.843,-0.843,0
1787801975.548,elbow_flex,96.876,96.879,96.876,-0.003,-0.003,0
1787801975.548,wrist_flex,48.239,43.297,48.239,4.942,4.942,0
1787801975.548,wrist_roll,6.419,6.286,6.419,0.134,0.134,0
1787801975.548,gripper,0.884,7.368,0.884,-6.483,-6.483,0
1787801975.597,shoulder_pan,-7.342,-7.516,-7.342,0.175,0.175,0
1787801975.597,shoulder_lift,-103.941,-103.077,-103.941,-0.865,-0.865,0
1787801975.597,elbow_flex,96.894,96.879,96.894,0.015,0.015,0
1787801975.597,wrist_flex,50.563,45.407,50.563,5.157,5.157,0
1787801975.597,wrist_roll,6.431,6.286,6.431,0.145,0.145,0
1787801975.597,gripper,0.890,7.368,0.890,-6.478,-6.478,0
1787801975.648,shoulder_pan,-7.384,-7.516,-7.384,0.132,0.132,0
1787801975.648,shoulder_lift,-103.948,-103.077,-103.948,-0.871,-0.871,0
1787801975.648,elbow_flex,96.899,96.879,96.899,0.020,0.020,0
1787801975.648,wrist_flex,52.817,47.341,52.817,5.476,5.476,0
1787801975.648,wrist_roll,6.444,6.286,6.444,0.159,0.159,0
1787801975.648,gripper,0.896,7.368,0.896,-6.472,-6.472,0
1787801975.699,shoulder_pan,-7.417,-7.516,-7.417,0.099,0.099,0
1787801975.699,shoulder_lift,-103.950,-103.077,-103.950,-0.873,-0.873,0
1787801975.699,elbow_flex,96.907,96.879,96.907,0.028,0.028,0
1787801975.699,wrist_flex,55.362,49.802,55.362,5.560,5.560,0
1787801975.699,wrist_roll,6.457,6.286,6.457,0.171,0.171,0
1787801975.699,gripper,0.905,7.368,0.905,-6.462,-6.462,0
1787801975.748,shoulder_pan,-7.462,-7.516,-7.462,0.054,0.054,0
1787801975.748,shoulder_lift,-103.959,-103.077,-103.959,-0.882,-0.882,0
1787801975.748,elbow_flex,96.905,96.879,96.905,0.026,0.026,0
1787801975.748,wrist_flex,57.368,51.824,57.368,5.543,5.543,0
1787801975.748,wrist_roll,6.470,6.286,6.470,0.184,0.184,0
1787801975.748,gripper,0.910,7.368,0.910,-6.458,-6.458,0
1787801975.798,shoulder_pan,-7.489,-7.516,-7.489,0.028,0.028,0
1787801975.798,shoulder_lift,-103.958,-103.077,-103.958,-0.881,-0.881,0
1787801975.798,elbow_flex,96.906,96.879,96.906,0.027,0.027,0
1787801975.798,wrist_flex,59.003,54.286,59.003,4.717,4.717,0
1787801975.798,wrist_roll,6.471,6.286,6.471,0.186,0.186,0
1787801975.798,gripper,0.914,7.368,0.914,-6.453,-6.453,0
1787801975.848,shoulder_pan,-7.534,-7.516,-7.534,-0.017,-0.017,0
1787801975.848,shoulder_lift,-103.971,-103.077,-103.971,-0.894,-0.894,0
1787801975.848,elbow_flex,96.925,96.879,96.925,0.046,0.046,0
1787801975.848,wrist_flex,61.125,56.308,61.125,4.818,4.818,0
1787801975.848,wrist_roll,6.481,6.286,6.481,0.195,0.195,0
1787801975.848,gripper,0.919,7.368,0.919,-6.449,-6.449,0
1787801975.898,shoulder_pan,-7.559,-7.516,-7.559,-0.043,-0.043,0
1787801975.898,shoulder_lift,-103.978,-103.077,-103.978,-0.901,-0.901,0
1787801975.898,elbow_flex,96.940,96.879,96.940,0.061,0.061,0
1787801975.898,wrist_flex,62.525,58.066,62.525,4.459,4.459,0
1787801975.898,wrist_roll,6.485,6.374,6.485,0.111,0.111,0
1787801975.898,gripper,0.924,7.368,0.924,-6.443,-6.443,0
1787801975.947,shoulder_pan,-7.629,-7.516,-7.629,-0.112,-0.112,0
1787801975.947,shoulder_lift,-104.016,-103.077,-104.016,-0.939,-0.939,0
1787801975.947,elbow_flex,96.975,96.879,96.975,0.096,0.096,0
1787801975.947,wrist_flex,64.252,60.440,64.252,3.812,3.812,0
1787801975.947,wrist_roll,6.488,6.374,6.488,0.114,0.114,0
1787801975.947,gripper,0.936,7.368,0.936,-6.432,-6.432,0
1787801975.999,shoulder_pan,-7.665,-7.516,-7.665,-0.149,-0.149,0
1787801975.999,shoulder_lift,-104.054,-103.077,-104.054,-0.977,-0.977,0
1787801975.999,elbow_flex,97.022,96.879,97.022,0.143,0.143,0
1787801975.999,wrist_flex,65.562,61.934,65.562,3.628,3.628,0
1787801975.999,wrist_roll,6.502,6.374,6.502,0.128,0.128,0
1787801975.999,gripper,0.953,7.368,0.953,-6.414,-6.414,0
1787801976.048,shoulder_pan,-7.699,-7.516,-7.699,-0.183,-0.183,0
1787801976.048,shoulder_lift,-104.075,-103.077,-104.075,-0.998,-0.998,0
1787801976.048,elbow_flex,97.034,96.879,97.034,0.155,0.155,0
1787801976.048,wrist_flex,66.826,63.429,66.826,3.397,3.397,0
1787801976.048,wrist_roll,6.512,6.374,6.512,0.138,0.138,0
1787801976.048,gripper,0.962,7.368,0.962,-6.405,-6.405,0
1787801976.099,shoulder_pan,-7.711,-7.516,-7.711,-0.195,-0.195,0
1787801976.099,shoulder_lift,-104.102,-103.077,-104.102,-1.025,-1.025,0
1787801976.099,elbow_flex,97.046,96.879,97.046,0.167,0.167,0
1787801976.099,wrist_flex,68.226,64.923,68.226,3.303,3.303,0
1787801976.099,wrist_roll,6.541,6.374,6.541,0.167,0.167,0
1787801976.099,gripper,0.998,7.368,0.998,-6.369,-6.369,0
1787801976.148,shoulder_pan,-7.727,-7.516,-7.727,-0.211,-0.211,0
1787801976.148,shoulder_lift,-104.144,-103.077,-104.144,-1.067,-1.067,0
1787801976.148,elbow_flex,97.076,96.879,97.076,0.197,0.197,0
1787801976.148,wrist_flex,69.919,66.242,69.919,3.677,3.677,0
1787801976.148,wrist_roll,6.560,6.374,6.560,0.187,0.187,0
1787801976.148,gripper,1.033,7.368,1.033,-6.335,-6.335,0
1787801976.198,shoulder_pan,-7.707,-7.516,-7.707,-0.190,-0.190,0
1787801976.198,shoulder_lift,-104.159,-103.165,-104.159,-0.994,-0.994,0
1787801976.198,elbow_flex,97.096,96.879,97.096,0.217,0.217,0
1787801976.198,wrist_flex,71.091,67.648,71.091,3.443,3.443,0
1787801976.198,wrist_roll,6.579,6.374,6.579,0.206,0.206,0
1787801976.198,gripper,1.052,7.368,1.052,-6.316,-6.316,0
1787801976.249,shoulder_pan,-7.703,-7.516,-7.703,-0.187,-0.187,0
1787801976.249,shoulder_lift,-104.132,-103.165,-104.132,-0.967,-0.967,0
1787801976.249,elbow_flex,97.088,96.967,97.088,0.121,0.121,0
1787801976.249,wrist_flex,72.209,69.231,72.209,2.978,2.978,0
1787801976.249,wrist_roll,6.591,6.374,6.591,0.217,0.217,0
1787801976.249,gripper,1.062,7.368,1.062,-6.306,-6.306,0
1787801976.300,shoulder_pan,-7.695,-7.516,-7.695,-0.179,-0.179,0
1787801976.300,shoulder_lift,-104.109,-103.253,-104.109,-0.856,-0.856,0
1787801976.300,elbow_flex,97.083,96.967,97.083,0.116,0.116,0
1787801976.300,wrist_flex,73.144,70.198,73.144,2.946,2.946,0
1787801976.300,wrist_roll,6.605,6.374,6.605,0.231,0.231,0
1787801976.300,gripper,1.069,7.368,1.069,-6.299,-6.299,0
1787801976.348,shoulder_pan,-7.701,-7.516,-7.701,-0.185,-0.185,0
1787801976.348,shoulder_lift,-104.075,-103.253,-104.075,-0.822,-0.822,0
1787801976.348,elbow_flex,97.059,96.967,97.059,0.092,0.092,0
1787801976.348,wrist_flex,73.840,71.165,73.840,2.675,2.675,0
1787801976.348,wrist_roll,6.611,6.198,6.611,0.413,0.413,0
1787801976.348,gripper,1.069,7.368,1.069,-6.298,-6.298,0
1787801976.399,shoulder_pan,-7.742,-7.604,-7.742,-0.138,-0.138,0
1787801976.399,shoulder_lift,-104.044,-103.341,-104.044,-0.703,-0.703,0
1787801976.399,elbow_flex,97.028,96.703,97.028,0.324,0.324,0
1787801976.399,wrist_flex,74.639,71.956,74.639,2.683,2.683,0
1787801976.399,wrist_roll,6.618,6.198,6.618,0.420,0.420,0
1787801976.399,gripper,1.070,7.368,1.070,-6.298,-6.298,0
1787801976.447,shoulder_pan,-7.733,-7.604,-7.733,-0.129,-0.129,0
1787801976.447,shoulder_lift,-104.016,-103.341,-104.016,-0.675,-0.675,0
1787801976.447,elbow_flex,97.004,96.440,97.004,0.565,0.565,0
1787801976.447,wrist_flex,75.320,72.571,75.320,2.749,2.749,0
1787801976.447,wrist_roll,6.629,6.198,6.629,0.431,0.431,0
1787801976.447,gripper,1.070,7.368,1.070,-6.298,-6.298,0
1787801976.499,shoulder_pan,-7.752,-7.604,-7.752,-0.148,-0.148,0
1787801976.499,shoulder_lift,-103.984,-103.341,-103.984,-0.644,-0.644,0
1787801976.499,elbow_flex,96.967,96.264,96.967,0.703,0.703,0
1787801976.499,wrist_flex,76.004,73.275,76.004,2.729,2.729,0
1787801976.499,wrist_roll,6.637,6.198,6.637,0.439,0.439,0
1787801976.499,gripper,1.070,7.368,1.070,-6.298,-6.298,0
1787801976.549,shoulder_pan,-7.756,-7.604,-7.756,-0.152,-0.152,0
1787801976.549,shoulder_lift,-103.953,-103.429,-103.953,-0.524,-0.524,0
1787801976.549,elbow_flex,96.955,96.176,96.955,0.779,0.779,0
1787801976.549,wrist_flex,76.482,73.890,76.482,2.592,2.592,0
1787801976.549,wrist_roll,6.647,6.198,6.647,0.449,0.449,0
1787801976.549,gripper,1.069,7.368,1.069,-6.298,-6.298,0
1787801976.600,shoulder_pan,-7.761,-7.604,-7.761,-0.156,-0.156,0
1787801976.600,shoulder_lift,-103.930,-103.429,-103.930,-0.501,-0.501,0
1787801976.600,elbow_flex,96.932,96.000,96.932,0.932,0.932,0
1787801976.600,wrist_flex,76.998,74.418,76.998,2.580,2.580,0
1787801976.600,wrist_roll,6.654,6.198,6.654,0.456,0.456,0
1787801976.600,gripper,1.070,7.368,1.070,-6.298,-6.298,0
1787801976.649,shoulder_pan,-7.752,-7.516,-7.752,-0.235,-0.235,0
1787801976.649,shoulder_lift,-103.907,-103.429,-103.907,-0.478,-0.478,0
1787801976.649,elbow_flex,96.913,95.912,96.913,1.001,1.001,0
1787801976.649,wrist_flex,77.445,74.769,77.445,2.676,2.676,0
1787801976.649,wrist_roll,6.664,6.198,6.664,0.466,0.466,0
1787801976.649,gripper,1.069,7.368,1.069,-6.298,-6.298,0
1787801976.700,shoulder_pan,-7.769,-7.516,-7.769,-0.253,-0.253,0
1787801976.700,shoulder_lift,-103.896,-103.429,-103.896,-0.467,-0.467,0
1787801976.700,elbow_flex,96.896,95.912,96.896,0.984,0.984,0
1787801976.700,wrist_flex,77.833,75.209,77.833,2.624,2.624,0
1787801976.700,wrist_roll,6.672,6.198,6.672,0.474,0.474,0
1787801976.700,gripper,1.069,7.368,1.069,-6.298,-6.298,0
1787801976.751,shoulder_pan,-7.773,-7.516,-7.773,-0.256,-0.256,0
1787801976.751,shoulder_lift,-103.895,-103.429,-103.895,-0.467,-0.467,0
1787801976.751,elbow_flex,96.868,95.912,96.868,0.956,0.956,0
1787801976.751,wrist_flex,78.205,75.385,78.205,2.820,2.820,0
1787801976.751,wrist_roll,6.678,6.198,6.678,0.480,0.480,0
1787801976.751,gripper,1.069,7.368,1.069,-6.298,-6.298,0
1787801976.799,shoulder_pan,-7.785,-7.516,-7.785,-0.268,-0.268,0
1787801976.799,shoulder_lift,-103.899,-103.429,-103.899,-0.470,-0.470,0
1787801976.799,elbow_flex,96.865,95.824,96.865,1.041,1.041,0
1787801976.799,wrist_flex,78.356,75.648,78.356,2.707,2.707,0
1787801976.799,wrist_roll,6.683,6.198,6.683,0.486,0.486,0
1787801976.799,gripper,1.070,7.368,1.070,-6.298,-6.298,0
1787801976.851,shoulder_pan,-7.807,-7.516,-7.807,-0.290,-0.290,0
1787801976.851,shoulder_lift,-103.903,-103.429,-103.903,-0.474,-0.474,0
1787801976.851,elbow_flex,96.864,95.824,96.864,1.039,1.039,0
1787801976.851,wrist_flex,78.411,75.824,78.411,2.587,2.587,0
1787801976.851,wrist_roll,6.693,6.198,6.693,0.495,0.495,0
1787801976.851,gripper,1.070,7.368,1.070,-6.298,-6.298,0
1787801976.898,shoulder_pan,-7.825,-7.516,-7.825,-0.309,-0.309,0
1787801976.898,shoulder_lift,-103.909,-103.429,-103.909,-0.480,-0.480,0
1787801976.898,elbow_flex,96.854,95.736,96.854,1.118,1.118,0
1787801976.898,wrist_flex,78.461,75.824,78.461,2.636,2.636,0
1787801976.898,wrist_roll,6.703,6.198,6.703,0.505,0.505,0
1787801976.898,gripper,1.070,7.368,1.070,-6.298,-6.298,0
1787801976.949,shoulder_pan,-7.844,-7.516,-7.844,-0.328,-0.328,0
1787801976.949,shoulder_lift,-103.923,-103.429,-103.923,-0.494,-0.494,0
1787801976.949,elbow_flex,96.851,95.736,96.851,1.114,1.114,0
1787801976.949,wrist_flex,78.497,75.912,78.497,2.585,2.585,0
1787801976.949,wrist_roll,6.709,6.198,6.709,0.511,0.511,0
1787801976.949,gripper,1.070,7.368,1.070,-6.298,-6.298,0
1787801976.999,shoulder_pan,-7.869,-7.516,-7.869,-0.352,-0.352,0
1787801976.999,shoulder_lift,-103.932,-103.429,-103.932,-0.504,-0.504,0
1787801976.999,elbow_flex,96.860,95.736,96.860,1.124,1.124,0
1787801976.999,wrist_flex,78.520,75.912,78.520,2.608,2.608,0
1787801976.999,wrist_roll,6.716,6.198,6.716,0.519,0.519,0
1787801976.999,gripper,1.071,7.368,1.071,-6.297,-6.297,0
1787801977.050,shoulder_pan,-7.862,-7.516,-7.862,-0.346,-0.346,0
1787801977.050,shoulder_lift,-103.939,-103.429,-103.939,-0.510,-0.510,0
1787801977.050,elbow_flex,96.871,95.736,96.871,1.135,1.135,0
1787801977.050,wrist_flex,78.587,75.912,78.587,2.674,2.674,0
1787801977.050,wrist_roll,6.727,6.198,6.727,0.529,0.529,0
1787801977.050,gripper,1.071,7.368,1.071,-6.297,-6.297,0
1787801977.102,shoulder_pan,-7.859,-7.516,-7.859,-0.342,-0.342,0
1787801977.102,shoulder_lift,-103.949,-103.429,-103.949,-0.520,-0.520,0
1787801977.102,elbow_flex,96.887,95.736,96.887,1.151,1.151,0
1787801977.102,wrist_flex,78.650,75.912,78.650,2.738,2.738,0
1787801977.102,wrist_roll,6.741,6.198,6.741,0.543,0.543,0
1787801977.102,gripper,1.071,7.368,1.071,-6.296,-6.296,0
1787801977.150,shoulder_pan,-7.846,-7.516,-7.846,-0.329,-0.329,0
1787801977.150,shoulder_lift,-103.962,-103.429,-103.962,-0.534,-0.534,0
1787801977.150,elbow_flex,96.906,95.736,96.906,1.170,1.170,0
1787801977.150,wrist_flex,78.688,75.912,78.688,2.776,2.776,0
1787801977.150,wrist_roll,6.751,6.198,6.751,0.553,0.553,0
1787801977.150,gripper,1.072,7.368,1.072,-6.296,-6.296,0
1787801977.199,shoulder_pan,-7.845,-7.516,-7.845,-0.328,-0.328,0
1787801977.199,shoulder_lift,-103.966,-103.429,-103.966,-0.537,-0.537,0
1787801977.199,elbow_flex,96.910,95.736,96.910,1.174,1.174,0
1787801977.199,wrist_flex,78.712,76.176,78.712,2.536,2.536,0
1787801977.199,wrist_roll,6.759,6.198,6.759,0.561,0.561,0
1787801977.199,gripper,1.072,7.368,1.072,-6.296,-6.296,0
1787801977.253,shoulder_pan,-7.838,-7.516,-7.838,-0.322,-0.322,0
1787801977.253,shoulder_lift,-103.973,-103.516,-103.973,-0.456,-0.456,0
1787801977.253,elbow_flex,96.920,95.736,96.920,1.184,1.184,0
1787801977.253,wrist_flex,78.726,76.176,78.726,2.550,2.550,0
1787801977.253,wrist_roll,6.767,6.198,6.767,0.569,0.569,0
1787801977.253,gripper,1.073,7.368,1.073,-6.295,-6.295,0
1787801977.299,shoulder_pan,-7.820,-7.516,-7.820,-0.303,-0.303,0
1787801977.299,shoulder_lift,-103.987,-103.516,-103.987,-0.471,-0.471,0
1787801977.299,elbow_flex,96.930,95.736,96.930,1.194,1.194,0
1787801977.299,wrist_flex,78.747,76.176,78.747,2.571,2.571,0
1787801977.299,wrist_roll,6.774,6.198,6.774,0.576,0.576,0
1787801977.299,gripper,1.073,7.368,1.073,-6.295,-6.295,0
1787801977.351,shoulder_pan,-7.799,-7.516,-7.799,-0.283,-0.283,0
1787801977.351,shoulder_lift,-104.005,-103.516,-104.005,-0.489,-0.489,0
1787801977.351,elbow_flex,96.946,95.736,96.946,1.210,1.210,0
1787801977.351,wrist_flex,78.763,76.176,78.763,2.588,2.588,0
1787801977.351,wrist_roll,6.780,6.198,6.780,0.583,0.583,0
1787801977.351,gripper,1.074,7.368,1.074,-6.294,-6.294,0
1787801977.401,shoulder_pan,-7.787,-7.516,-7.787,-0.271,-0.271,0
1787801977.401,shoulder_lift,-104.018,-103.516,-104.018,-0.501,-0.501,0
1787801977.401,elbow_flex,96.958,95.736,96.958,1.222,1.222,0
1787801977.401,wrist_flex,78.768,76.176,78.768,2.592,2.592,0
1787801977.401,wrist_roll,6.783,6.198,6.783,0.586,0.586,0
1787801977.401,gripper,1.074,7.368,1.074,-6.294,-6.294,0
1787801977.450,shoulder_pan,-7.783,-7.516,-7.783,-0.266,-0.266,0
1787801977.450,shoulder_lift,-104.021,-103.516,-104.021,-0.504,-0.504,0
1787801977.450,elbow_flex,96.964,95.736,96.964,1.228,1.228,0
1787801977.450,wrist_flex,78.777,76.176,78.777,2.601,2.601,0
1787801977.450,wrist_roll,6.791,6.198,6.791,0.593,0.593,0
1787801977.450,gripper,1.074,7.368,1.074,-6.294,-6.294,0
1787801977.501,shoulder_pan,-7.764,-7.516,-7.764,-0.247,-0.247,0
1787801977.501,shoulder_lift,-104.034,-103.516,-104.034,-0.518,-0.518,0
1787801977.501,elbow_flex,96.966,95.736,96.966,1.230,1.230,0
1787801977.501,wrist_flex,78.789,76.176,78.789,2.613,2.613,0
1787801977.501,wrist_roll,6.788,6.198,6.788,0.590,0.590,0
1787801977.501,gripper,1.074,7.368,1.074,-6.294,-6.294,0
1787801977.550,shoulder_pan,-7.725,-7.516,-7.725,-0.208,-0.208,0
1787801977.550,shoulder_lift,-104.046,-103.516,-104.046,-0.529,-0.529,0
1787801977.550,elbow_flex,96.969,95.736,96.969,1.232,1.232,0
1787801977.550,wrist_flex,78.791,76.176,78.791,2.616,2.616,0
1787801977.550,wrist_roll,6.786,6.198,6.786,0.589,0.589,0
1787801977.550,gripper,1.074,7.368,1.074,-6.294,-6.294,0
1787801977.603,shoulder_pan,-7.717,-7.516,-7.717,-0.201,-0.201,0
1787801977.603,shoulder_lift,-104.048,-103.516,-104.048,-0.532,-0.532,0
1787801977.603,elbow_flex,96.979,95.736,96.979,1.243,1.243,0
1787801977.603,wrist_flex,78.799,76.176,78.799,2.624,2.624,0
1787801977.603,wrist_roll,6.788,6.198,6.788,0.590,0.590,0
1787801977.603,gripper,1.074,7.368,1.074,-6.293,-6.293,0
1787801977.651,shoulder_pan,-7.709,-7.516,-7.709,-0.193,-0.193,0
1787801977.651,shoulder_lift,-104.043,-103.516,-104.043,-0.526,-0.526,0
1787801977.651,elbow_flex,96.980,95.736,96.980,1.243,1.243,0
1787801977.651,wrist_flex,78.795,76.176,78.795,2.619,2.619,0
1787801977.651,wrist_roll,6.789,6.198,6.789,0.591,0.591,0
1787801977.651,gripper,1.074,7.368,1.074,-6.293,-6.293,0
1787801977.703,shoulder_pan,-7.701,-7.516,-7.701,-0.185,-0.185,0
1787801977.703,shoulder_lift,-104.042,-103.516,-104.042,-0.526,-0.526,0
1787801977.703,elbow_flex,96.985,95.736,96.985,1.249,1.249,0
1787801977.703,wrist_flex,78.794,76.176,78.794,2.619,2.619,0
1787801977.703,wrist_roll,6.789,6.198,6.789,0.591,0.591,0
1787801977.703,gripper,1.074,7.368,1.074,-6.293,-6.293,0
1787801977.750,shoulder_pan,-7.692,-7.516,-7.692,-0.176,-0.176,0
1787801977.750,shoulder_lift,-104.044,-103.516,-104.044,-0.528,-0.528,0
1787801977.750,elbow_flex,96.986,95.736,96.986,1.250,1.250,0
1787801977.750,wrist_flex,78.796,76.176,78.796,2.620,2.620,0
1787801977.750,wrist_roll,6.788,6.198,6.788,0.590,0.590,0
1787801977.750,gripper,1.075,7.368,1.075,-6.293,-6.293,0
1787801977.801,shoulder_pan,-7.681,-7.516,-7.681,-0.164,-0.164,0
1787801977.801,shoulder_lift,-104.046,-103.516,-104.046,-0.529,-0.529,0
1787801977.801,elbow_flex,96.981,95.736,96.981,1.245,1.245,0
1787801977.801,wrist_flex,78.788,76.176,78.788,2.612,2.612,0
1787801977.801,wrist_roll,6.789,6.198,6.789,0.591,0.591,0
1787801977.801,gripper,1.075,7.368,1.075,-6.293,-6.293,0
1787801977.853,shoulder_pan,-7.672,-7.516,-7.672,-0.156,-0.156,0
1787801977.853,shoulder_lift,-104.055,-103.516,-104.055,-0.539,-0.539,0
1787801977.853,elbow_flex,96.981,95.736,96.981,1.245,1.245,0
1787801977.853,wrist_flex,78.792,76.176,78.792,2.616,2.616,0
1787801977.853,wrist_roll,6.790,6.198,6.790,0.592,0.592,0
1787801977.853,gripper,1.075,7.368,1.075,-6.293,-6.293,0
1787801977.900,shoulder_pan,-7.661,-7.516,-7.661,-0.145,-0.145,0
1787801977.900,shoulder_lift,-104.059,-103.516,-104.059,-0.543,-0.543,0
1787801977.900,elbow_flex,96.980,95.736,96.980,1.244,1.244,0
1787801977.900,wrist_flex,78.789,76.176,78.789,2.614,2.614,0
1787801977.900,wrist_roll,6.791,6.198,6.791,0.593,0.593,0
1787801977.900,gripper,1.075,7.368,1.075,-6.293,-6.293,0
1787801977.950,shoulder_pan,-7.647,-7.516,-7.647,-0.130,-0.130,0
1787801977.950,shoulder_lift,-104.063,-103.516,-104.063,-0.547,-0.547,0
1787801977.950,elbow_flex,96.979,95.736,96.979,1.243,1.243,0
1787801977.950,wrist_flex,78.795,76.176,78.795,2.619,2.619,0
1787801977.950,wrist_roll,6.791,6.198,6.791,0.593,0.593,0
1787801977.950,gripper,1.075,7.368,1.075,-6.293,-6.293,0
1787801978.001,shoulder_pan,-7.632,-7.516,-7.632,-0.116,-0.116,0
1787801978.001,shoulder_lift,-104.066,-103.516,-104.066,-0.550,-0.550,0
1787801978.001,elbow_flex,96.979,95.736,96.979,1.243,1.243,0
1787801978.001,wrist_flex,78.794,76.176,78.794,2.619,2.619,0
1787801978.001,wrist_roll,6.792,6.198,6.792,0.594,0.594,0
1787801978.001,gripper,1.075,7.368,1.075,-6.293,-6.293,0
1787801978.052,shoulder_pan,-7.617,-7.516,-7.617,-0.101,-0.101,0
1787801978.052,shoulder_lift,-104.073,-103.516,-104.073,-0.557,-0.557,0
1787801978.052,elbow_flex,96.979,95.736,96.979,1.243,1.243,0
1787801978.052,wrist_flex,78.811,76.176,78.811,2.635,2.635,0
1787801978.052,wrist_roll,6.792,6.198,6.792,0.594,0.594,0
1787801978.052,gripper,1.075,7.368,1.075,-6.292,-6.292,0
1787801978.102,shoulder_pan,-7.607,-7.516,-7.607,-0.090,-0.090,0
1787801978.102,shoulder_lift,-104.074,-103.516,-104.074,-0.558,-0.558,0
1787801978.102,elbow_flex,96.977,95.736,96.977,1.241,1.241,0
1787801978.102,wrist_flex,78.813,76.176,78.813,2.637,2.637,0
1787801978.102,wrist_roll,6.794,6.198,6.794,0.596,0.596,0
1787801978.102,gripper,1.075,7.368,1.075,-6.293,-6.293,0
1787801978.152,shoulder_pan,-7.598,-7.516,-7.598,-0.081,-0.081,0
1787801978.152,shoulder_lift,-104.072,-103.516,-104.072,-0.555,-0.555,0
1787801978.152,elbow_flex,96.973,95.736,96.973,1.236,1.236,0
1787801978.152,wrist_flex,78.819,76.176,78.819,2.644,2.644,0
1787801978.152,wrist_roll,6.790,6.198,6.790,0.593,0.593,0
1787801978.152,gripper,1.075,7.368,1.075,-6.293,-6.293,0
1787801978.202,shoulder_pan,-7.605,-7.516,-7.605,-0.089,-0.089,0
1787801978.202,shoulder_lift,-104.076,-103.516,-104.076,-0.559,-0.559,0
1787801978.202,elbow_flex,96.976,95.736,96.976,1.240,1.240,0
1787801978.202,wrist_flex,78.827,76.264,78.827,2.564,2.564,0
1787801978.202,wrist_roll,6.791,6.198,6.791,0.593,0.593,0
1787801978.202,gripper,1.075,7.368,1.075,-6.292,-6.292,0
1787801978.251,shoulder_pan,-7.588,-7.516,-7.588,-0.072,-0.072,0
1787801978.251,shoulder_lift,-104.057,-103.516,-104.057,-0.540,-0.540,0
1787801978.251,elbow_flex,96.953,95.736,96.953,1.217,1.217,0
1787801978.251,wrist_flex,78.799,76.264,78.799,2.535,2.535,0
1787801978.251,wrist_roll,6.788,6.198,6.788,0.591,0.591,0
1787801978.251,gripper,1.075,7.368,1.075,-6.293,-6.293,0
1787801978.302,shoulder_pan,-7.584,-7.516,-7.584,-0.068,-0.068,0
1787801978.302,shoulder_lift,-104.044,-103.516,-104.044,-0.527,-0.527,0
1787801978.302,elbow_flex,96.929,95.736,96.929,1.193,1.193,0
1787801978.302,wrist_flex,78.765,76.264,78.765,2.502,2.502,0
1787801978.302,wrist_roll,6.787,6.198,6.787,0.589,0.589,0
1787801978.302,gripper,1.075,7.368,1.075,-6.292,-6.292,0
1787801978.353,shoulder_pan,-7.590,-7.516,-7.590,-0.074,-0.074,0
1787801978.353,shoulder_lift,-104.032,-103.516,-104.032,-0.515,-0.515,0
1787801978.353,elbow_flex,96.923,95.736,96.923,1.186,1.186,0
1787801978.353,wrist_flex,78.740,76.264,78.740,2.476,2.476,0
1787801978.353,wrist_roll,6.785,6.198,6.785,0.587,0.587,0
1787801978.353,gripper,1.076,7.368,1.076,-6.292,-6.292,0
1787801978.402,shoulder_pan,-7.595,-7.516,-7.595,-0.079,-0.079,0
1787801978.402,shoulder_lift,-104.078,-103.516,-104.078,-0.561,-0.561,0
1787801978.402,elbow_flex,96.982,95.736,96.982,1.246,1.246,0
1787801978.402,wrist_flex,78.849,76.264,78.849,2.585,2.585,0
1787801978.402,wrist_roll,6.782,6.198,6.782,0.584,0.584,0
1787801978.402,gripper,1.077,7.368,1.077,-6.291,-6.291,0
1787801978.450,shoulder_pan,-7.617,-7.516,-7.617,-0.100,-0.100,0
1787801978.450,shoulder_lift,-104.100,-103.516,-104.100,-0.584,-0.584,0
1787801978.450,elbow_flex,97.024,95.736,97.024,1.287,1.287,0
1787801978.450,wrist_flex,78.981,76.264,78.981,2.718,2.718,0
1787801978.450,wrist_roll,6.770,6.198,6.770,0.572,0.572,0
1787801978.450,gripper,1.079,7.368,1.079,-6.289,-6.289,0
1787801978.500,shoulder_pan,-7.607,-7.516,-7.607,-0.091,-0.091,0
1787801978.500,shoulder_lift,-104.153,-103.516,-104.153,-0.637,-0.637,0
1787801978.500,elbow_flex,97.111,95.736,97.111,1.374,1.374,0
1787801978.500,wrist_flex,79.187,76.264,79.187,2.923,2.923,0
1787801978.500,wrist_roll,6.745,6.198,6.745,0.547,0.547,0
1787801978.500,gripper,1.081,7.368,1.081,-6.286,-6.286,0
1787801978.550,shoulder_pan,-7.623,-7.516,-7.623,-0.106,-0.106,0
1787801978.550,shoulder_lift,-104.115,-103.516,-104.115,-0.599,-0.599,0
1787801978.550,elbow_flex,97.123,95.736,97.123,1.387,1.387,0
1787801978.550,wrist_flex,79.226,76.264,79.226,2.962,2.962,0
1787801978.550,wrist_roll,6.727,6.198,6.727,0.529,0.529,0
1787801978.550,gripper,1.083,7.368,1.083,-6.284,-6.284,0
1787801978.603,shoulder_pan,-7.637,-7.516,-7.637,-0.121,-0.121,0
1787801978.603,shoulder_lift,-104.051,-103.604,-104.051,-0.447,-0.447,0
1787801978.603,elbow_flex,97.102,95.648,97.102,1.454,1.454,0
1787801978.603,wrist_flex,79.197,76.527,79.197,2.670,2.670,0
1787801978.603,wrist_roll,6.713,6.198,6.713,0.515,0.515,0
1787801978.603,gripper,1.085,7.368,1.085,-6.283,-6.283,0
1787801978.651,shoulder_pan,-7.620,-7.516,-7.620,-0.103,-0.103,0
1787801978.651,shoulder_lift,-104.018,-103.604,-104.018,-0.413,-0.413,0
1787801978.651,elbow_flex,97.107,95.648,97.107,1.458,1.458,0
1787801978.651,wrist_flex,79.212,76.527,79.212,2.684,2.684,0
1787801978.651,wrist_roll,6.706,6.198,6.706,0.508,0.508,0
1787801978.651,gripper,1.086,7.368,1.086,-6.282,-6.282,0
1787801978.702,shoulder_pan,-7.607,-7.516,-7.607,-0.091,-0.091,0
1787801978.702,shoulder_lift,-104.018,-103.604,-104.018,-0.414,-0.414,0
1787801978.702,elbow_flex,97.112,95.648,97.112,1.463,1.463,0
1787801978.702,wrist_flex,79.206,76.527,79.206,2.678,2.678,0
1787801978.702,wrist_roll,6.709,6.198,6.709,0.511,0.511,0
1787801978.702,gripper,1.086,7.368,1.086,-6.282,-6.282,0
1787801978.753,shoulder_pan,-7.594,-7.516,-7.594,-0.077,-0.077,0
1787801978.753,shoulder_lift,-104.020,-103.604,-104.020,-0.416,-0.416,0
1787801978.753,elbow_flex,97.110,95.648,97.110,1.462,1.462,0
1787801978.753,wrist_flex,79.192,76.527,79.192,2.664,2.664,0
1787801978.753,wrist_roll,6.707,6.198,6.707,0.509,0.509,0
1787801978.753,gripper,1.086,7.368,1.086,-6.282,-6.282,0
1787801978.803,shoulder_pan,-7.599,-7.516,-7.599,-0.083,-0.083,0
1787801978.803,shoulder_lift,-104.020,-103.604,-104.020,-0.416,-0.416,0
1787801978.803,elbow_flex,97.113,95.648,97.113,1.465,1.465,0
1787801978.803,wrist_flex,79.161,76.527,79.161,2.633,2.633,0
1787801978.803,wrist_roll,6.716,6.198,6.716,0.518,0.518,0
1787801978.803,gripper,1.086,7.368,1.086,-6.282,-6.282,0
1787801978.853,shoulder_pan,-7.586,-7.516,-7.586,-0.069,-0.069,0
1787801978.853,shoulder_lift,-104.035,-103.604,-104.035,-0.430,-0.430,0
1787801978.853,elbow_flex,97.111,95.648,97.111,1.463,1.463,0
1787801978.853,wrist_flex,79.172,76.527,79.172,2.644,2.644,0
1787801978.853,wrist_roll,6.720,6.198,6.720,0.522,0.522,0
1787801978.853,gripper,1.086,7.368,1.086,-6.282,-6.282,0
1787801978.903,shoulder_pan,-7.559,-7.516,-7.559,-0.042,-0.042,0
1787801978.903,shoulder_lift,-104.041,-103.604,-104.041,-0.436,-0.436,0
1787801978.903,elbow_flex,97.087,95.648,97.087,1.438,1.438,0
1787801978.903,wrist_flex,79.148,76.527,79.148,2.620,2.620,0
1787801978.903,wrist_roll,6.724,6.198,6.724,0.526,0.526,0
1787801978.903,gripper,1.086,7.368,1.086,-6.281,-6.281,0
1787801978.953,shoulder_pan,-7.548,-7.516,-7.548,-0.032,-0.032,0
1787801978.953,shoulder_lift,-104.063,-103.604,-104.063,-0.458,-0.458,0
1787801978.953,elbow_flex,97.076,95.648,97.076,1.428,1.428,0
1787801978.953,wrist_flex,79.147,76.527,79.147,2.620,2.620,0
1787801978.953,wrist_roll,6.729,6.198,6.729,0.532,0.532,0
1787801978.953,gripper,1.086,7.368,1.086,-6.281,-6.281,0
1787801979.002,shoulder_pan,-7.560,-7.516,-7.560,-0.043,-0.043,0
1787801979.002,shoulder_lift,-104.089,-103.604,-104.089,-0.484,-0.484,0
1787801979.002,elbow_flex,97.076,95.648,97.076,1.427,1.427,0
1787801979.002,wrist_flex,79.202,76.527,79.202,2.675,2.675,0
1787801979.002,wrist_roll,6.723,6.198,6.723,0.525,0.525,0
1787801979.002,gripper,1.087,7.368,1.087,-6.281,-6.281,0
1787801979.051,shoulder_pan,-7.594,-7.516,-7.594,-0.077,-0.077,0
1787801979.051,shoulder_lift,-104.118,-103.604,-104.118,-0.513,-0.513,0
1787801979.051,elbow_flex,97.079,95.648,97.079,1.431,1.431,0
1787801979.051,wrist_flex,79.237,76.527,79.237,2.709,2.709,0
1787801979.051,wrist_roll,6.731,6.198,6.731,0.533,0.533,0
1787801979.051,gripper,1.086,7.368,1.086,-6.281,-6.281,0
1787801979.103,shoulder_pan,-7.637,-7.516,-7.637,-0.121,-0.121,0
1787801979.103,shoulder_lift,-104.141,-103.604,-104.141,-0.537,-0.537,0
1787801979.103,elbow_flex,97.094,95.648,97.094,1.445,1.445,0
1787801979.103,wrist_flex,79.309,76.527,79.309,2.781,2.781,0
1787801979.103,wrist_roll,6.724,6.198,6.724,0.526,0.526,0
1787801979.103,gripper,1.086,7.368,1.086,-6.282,-6.282,0
1787801979.153,shoulder_pan,-7.669,-7.516,-7.669,-0.152,-0.152,0
1787801979.153,shoulder_lift,-104.151,-103.604,-104.151,-0.547,-0.547,0
1787801979.153,elbow_flex,97.093,95.648,97.093,1.444,1.444,0
1787801979.153,wrist_flex,79.332,76.615,79.332,2.717,2.717,0
1787801979.153,wrist_roll,6.723,6.198,6.723,0.525,0.525,0
1787801979.153,gripper,1.086,7.368,1.086,-6.282,-6.282,0
1787801979.202,shoulder_pan,-7.732,-7.516,-7.732,-0.215,-0.215,0
1787801979.202,shoulder_lift,-104.142,-103.604,-104.142,-0.537,-0.537,0
1787801979.202,elbow_flex,97.093,95.648,97.093,1.444,1.444,0
1787801979.202,wrist_flex,79.346,76.615,79.346,2.731,2.731,0
1787801979.202,wrist_roll,6.719,6.198,6.719,0.522,0.522,0
1787801979.202,gripper,1.085,7.368,1.085,-6.283,-6.283,0
1787801979.254,shoulder_pan,-7.787,-7.516,-7.787,-0.271,-0.271,0
1787801979.254,shoulder_lift,-104.126,-103.604,-104.126,-0.522,-0.522,0
1787801979.254,elbow_flex,97.089,95.648,97.089,1.441,1.441,0
1787801979.254,wrist_flex,79.374,76.615,79.374,2.758,2.758,0
1787801979.254,wrist_roll,6.711,6.198,6.711,0.513,0.513,0
1787801979.254,gripper,1.084,7.368,1.084,-6.284,-6.284,0
1787801979.303,shoulder_pan,-7.849,-7.516,-7.849,-0.333,-0.333,0
1787801979.303,shoulder_lift,-104.105,-103.604,-104.105,-0.501,-0.501,0
1787801979.303,elbow_flex,97.090,95.648,97.090,1.441,1.441,0
1787801979.303,wrist_flex,79.361,76.703,79.361,2.657,2.657,0
1787801979.303,wrist_roll,6.712,6.198,6.712,0.514,0.514,0
1787801979.303,gripper,1.083,7.368,1.083,-6.285,-6.285,0
1787801979.354,shoulder_pan,-7.905,-7.516,-7.905,-0.389,-0.389,0
1787801979.354,shoulder_lift,-104.094,-103.604,-104.094,-0.490,-0.490,0
1787801979.354,elbow_flex,97.099,95.648,97.099,1.451,1.451,0
1787801979.354,wrist_flex,79.358,76.703,79.358,2.654,2.654,0
1787801979.354,wrist_roll,6.709,6.198,6.709,0.511,0.511,0
1787801979.354,gripper,1.082,7.368,1.082,-6.286,-6.286,0
1787801979.403,shoulder_pan,-7.934,-7.516,-7.934,-0.417,-0.417,0
1787801979.403,shoulder_lift,-104.085,-103.604,-104.085,-0.481,-0.481,0
1787801979.403,elbow_flex,97.104,95.648,97.104,1.455,1.455,0
1787801979.403,wrist_flex,79.358,76.703,79.358,2.655,2.655,0
1787801979.403,wrist_roll,6.711,6.198,6.711,0.514,0.514,0
1787801979.403,gripper,1.081,7.368,1.081,-6.286,-6.286,0
1787801979.468,shoulder_pan,-7.003,-7.516,-7.003,0.514,0.514,0
1787801979.468,shoulder_lift,-103.657,-103.604,-103.657,-0.052,-0.052,0
1787801979.468,elbow_flex,97.158,95.648,97.158,1.509,1.509,0
1787801979.468,wrist_flex,78.682,76.703,78.682,1.979,1.979,0
1787801979.468,wrist_roll,6.697,6.198,6.697,0.499,0.499,0
1787801979.468,gripper,1.104,7.368,1.104,-6.264,-6.264,0
1787801979.503,shoulder_pan,-7.060,-7.516,-7.060,0.456,0.456,0
1787801979.503,shoulder_lift,-103.648,-103.604,-103.648,-0.044,-0.044,0
1787801979.503,elbow_flex,97.142,95.648,97.142,1.493,1.493,0
1787801979.503,wrist_flex,78.662,76.703,78.662,1.958,1.958,0
1787801979.503,wrist_roll,6.706,6.198,6.706,0.508,0.508,0
1787801979.503,gripper,1.103,7.368,1.103,-6.265,-6.265,0
1787801979.555,shoulder_pan,-7.104,-7.516,-7.104,0.413,0.413,0
1787801979.555,shoulder_lift,-103.676,-103.604,-103.676,-0.071,-0.071,0
1787801979.555,elbow_flex,97.127,95.648,97.127,1.478,1.478,0
1787801979.555,wrist_flex,78.687,76.703,78.687,1.984,1.984,0
1787801979.555,wrist_roll,6.725,6.198,6.725,0.528,0.528,0
1787801979.555,gripper,1.102,7.368,1.102,-6.265,-6.265,0
1787801979.603,shoulder_pan,-7.112,-7.429,-7.112,0.317,0.317,0
1787801979.603,shoulder_lift,-103.702,-103.604,-103.702,-0.097,-0.097,0
1787801979.603,elbow_flex,97.113,95.648,97.113,1.465,1.465,0
1787801979.603,wrist_flex,78.738,76.703,78.738,2.035,2.035,0
1787801979.603,wrist_roll,6.737,6.198,6.737,0.539,0.539,0
1787801979.603,gripper,1.102,7.368,1.102,-6.266,-6.266,0
1787801979.655,shoulder_pan,-7.143,-7.429,-7.143,0.286,0.286,0
1787801979.655,shoulder_lift,-103.711,-103.604,-103.711,-0.107,-0.107,0
1787801979.655,elbow_flex,97.096,95.648,97.096,1.447,1.447,0
1787801979.655,wrist_flex,78.757,76.703,78.757,2.054,2.054,0
1787801979.655,wrist_roll,6.745,6.198,6.745,0.547,0.547,0
1787801979.655,gripper,1.101,7.368,1.101,-6.267,-6.267,0
1787801979.703,shoulder_pan,-7.185,-7.429,-7.185,0.243,0.243,0
1787801979.703,shoulder_lift,-103.742,-103.604,-103.742,-0.138,-0.138,0
1787801979.703,elbow_flex,97.079,95.648,97.079,1.431,1.431,0
1787801979.703,wrist_flex,78.814,76.703,78.814,2.110,2.110,0
1787801979.703,wrist_roll,6.758,6.198,6.758,0.560,0.560,0
1787801979.703,gripper,1.100,7.368,1.100,-6.268,-6.268,0
1787801979.755,shoulder_pan,-7.205,-7.429,-7.205,0.224,0.224,0
1787801979.755,shoulder_lift,-103.782,-103.604,-103.782,-0.177,-0.177,0
1787801979.755,elbow_flex,97.073,95.648,97.073,1.425,1.425,0
1787801979.755,wrist_flex,78.883,76.703,78.883,2.180,2.180,0
1787801979.755,wrist_roll,6.764,6.198,6.764,0.566,0.566,0
1787801979.755,gripper,1.100,7.368,1.100,-6.268,-6.268,0
1787801979.805,shoulder_pan,-7.207,-7.429,-7.207,0.222,0.222,0
1787801979.805,shoulder_lift,-103.799,-103.604,-103.799,-0.195,-0.195,0
1787801979.805,elbow_flex,97.073,95.648,97.073,1.425,1.425,0
1787801979.805,wrist_flex,78.923,76.703,78.923,2.220,2.220,0
1787801979.805,wrist_roll,6.766,6.198,6.766,0.568,0.568,0
1787801979.805,gripper,1.100,7.368,1.100,-6.268,-6.268,0
1787801979.853,shoulder_pan,-7.230,-7.429,-7.230,0.198,0.198,0
1787801979.853,shoulder_lift,-103.829,-103.604,-103.829,-0.224,-0.224,0
1787801979.853,elbow_flex,97.071,95.648,97.071,1.423,1.423,0
1787801979.853,wrist_flex,78.973,76.703,78.973,2.270,2.270,0
1787801979.853,wrist_roll,6.769,6.198,6.769,0.571,0.571,0
1787801979.853,gripper,1.099,7.368,1.099,-6.269,-6.269,0
1787801979.904,shoulder_pan,-7.239,-7.429,-7.239,0.189,0.189,0
1787801979.904,shoulder_lift,-103.829,-103.604,-103.829,-0.225,-0.225,0
1787801979.904,elbow_flex,97.059,95.648,97.059,1.410,1.410,0
1787801979.904,wrist_flex,78.998,76.703,78.998,2.294,2.294,0
1787801979.904,wrist_roll,6.773,6.198,6.773,0.575,0.575,0
1787801979.904,gripper,1.098,7.368,1.098,-6.270,-6.270,0
1787801979.954,shoulder_pan,-7.241,-7.429,-7.241,0.188,0.188,0
1787801979.954,shoulder_lift,-103.855,-103.604,-103.855,-0.251,-0.251,0
1787801979.954,elbow_flex,97.056,95.648,97.056,1.408,1.408,0
1787801979.954,wrist_flex,79.045,76.703,79.045,2.342,2.342,0
1787801979.954,wrist_roll,6.769,6.198,6.769,0.571,0.571,0
1787801979.954,gripper,1.098,7.368,1.098,-6.270,-6.270,0
1787801980.004,shoulder_pan,-7.254,-7.429,-7.254,0.175,0.175,0
1787801980.004,shoulder_lift,-103.864,-103.604,-103.864,-0.260,-0.260,0
1787801980.004,elbow_flex,97.057,95.648,97.057,1.409,1.409,0
1787801980.004,wrist_flex,79.060,76.703,79.060,2.357,2.357,0
1787801980.004,wrist_roll,6.774,6.198,6.774,0.577,0.577,0
1787801980.004,gripper,1.097,7.368,1.097,-6.270,-6.270,0
1787801980.056,shoulder_pan,-7.293,-7.429,-7.293,0.136,0.136,0
1787801980.056,shoulder_lift,-103.855,-103.604,-103.855,-0.250,-0.250,0
1787801980.056,elbow_flex,97.050,95.648,97.050,1.401,1.401,0
1787801980.056,wrist_flex,79.073,76.703,79.073,2.369,2.369,0
1787801980.056,wrist_roll,6.769,6.198,6.769,0.571,0.571,0
1787801980.056,gripper,1.097,7.368,1.097,-6.270,-6.270,0
1787801980.103,shoulder_pan,-7.292,-7.429,-7.292,0.137,0.137,0
1787801980.103,shoulder_lift,-103.872,-103.604,-103.872,-0.267,-0.267,0
1787801980.103,elbow_flex,97.052,95.648,97.052,1.404,1.404,0
1787801980.103,wrist_flex,79.099,76.703,79.099,2.396,2.396,0
1787801980.103,wrist_roll,6.765,6.198,6.765,0.567,0.567,0
1787801980.103,gripper,1.097,7.368,1.097,-6.271,-6.271,0
1787801980.155,shoulder_pan,-7.319,-7.429,-7.319,0.109,0.109,0
1787801980.155,shoulder_lift,-103.869,-103.604,-103.869,-0.264,-0.264,0
1787801980.155,elbow_flex,97.042,95.648,97.042,1.394,1.394,0
1787801980.155,wrist_flex,79.110,76.703,79.110,2.407,2.407,0
1787801980.155,wrist_roll,6.762,6.198,6.762,0.564,0.564,0
1787801980.155,gripper,1.097,7.368,1.097,-6.271,-6.271,0
1787801980.204,shoulder_pan,-7.336,-7.429,-7.336,0.093,0.093,0
1787801980.204,shoulder_lift,-103.870,-103.604,-103.870,-0.266,-0.266,0
1787801980.204,elbow_flex,97.040,95.648,97.040,1.392,1.392,0
1787801980.204,wrist_flex,79.116,76.703,79.116,2.413,2.413,0
1787801980.204,wrist_roll,6.758,6.198,6.758,0.560,0.560,0
1787801980.204,gripper,1.097,7.368,1.097,-6.271,-6.271,0
1787801980.257,shoulder_pan,-7.377,-7.429,-7.377,0.052,0.052,0
1787801980.257,shoulder_lift,-103.844,-103.604,-103.844,-0.240,-0.240,0
1787801980.257,elbow_flex,97.029,95.648,97.029,1.381,1.381,0
1787801980.257,wrist_flex,79.089,76.703,79.089,2.385,2.385,0
1787801980.257,wrist_roll,6.755,6.198,6.755,0.558,0.558,0
1787801980.257,gripper,1.096,7.368,1.096,-6.271,-6.271,0
1787801980.306,shoulder_pan,-7.415,-7.429,-7.415,0.014,0.014,0
1787801980.306,shoulder_lift,-103.830,-103.604,-103.830,-0.225,-0.225,0
1787801980.306,elbow_flex,97.024,95.648,97.024,1.375,1.375,0
1787801980.306,wrist_flex,79.077,76.703,79.077,2.374,2.374,0
1787801980.306,wrist_roll,6.753,6.198,6.753,0.555,0.555,0
1787801980.306,gripper,1.096,7.368,1.096,-6.272,-6.272,0
1787801980.354,shoulder_pan,-7.432,-7.429,-7.432,-0.004,-0.004,0
1787801980.354,shoulder_lift,-103.807,-103.604,-103.807,-0.203,-0.203,0
1787801980.354,elbow_flex,96.989,95.648,96.989,1.340,1.340,0
1787801980.354,wrist_flex,79.030,76.703,79.030,2.326,2.326,0
1787801980.354,wrist_roll,6.750,6.198,6.750,0.552,0.552,0
1787801980.354,gripper,1.096,7.368,1.096,-6.271,-6.271,0
1787801980.407,shoulder_pan,-7.447,-7.429,-7.447,-0.018,-0.018,0
1787801980.407,shoulder_lift,-103.778,-103.604,-103.778,-0.174,-0.174,0
1787801980.407,elbow_flex,96.975,95.648,96.975,1.327,1.327,0
1787801980.407,wrist_flex,78.979,76.703,78.979,2.276,2.276,0
1787801980.407,wrist_roll,6.749,6.198,6.749,0.551,0.551,0
1787801980.407,gripper,1.096,7.368,1.096,-6.272,-6.272,0
1787801980.454,shoulder_pan,-7.465,-7.429,-7.465,-0.036,-0.036,0
1787801980.454,shoulder_lift,-103.764,-103.604,-103.764,-0.159,-0.159,0
1787801980.454,elbow_flex,96.974,95.648,96.974,1.325,1.325,0
1787801980.454,wrist_flex,78.934,76.703,78.934,2.231,2.231,0
1787801980.454,wrist_roll,6.746,6.198,6.746,0.549,0.549,0
1787801980.454,gripper,1.096,7.368,1.096,-6.272,-6.272,0
1787801980.505,shoulder_pan,-7.459,-7.429,-7.459,-0.030,-0.030,0
1787801980.505,shoulder_lift,-103.758,-103.604,-103.758,-0.153,-0.153,0
1787801980.505,elbow_flex,96.968,95.648,96.968,1.319,1.319,0
1787801980.505,wrist_flex,78.907,76.703,78.907,2.204,2.204,0
1787801980.505,wrist_roll,6.748,6.198,6.748,0.550,0.550,0
1787801980.505,gripper,1.096,7.368,1.096,-6.272,-6.272,0
1787801980.554,shoulder_pan,-7.480,-7.429,-7.480,-0.051,-0.051,0
1787801980.554,shoulder_lift,-103.712,-103.604,-103.712,-0.107,-0.107,0
1787801980.554,elbow_flex,96.937,95.648,96.937,1.289,1.289,0
1787801980.554,wrist_flex,78.832,76.703,78.832,2.129,2.129,0
1787801980.554,wrist_roll,6.750,6.198,6.750,0.552,0.552,0
1787801980.554,gripper,1.097,7.368,1.097,-6.271,-6.271,0
1787801980.605,shoulder_pan,-7.505,-7.429,-7.505,-0.077,-0.077,0
1787801980.605,shoulder_lift,-103.679,-103.604,-103.679,-0.075,-0.075,0
1787801980.605,elbow_flex,96.905,95.648,96.905,1.256,1.256,0
1787801980.605,wrist_flex,78.680,76.703,78.680,1.977,1.977,0
1787801980.605,wrist_roll,6.745,6.198,6.745,0.547,0.547,0
1787801980.605,gripper,1.096,7.368,1.096,-6.271,-6.271,0
1787801980.655,shoulder_pan,-7.526,-7.429,-7.526,-0.098,-0.098,0
1787801980.655,shoulder_lift,-103.657,-103.604,-103.657,-0.052,-0.052,0
1787801980.655,elbow_flex,96.881,95.648,96.881,1.233,1.233,0
1787801980.655,wrist_flex,78.624,76.703,78.624,1.920,1.920,0
1787801980.655,wrist_roll,6.744,6.198,6.744,0.546,0.546,0
1787801980.655,gripper,1.097,7.368,1.097,-6.271,-6.271,0
1787801980.705,shoulder_pan,-7.549,-7.429,-7.549,-0.120,-0.120,0
1787801980.705,shoulder_lift,-103.665,-103.604,-103.665,-0.061,-0.061,0
1787801980.705,elbow_flex,96.862,95.648,96.862,1.214,1.214,0
1787801980.705,wrist_flex,78.606,76.703,78.606,1.902,1.902,0
1787801980.705,wrist_roll,6.743,6.198,6.743,0.545,0.545,0
1787801980.705,gripper,1.097,7.368,1.097,-6.270,-6.270,0
1787801980.756,shoulder_pan,-7.566,-7.429,-7.566,-0.138,-0.138,0
1787801980.756,shoulder_lift,-103.657,-103.604,-103.657,-0.053,-0.053,0
1787801980.756,elbow_flex,96.826,95.648,96.826,1.178,1.178,0
1787801980.756,wrist_flex,78.594,76.703,78.594,1.891,1.891,0
1787801980.756,wrist_roll,6.740,6.198,6.740,0.543,0.543,0
1787801980.756,gripper,1.098,7.368,1.098,-6.270,-6.270,0
1787801980.811,shoulder_pan,-7.585,-7.429,-7.585,-0.157,-0.157,0
1787801980.811,shoulder_lift,-103.663,-103.604,-103.663,-0.058,-0.058,0
1787801980.811,elbow_flex,96.818,95.648,96.818,1.169,1.169,0
1787801980.811,wrist_flex,78.615,76.703,78.615,1.912,1.912,0
1787801980.811,wrist_roll,6.737,6.198,6.737,0.539,0.539,0
1787801980.811,gripper,1.098,7.368,1.098,-6.269,-6.269,0
1787801980.856,shoulder_pan,-7.599,-7.429,-7.599,-0.171,-0.171,0
1787801980.856,shoulder_lift,-103.671,-103.604,-103.671,-0.066,-0.066,0
1787801980.856,elbow_flex,96.791,95.648,96.791,1.142,1.142,0
1787801980.856,wrist_flex,78.643,76.703,78.643,1.939,1.939,0
1787801980.856,wrist_roll,6.735,6.198,6.735,0.538,0.538,0
1787801980.856,gripper,1.099,7.368,1.099,-6.269,-6.269,0
1787801980.906,shoulder_pan,-7.621,-7.429,-7.621,-0.193,-0.193,0
1787801980.906,shoulder_lift,-103.664,-103.604,-103.664,-0.060,-0.060,0
1787801980.906,elbow_flex,96.768,95.648,96.768,1.120,1.120,0
1787801980.906,wrist_flex,78.638,76.703,78.638,1.934,1.934,0
1787801980.906,wrist_roll,6.735,6.198,6.735,0.538,0.538,0
1787801980.906,gripper,1.100,7.368,1.100,-6.268,-6.268,0
1787801980.957,shoulder_pan,-7.630,-7.429,-7.630,-0.201,-0.201,0
1787801980.957,shoulder_lift,-103.653,-103.604,-103.653,-0.048,-0.048,0
1787801980.957,elbow_flex,96.755,95.648,96.755,1.106,1.106,0
1787801980.957,wrist_flex,78.640,76.703,78.640,1.937,1.937,0
1787801980.957,wrist_roll,6.736,6.198,6.736,0.538,0.538,0
1787801980.957,gripper,1.100,7.368,1.100,-6.268,-6.268,0
1787801981.005,shoulder_pan,-7.643,-7.429,-7.643,-0.215,-0.215,0
1787801981.005,shoulder_lift,-103.658,-103.604,-103.658,-0.054,-0.054,0
1787801981.005,elbow_flex,96.750,95.648,96.750,1.101,1.101,0
1787801981.005,wrist_flex,78.640,76.703,78.640,1.937,1.937,0
1787801981.005,wrist_roll,6.736,6.198,6.736,0.538,0.538,0
1787801981.005,gripper,1.101,7.368,1.101,-6.267,-6.267,0
1787801981.059,shoulder_pan,-7.646,-7.429,-7.646,-0.217,-0.217,0
1787801981.059,shoulder_lift,-103.659,-103.604,-103.659,-0.054,-0.054,0
1787801981.059,elbow_flex,96.734,95.648,96.734,1.086,1.086,0
1787801981.059,wrist_flex,78.629,76.703,78.629,1.925,1.925,0
1787801981.059,wrist_roll,6.735,6.198,6.735,0.538,0.538,0
1787801981.059,gripper,1.101,7.368,1.101,-6.267,-6.267,0
1787801981.105,shoulder_pan,-7.663,-7.516,-7.663,-0.146,-0.146,0
1787801981.105,shoulder_lift,-103.663,-103.604,-103.663,-0.059,-0.059,0
1787801981.105,elbow_flex,96.733,95.648,96.733,1.085,1.085,0
1787801981.105,wrist_flex,78.635,76.703,78.635,1.932,1.932,0
1787801981.105,wrist_roll,6.735,6.198,6.735,0.537,0.537,0
1787801981.105,gripper,1.101,7.368,1.101,-6.267,-6.267,0
1787801981.156,shoulder_pan,-7.660,-7.516,-7.660,-0.144,-0.144,0
1787801981.156,shoulder_lift,-103.667,-103.604,-103.667,-0.062,-0.062,0
1787801981.156,elbow_flex,96.734,95.648,96.734,1.086,1.086,0
1787801981.156,wrist_flex,78.658,76.703,78.658,1.955,1.955,0
1787801981.156,wrist_roll,6.735,6.198,6.735,0.537,0.537,0
1787801981.156,gripper,1.102,7.368,1.102,-6.266,-6.266,0
1787801981.208,shoulder_pan,-7.674,-7.516,-7.674,-0.158,-0.158,0
1787801981.208,shoulder_lift,-103.677,-103.604,-103.677,-0.072,-0.072,0
1787801981.208,elbow_flex,96.737,95.648,96.737,1.088,1.088,0
1787801981.208,wrist_flex,78.662,76.703,78.662,1.958,1.958,0
1787801981.208,wrist_roll,6.737,6.198,6.737,0.539,0.539,0
1787801981.208,gripper,1.102,7.368,1.102,-6.266,-6.266,0
1787801981.255,shoulder_pan,-7.673,-7.516,-7.673,-0.157,-0.157,0
1787801981.255,shoulder_lift,-103.699,-103.604,-103.699,-0.095,-0.095,0
1787801981.255,elbow_flex,96.747,95.648,96.747,1.099,1.099,0
1787801981.255,wrist_flex,78.711,76.703,78.711,2.007,2.007,0
1787801981.255,wrist_roll,6.736,6.198,6.736,0.538,0.538,0
1787801981.255,gripper,1.103,7.368,1.103,-6.265,-6.265,0
1787801981.308,shoulder_pan,-7.666,-7.516,-7.666,-0.149,-0.149,0
1787801981.308,shoulder_lift,-103.727,-103.604,-103.727,-0.123,-0.123,0
1787801981.308,elbow_flex,96.771,95.648,96.771,1.123,1.123,0
1787801981.308,wrist_flex,78.771,76.703,78.771,2.068,2.068,0
1787801981.308,wrist_roll,6.734,6.198,6.734,0.536,0.536,0
1787801981.308,gripper,1.103,7.368,1.103,-6.264,-6.264,0
1787801981.356,shoulder_pan,-7.662,-7.516,-7.662,-0.146,-0.146,0
1787801981.356,shoulder_lift,-103.762,-103.604,-103.762,-0.158,-0.158,0
1787801981.356,elbow_flex,96.792,95.648,96.792,1.144,1.144,0
1787801981.356,wrist_flex,78.846,76.703,78.846,2.143,2.143,0
1787801981.356,wrist_roll,6.727,6.198,6.727,0.530,0.530,0
1787801981.356,gripper,1.104,7.368,1.104,-6.264,-6.264,0
1787801981.409,shoulder_pan,-7.677,-7.516,-7.677,-0.160,-0.160,0
1787801981.409,shoulder_lift,-103.800,-103.604,-103.800,-0.196,-0.196,0
1787801981.409,elbow_flex,96.792,95.648,96.792,1.144,1.144,0
1787801981.409,wrist_flex,78.947,76.703,78.947,2.243,2.243,0
1787801981.409,wrist_roll,6.720,6.198,6.720,0.522,0.522,0
1787801981.409,gripper,1.103,7.368,1.103,-6.265,-6.265,0
1787801981.457,shoulder_pan,-7.696,-7.516,-7.696,-0.180,-0.180,0
1787801981.457,shoulder_lift,-103.819,-103.604,-103.819,-0.215,-0.215,0
1787801981.457,elbow_flex,96.786,95.648,96.786,1.137,1.137,0
1787801981.457,wrist_flex,78.976,76.703,78.976,2.272,2.272,0
1787801981.457,wrist_roll,6.719,6.198,6.719,0.521,0.521,0
1787801981.457,gripper,1.103,7.368,1.103,-6.265,-6.265,0
1787801981.507,shoulder_pan,-7.695,-7.516,-7.695,-0.179,-0.179,0
1787801981.507,shoulder_lift,-103.837,-103.604,-103.837,-0.233,-0.233,0
1787801981.507,elbow_flex,96.744,95.648,96.744,1.096,1.096,0
1787801981.507,wrist_flex,79.034,76.703,79.034,2.330,2.330,0
1787801981.507,wrist_roll,6.710,6.198,6.710,0.512,0.512,0
1787801981.507,gripper,1.103,7.368,1.103,-6.265,-6.265,0
1787801981.559,shoulder_pan,-7.705,-7.516,-7.705,-0.189,-0.189,0
1787801981.559,shoulder_lift,-103.822,-103.604,-103.822,-0.218,-0.218,0
1787801981.559,elbow_flex,96.706,95.648,96.706,1.058,1.058,0
1787801981.559,wrist_flex,79.047,76.703,79.047,2.343,2.343,0
1787801981.559,wrist_roll,6.701,6.198,6.701,0.503,0.503,0
1787801981.559,gripper,1.102,7.368,1.102,-6.265,-6.265,0
1787801981.605,shoulder_pan,-7.715,-7.516,-7.715,-0.198,-0.198,0
1787801981.605,shoulder_lift,-103.803,-103.604,-103.803,-0.198,-0.198,0
1787801981.605,elbow_flex,96.668,95.648,96.668,1.020,1.020,0
1787801981.605,wrist_flex,79.036,76.703,79.036,2.333,2.333,0
1787801981.605,wrist_roll,6.694,6.198,6.694,0.496,0.496,0
1787801981.605,gripper,1.103,7.368,1.103,-6.265,-6.265,0
1787801981.655,shoulder_pan,-7.739,-7.516,-7.739,-0.223,-0.223,0
1787801981.655,shoulder_lift,-103.803,-103.604,-103.803,-0.199,-0.199,0
1787801981.655,elbow_flex,96.635,95.648,96.635,0.987,0.987,0
1787801981.655,wrist_flex,79.036,76.703,79.036,2.333,2.333,0
1787801981.655,wrist_roll,6.692,6.198,6.692,0.494,0.494,0
1787801981.655,gripper,1.103,7.368,1.103,-6.264,-6.264,0
1787801981.706,shoulder_pan,-7.742,-7.516,-7.742,-0.225,-0.225,0
1787801981.706,shoulder_lift,-103.798,-103.604,-103.798,-0.193,-0.193,0
1787801981.706,elbow_flex,96.622,95.648,96.622,0.973,0.973,0
1787801981.706,wrist_flex,79.026,76.703,79.026,2.322,2.322,0
1787801981.706,wrist_roll,6.689,6.198,6.689,0.492,0.492,0
1787801981.706,gripper,1.104,7.368,1.104,-6.264,-6.264,0
1787801981.758,shoulder_pan,-7.755,-7.516,-7.755,-0.238,-0.238,0
1787801981.758,shoulder_lift,-103.787,-103.604,-103.787,-0.183,-0.183,0
1787801981.758,elbow_flex,96.618,95.648,96.618,0.970,0.970,0
1787801981.758,wrist_flex,79.012,76.703,79.012,2.309,2.309,0
1787801981.758,wrist_roll,6.687,6.198,6.687,0.489,0.489,0
1787801981.758,gripper,1.104,7.368,1.104,-6.263,-6.263,0
1787801981.806,shoulder_pan,-7.750,-7.516,-7.750,-0.233,-0.233,0
1787801981.806,shoulder_lift,-103.788,-103.604,-103.788,-0.183,-0.183,0
1787801981.806,elbow_flex,96.611,95.648,96.611,0.963,0.963,0
1787801981.806,wrist_flex,79.000,76.703,79.000,2.297,2.297,0
1787801981.806,wrist_roll,6.685,6.198,6.685,0.487,0.487,0
1787801981.806,gripper,1.106,7.368,1.106,-6.261,-6.261,0
1787801981.859,shoulder_pan,-7.744,-7.516,-7.744,-0.228,-0.228,0
1787801981.859,shoulder_lift,-103.788,-103.604,-103.788,-0.184,-0.184,0
1787801981.859,elbow_flex,96.611,95.648,96.611,0.962,0.962,0
1787801981.859,wrist_flex,78.977,76.703,78.977,2.274,2.274,0
1787801981.859,wrist_roll,6.682,6.198,6.682,0.484,0.484,0
1787801981.859,gripper,1.107,7.368,1.107,-6.260,-6.260,0
1787801981.907,shoulder_pan,-7.742,-7.516,-7.742,-0.226,-0.226,0
1787801981.907,shoulder_lift,-103.795,-103.604,-103.795,-0.190,-0.190,0
1787801981.907,elbow_flex,96.610,95.648,96.610,0.962,0.962,0
1787801981.907,wrist_flex,78.951,76.703,78.951,2.248,2.248,0
1787801981.907,wrist_roll,6.679,6.198,6.679,0.481,0.481,0
1787801981.907,gripper,1.107,7.368,1.107,-6.260,-6.260,0
1787801981.958,shoulder_pan,-7.758,-7.516,-7.758,-0.241,-0.241,0
1787801981.958,shoulder_lift,-103.787,-103.604,-103.787,-0.182,-0.182,0
1787801981.958,elbow_flex,96.605,95.648,96.605,0.957,0.957,0
1787801981.958,wrist_flex,78.896,76.703,78.896,2.192,2.192,0
1787801981.958,wrist_roll,6.679,6.198,6.679,0.481,0.481,0
1787801981.958,gripper,1.110,7.368,1.110,-6.258,-6.258,0
1787801982.008,shoulder_pan,-7.740,-7.516,-7.740,-0.223,-0.223,0
1787801982.008,shoulder_lift,-103.793,-103.604,-103.793,-0.188,-0.188,0
1787801982.008,elbow_flex,96.613,95.648,96.613,0.964,0.964,0
1787801982.008,wrist_flex,78.854,76.703,78.854,2.151,2.151,0
1787801982.008,wrist_roll,6.674,6.198,6.674,0.476,0.476,0
1787801982.008,gripper,1.110,7.368,1.110,-6.258,-6.258,0
1787801982.057,shoulder_pan,-7.711,-7.516,-7.711,-0.195,-0.195,0
1787801982.057,shoulder_lift,-103.801,-103.604,-103.801,-0.197,-0.197,0
1787801982.057,elbow_flex,96.608,95.648,96.608,0.960,0.960,0
1787801982.057,wrist_flex,78.802,76.703,78.802,2.099,2.099,0
1787801982.057,wrist_roll,6.671,6.198,6.671,0.473,0.473,0
1787801982.057,gripper,1.112,7.368,1.112,-6.256,-6.256,0
1787801982.108,shoulder_pan,-7.713,-7.516,-7.713,-0.197,-0.197,0
1787801982.108,shoulder_lift,-103.802,-103.604,-103.802,-0.198,-0.198,0
1787801982.108,elbow_flex,96.616,95.648,96.616,0.968,0.968,0
1787801982.108,wrist_flex,78.779,76.703,78.779,2.075,2.075,0
1787801982.108,wrist_roll,6.672,6.198,6.672,0.474,0.474,0
1787801982.108,gripper,1.112,7.368,1.112,-6.255,-6.255,0
1787801982.157,shoulder_pan,-7.713,-7.516,-7.713,-0.196,-0.196,0
1787801982.157,shoulder_lift,-103.809,-103.604,-103.809,-0.205,-0.205,0
1787801982.157,elbow_flex,96.609,95.648,96.609,0.961,0.961,0
1787801982.157,wrist_flex,78.768,76.703,78.768,2.065,2.065,0
1787801982.157,wrist_roll,6.673,6.198,6.673,0.475,0.475,0
1787801982.157,gripper,1.113,7.368,1.113,-6.254,-6.254,0
1787801982.207,shoulder_pan,-7.711,-7.516,-7.711,-0.194,-0.194,0
1787801982.207,shoulder_lift,-103.819,-103.604,-103.819,-0.214,-0.214,0
1787801982.207,elbow_flex,96.615,95.648,96.615,0.966,0.966,0
1787801982.207,wrist_flex,78.752,76.703,78.752,2.049,2.049,0
1787801982.207,wrist_roll,6.673,6.198,6.673,0.475,0.475,0
1787801982.207,gripper,1.114,7.368,1.114,-6.253,-6.253,0
1787801982.262,shoulder_pan,-7.697,-7.516,-7.697,-0.181,-0.181,0
1787801982.262,shoulder_lift,-103.813,-103.604,-103.813,-0.208,-0.208,0
1787801982.262,elbow_flex,96.607,95.648,96.607,0.959,0.959,0
1787801982.262,wrist_flex,78.697,76.703,78.697,1.993,1.993,0
1787801982.262,wrist_roll,6.673,6.198,6.673,0.476,0.476,0
1787801982.262,gripper,1.116,7.368,1.116,-6.252,-6.252,0
1787801982.308,shoulder_pan,-7.696,-7.516,-7.696,-0.179,-0.179,0
1787801982.308,shoulder_lift,-103.809,-103.604,-103.809,-0.204,-0.204,0
1787801982.308,elbow_flex,96.609,95.648,96.609,0.960,0.960,0
1787801982.308,wrist_flex,78.666,76.703,78.666,1.963,1.963,0
1787801982.308,wrist_roll,6.676,6.198,6.676,0.478,0.478,0
1787801982.308,gripper,1.118,7.368,1.118,-6.250,-6.250,0
1787801982.358,shoulder_pan,-7.696,-7.516,-7.696,-0.180,-0.180,0
1787801982.358,shoulder_lift,-103.804,-103.604,-103.804,-0.199,-0.199,0
1787801982.358,elbow_flex,96.605,95.648,96.605,0.957,0.957,0
1787801982.358,wrist_flex,78.634,76.703,78.634,1.930,1.930,0
1787801982.358,wrist_roll,6.678,6.198,6.678,0.480,0.480,0
1787801982.358,gripper,1.119,7.368,1.119,-6.249,-6.249,0
1787801982.409,shoulder_pan,-7.699,-7.516,-7.699,-0.183,-0.183,0
1787801982.409,shoulder_lift,-103.802,-103.604,-103.802,-0.198,-0.198,0
1787801982.409,elbow_flex,96.608,95.648,96.608,0.960,0.960,0
1787801982.409,wrist_flex,78.623,76.703,78.623,1.919,1.919,0
1787801982.409,wrist_roll,6.679,6.198,6.679,0.482,0.482,0
1787801982.409,gripper,1.120,7.368,1.120,-6.248,-6.248,0
1787801982.458,shoulder_pan,-7.690,-7.516,-7.690,-0.173,-0.173,0
1787801982.458,shoulder_lift,-103.799,-103.604,-103.799,-0.194,-0.194,0
1787801982.458,elbow_flex,96.608,95.648,96.608,0.960,0.960,0
1787801982.458,wrist_flex,78.602,76.703,78.602,1.899,1.899,0
1787801982.458,wrist_roll,6.681,6.198,6.681,0.484,0.484,0
1787801982.458,gripper,1.120,7.368,1.120,-6.248,-6.248,0
1787801982.509,shoulder_pan,-7.701,-7.516,-7.701,-0.184,-0.184,0
1787801982.509,shoulder_lift,-103.796,-103.604,-103.796,-0.192,-0.192,0
1787801982.509,elbow_flex,96.617,95.648,96.617,0.969,0.969,0
1787801982.509,wrist_flex,78.593,76.703,78.593,1.890,1.890,0
1787801982.509,wrist_roll,6.684,6.198,6.684,0.487,0.487,0
1787801982.509,gripper,1.121,7.368,1.121,-6.247,-6.247,0
1787801982.558,shoulder_pan,-7.696,-7.516,-7.696,-0.180,-0.180,0
1787801982.558,shoulder_lift,-103.799,-103.604,-103.799,-0.194,-0.194,0
1787801982.558,elbow_flex,96.623,95.648,96.623,0.975,0.975,0
1787801982.558,wrist_flex,78.591,76.703,78.591,1.887,1.887,0
1787801982.558,wrist_roll,6.683,6.198,6.683,0.486,0.486,0
1787801982.558,gripper,1.121,7.368,1.121,-6.247,-6.247,0
1787801982.609,shoulder_pan,-7.705,-7.516,-7.705,-0.189,-0.189,0
1787801982.609,shoulder_lift,-103.800,-103.604,-103.800,-0.195,-0.195,0
1787801982.609,elbow_flex,96.635,95.648,96.635,0.987,0.987,0
1787801982.609,wrist_flex,78.591,76.703,78.591,1.888,1.888,0
1787801982.609,wrist_roll,6.689,6.198,6.689,0.491,0.491,0
1787801982.609,gripper,1.122,7.368,1.122,-6.246,-6.246,0
1787801982.658,shoulder_pan,-7.703,-7.516,-7.703,-0.187,-0.187,0
1787801982.658,shoulder_lift,-103.802,-103.604,-103.802,-0.197,-0.197,0
1787801982.658,elbow_flex,96.643,95.648,96.643,0.994,0.994,0
1787801982.658,wrist_flex,78.595,76.703,78.595,1.892,1.892,0
1787801982.658,wrist_roll,6.690,6.198,6.690,0.492,0.492,0
1787801982.658,gripper,1.122,7.368,1.122,-6.246,-6.246,0
1787801982.709,shoulder_pan,-7.695,-7.516,-7.695,-0.179,-0.179,0
1787801982.709,shoulder_lift,-103.797,-103.604,-103.797,-0.193,-0.193,0
1787801982.709,elbow_flex,96.641,95.648,96.641,0.992,0.992,0
1787801982.709,wrist_flex,78.587,76.703,78.587,1.884,1.884,0
1787801982.709,wrist_roll,6.690,6.198,6.690,0.492,0.492,0
1787801982.709,gripper,1.122,7.368,1.122,-6.246,-6.246,0
1787801982.759,shoulder_pan,-7.686,-7.516,-7.686,-0.170,-0.170,0
1787801982.759,shoulder_lift,-103.799,-103.604,-103.799,-0.195,-0.195,0
1787801982.759,elbow_flex,96.644,95.648,96.644,0.995,0.995,0
1787801982.759,wrist_flex,78.592,76.703,78.592,1.888,1.888,0
1787801982.759,wrist_roll,6.691,6.198,6.691,0.493,0.493,0
1787801982.759,gripper,1.122,7.368,1.122,-6.245,-6.245,0
1787801982.811,shoulder_pan,-7.695,-7.516,-7.695,-0.178,-0.178,0
1787801982.811,shoulder_lift,-103.795,-103.604,-103.795,-0.191,-0.191,0
1787801982.811,elbow_flex,96.639,95.648,96.639,0.991,0.991,0
1787801982.811,wrist_flex,78.581,76.703,78.581,1.877,1.877,0
1787801982.811,wrist_roll,6.693,6.198,6.693,0.495,0.495,0
1787801982.811,gripper,1.122,7.368,1.122,-6.245,-6.245,0
1787801982.858,shoulder_pan,-7.694,-7.516,-7.694,-0.178,-0.178,0
1787801982.858,shoulder_lift,-103.800,-103.604,-103.800,-0.196,-0.196,0
1787801982.858,elbow_flex,96.643,95.648,96.643,0.994,0.994,0
1787801982.858,wrist_flex,78.593,76.703,78.593,1.889,1.889,0
1787801982.858,wrist_roll,6.694,6.198,6.694,0.496,0.496,0
1787801982.858,gripper,1.122,7.368,1.122,-6.245,-6.245,0
1787801982.910,shoulder_pan,-7.688,-7.516,-7.688,-0.171,-0.171,0
1787801982.910,shoulder_lift,-103.799,-103.604,-103.799,-0.194,-0.194,0
1787801982.910,elbow_flex,96.645,95.648,96.645,0.997,0.997,0
1787801982.910,wrist_flex,78.592,76.703,78.592,1.889,1.889,0
1787801982.910,wrist_roll,6.696,6.198,6.696,0.498,0.498,0
1787801982.910,gripper,1.122,7.368,1.122,-6.245,-6.245,0
1787801982.959,shoulder_pan,-7.683,-7.516,-7.683,-0.167,-0.167,0
1787801982.959,shoulder_lift,-103.799,-103.604,-103.799,-0.195,-0.195,0
1787801982.959,elbow_flex,96.643,95.648,96.643,0.994,0.994,0
1787801982.959,wrist_flex,78.593,76.703,78.593,1.889,1.889,0
1787801982.959,wrist_roll,6.698,6.198,6.698,0.500,0.500,0
1787801982.959,gripper,1.123,7.368,1.123,-6.245,-6.245,0
1787801983.008,shoulder_pan,-7.681,-7.516,-7.681,-0.165,-0.165,0
1787801983.008,shoulder_lift,-103.796,-103.604,-103.796,-0.192,-0.192,0
1787801983.008,elbow_flex,96.638,95.648,96.638,0.989,0.989,0
1787801983.008,wrist_flex,78.582,76.703,78.582,1.879,1.879,0
1787801983.008,wrist_roll,6.699,6.198,6.699,0.501,0.501,0
1787801983.008,gripper,1.123,7.368,1.123,-6.245,-6.245,0
1787801983.058,shoulder_pan,-7.679,-7.516,-7.679,-0.162,-0.162,0
1787801983.058,shoulder_lift,-103.796,-103.604,-103.796,-0.192,-0.192,0
1787801983.058,elbow_flex,96.636,95.648,96.636,0.988,0.988,0
1787801983.058,wrist_flex,78.581,76.703,78.581,1.877,1.877,0
1787801983.058,wrist_roll,6.700,6.198,6.700,0.503,0.503,0
1787801983.058,gripper,1.122,7.368,1.122,-6.245,-6.245,0
1787801983.112,shoulder_pan,-7.674,-7.516,-7.674,-0.157,-0.157,0
1787801983.112,shoulder_lift,-103.796,-103.604,-103.796,-0.192,-0.192,0
1787801983.112,elbow_flex,96.636,95.648,96.636,0.987,0.987,0
1787801983.112,wrist_flex,78.579,76.703,78.579,1.876,1.876,0
1787801983.112,wrist_roll,6.702,6.198,6.702,0.504,0.504,0
1787801983.112,gripper,1.123,7.368,1.123,-6.245,-6.245,0
1787801983.159,shoulder_pan,-7.665,-7.516,-7.665,-0.148,-0.148,0
1787801983.159,shoulder_lift,-103.795,-103.604,-103.795,-0.190,-0.190,0
1787801983.159,elbow_flex,96.633,95.648,96.633,0.985,0.985,0
1787801983.159,wrist_flex,78.578,76.703,78.578,1.875,1.875,0
1787801983.159,wrist_roll,6.702,6.198,6.702,0.505,0.505,0
1787801983.159,gripper,1.123,7.368,1.123,-6.245,-6.245,0
1787801983.209,shoulder_pan,-7.655,-7.516,-7.655,-0.138,-0.138,0
1787801983.209,shoulder_lift,-103.793,-103.604,-103.793,-0.189,-0.189,0
1787801983.209,elbow_flex,96.631,95.648,96.631,0.983,0.983,0
1787801983.209,wrist_flex,78.575,76.703,78.575,1.872,1.872,0
1787801983.209,wrist_roll,6.703,6.198,6.703,0.506,0.506,0
1787801983.209,gripper,1.123,7.368,1.123,-6.245,-6.245,0
1787801983.259,shoulder_pan,-7.654,-7.516,-7.654,-0.137,-0.137,0
1787801983.259,shoulder_lift,-103.792,-103.604,-103.792,-0.188,-0.188,0
1787801983.259,elbow_flex,96.628,95.648,96.628,0.980,0.980,0
1787801983.259,wrist_flex,78.570,76.703,78.570,1.866,1.866,0
1787801983.259,wrist_roll,6.704,6.198,6.704,0.507,0.507,0
1787801983.259,gripper,1.123,7.368,1.123,-6.245,-6.245,0
1787801983.310,shoulder_pan,-7.646,-7.516,-7.646,-0.130,-0.130,0
1787801983.310,shoulder_lift,-103.790,-103.604,-103.790,-0.186,-0.186,0
1787801983.310,elbow_flex,96.624,95.648,96.624,0.976,0.976,0
1787801983.310,wrist_flex,78.566,76.703,78.566,1.862,1.862,0
1787801983.310,wrist_roll,6.705,6.198,6.705,0.507,0.507,0
1787801983.310,gripper,1.123,7.368,1.123,-6.245,-6.245,0
1787801983.360,shoulder_pan,-7.642,-7.516,-7.642,-0.125,-0.125,0
1787801983.360,shoulder_lift,-103.789,-103.604,-103.789,-0.185,-0.185,0
1787801983.360,elbow_flex,96.623,95.648,96.623,0.975,0.975,0
1787801983.360,wrist_flex,78.564,76.703,78.564,1.860,1.860,0
1787801983.360,wrist_roll,6.707,6.198,6.707,0.509,0.509,0
1787801983.360,gripper,1.123,7.368,1.123,-6.245,-6.245,0
1787801983.411,shoulder_pan,-7.637,-7.516,-7.637,-0.120,-0.120,0
1787801983.411,shoulder_lift,-103.788,-103.604,-103.788,-0.184,-0.184,0
1787801983.411,elbow_flex,96.620,95.648,96.620,0.971,0.971,0
1787801983.411,wrist_flex,78.559,76.703,78.559,1.856,1.856,0
1787801983.411,wrist_roll,6.708,6.198,6.708,0.510,0.510,0
1787801983.411,gripper,1.123,7.368,1.123,-6.245,-6.245,0
1787801983.460,shoulder_pan,-7.625,-7.516,-7.625,-0.109,-0.109,0
1787801983.460,shoulder_lift,-103.786,-103.604,-103.786,-0.182,-0.182,0
1787801983.460,elbow_flex,96.616,95.648,96.616,0.967,0.967,0
1787801983.460,wrist_flex,78.554,76.703,78.554,1.850,1.850,0
1787801983.460,wrist_roll,6.707,6.198,6.707,0.509,0.509,0
1787801983.460,gripper,1.122,7.368,1.122,-6.245,-6.245,0
1787801983.511,shoulder_pan,-7.617,-7.516,-7.617,-0.100,-0.100,0
1787801983.511,shoulder_lift,-103.784,-103.604,-103.784,-0.180,-0.180,0
1787801983.511,elbow_flex,96.611,95.648,96.611,0.963,0.963,0
1787801983.511,wrist_flex,78.547,76.703,78.547,1.844,1.844,0
1787801983.511,wrist_roll,6.707,6.198,6.707,0.510,0.510,0
1787801983.511,gripper,1.122,7.368,1.122,-6.245,-6.245,0
1787801983.560,shoulder_pan,-7.613,-7.516,-7.613,-0.097,-0.097,0
1787801983.560,shoulder_lift,-103.782,-103.604,-103.782,-0.178,-0.178,0
1787801983.560,elbow_flex,96.607,95.648,96.607,0.959,0.959,0
1787801983.560,wrist_flex,78.541,76.703,78.541,1.838,1.838,0
1787801983.560,wrist_roll,6.708,6.198,6.708,0.510,0.510,0
1787801983.560,gripper,1.122,7.368,1.122,-6.245,-6.245,0
1787801983.611,shoulder_pan,-7.599,-7.516,-7.599,-0.083,-0.083,0
1787801983.611,shoulder_lift,-103.781,-103.604,-103.781,-0.177,-0.177,0
1787801983.611,elbow_flex,96.602,95.648,96.602,0.954,0.954,0
1787801983.611,wrist_flex,78.537,76.703,78.537,1.833,1.833,0
1787801983.611,wrist_roll,6.707,6.198,6.707,0.509,0.509,0
1787801983.611,gripper,1.122,7.368,1.122,-6.245,-6.245,0
1787801983.660,shoulder_pan,-7.590,-7.516,-7.590,-0.074,-0.074,0
1787801983.660,shoulder_lift,-103.780,-103.604,-103.780,-0.176,-0.176,0
1787801983.660,elbow_flex,96.599,95.648,96.599,0.951,0.951,0
1787801983.660,wrist_flex,78.532,76.703,78.532,1.829,1.829,0
1787801983.660,wrist_roll,6.707,6.198,6.707,0.509,0.509,0
1787801983.660,gripper,1.122,7.368,1.122,-6.245,-6.245,0
1787801983.710,shoulder_pan,-7.582,-7.516,-7.582,-0.066,-0.066,0
1787801983.710,shoulder_lift,-103.778,-103.604,-103.778,-0.174,-0.174,0
1787801983.710,elbow_flex,96.595,95.648,96.595,0.946,0.946,0
1787801983.710,wrist_flex,78.528,76.703,78.528,1.825,1.825,0
1787801983.710,wrist_roll,6.708,6.198,6.708,0.510,0.510,0
1787801983.710,gripper,1.122,7.368,1.122,-6.245,-6.245,0
1787801983.760,shoulder_pan,-7.571,-7.516,-7.571,-0.055,-0.055,0
1787801983.760,shoulder_lift,-103.776,-103.604,-103.776,-0.172,-0.172,0
1787801983.760,elbow_flex,96.591,95.648,96.591,0.943,0.943,0
1787801983.760,wrist_flex,78.524,76.703,78.524,1.821,1.821,0
1787801983.760,wrist_roll,6.707,6.198,6.707,0.509,0.509,0
1787801983.760,gripper,1.122,7.368,1.122,-6.245,-6.245,0
1787801983.810,shoulder_pan,-7.559,-7.516,-7.559,-0.043,-0.043,0
1787801983.810,shoulder_lift,-103.774,-103.604,-103.774,-0.170,-0.170,0
1787801983.810,elbow_flex,96.586,95.648,96.586,0.938,0.938,0
1787801983.810,wrist_flex,78.519,76.703,78.519,1.815,1.815,0
1787801983.810,wrist_roll,6.706,6.198,6.706,0.508,0.508,0
1787801983.810,gripper,1.122,7.368,1.122,-6.246,-6.246,0
1787801983.861,shoulder_pan,-7.549,-7.516,-7.549,-0.033,-0.033,0
1787801983.861,shoulder_lift,-103.773,-103.604,-103.773,-0.168,-0.168,0
1787801983.861,elbow_flex,96.583,95.648,96.583,0.934,0.934,0
1787801983.861,wrist_flex,78.514,76.703,78.514,1.810,1.810,0
1787801983.861,wrist_roll,6.704,6.198,6.704,0.506,0.506,0
1787801983.861,gripper,1.122,7.368,1.122,-6.246,-6.246,0
1787801983.911,shoulder_pan,-7.536,-7.516,-7.536,-0.020,-0.020,0
1787801983.911,shoulder_lift,-103.771,-103.604,-103.771,-0.166,-0.166,0
1787801983.911,elbow_flex,96.579,95.648,96.579,0.930,0.930,0
1787801983.911,wrist_flex,78.508,76.703,78.508,1.805,1.805,0
1787801983.911,wrist_roll,6.703,6.198,6.703,0.505,0.505,0
1787801983.911,gripper,1.122,7.368,1.122,-6.246,-6.246,0
1787801983.961,shoulder_pan,-7.530,-7.516,-7.530,-0.013,-0.013,0
1787801983.961,shoulder_lift,-103.771,-103.604,-103.771,-0.167,-0.167,0
1787801983.961,elbow_flex,96.576,95.648,96.576,0.928,0.928,0
1787801983.961,wrist_flex,78.504,76.703,78.504,1.801,1.801,0
1787801983.961,wrist_roll,6.702,6.198,6.702,0.505,0.505,0
1787801983.961,gripper,1.122,7.368,1.122,-6.246,-6.246,0
1787801984.010,shoulder_pan,-7.507,-7.516,-7.507,0.010,0.010,0
1787801984.010,shoulder_lift,-103.775,-103.604,-103.775,-0.171,-0.171,0
1787801984.010,elbow_flex,96.577,95.648,96.577,0.929,0.929,0
1787801984.010,wrist_flex,78.509,76.703,78.509,1.806,1.806,0
1787801984.010,wrist_roll,6.702,6.198,6.702,0.504,0.504,0
1787801984.010,gripper,1.122,7.368,1.122,-6.246,-6.246,0
1787801984.060,shoulder_pan,-7.505,-7.516,-7.505,0.011,0.011,0
1787801984.060,shoulder_lift,-103.774,-103.604,-103.774,-0.170,-0.170,0
1787801984.060,elbow_flex,96.573,95.648,96.573,0.924,0.924,0
1787801984.060,wrist_flex,78.502,76.703,78.502,1.798,1.798,0
1787801984.060,wrist_roll,6.702,6.198,6.702,0.504,0.504,0
1787801984.060,gripper,1.122,7.368,1.122,-6.246,-6.246,0
1787801984.110,shoulder_pan,-7.485,-7.516,-7.485,0.032,0.032,0
1787801984.110,shoulder_lift,-103.775,-103.604,-103.775,-0.171,-0.171,0
1787801984.110,elbow_flex,96.573,95.648,96.573,0.925,0.925,0
1787801984.110,wrist_flex,78.505,76.703,78.505,1.802,1.802,0
1787801984.110,wrist_roll,6.700,6.198,6.700,0.502,0.502,0
1787801984.110,gripper,1.122,7.368,1.122,-6.246,-6.246,0
1787801984.161,shoulder_pan,-7.462,-7.516,-7.462,0.054,0.054,0
1787801984.161,shoulder_lift,-103.779,-103.604,-103.779,-0.175,-0.175,0
1787801984.161,elbow_flex,96.576,95.648,96.576,0.928,0.928,0
1787801984.161,wrist_flex,78.513,76.703,78.513,1.809,1.809,0
1787801984.161,wrist_roll,6.699,6.198,6.699,0.501,0.501,0
1787801984.161,gripper,1.122,7.368,1.122,-6.246,-6.246,0
1787801984.211,shoulder_pan,-7.456,-7.516,-7.456,0.061,0.061,0
1787801984.211,shoulder_lift,-103.779,-103.604,-103.779,-0.175,-0.175,0
1787801984.211,elbow_flex,96.574,95.648,96.574,0.926,0.926,0
1787801984.211,wrist_flex,78.511,76.703,78.511,1.807,1.807,0
1787801984.211,wrist_roll,6.697,6.198,6.697,0.499,0.499,0
1787801984.211,gripper,1.122,7.368,1.122,-6.246,-6.246,0
1787801984.260,shoulder_pan,-7.431,-7.516,-7.431,0.086,0.086,0
1787801984.260,shoulder_lift,-103.790,-103.604,-103.790,-0.186,-0.186,0
1787801984.260,elbow_flex,96.584,95.648,96.584,0.936,0.936,0
1787801984.260,wrist_flex,78.532,76.703,78.532,1.828,1.828,0
1787801984.260,wrist_roll,6.698,6.198,6.698,0.500,0.500,0
1787801984.260,gripper,1.122,7.368,1.122,-6.245,-6.245,0
1787801984.310,shoulder_pan,-7.436,-7.516,-7.436,0.080,0.080,0
1787801984.310,shoulder_lift,-103.782,-103.604,-103.782,-0.178,-0.178,0
1787801984.310,elbow_flex,96.573,95.648,96.573,0.924,0.924,0
1787801984.310,wrist_flex,78.512,76.703,78.512,1.809,1.809,0
1787801984.310,wrist_roll,6.695,6.198,6.695,0.497,0.497,0
1787801984.310,gripper,1.122,7.368,1.122,-6.246,-6.246,0
1787801984.361,shoulder_pan,-7.420,-7.516,-7.420,0.097,0.097,0
1787801984.361,shoulder_lift,-103.782,-103.604,-103.782,-0.177,-0.177,0
1787801984.361,elbow_flex,96.574,95.648,96.574,0.926,0.926,0
1787801984.361,wrist_flex,78.517,76.703,78.517,1.814,1.814,0
1787801984.361,wrist_roll,6.694,6.198,6.694,0.496,0.496,0
1787801984.361,gripper,1.122,7.368,1.122,-6.246,-6.246,0
1787801984.411,shoulder_pan,-7.389,-7.516,-7.389,0.128,0.128,0
1787801984.411,shoulder_lift,-103.791,-103.604,-103.791,-0.187,-0.187,0
1787801984.411,elbow_flex,96.588,95.648,96.588,0.940,0.940,0
1787801984.411,wrist_flex,78.549,76.703,78.549,1.846,1.846,0
1787801984.411,wrist_roll,6.692,6.198,6.692,0.494,0.494,0
1787801984.411,gripper,1.122,7.368,1.122,-6.245,-6.245,0
1787801984.478,shoulder_pan,-7.217,-7.516,-7.217,0.300,0.300,0
1787801984.478,shoulder_lift,-103.606,-103.604,-103.606,-0.001,-0.001,0
1787801984.478,elbow_flex,96.463,95.648,96.463,0.814,0.814,0
1787801984.478,wrist_flex,78.624,76.703,78.624,1.921,1.921,0
1787801984.478,wrist_roll,6.504,6.198,6.504,0.307,0.307,0
1787801984.478,gripper,1.095,7.368,1.095,-6.272,-6.272,0
1787801984.510,shoulder_pan,-7.262,-7.516,-7.262,0.255,0.255,0
1787801984.510,shoulder_lift,-103.603,-103.604,-103.603,0.001,0.001,0
1787801984.510,elbow_flex,96.461,95.648,96.461,0.813,0.813,0
1787801984.510,wrist_flex,78.612,76.703,78.612,1.909,1.909,0
1787801984.510,wrist_roll,6.512,6.198,6.512,0.314,0.314,0
1787801984.510,gripper,1.097,7.368,1.097,-6.271,-6.271,0
1787801984.562,shoulder_pan,-7.226,-7.516,-7.226,0.291,0.291,0
1787801984.562,shoulder_lift,-103.554,-103.604,-103.554,0.051,0.051,0
1787801984.562,elbow_flex,96.495,95.648,96.495,0.847,0.847,0
1787801984.562,wrist_flex,78.483,76.703,78.483,1.780,1.780,0
1787801984.562,wrist_roll,6.505,6.198,6.505,0.307,0.307,0
1787801984.562,gripper,1.098,7.368,1.098,-6.270,-6.270,0
1787801984.612,shoulder_pan,-7.264,-7.516,-7.264,0.253,0.253,0
1787801984.612,shoulder_lift,-103.546,-103.604,-103.546,0.058,0.058,0
1787801984.612,elbow_flex,96.482,95.648,96.482,0.834,0.834,0
1787801984.612,wrist_flex,78.437,76.703,78.437,1.733,1.733,0
1787801984.612,wrist_roll,6.518,6.198,6.518,0.320,0.320,0
1787801984.612,gripper,1.100,7.368,1.100,-6.267,-6.267,0
1787801984.661,shoulder_pan,-7.277,-7.516,-7.277,0.240,0.240,0
1787801984.661,shoulder_lift,-103.533,-103.604,-103.533,0.071,0.071,0
1787801984.661,elbow_flex,96.502,95.648,96.502,0.853,0.853,0
1787801984.661,wrist_flex,78.375,76.703,78.375,1.672,1.672,0
1787801984.661,wrist_roll,6.520,6.198,6.520,0.322,0.322,0
1787801984.661,gripper,1.100,7.368,1.100,-6.268,-6.268,0
1787801984.713,shoulder_pan,-7.211,-7.516,-7.211,0.306,0.306,0
1787801984.713,shoulder_lift,-103.460,-103.604,-103.460,0.144,0.144,0
1787801984.713,elbow_flex,96.523,95.648,96.523,0.874,0.874,0
1787801984.713,wrist_flex,78.175,76.703,78.175,1.472,1.472,0
1787801984.713,wrist_roll,6.514,6.198,6.514,0.317,0.317,0
1787801984.713,gripper,1.102,7.368,1.102,-6.266,-6.266,0
1787801984.761,shoulder_pan,-7.216,-7.516,-7.216,0.300,0.300,0
1787801984.761,shoulder_lift,-103.436,-103.604,-103.436,0.169,0.169,0
1787801984.761,elbow_flex,96.523,95.648,96.523,0.875,0.875,0
1787801984.761,wrist_flex,78.039,76.703,78.039,1.336,1.336,0
1787801984.761,wrist_roll,6.521,6.198,6.521,0.323,0.323,0
1787801984.761,gripper,1.102,7.368,1.102,-6.266,-6.266,0
1787801984.810,shoulder_pan,-7.238,-7.516,-7.238,0.279,0.279,0
1787801984.810,shoulder_lift,-103.415,-103.604,-103.415,0.189,0.189,0
1787801984.810,elbow_flex,96.524,95.648,96.524,0.876,0.876,0
1787801984.810,wrist_flex,77.938,76.703,77.938,1.235,1.235,0
1787801984.810,wrist_roll,6.526,6.198,6.526,0.328,0.328,0
1787801984.810,gripper,1.105,7.368,1.105,-6.263,-6.263,0
1787801984.860,shoulder_pan,-7.253,-7.516,-7.253,0.264,0.264,0
1787801984.860,shoulder_lift,-103.397,-103.604,-103.397,0.207,0.207,0
1787801984.860,elbow_flex,96.543,95.648,96.543,0.895,0.895,0
1787801984.860,wrist_flex,77.737,76.703,77.737,1.034,1.034,0
1787801984.860,wrist_roll,6.529,6.198,6.529,0.331,0.331,0
1787801984.860,gripper,1.105,7.368,1.105,-6.263,-6.263,0
1787801984.912,shoulder_pan,-7.225,-7.516,-7.225,0.291,0.291,0
1787801984.912,shoulder_lift,-103.377,-103.604,-103.377,0.227,0.227,0
1787801984.912,elbow_flex,96.538,95.648,96.538,0.889,0.889,0
1787801984.912,wrist_flex,77.521,76.703,77.521,0.817,0.817,0
1787801984.912,wrist_roll,6.534,6.198,6.534,0.336,0.336,0
1787801984.912,gripper,1.106,7.368,1.106,-6.262,-6.262,0
1787801984.962,shoulder_pan,-7.246,-7.516,-7.246,0.271,0.271,0
1787801984.962,shoulder_lift,-103.358,-103.604,-103.358,0.246,0.246,0
1787801984.962,elbow_flex,96.548,95.648,96.548,0.899,0.899,0
1787801984.962,wrist_flex,77.275,76.703,77.275,0.571,0.571,0
1787801984.962,wrist_roll,6.541,6.198,6.541,0.343,0.343,0
1787801984.962,gripper,1.107,7.368,1.107,-6.261,-6.261,0
1787801985.012,shoulder_pan,-7.275,-7.516,-7.275,0.242,0.242,0
1787801985.012,shoulder_lift,-103.359,-103.604,-103.359,0.246,0.246,0
1787801985.012,elbow_flex,96.545,95.648,96.545,0.897,0.897,0
1787801985.012,wrist_flex,77.050,76.703,77.050,0.347,0.347,0
1787801985.012,wrist_roll,6.548,6.198,6.548,0.350,0.350,0
1787801985.012,gripper,1.108,7.368,1.108,-6.260,-6.260,0
1787801985.064,shoulder_pan,-7.297,-7.516,-7.297,0.219,0.219,0
1787801985.064,shoulder_lift,-103.343,-103.604,-103.343,0.261,0.261,0
1787801985.064,elbow_flex,96.536,95.648,96.536,0.888,0.888,0
1787801985.064,wrist_flex,76.915,76.527,76.915,0.387,0.387,0
1787801985.064,wrist_roll,6.556,6.198,6.556,0.358,0.358,0
1787801985.064,gripper,1.109,7.368,1.109,-6.259,-6.259,0
1787801985.112,shoulder_pan,-7.302,-7.516,-7.302,0.214,0.214,0
1787801985.112,shoulder_lift,-103.340,-103.604,-103.340,0.265,0.265,0
1787801985.112,elbow_flex,96.526,95.648,96.526,0.878,0.878,0
1787801985.112,wrist_flex,76.656,76.527,76.656,0.129,0.129,0
1787801985.112,wrist_roll,6.566,6.198,6.566,0.368,0.368,0
1787801985.112,gripper,1.110,7.368,1.110,-6.257,-6.257,0
1787801985.163,shoulder_pan,-7.346,-7.516,-7.346,0.171,0.171,0
1787801985.163,shoulder_lift,-103.340,-103.604,-103.340,0.264,0.264,0
1787801985.163,elbow_flex,96.494,95.648,96.494,0.846,0.846,0
1787801985.163,wrist_flex,76.479,76.440,76.479,0.040,0.040,0
1787801985.163,wrist_roll,6.572,6.198,6.572,0.374,0.374,0
1787801985.163,gripper,1.111,7.368,1.111,-6.256,-6.256,0
1787801985.211,shoulder_pan,-7.379,-7.516,-7.379,0.138,0.138,0
1787801985.211,shoulder_lift,-103.332,-103.604,-103.332,0.273,0.273,0
1787801985.211,elbow_flex,96.477,95.648,96.477,0.828,0.828,0
1787801985.211,wrist_flex,76.297,76.440,76.297,-0.142,-0.142,0
1787801985.211,wrist_roll,6.579,6.198,6.579,0.382,0.382,0
1787801985.211,gripper,1.112,7.368,1.112,-6.256,-6.256,0
1787801985.264,shoulder_pan,-7.376,-7.516,-7.376,0.141,0.141,0
1787801985.264,shoulder_lift,-103.328,-103.604,-103.328,0.276,0.276,0
1787801985.264,elbow_flex,96.471,95.648,96.471,0.823,0.823,0
1787801985.264,wrist_flex,76.109,76.176,76.109,-0.067,-0.067,0
1787801985.264,wrist_roll,6.585,6.198,6.585,0.388,0.388,0
1787801985.264,gripper,1.112,7.368,1.112,-6.256,-6.256,0
1787801985.311,shoulder_pan,-7.395,-7.516,-7.395,0.121,0.121,0
1787801985.311,shoulder_lift,-103.326,-103.604,-103.326,0.279,0.279,0
1787801985.311,elbow_flex,96.440,95.648,96.440,0.791,0.791,0
1787801985.311,wrist_flex,75.951,76.088,75.951,-0.137,-0.137,0
1787801985.311,wrist_roll,6.597,6.198,6.597,0.399,0.399,0
1787801985.311,gripper,1.112,7.368,1.112,-6.255,-6.255,0
1787801985.363,shoulder_pan,-7.423,-7.516,-7.423,0.093,0.093,0
1787801985.363,shoulder_lift,-103.331,-103.604,-103.331,0.273,0.273,0
1787801985.363,elbow_flex,96.422,95.648,96.422,0.774,0.774,0
1787801985.363,wrist_flex,75.800,76.088,75.800,-0.288,-0.288,0
1787801985.363,wrist_roll,6.602,6.198,6.602,0.404,0.404,0
1787801985.363,gripper,1.113,7.368,1.113,-6.255,-6.255,0
1787801985.412,shoulder_pan,-7.448,-7.516,-7.448,0.069,0.069,0
1787801985.412,shoulder_lift,-103.329,-103.604,-103.329,0.275,0.275,0
1787801985.412,elbow_flex,96.396,95.648,96.396,0.748,0.748,0
1787801985.412,wrist_flex,75.625,75.824,75.625,-0.199,-0.199,0
1787801985.412,wrist_roll,6.610,6.198,6.610,0.412,0.412,0
1787801985.412,gripper,1.112,7.368,1.112,-6.256,-6.256,0
1787801985.464,shoulder_pan,-7.443,-7.516,-7.443,0.074,0.074,0
1787801985.464,shoulder_lift,-103.322,-103.604,-103.322,0.283,0.283,0
1787801985.464,elbow_flex,96.361,95.648,96.361,0.712,0.712,0
1787801985.464,wrist_flex,75.382,75.648,75.382,-0.267,-0.267,0
1787801985.464,wrist_roll,6.616,6.198,6.616,0.418,0.418,0
1787801985.464,gripper,1.111,7.368,1.111,-6.257,-6.257,0
1787801985.514,shoulder_pan,-7.466,-7.516,-7.466,0.051,0.051,0
1787801985.514,shoulder_lift,-103.318,-103.604,-103.318,0.286,0.286,0
1787801985.514,elbow_flex,96.297,95.648,96.297,0.649,0.649,0
1787801985.514,wrist_flex,75.226,75.473,75.226,-0.247,-0.247,0
1787801985.514,wrist_roll,6.625,6.110,6.625,0.515,0.515,0
1787801985.514,gripper,1.110,7.368,1.110,-6.258,-6.258,0
1787801985.563,shoulder_pan,-7.485,-7.516,-7.485,0.031,0.031,0
1787801985.563,shoulder_lift,-103.311,-103.516,-103.311,0.205,0.205,0
1787801985.563,elbow_flex,96.180,95.736,96.180,0.444,0.444,0
1787801985.563,wrist_flex,74.958,75.297,74.958,-0.339,-0.339,0
1787801985.563,wrist_roll,6.634,6.110,6.634,0.524,0.524,0
1787801985.563,gripper,1.107,7.368,1.107,-6.261,-6.261,0
1787801985.612,shoulder_pan,-7.536,-7.516,-7.536,-0.019,-0.019,0
1787801985.612,shoulder_lift,-103.285,-103.516,-103.285,0.232,0.232,0
1787801985.612,elbow_flex,95.890,95.736,95.890,0.153,0.153,0
1787801985.612,wrist_flex,74.748,75.121,74.748,-0.373,-0.373,0
1787801985.612,wrist_roll,6.643,6.110,6.643,0.533,0.533,0
1787801985.612,gripper,1.102,7.368,1.102,-6.265,-6.265,0
1787801985.664,shoulder_pan,-7.548,-7.516,-7.548,-0.031,-0.031,0
1787801985.664,shoulder_lift,-103.257,-103.516,-103.257,0.260,0.260,0
1787801985.664,elbow_flex,95.651,95.736,95.651,-0.085,-0.085,0
1787801985.664,wrist_flex,74.465,74.857,74.465,-0.393,-0.393,0
1787801985.664,wrist_roll,6.648,6.110,6.648,0.538,0.538,0
1787801985.664,gripper,1.097,7.368,1.097,-6.270,-6.270,0
1787801985.713,shoulder_pan,-7.531,-7.516,-7.531,-0.014,-0.014,0
1787801985.713,shoulder_lift,-103.205,-103.516,-103.205,0.312,0.312,0
1787801985.713,elbow_flex,95.366,95.736,95.366,-0.370,-0.370,0
1787801985.713,wrist_flex,73.619,74.769,73.619,-1.150,-1.150,0
1787801985.713,wrist_roll,6.655,6.110,6.655,0.546,0.546,0
1787801985.713,gripper,1.084,7.368,1.084,-6.284,-6.284,0
1787801985.763,shoulder_pan,-7.618,-7.516,-7.618,-0.101,-0.101,0
1787801985.763,shoulder_lift,-103.081,-103.516,-103.081,0.435,0.435,0
1787801985.763,elbow_flex,94.509,95.736,94.509,-1.227,-1.227,0
1787801985.763,wrist_flex,72.841,74.418,72.841,-1.577,-1.577,0
1787801985.763,wrist_roll,6.664,6.110,6.664,0.554,0.554,0
1787801985.763,gripper,1.071,7.368,1.071,-6.296,-6.296,0
1787801985.814,shoulder_pan,-7.701,-7.516,-7.701,-0.184,-0.184,0
1787801985.814,shoulder_lift,-102.963,-103.429,-102.963,0.466,0.466,0
1787801985.814,elbow_flex,93.802,96.000,93.802,-2.198,-2.198,0
1787801985.814,wrist_flex,72.524,73.714,72.524,-1.190,-1.190,0
1787801985.814,wrist_roll,6.671,6.110,6.671,0.561,0.561,0
1787801985.814,gripper,1.066,7.368,1.066,-6.302,-6.302,0
1787801985.862,shoulder_pan,-7.758,-7.516,-7.758,-0.241,-0.241,0
1787801985.862,shoulder_lift,-102.868,-103.341,-102.868,0.473,0.473,0
1787801985.862,elbow_flex,93.107,95.736,93.107,-2.630,-2.630,0
1787801985.862,wrist_flex,71.841,73.538,71.841,-1.697,-1.697,0
1787801985.862,wrist_roll,6.676,6.110,6.676,0.566,0.566,0
1787801985.862,gripper,1.058,7.368,1.058,-6.310,-6.310,0
1787801985.914,shoulder_pan,-7.854,-7.516,-7.854,-0.338,-0.338,0
1787801985.914,shoulder_lift,-102.758,-103.165,-102.758,0.407,0.407,0
1787801985.914,elbow_flex,92.461,95.473,92.461,-3.012,-3.012,0
1787801985.914,wrist_flex,71.770,73.099,71.770,-1.328,-1.328,0
1787801985.914,wrist_roll,6.681,6.286,6.681,0.395,0.395,0
1787801985.914,gripper,1.056,7.368,1.056,-6.311,-6.311,0
1787801985.964,shoulder_pan,-8.032,-7.429,-8.032,-0.604,-0.604,0
1787801985.964,shoulder_lift,-102.525,-103.165,-102.525,0.639,0.639,0
1787801985.964,elbow_flex,91.075,95.209,91.075,-4.134,-4.134,0
1787801985.964,wrist_flex,70.962,72.835,70.962,-1.874,-1.874,0
1787801985.964,wrist_roll,6.687,6.286,6.687,0.401,0.401,0
1787801985.964,gripper,1.048,7.368,1.048,-6.319,-6.319,0
1787801986.013,shoulder_pan,-8.091,-7.516,-8.091,-0.574,-0.574,0
1787801986.013,shoulder_lift,-102.436,-103.077,-102.436,0.641,0.641,0
1787801986.013,elbow_flex,90.645,94.769,90.645,-4.124,-4.124,0
1787801986.013,wrist_flex,70.693,72.659,70.693,-1.967,-1.967,0
1787801986.013,wrist_roll,6.693,6.286,6.693,0.407,0.407,0
1787801986.013,gripper,1.044,7.368,1.044,-6.324,-6.324,0
1787801986.064,shoulder_pan,-8.222,-7.692,-8.222,-0.530,-0.530,0
1787801986.064,shoulder_lift,-102.277,-102.901,-102.277,0.624,0.624,0
1787801986.064,elbow_flex,89.692,93.978,89.692,-4.286,-4.286,0
1787801986.064,wrist_flex,70.572,72.044,70.572,-1.472,-1.472,0
1787801986.064,wrist_roll,6.702,6.374,6.702,0.329,0.329,0
1787801986.064,gripper,1.044,7.368,1.044,-6.324,-6.324,0
1787801986.113,shoulder_pan,-8.283,-7.868,-8.283,-0.414,-0.414,0
1787801986.113,shoulder_lift,-102.195,-102.901,-102.195,0.706,0.706,0
1787801986.113,elbow_flex,89.224,93.275,89.224,-4.051,-4.051,0
1787801986.113,wrist_flex,70.208,71.868,70.208,-1.660,-1.660,0
1787801986.113,wrist_roll,6.705,6.374,6.705,0.332,0.332,0
1787801986.113,gripper,1.044,7.368,1.044,-6.323,-6.323,0
1787801986.165,shoulder_pan,-8.424,-7.956,-8.424,-0.468,-0.468,0
1787801986.165,shoulder_lift,-101.995,-102.374,-101.995,0.379,0.379,0
1787801986.165,elbow_flex,88.202,92.396,88.202,-4.194,-4.194,0
1787801986.165,wrist_flex,70.006,71.604,70.006,-1.598,-1.598,0
1787801986.165,wrist_roll,6.714,6.374,6.714,0.340,0.340,0
1787801986.165,gripper,1.043,7.368,1.043,-6.324,-6.324,0
1787801986.214,shoulder_pan,-8.498,-8.044,-8.498,-0.454,-0.454,0
1787801986.214,shoulder_lift,-101.901,-102.549,-101.901,0.648,0.648,0
1787801986.214,elbow_flex,87.765,91.780,87.765,-4.016,-4.016,0
1787801986.214,wrist_flex,70.052,71.253,70.052,-1.201,-1.201,0
1787801986.214,wrist_roll,6.722,6.374,6.722,0.348,0.348,0
1787801986.214,gripper,1.042,7.368,1.042,-6.325,-6.325,0
1787801986.266,shoulder_pan,-8.591,-8.132,-8.591,-0.460,-0.460,0
1787801986.266,shoulder_lift,-101.726,-102.110,-101.726,0.384,0.384,0
1787801986.266,elbow_flex,86.898,90.813,86.898,-3.915,-3.915,0
1787801986.266,wrist_flex,69.604,71.077,69.604,-1.473,-1.473,0
1787801986.266,wrist_roll,6.723,6.374,6.723,0.349,0.349,0
1787801986.266,gripper,1.045,7.368,1.045,-6.323,-6.323,0
1787801986.313,shoulder_pan,-8.654,-8.220,-8.654,-0.434,-0.434,0
1787801986.313,shoulder_lift,-101.619,-102.198,-101.619,0.579,0.579,0
1787801986.313,elbow_flex,86.534,90.286,86.534,-3.752,-3.752,0
1787801986.313,wrist_flex,69.389,70.989,69.389,-1.600,-1.600,0
1787801986.313,wrist_roll,6.727,6.374,6.727,0.354,0.354,0
1787801986.313,gripper,1.045,7.368,1.045,-6.323,-6.323,0
1787801986.365,shoulder_pan,-8.683,-8.220,-8.683,-0.463,-0.463,0
1787801986.365,shoulder_lift,-101.518,-101.846,-101.518,0.328,0.328,0
1787801986.365,elbow_flex,86.236,89.495,86.236,-3.258,-3.258,0
1787801986.365,wrist_flex,69.106,70.725,69.106,-1.620,-1.620,0
1787801986.365,wrist_roll,6.728,6.374,6.728,0.354,0.354,0
1787801986.365,gripper,1.045,7.368,1.045,-6.322,-6.322,0
1787801986.414,shoulder_pan,-8.717,-8.220,-8.717,-0.497,-0.497,0
1787801986.414,shoulder_lift,-101.386,-102.022,-101.386,0.636,0.636,0
1787801986.414,elbow_flex,85.926,88.967,85.926,-3.041,-3.041,0
1787801986.414,wrist_flex,69.309,70.374,69.309,-1.065,-1.065,0
1787801986.414,wrist_roll,6.736,6.374,6.736,0.362,0.362,0
1787801986.414,gripper,1.043,7.368,1.043,-6.325,-6.325,0
1787801986.464,shoulder_pan,-8.744,-8.220,-8.744,-0.525,-0.525,0
1787801986.464,shoulder_lift,-101.254,-102.110,-101.254,0.856,0.856,0
1787801986.464,elbow_flex,85.743,88.527,85.743,-2.785,-2.785,0
1787801986.464,wrist_flex,69.207,70.198,69.207,-0.991,-0.991,0
1787801986.464,wrist_roll,6.740,6.374,6.740,0.366,0.366,0
1787801986.464,gripper,1.042,7.368,1.042,-6.325,-6.325,0
1787801986.515,shoulder_pan,-8.782,-8.220,-8.782,-0.562,-0.562,0
1787801986.515,shoulder_lift,-101.089,-101.582,-101.089,0.494,0.494,0
1787801986.515,elbow_flex,85.396,88.352,85.396,-2.956,-2.956,0
1787801986.515,wrist_flex,69.225,70.198,69.225,-0.972,-0.972,0
1787801986.515,wrist_roll,6.744,6.374,6.744,0.370,0.370,0
1787801986.515,gripper,1.041,7.368,1.041,-6.327,-6.327,0
1787801986.564,shoulder_pan,-8.832,-8.220,-8.832,-0.612,-0.612,0
1787801986.564,shoulder_lift,-100.711,-101.495,-100.711,0.783,0.783,0
1787801986.564,elbow_flex,84.781,88.352,84.781,-3.570,-3.570,0
1787801986.564,wrist_flex,68.705,70.198,68.705,-1.493,-1.493,0
1787801986.564,wrist_roll,6.744,6.374,6.744,0.370,0.370,0
1787801986.564,gripper,1.041,7.368,1.041,-6.327,-6.327,0
1787801986.614,shoulder_pan,-8.888,-8.396,-8.888,-0.493,-0.493,0
1787801986.614,shoulder_lift,-100.275,-101.495,-100.275,1.220,1.220,0
1787801986.614,elbow_flex,84.245,87.912,84.245,-3.668,-3.668,0
1787801986.614,wrist_flex,68.879,70.198,68.879,-1.319,-1.319,0
1787801986.614,wrist_roll,6.753,6.374,6.753,0.379,0.379,0
1787801986.614,gripper,1.037,7.368,1.037,-6.331,-6.331,0
1787801986.664,shoulder_pan,-8.966,-8.571,-8.966,-0.395,-0.395,0
1787801986.664,shoulder_lift,-99.661,-101.143,-99.661,1.482,1.482,0
1787801986.664,elbow_flex,83.370,87.209,83.370,-3.839,-3.839,0
1787801986.664,wrist_flex,68.645,69.934,68.645,-1.289,-1.289,0
1787801986.664,wrist_roll,6.755,6.374,6.755,0.381,0.381,0
1787801986.664,gripper,1.033,7.368,1.033,-6.335,-6.335,0
1787801986.714,shoulder_pan,-9.010,-8.571,-9.010,-0.439,-0.439,0
1787801986.714,shoulder_lift,-99.145,-100.527,-99.145,1.383,1.383,0
1787801986.714,elbow_flex,82.799,86.593,82.799,-3.794,-3.794,0
1787801986.714,wrist_flex,68.682,69.846,68.682,-1.164,-1.164,0
1787801986.714,wrist_roll,6.758,6.374,6.758,0.384,0.384,0
1787801986.714,gripper,1.030,7.368,1.030,-6.338,-6.338,0
1787801986.765,shoulder_pan,-9.109,-8.571,-9.109,-0.538,-0.538,0
1787801986.765,shoulder_lift,-97.730,-100.088,-97.730,2.357,2.357,0
1787801986.765,elbow_flex,80.847,85.978,80.847,-5.131,-5.131,0
1787801986.765,wrist_flex,68.093,69.846,68.093,-1.754,-1.754,0
1787801986.765,wrist_roll,6.754,6.374,6.754,0.381,0.381,0
1787801986.765,gripper,1.023,7.368,1.023,-6.345,-6.345,0
1787801986.816,shoulder_pan,-9.248,-8.571,-9.248,-0.677,-0.677,0
1787801986.816,shoulder_lift,-96.441,-99.473,-96.441,3.031,3.031,0
1787801986.816,elbow_flex,79.174,85.187,79.174,-6.013,-6.013,0
1787801986.816,wrist_flex,68.271,69.670,68.271,-1.399,-1.399,0
1787801986.816,wrist_roll,6.760,6.374,6.760,0.386,0.386,0
1787801986.816,gripper,1.013,7.368,1.013,-6.355,-6.355,0
1787801986.865,shoulder_pan,-9.307,-8.747,-9.307,-0.560,-0.560,0
1787801986.865,shoulder_lift,-95.398,-98.154,-95.398,2.756,2.756,0
1787801986.865,elbow_flex,77.778,83.692,77.778,-5.914,-5.914,0
1787801986.865,wrist_flex,67.900,69.407,67.900,-1.506,-1.506,0
1787801986.865,wrist_roll,6.757,6.286,6.757,0.471,0.471,0
1787801986.865,gripper,1.010,7.368,1.010,-6.358,-6.358,0
1787801986.915,shoulder_pan,-9.454,-9.011,-9.454,-0.443,-0.443,0
1787801986.915,shoulder_lift,-94.714,-97.275,-94.714,2.561,2.561,0
1787801986.915,elbow_flex,76.961,82.110,76.961,-5.149,-5.149,0
1787801986.915,wrist_flex,67.571,69.319,67.571,-1.748,-1.748,0
1787801986.915,wrist_roll,6.748,6.374,6.748,0.375,0.375,0
1787801986.915,gripper,1.002,7.368,1.002,-6.365,-6.365,0
1787801986.966,shoulder_pan,-9.508,-9.187,-9.508,-0.321,-0.321,0
1787801986.966,shoulder_lift,-94.255,-95.956,-94.255,1.701,1.701,0
1787801986.966,elbow_flex,76.465,80.791,76.465,-4.326,-4.326,0
1787801986.966,wrist_flex,67.214,68.879,67.214,-1.665,-1.665,0
1787801986.966,wrist_roll,6.738,6.374,6.738,0.365,0.365,0
1787801986.966,gripper,1.000,7.368,1.000,-6.368,-6.368,0
1787801987.015,shoulder_pan,-9.634,-9.187,-9.634,-0.447,-0.447,0
1787801987.015,shoulder_lift,-93.612,-95.341,-93.612,1.729,1.729,0
1787801987.015,elbow_flex,75.549,79.824,75.549,-4.276,-4.276,0
1787801987.015,wrist_flex,66.636,68.703,66.636,-2.068,-2.068,0
1787801987.015,wrist_roll,6.729,6.374,6.729,0.355,0.355,0
1787801987.015,gripper,0.995,7.368,0.995,-6.373,-6.373,0
1787801987.065,shoulder_pan,-9.681,-9.187,-9.681,-0.494,-0.494,0
1787801987.065,shoulder_lift,-93.366,-94.725,-93.366,1.360,1.360,0
1787801987.065,elbow_flex,75.269,79.033,75.269,-3.764,-3.764,0
1787801987.065,wrist_flex,66.586,68.264,66.586,-1.677,-1.677,0
1787801987.065,wrist_roll,6.723,6.374,6.723,0.349,0.349,0
1787801987.065,gripper,0.991,7.368,0.991,-6.377,-6.377,0
1787801987.116,shoulder_pan,-9.729,-9.187,-9.729,-0.542,-0.542,0
1787801987.116,shoulder_lift,-93.282,-94.022,-93.282,0.740,0.740,0
1787801987.116,elbow_flex,75.090,78.242,75.090,-3.152,-3.152,0
1787801987.116,wrist_flex,66.132,67.824,66.132,-1.692,-1.692,0
1787801987.116,wrist_roll,6.712,6.374,6.712,0.339,0.339,0
1787801987.116,gripper,0.987,7.368,0.987,-6.381,-6.381,0
1787801987.166,shoulder_pan,-9.810,-9.451,-9.810,-0.359,-0.359,0
1787801987.166,shoulder_lift,-92.781,-93.846,-92.781,1.066,1.066,0
1787801987.166,elbow_flex,74.275,77.978,74.275,-3.703,-3.703,0
1787801987.166,wrist_flex,65.886,67.560,65.886,-1.674,-1.674,0
1787801987.166,wrist_roll,6.713,6.374,6.713,0.339,0.339,0
1787801987.166,gripper,0.983,7.368,0.983,-6.384,-6.384,0
1787801987.215,shoulder_pan,-9.858,-9.538,-9.858,-0.319,-0.319,0
1787801987.215,shoulder_lift,-92.605,-93.495,-92.605,0.890,0.890,0
1787801987.215,elbow_flex,74.202,77.626,74.202,-3.425,-3.425,0
1787801987.215,wrist_flex,65.818,67.209,65.818,-1.391,-1.391,0
1787801987.215,wrist_roll,6.717,6.374,6.717,0.343,0.343,0
1787801987.215,gripper,0.983,7.368,0.983,-6.385,-6.385,0
1787801987.266,shoulder_pan,-9.876,-9.538,-9.876,-0.337,-0.337,0
1787801987.266,shoulder_lift,-92.378,-92.879,-92.378,0.501,0.501,0
1787801987.266,elbow_flex,73.913,77.011,73.913,-3.098,-3.098,0
1787801987.266,wrist_flex,65.505,67.033,65.505,-1.528,-1.528,0
1787801987.266,wrist_roll,6.705,6.374,6.705,0.331,0.331,0
1787801987.266,gripper,0.980,7.368,0.980,-6.388,-6.388,0
1787801987.316,shoulder_pan,-10.007,-9.538,-10.007,-0.469,-0.469,0
1787801987.316,shoulder_lift,-91.991,-93.055,-91.991,1.064,1.064,0
1787801987.316,elbow_flex,73.345,76.835,73.345,-3.490,-3.490,0
1787801987.316,wrist_flex,64.929,66.857,64.929,-1.928,-1.928,0
1787801987.316,wrist_roll,6.699,6.374,6.699,0.325,0.325,0
1787801987.316,gripper,0.979,7.368,0.979,-6.389,-6.389,0
1787801987.366,shoulder_pan,-10.093,-9.538,-10.093,-0.555,-0.555,0
1787801987.366,shoulder_lift,-91.813,-92.703,-91.813,0.890,0.890,0
1787801987.366,elbow_flex,73.121,76.308,73.121,-3.187,-3.187,0
1787801987.366,wrist_flex,64.796,66.505,64.796,-1.709,-1.709,0
1787801987.366,wrist_roll,6.700,6.374,6.700,0.326,0.326,0
1787801987.366,gripper,0.975,7.368,0.975,-6.393,-6.393,0
1787801987.414,shoulder_pan,-10.076,-9.538,-10.076,-0.538,-0.538,0
1787801987.414,shoulder_lift,-91.867,-92.088,-91.867,0.221,0.221,0
1787801987.414,elbow_flex,73.224,75.956,73.224,-2.733,-2.733,0
1787801987.414,wrist_flex,64.886,66.154,64.886,-1.268,-1.268,0
1787801987.414,wrist_roll,6.703,6.374,6.703,0.329,0.329,0
1787801987.414,gripper,0.974,7.368,0.974,-6.394,-6.394,0
1787801987.466,shoulder_pan,-10.142,-9.538,-10.142,-0.604,-0.604,0
1787801987.466,shoulder_lift,-91.658,-92.176,-91.658,0.518,0.518,0
1787801987.466,elbow_flex,73.056,75.868,73.056,-2.812,-2.812,0
1787801987.466,wrist_flex,64.437,65.978,64.437,-1.541,-1.541,0
1787801987.466,wrist_roll,6.700,6.374,6.700,0.326,0.326,0
1787801987.466,gripper,0.968,7.368,0.968,-6.399,-6.399,0
1787801987.515,shoulder_pan,-10.173,-9.538,-10.173,-0.635,-0.635,0
1787801987.515,shoulder_lift,-91.726,-92.264,-91.726,0.538,0.538,0
1787801987.515,elbow_flex,73.396,75.780,73.396,-2.384,-2.384,0
1787801987.515,wrist_flex,64.786,65.890,64.786,-1.104,-1.104,0
1787801987.515,wrist_roll,6.711,6.374,6.711,0.338,0.338,0
1787801987.515,gripper,0.969,7.368,0.969,-6.398,-6.398,0
1787801987.566,shoulder_pan,-10.316,-9.538,-10.316,-0.778,-0.778,0
1787801987.566,shoulder_lift,-91.245,-91.912,-91.245,0.667,0.667,0
1787801987.566,elbow_flex,72.648,75.780,72.648,-3.132,-3.132,0
1787801987.566,wrist_flex,64.024,65.714,64.024,-1.690,-1.690,0
1787801987.566,wrist_roll,6.709,6.374,6.709,0.336,0.336,0
1787801987.566,gripper,0.968,7.368,0.968,-6.400,-6.400,0
1787801987.616,shoulder_pan,-10.289,-9.802,-10.289,-0.487,-0.487,0
1787801987.616,shoulder_lift,-91.404,-91.736,-91.404,0.332,0.332,0
1787801987.616,elbow_flex,73.136,75.780,73.136,-2.644,-2.644,0
1787801987.616,wrist_flex,63.792,65.626,63.792,-1.834,-1.834,0
1787801987.616,wrist_roll,6.712,6.374,6.712,0.338,0.338,0
1787801987.616,gripper,0.960,7.368,0.960,-6.407,-6.407,0
1787801987.667,shoulder_pan,-10.469,-9.890,-10.469,-0.579,-0.579,0
1787801987.667,shoulder_lift,-91.246,-91.648,-91.246,0.402,0.402,0
1787801987.667,elbow_flex,73.118,75.604,73.118,-2.486,-2.486,0
1787801987.667,wrist_flex,63.319,65.187,63.319,-1.868,-1.868,0
1787801987.667,wrist_roll,6.715,6.374,6.715,0.342,0.342,0
1787801987.667,gripper,0.957,7.368,0.957,-6.411,-6.411,0
1787801987.717,shoulder_pan,-10.292,-10.066,-10.292,-0.226,-0.226,0
1787801987.717,shoulder_lift,-91.645,-91.736,-91.645,0.092,0.092,0
1787801987.717,elbow_flex,73.999,75.604,73.999,-1.606,-1.606,0
1787801987.717,wrist_flex,63.632,64.835,63.632,-1.203,-1.203,0
1787801987.717,wrist_roll,6.711,6.374,6.711,0.337,0.337,0
1787801987.717,gripper,0.955,7.368,0.955,-6.412,-6.412,0
1787801987.766,shoulder_pan,-10.408,-10.154,-10.408,-0.255,-0.255,0
1787801987.766,shoulder_lift,-91.604,-91.648,-91.604,0.045,0.045,0
1787801987.766,elbow_flex,73.990,75.604,73.990,-1.615,-1.615,0
1787801987.766,wrist_flex,63.153,64.571,63.153,-1.418,-1.418,0
1787801987.766,wrist_roll,6.724,6.374,6.724,0.350,0.350,0
1787801987.766,gripper,0.951,7.368,0.951,-6.417,-6.417,0
1787801987.817,shoulder_pan,-10.204,-10.154,-10.204,-0.050,-0.050,0
1787801987.817,shoulder_lift,-91.854,-91.648,-91.854,-0.206,-0.206,0
1787801987.817,elbow_flex,74.525,75.604,74.525,-1.080,-1.080,0
1787801987.817,wrist_flex,63.451,64.571,63.451,-1.121,-1.121,0
1787801987.817,wrist_roll,6.731,6.374,6.731,0.358,0.358,0
1787801987.817,gripper,0.954,7.368,0.954,-6.414,-6.414,0
1787801987.867,shoulder_pan,-10.799,-10.154,-10.799,-0.646,-0.646,0
1787801987.867,shoulder_lift,-90.974,-91.648,-90.974,0.674,0.674,0
1787801987.867,elbow_flex,73.786,75.604,73.786,-1.818,-1.818,0
1787801987.867,wrist_flex,62.109,64.396,62.109,-2.286,-2.286,0
1787801987.867,wrist_roll,6.744,6.374,6.744,0.370,0.370,0
1787801987.867,gripper,0.946,7.368,0.946,-6.422,-6.422,0
1787801987.918,shoulder_pan,-10.562,-10.242,-10.562,-0.320,-0.320,0
1787801987.918,shoulder_lift,-91.150,-91.648,-91.150,0.498,0.498,0
1787801987.918,elbow_flex,74.054,75.604,74.054,-1.550,-1.550,0
1787801987.918,wrist_flex,62.117,64.132,62.117,-2.015,-2.015,0
1787801987.918,wrist_roll,6.744,6.374,6.744,0.370,0.370,0
1787801987.918,gripper,0.950,7.368,0.950,-6.417,-6.417,0
1787801987.966,shoulder_pan,-10.842,-10.505,-10.842,-0.337,-0.337,0
1787801987.966,shoulder_lift,-90.836,-91.297,-90.836,0.461,0.461,0
1787801987.966,elbow_flex,74.142,75.604,74.142,-1.462,-1.462,0
1787801987.966,wrist_flex,61.528,63.516,61.528,-1.988,-1.988,0
1787801987.966,wrist_roll,6.752,6.374,6.752,0.378,0.378,0
1787801987.966,gripper,0.947,7.368,0.947,-6.420,-6.420,0
1787801988.015,shoulder_pan,-10.775,-10.505,-10.775,-0.270,-0.270,0
1787801988.015,shoulder_lift,-90.714,-91.209,-90.714,0.495,0.495,0
1787801988.015,elbow_flex,74.533,75.604,74.533,-1.071,-1.071,0
1787801988.015,wrist_flex,60.975,63.165,60.975,-2.190,-2.190,0
1787801988.015,wrist_roll,6.754,6.374,6.754,0.380,0.380,0
1787801988.015,gripper,0.953,7.368,0.953,-6.415,-6.415,0
1787801988.066,shoulder_pan,-10.759,-10.505,-10.759,-0.253,-0.253,0
1787801988.066,shoulder_lift,-90.675,-91.033,-90.675,0.358,0.358,0
1787801988.066,elbow_flex,74.659,75.604,74.659,-0.945,-0.945,0
1787801988.066,wrist_flex,61.103,62.637,61.103,-1.534,-1.534,0
1787801988.066,wrist_roll,6.764,6.374,6.764,0.390,0.390,0
1787801988.066,gripper,0.959,7.368,0.959,-6.409,-6.409,0
1787801988.117,shoulder_pan,-10.872,-10.505,-10.872,-0.366,-0.366,0
1787801988.117,shoulder_lift,-90.580,-91.033,-90.580,0.453,0.453,0
1787801988.117,elbow_flex,75.049,75.604,75.049,-0.555,-0.555,0
1787801988.117,wrist_flex,60.453,62.286,60.453,-1.833,-1.833,0
1787801988.117,wrist_roll,6.770,6.374,6.770,0.397,0.397,0
1787801988.117,gripper,0.957,7.368,0.957,-6.411,-6.411,0
1787801988.166,shoulder_pan,-10.811,-10.505,-10.811,-0.305,-0.305,0
1787801988.166,shoulder_lift,-90.748,-90.945,-90.748,0.197,0.197,0
1787801988.166,elbow_flex,75.856,75.604,75.856,0.252,0.252,0
1787801988.166,wrist_flex,60.595,62.022,60.595,-1.427,-1.427,0
1787801988.166,wrist_roll,6.774,6.374,6.774,0.400,0.400,0
1787801988.166,gripper,0.965,7.368,0.965,-6.403,-6.403,0
1787801988.218,shoulder_pan,-11.011,-10.505,-11.011,-0.506,-0.506,0
1787801988.218,shoulder_lift,-90.585,-90.945,-90.585,0.360,0.360,0
1787801988.218,elbow_flex,76.144,75.780,76.144,0.364,0.364,0
1787801988.218,wrist_flex,60.180,61.670,60.180,-1.491,-1.491,0
1787801988.218,wrist_roll,6.795,6.374,6.795,0.421,0.421,0
1787801988.218,gripper,0.969,7.368,0.969,-6.398,-6.398,0
1787801988.267,shoulder_pan,-11.069,-10.505,-11.069,-0.563,-0.563,0
1787801988.267,shoulder_lift,-90.582,-91.121,-90.582,0.539,0.539,0
1787801988.267,elbow_flex,76.656,76.220,76.656,0.437,0.437,0
1787801988.267,wrist_flex,60.070,61.582,60.070,-1.513,-1.513,0
1787801988.267,wrist_roll,6.810,6.374,6.810,0.436,0.436,0
1787801988.267,gripper,0.975,7.368,0.975,-6.393,-6.393,0
1787801988.318,shoulder_pan,-11.130,-10.505,-11.130,-0.625,-0.625,0
1787801988.318,shoulder_lift,-90.235,-90.857,-90.235,0.622,0.622,0
1787801988.318,elbow_flex,76.978,76.659,76.978,0.319,0.319,0
1787801988.318,wrist_flex,59.364,61.319,59.364,-1.954,-1.954,0
1787801988.318,wrist_roll,6.810,6.374,6.810,0.436,0.436,0
1787801988.318,gripper,0.983,7.368,0.983,-6.385,-6.385,0
1787801988.368,shoulder_pan,-11.200,-10.505,-11.200,-0.695,-0.695,0
1787801988.368,shoulder_lift,-90.443,-90.681,-90.443,0.238,0.238,0
1787801988.368,elbow_flex,77.810,76.923,77.810,0.887,0.887,0
1787801988.368,wrist_flex,59.438,60.967,59.438,-1.529,-1.529,0
1787801988.368,wrist_roll,6.832,6.374,6.832,0.459,0.459,0
1787801988.368,gripper,0.988,7.368,0.988,-6.380,-6.380,0
1787801988.417,shoulder_pan,-11.210,-10.593,-11.210,-0.617,-0.617,0
1787801988.417,shoulder_lift,-90.583,-90.593,-90.583,0.011,0.011,0
1787801988.417,elbow_flex,78.431,77.363,78.431,1.069,1.069,0
1787801988.417,wrist_flex,59.413,60.615,59.413,-1.203,-1.203,0
1787801988.417,wrist_roll,6.843,6.374,6.843,0.470,0.470,0
1787801988.417,gripper,0.992,7.368,0.992,-6.375,-6.375,0
1787801988.468,shoulder_pan,-11.258,-10.857,-11.258,-0.400,-0.400,0
1787801988.468,shoulder_lift,-90.370,-90.681,-90.370,0.312,0.312,0
1787801988.468,elbow_flex,78.532,78.330,78.532,0.203,0.203,0
1787801988.468,wrist_flex,58.819,60.527,58.819,-1.708,-1.708,0
1787801988.468,wrist_roll,6.841,6.374,6.841,0.467,0.467,0
1787801988.468,gripper,0.996,7.368,0.996,-6.372,-6.372,0
1787801988.518,shoulder_pan,-11.595,-10.857,-11.595,-0.738,-0.738,0
1787801988.518,shoulder_lift,-90.098,-90.505,-90.098,0.407,0.407,0
1787801988.518,elbow_flex,78.757,78.681,78.757,0.076,0.076,0
1787801988.518,wrist_flex,58.394,60.352,58.394,-1.958,-1.958,0
1787801988.518,wrist_roll,6.873,6.374,6.873,0.499,0.499,0
1787801988.518,gripper,0.998,7.368,0.998,-6.370,-6.370,0
1787801988.567,shoulder_pan,-11.639,-11.033,-11.639,-0.606,-0.606,0
1787801988.567,shoulder_lift,-90.300,-90.593,-90.300,0.294,0.294,0
1787801988.567,elbow_flex,79.290,78.769,79.290,0.521,0.521,0
1787801988.567,wrist_flex,58.744,59.912,58.744,-1.168,-1.168,0
1787801988.567,wrist_roll,6.885,6.374,6.885,0.511,0.511,0
1787801988.567,gripper,1.001,7.368,1.001,-6.367,-6.367,0
1787801988.618,shoulder_pan,-11.875,-11.297,-11.875,-0.578,-0.578,0
1787801988.618,shoulder_lift,-89.842,-90.769,-89.842,0.927,0.927,0
1787801988.618,elbow_flex,78.998,79.121,78.998,-0.123,-0.123,0
1787801988.618,wrist_flex,58.265,59.648,58.265,-1.384,-1.384,0
1787801988.618,wrist_roll,6.897,6.374,6.897,0.523,0.523,0
1787801988.618,gripper,1.004,7.368,1.004,-6.364,-6.364,0
1787801988.668,shoulder_pan,-12.115,-11.297,-12.115,-0.819,-0.819,0
1787801988.668,shoulder_lift,-89.630,-90.330,-89.630,0.700,0.700,0
1787801988.668,elbow_flex,79.064,79.385,79.064,-0.321,-0.321,0
1787801988.668,wrist_flex,57.688,59.560,57.688,-1.872,-1.872,0
1787801988.668,wrist_roll,6.920,6.374,6.920,0.546,0.546,0
1787801988.668,gripper,1.006,7.368,1.006,-6.362,-6.362,0
1787801988.719,shoulder_pan,-12.145,-11.648,-12.145,-0.497,-0.497,0
1787801988.719,shoulder_lift,-90.001,-90.154,-90.001,0.153,0.153,0
1787801988.719,elbow_flex,79.661,79.385,79.661,0.276,0.276,0
1787801988.719,wrist_flex,58.517,59.297,58.517,-0.779,-0.779,0
1787801988.719,wrist_roll,6.936,6.374,6.936,0.562,0.562,0
1787801988.719,gripper,1.010,7.368,1.010,-6.358,-6.358,0
1787801988.768,shoulder_pan,-12.268,-11.824,-12.268,-0.444,-0.444,0
1787801988.768,shoulder_lift,-90.473,-90.066,-90.473,-0.407,-0.407,0
1787801988.768,elbow_flex,80.573,79.473,80.573,1.101,1.101,0
1787801988.768,wrist_flex,58.979,58.945,58.979,0.034,0.034,0
1787801988.768,wrist_roll,6.964,6.374,6.964,0.590,0.590,0
1787801988.768,gripper,1.014,7.368,1.014,-6.353,-6.353,0
1787801988.818,shoulder_pan,-12.406,-11.824,-12.406,-0.582,-0.582,0
1787801988.818,shoulder_lift,-90.718,-90.154,-90.718,-0.564,-0.564,0
1787801988.818,elbow_flex,81.025,80.264,81.025,0.761,0.761,0
1787801988.818,wrist_flex,59.716,59.209,59.716,0.507,0.507,0
1787801988.818,wrist_roll,6.978,6.374,6.978,0.605,0.605,0
1787801988.818,gripper,1.017,7.368,1.017,-6.350,-6.350,0
1787801988.869,shoulder_pan,-12.272,-12.000,-12.272,-0.272,-0.272,0
1787801988.869,shoulder_lift,-91.675,-90.066,-91.675,-1.609,-1.609,0
1787801988.869,elbow_flex,82.015,80.967,82.015,1.048,1.048,0
1787801988.869,wrist_flex,61.353,59.297,61.353,2.056,2.056,0
1787801988.869,wrist_roll,6.981,6.374,6.981,0.607,0.607,0
1787801988.869,gripper,1.021,7.368,1.021,-6.347,-6.347,0
1787801988.918,shoulder_pan,-12.361,-12.088,-12.361,-0.273,-0.273,0
1787801988.918,shoulder_lift,-91.907,-90.593,-91.907,-1.314,-1.314,0
1787801988.918,elbow_flex,82.427,81.319,82.427,1.108,1.108,0
1787801988.918,wrist_flex,61.462,59.824,61.462,1.638,1.638,0
1787801988.918,wrist_roll,6.987,6.374,6.987,0.614,0.614,0
1787801988.918,gripper,1.023,7.368,1.023,-6.345,-6.345,0
1787801988.969,shoulder_pan,-12.390,-12.088,-12.390,-0.302,-0.302,0
1787801988.969,shoulder_lift,-92.383,-91.385,-92.383,-0.999,-0.999,0
1787801988.969,elbow_flex,83.092,82.374,83.092,0.719,0.719,0
1787801988.969,wrist_flex,62.103,60.879,62.103,1.223,1.223,0
1787801988.969,wrist_roll,7.000,6.374,7.000,0.626,0.626,0
1787801988.969,gripper,1.024,7.368,1.024,-6.343,-6.343,0
1787801989.020,shoulder_pan,-12.263,-12.088,-12.263,-0.175,-0.175,0
1787801989.020,shoulder_lift,-93.452,-91.385,-93.452,-2.068,-2.068,0
1787801989.020,elbow_flex,84.043,82.901,84.043,1.142,1.142,0
1787801989.020,wrist_flex,63.439,61.319,63.439,2.120,2.120,0
1787801989.020,wrist_roll,6.994,6.374,6.994,0.620,0.620,0
1787801989.020,gripper,1.022,7.368,1.022,-6.345,-6.345,0
1787801989.068,shoulder_pan,-12.109,-12.088,-12.109,-0.021,-0.021,0
1787801989.068,shoulder_lift,-94.224,-92.176,-94.224,-2.048,-2.048,0
1787801989.068,elbow_flex,84.763,83.429,84.763,1.334,1.334,0
1787801989.068,wrist_flex,64.519,61.934,64.519,2.585,2.585,0
1787801989.068,wrist_roll,6.997,6.462,6.997,0.536,0.536,0
1787801989.068,gripper,1.023,7.368,1.023,-6.345,-6.345,0
1787801989.119,shoulder_pan,-12.127,-12.088,-12.127,-0.039,-0.039,0
1787801989.119,shoulder_lift,-94.421,-93.055,-94.421,-1.366,-1.366,0
1787801989.119,elbow_flex,85.088,84.571,85.088,0.517,0.517,0
1787801989.119,wrist_flex,64.732,63.165,64.732,1.568,1.568,0
1787801989.119,wrist_roll,6.986,6.725,6.986,0.260,0.260,0
1787801989.119,gripper,1.025,7.368,1.025,-6.343,-6.343,0
1787801989.169,shoulder_pan,-12.032,-12.088,-12.032,0.056,0.056,0
1787801989.169,shoulder_lift,-95.078,-93.670,-95.078,-1.407,-1.407,0
1787801989.169,elbow_flex,85.708,85.011,85.708,0.697,0.697,0
1787801989.169,wrist_flex,65.652,63.956,65.652,1.696,1.696,0
1787801989.169,wrist_roll,6.975,6.725,6.975,0.250,0.250,0
1787801989.169,gripper,1.023,7.368,1.023,-6.345,-6.345,0
1787801989.219,shoulder_pan,-12.058,-12.088,-12.058,0.030,0.030,0
1787801989.219,shoulder_lift,-95.533,-94.549,-95.533,-0.983,-0.983,0
1787801989.219,elbow_flex,86.143,85.451,86.143,0.692,0.692,0
1787801989.219,wrist_flex,66.311,64.571,66.311,1.739,1.739,0
1787801989.219,wrist_roll,6.958,6.725,6.958,0.233,0.233,0
1787801989.219,gripper,1.018,7.368,1.018,-6.349,-6.349,0
